candidate_id,mutation_reported_label,position_pair,replicate,seed,wt_control_id,paired_wt_vhh_contact_auth_positions,mutant_vhh_contact_auth_positions,vhh_lost_auth_positions,vhh_gained_auth_positions,paired_wt_vhh_contact_retention,paired_wt_receptor_contact_auth_positions,mutant_receptor_contact_auth_positions,receptor_lost_auth_positions,receptor_gained_auth_positions,paired_wt_receptor_epitope_retention,paired_contact_change
Nb252_double_A23S__D101W,A23S;D101W,23;101,1,8394011,Nb252_WT_pair023_101_rep01_seed8394011,33;37;45;47;50;53;58;98;100;102;103;104;105;106;107;108;109;110;111;112;113;114;115;116,33;37;45;47;50;53;58;98;100;101;102;103;104;105;106;107;108;109;110;111;112;113;114;115;116,,101,1.0,33;40;44;82;86;89;90;93;96;97;98;99;101;102;105;106;109;110;172;174;177;178;179;180;181;182;269;277;278;279;290;293;294;297;298;301;302,33;36;37;40;44;82;86;89;90;93;96;97;98;99;101;102;105;106;109;110;172;174;177;178;179;180;181;182;269;277;278;279;290;293;294;297;298;301;302,,36;37,1.0,True
Nb252_double_A23S__D101W,A23S;D101W,23;101,2,8394012,Nb252_WT_pair023_101_rep02_seed8394012,33;37;45;47;50;53;58;98;100;102;103;104;105;106;107;108;109;110;111;112;113;114;115;116,33;37;45;47;50;53;58;98;100;101;102;103;104;105;106;107;108;109;110;111;112;113;114;115;116,,101,1.0,33;37;40;44;82;86;89;90;93;96;97;98;99;101;102;105;106;109;110;172;174;177;178;179;180;181;182;269;277;278;279;290;293;294;297;298;301;302,33;36;37;40;44;82;86;89;90;93;96;97;98;99;101;102;105;106;109;110;172;174;177;178;179;180;181;182;269;277;278;279;290;293;294;297;298;301;302,,36,1.0,True
Nb252_double_A23S__D101W,A23S;D101W,23;101,3,8394013,Nb252_WT_pair023_101_rep03_seed8394013,33;37;45;47;50;53;58;98;100;102;103;104;105;106;107;108;109;110;111;112;113;114;115;116,33;37;45;47;50;53;58;98;100;101;102;103;104;105;106;107;108;109;110;111;112;113;114;115;116,,101,1.0,33;40;44;82;86;89;90;93;96;97;98;99;101;102;105;106;109;110;172;174;177;178;179;180;181;182;269;277;278;279;290;293;294;297;298;301;302,33;36;37;40;44;82;86;89;90;93;96;97;98;99;101;102;105;106;109;110;172;174;177;178;179;180;181;182;269;277;278;279;290;293;294;297;298;301;302,,36;37,1.0,True
Nb252_double_A23S__E105F,A23S;E105F,23;105,1,8394051,Nb252_WT_pair023_105_rep01_seed8394051,33;37;45;47;50;53;58;98;100;102;103;104;105;106;107;108;109;110;111;112;113;114;115;116,33;37;45;47;50;53;58;98;100;102;103;104;105;106;107;108;109;110;111;112;113;114;115;116,,,1.0,33;40;44;82;86;89;90;93;96;97;98;99;101;102;105;106;109;110;172;174;177;178;179;180;181;182;269;277;278;279;290;293;294;297;298;301;302,33;40;44;82;86;89;90;93;96;97;98;99;101;102;105;106;109;110;172;174;177;178;179;180;181;182;269;277;278;279;290;293;294;297;298;301;302,,,1.0,False
Nb252_double_A23S__E105F,A23S;E105F,23;105,2,8394052,Nb252_WT_pair023_105_rep02_seed8394052,33;37;45;47;50;53;58;98;100;102;103;104;105;106;107;108;109;110;111;112;113;114;115;116,33;37;45;47;50;53;58;98;100;102;103;104;105;106;107;108;109;110;111;112;113;114;115;116,,,1.0,33;37;40;44;82;86;89;90;93;96;97;98;99;101;102;105;106;109;110;172;174;177;178;179;180;181;182;269;277;278;279;290;293;294;297;298;301;302,33;40;44;82;86;89;90;93;96;97;98;99;101;102;105;106;109;110;172;174;177;178;179;180;181;182;269;277;278;279;290;293;294;297;298;301;302,37,,0.9736842105263158,True
Nb252_double_A23S__E105F,A23S;E105F,23;105,3,8394053,Nb252_WT_pair023_105_rep03_seed8394053,33;37;45;47;50;53;58;98;100;102;103;104;105;106;107;108;109;110;111;112;113;114;115;116,33;37;45;47;50;53;58;98;100;102;103;104;105;106;107;108;109;110;111;112;113;114;115;116,,,1.0,33;37;40;44;82;86;89;90;93;96;97;98;99;101;102;105;106;109;110;172;174;177;178;179;180;181;182;269;277;278;279;290;293;294;297;298;301;302,33;40;44;82;86;89;90;93;96;97;98;99;101;102;105;106;109;110;172;174;177;178;179;180;181;182;269;277;278;279;290;293;294;297;298;301;302,37,,0.9736842105263158,True
Nb252_double_A23S__E105L,A23S;E105L,23;105,1,8394051,Nb252_WT_pair023_105_rep01_seed8394051,33;37;45;47;50;53;58;98;100;102;103;104;105;106;107;108;109;110;111;112;113;114;115;116,33;37;45;47;50;53;58;98;100;102;103;104;105;106;107;108;109;110;111;112;113;114;115;116,,,1.0,33;40;44;82;86;89;90;93;96;97;98;99;101;102;105;106;109;110;172;174;177;178;179;180;181;182;269;277;278;279;290;293;294;297;298;301;302,33;40;44;82;86;89;90;93;96;97;98;99;101;102;105;106;109;110;172;174;177;178;179;180;181;182;269;277;278;279;290;293;294;297;298;301;302,,,1.0,False
Nb252_double_A23S__E105L,A23S;E105L,23;105,2,8394052,Nb252_WT_pair023_105_rep02_seed8394052,33;37;45;47;50;53;58;98;100;102;103;104;105;106;107;108;109;110;111;112;113;114;115;116,33;37;45;47;50;53;58;98;100;102;103;104;105;106;107;108;109;110;111;112;113;114;115;116,,,1.0,33;37;40;44;82;86;89;90;93;96;97;98;99;101;102;105;106;109;110;172;174;177;178;179;180;181;182;269;277;278;279;290;293;294;297;298;301;302,33;37;40;44;82;86;89;90;93;96;97;98;99;101;102;105;106;109;110;172;174;177;178;179;180;181;182;269;277;278;279;290;293;294;297;298;301;302,,,1.0,False
Nb252_double_A23S__E105L,A23S;E105L,23;105,3,8394053,Nb252_WT_pair023_105_rep03_seed8394053,33;37;45;47;50;53;58;98;100;102;103;104;105;106;107;108;109;110;111;112;113;114;115;116,33;37;45;47;50;53;58;98;100;102;103;104;105;106;107;108;109;110;111;112;113;114;115;116,,,1.0,33;37;40;44;82;86;89;90;93;96;97;98;99;101;102;105;106;109;110;172;174;177;178;179;180;181;182;269;277;278;279;290;293;294;297;298;301;302,33;40;44;82;86;89;90;93;96;97;98;99;101;102;105;106;109;110;172;174;177;178;179;180;181;182;269;277;278;279;290;293;294;297;298;301;302,37,,0.9736842105263158,True
Nb252_double_A23S__F30A,A23S;F30A,23;30,1,8393301,Nb252_WT_pair023_030_rep01_seed8393301,33;37;45;47;50;53;58;98;100;102;103;104;105;106;107;108;109;110;111;112;113;114;115;116,33;37;45;47;50;53;58;98;100;102;103;104;105;106;107;108;109;110;111;112;113;114;115;116,,,1.0,33;40;44;82;86;89;90;93;96;97;98;99;101;102;105;106;109;110;172;174;177;178;179;180;181;182;269;277;278;279;290;293;294;297;298;301;302,33;40;44;82;86;89;90;93;96;97;98;99;101;102;105;106;109;110;172;174;177;178;179;180;181;182;269;277;278;279;290;293;294;297;298;301;302,,,1.0,False
Nb252_double_A23S__F30A,A23S;F30A,23;30,2,8393302,Nb252_WT_pair023_030_rep02_seed8393302,33;37;45;47;50;53;58;98;100;102;103;104;105;106;107;108;109;110;111;112;113;114;115;116,33;37;45;47;50;53;58;98;100;102;103;104;105;106;107;108;109;110;111;112;113;114;115;116,,,1.0,33;37;40;44;82;86;89;90;93;96;97;98;99;101;102;105;106;109;110;172;174;177;178;179;180;181;182;269;277;278;279;290;293;294;297;298;301;302,33;40;44;82;86;89;90;93;96;97;98;99;101;102;105;106;109;110;172;174;177;178;179;180;181;182;269;277;278;279;290;293;294;297;298;301;302,37,,0.9736842105263158,True
Nb252_double_A23S__F30A,A23S;F30A,23;30,3,8393303,Nb252_WT_pair023_030_rep03_seed8393303,33;37;45;47;50;53;58;98;100;102;103;104;105;106;107;108;109;110;111;112;113;114;115;116,33;37;45;47;50;53;58;98;100;102;103;104;105;106;107;108;109;110;111;112;113;114;115;116,,,1.0,33;40;44;82;86;89;90;93;96;97;98;99;101;102;105;106;109;110;172;174;177;178;179;180;181;182;269;277;278;279;290;293;294;297;298;301;302,33;40;44;82;86;89;90;93;96;97;98;99;101;102;105;106;109;110;172;174;177;178;179;180;181;182;269;277;278;279;290;293;294;297;298;301;302,,,1.0,False
Nb252_double_A23S__F30S,A23S;F30S,23;30,1,8393301,Nb252_WT_pair023_030_rep01_seed8393301,33;37;45;47;50;53;58;98;100;102;103;104;105;106;107;108;109;110;111;112;113;114;115;116,33;37;45;47;50;53;58;98;100;102;103;104;105;106;107;108;109;110;111;112;113;114;115;116,,,1.0,33;40;44;82;86;89;90;93;96;97;98;99;101;102;105;106;109;110;172;174;177;178;179;180;181;182;269;277;278;279;290;293;294;297;298;301;302,33;37;40;44;82;86;89;90;93;96;97;98;99;101;102;105;106;109;110;172;174;177;178;179;180;181;182;269;277;278;279;290;293;294;297;298;301;302,,37,1.0,True
Nb252_double_A23S__F30S,A23S;F30S,23;30,2,8393302,Nb252_WT_pair023_030_rep02_seed8393302,33;37;45;47;50;53;58;98;100;102;103;104;105;106;107;108;109;110;111;112;113;114;115;116,33;37;45;47;50;53;58;98;100;102;103;104;105;106;107;108;109;110;111;112;113;114;115;116,,,1.0,33;37;40;44;82;86;89;90;93;96;97;98;99;101;102;105;106;109;110;172;174;177;178;179;180;181;182;269;277;278;279;290;293;294;297;298;301;302,33;37;40;44;82;86;89;90;93;96;97;98;99;101;102;105;106;109;110;172;174;177;178;179;180;181;182;269;277;278;279;290;293;294;297;298;301;302,,,1.0,False
Nb252_double_A23S__F30S,A23S;F30S,23;30,3,8393303,Nb252_WT_pair023_030_rep03_seed8393303,33;37;45;47;50;53;58;98;100;102;103;104;105;106;107;108;109;110;111;112;113;114;115;116,33;37;45;47;50;53;58;98;100;102;103;104;105;106;107;108;109;110;111;112;113;114;115;116,,,1.0,33;40;44;82;86;89;90;93;96;97;98;99;101;102;105;106;109;110;172;174;177;178;179;180;181;182;269;277;278;279;290;293;294;297;298;301;302,33;37;40;44;82;86;89;90;93;96;97;98;99;101;102;105;106;109;110;172;174;177;178;179;180;181;182;269;277;278;279;290;293;294;297;298;301;302,,37,1.0,True
Nb252_double_A23S__F30T,A23S;F30T,23;30,1,8393301,Nb252_WT_pair023_030_rep01_seed8393301,33;37;45;47;50;53;58;98;100;102;103;104;105;106;107;108;109;110;111;112;113;114;115;116,33;37;45;47;50;53;58;98;100;102;103;104;105;106;107;108;109;110;111;112;113;114;115;116,,,1.0,33;40;44;82;86;89;90;93;96;97;98;99;101;102;105;106;109;110;172;174;177;178;179;180;181;182;269;277;278;279;290;293;294;297;298;301;302,33;37;40;44;82;86;89;90;93;96;97;98;99;101;102;105;106;109;110;172;174;177;178;179;180;181;182;269;277;278;279;290;293;294;297;298;301;302,,37,1.0,True
Nb252_double_A23S__F30T,A23S;F30T,23;30,2,8393302,Nb252_WT_pair023_030_rep02_seed8393302,33;37;45;47;50;53;58;98;100;102;103;104;105;106;107;108;109;110;111;112;113;114;115;116,33;37;45;47;50;53;58;98;100;102;103;104;105;106;107;108;109;110;111;112;113;114;115;116,,,1.0,33;37;40;44;82;86;89;90;93;96;97;98;99;101;102;105;106;109;110;172;174;177;178;179;180;181;182;269;277;278;279;290;293;294;297;298;301;302,33;37;40;44;82;86;89;90;93;96;97;98;99;101;102;105;106;109;110;172;174;177;178;179;180;181;182;269;277;278;279;290;293;294;297;298;301;302,,,1.0,False
Nb252_double_A23S__F30T,A23S;F30T,23;30,3,8393303,Nb252_WT_pair023_030_rep03_seed8393303,33;37;45;47;50;53;58;98;100;102;103;104;105;106;107;108;109;110;111;112;113;114;115;116,33;37;45;47;50;53;58;98;100;102;103;104;105;106;107;108;109;110;111;112;113;114;115;116,,,1.0,33;40;44;82;86;89;90;93;96;97;98;99;101;102;105;106;109;110;172;174;177;178;179;180;181;182;269;277;278;279;290;293;294;297;298;301;302,33;37;40;44;82;86;89;90;93;96;97;98;99;101;102;105;106;109;110;172;174;177;178;179;180;181;182;269;277;278;279;290;293;294;297;298;301;302,,37,1.0,True
Nb252_double_A23S__I103W,A23S;I103W,23;103,1,8394031,Nb252_WT_pair023_103_rep01_seed8394031,33;37;45;47;50;53;58;98;100;102;103;104;105;106;107;108;109;110;111;112;113;114;115;116,33;37;45;47;50;53;58;98;100;102;103;104;105;106;107;108;109;110;111;112;113;114;115;116,,,1.0,33;37;40;44;82;86;89;90;93;96;97;98;99;101;102;105;106;109;110;172;174;177;178;179;180;181;182;269;277;278;279;290;293;294;297;298;301;302,33;37;40;41;44;82;86;89;90;93;96;97;98;99;101;102;105;106;109;110;172;174;177;178;179;180;181;182;269;277;278;279;290;293;294;297;298;301;302,,41,1.0,True
Nb252_double_A23S__I103W,A23S;I103W,23;103,2,8394032,Nb252_WT_pair023_103_rep02_seed8394032,33;37;45;47;50;53;58;98;100;102;103;104;105;106;107;108;109;110;111;112;113;114;115;116,33;37;45;47;50;53;58;98;100;102;103;104;105;106;107;108;109;110;111;112;113;114;115;116,,,1.0,33;37;40;44;82;86;89;90;93;96;97;98;99;101;102;105;106;109;110;172;174;177;178;179;180;181;182;269;277;278;279;290;293;294;297;298;301;302,33;37;40;41;44;82;86;89;90;93;96;97;98;99;101;102;105;106;109;110;172;174;177;178;179;180;181;182;269;277;278;279;290;293;294;297;298;301;302,,41,1.0,True
Nb252_double_A23S__I103W,A23S;I103W,23;103,3,8394033,Nb252_WT_pair023_103_rep03_seed8394033,33;37;45;47;50;53;58;98;100;102;103;104;105;106;107;108;109;110;111;112;113;114;115;116,33;37;45;47;50;53;58;98;100;102;103;104;105;106;107;108;109;110;111;112;113;114;115;116,,,1.0,33;37;40;44;82;86;89;90;93;96;97;98;99;101;102;105;106;109;110;172;174;177;178;179;180;181;182;269;277;278;279;290;293;294;297;298;301;302,33;40;41;44;82;86;89;90;93;96;97;98;99;101;102;105;106;109;110;172;174;177;178;179;180;181;182;269;277;278;279;290;293;294;297;298;301;302,37,41,0.9736842105263158,True
Nb252_double_A23S__N107A,A23S;N107A,23;107,1,8394071,Nb252_WT_pair023_107_rep01_seed8394071,33;37;45;47;50;53;58;98;100;102;103;104;105;106;107;108;109;110;111;112;113;114;115;116,33;37;45;47;50;53;58;98;100;102;103;104;105;106;107;108;109;110;111;112;113;114;115;116,,,1.0,33;37;40;44;82;86;89;90;93;96;97;98;99;101;102;105;106;109;110;172;174;177;178;179;180;181;182;269;277;278;279;290;293;294;297;298;301;302,33;37;40;44;82;86;89;90;93;96;97;98;99;101;102;105;106;109;110;172;174;177;178;179;180;181;182;269;277;278;279;290;293;294;297;298;301;302,,,1.0,False
Nb252_double_A23S__N107A,A23S;N107A,23;107,2,8394072,Nb252_WT_pair023_107_rep02_seed8394072,33;37;45;47;50;53;58;98;100;102;103;104;105;106;107;108;109;110;111;112;113;114;115;116,33;37;45;47;50;53;58;98;100;102;103;104;105;106;107;108;109;110;111;112;113;114;115;116,,,1.0,33;37;40;44;82;86;89;90;93;96;97;98;99;101;102;105;106;109;110;172;174;177;178;179;180;181;182;269;277;278;279;290;293;294;297;298;301;302,33;40;44;82;86;89;90;93;96;97;98;99;101;102;105;106;109;110;172;174;177;178;179;180;181;182;269;277;278;279;290;293;294;297;298;301;302,37,,0.9736842105263158,True
Nb252_double_A23S__N107A,A23S;N107A,23;107,3,8394073,Nb252_WT_pair023_107_rep03_seed8394073,33;37;45;47;50;53;58;98;100;102;103;104;105;106;107;108;109;110;111;112;113;114;115;116,33;37;45;47;50;53;58;98;100;102;103;104;105;106;107;108;109;110;111;112;113;114;115;116,,,1.0,33;37;40;44;82;86;89;90;93;96;97;98;99;101;102;105;106;109;110;172;174;177;178;179;180;181;182;269;277;278;279;290;293;294;297;298;301;302,33;37;40;44;82;86;89;90;93;96;97;98;99;101;102;105;106;109;110;172;174;177;178;179;180;181;182;269;277;278;279;290;293;294;297;298;301;302,,,1.0,False
Nb252_double_A23S__R45T,A23S;R45T,23;45,1,8393451,Nb252_WT_pair023_045_rep01_seed8393451,33;37;45;47;50;53;58;98;100;102;103;104;105;106;107;108;109;110;111;112;113;114;115;116,33;37;45;47;50;53;58;98;100;102;103;104;105;106;107;108;109;110;111;112;113;114;115;116,,,1.0,33;37;40;44;82;86;89;90;93;96;97;98;99;101;102;105;106;109;110;172;174;177;178;179;180;181;182;269;277;278;279;290;293;294;297;298;301;302,33;37;40;44;82;86;89;90;93;96;97;98;99;101;102;105;106;109;110;172;174;177;178;179;180;181;182;269;277;278;279;290;293;294;297;298;301;302,,,1.0,False
Nb252_double_A23S__R45T,A23S;R45T,23;45,2,8393452,Nb252_WT_pair023_045_rep02_seed8393452,33;37;45;47;50;53;58;98;100;102;103;104;105;106;107;108;109;110;111;112;113;114;115;116,33;37;45;47;50;53;58;98;100;102;103;104;105;106;107;108;109;110;111;112;113;114;115;116,,,1.0,33;37;40;44;82;86;89;90;93;96;97;98;99;101;102;105;106;109;110;172;174;177;178;179;180;181;182;269;277;278;279;290;293;294;297;298;301;302,33;37;40;44;82;86;89;90;93;96;97;98;99;101;102;105;106;109;110;172;174;177;178;179;180;181;182;269;277;278;279;290;293;294;297;298;301;302,,,1.0,False
Nb252_double_A23S__R45T,A23S;R45T,23;45,3,8393453,Nb252_WT_pair023_045_rep03_seed8393453,33;37;45;47;50;53;58;98;100;102;103;104;105;106;107;108;109;110;111;112;113;114;115;116,33;37;45;47;50;53;58;98;100;102;103;104;105;106;107;108;109;110;111;112;113;114;115;116,,,1.0,33;37;40;44;82;86;89;90;93;96;97;98;99;101;102;105;106;109;110;172;174;177;178;179;180;181;182;269;277;278;279;290;293;294;297;298;301;302,33;37;40;44;82;86;89;90;93;96;97;98;99;101;102;105;106;109;110;172;174;177;178;179;180;181;182;269;277;278;279;290;293;294;297;298;301;302,,,1.0,False
Nb252_double_A23S__R45V,A23S;R45V,23;45,1,8393451,Nb252_WT_pair023_045_rep01_seed8393451,33;37;45;47;50;53;58;98;100;102;103;104;105;106;107;108;109;110;111;112;113;114;115;116,33;37;45;47;50;53;58;98;100;102;103;104;105;106;107;108;109;110;111;112;113;114;115;116,,,1.0,33;37;40;44;82;86;89;90;93;96;97;98;99;101;102;105;106;109;110;172;174;177;178;179;180;181;182;269;277;278;279;290;293;294;297;298;301;302,33;37;40;44;82;86;89;90;93;96;97;98;99;101;102;105;106;109;110;172;174;177;178;179;180;181;182;269;277;278;279;290;293;294;297;298;301;302,,,1.0,False
Nb252_double_A23S__R45V,A23S;R45V,23;45,2,8393452,Nb252_WT_pair023_045_rep02_seed8393452,33;37;45;47;50;53;58;98;100;102;103;104;105;106;107;108;109;110;111;112;113;114;115;116,33;37;45;47;50;53;58;98;100;102;103;104;105;106;107;108;109;110;111;112;113;114;115;116,,,1.0,33;37;40;44;82;86;89;90;93;96;97;98;99;101;102;105;106;109;110;172;174;177;178;179;180;181;182;269;277;278;279;290;293;294;297;298;301;302,33;37;40;44;82;86;89;90;93;96;97;98;99;101;102;105;106;109;110;172;174;177;178;179;180;181;182;269;277;278;279;290;293;294;297;298;301;302,,,1.0,False
Nb252_double_A23S__R45V,A23S;R45V,23;45,3,8393453,Nb252_WT_pair023_045_rep03_seed8393453,33;37;45;47;50;53;58;98;100;102;103;104;105;106;107;108;109;110;111;112;113;114;115;116,33;37;45;47;50;53;58;98;100;102;103;104;105;106;107;108;109;110;111;112;113;114;115;116,,,1.0,33;37;40;44;82;86;89;90;93;96;97;98;99;101;102;105;106;109;110;172;174;177;178;179;180;181;182;269;277;278;279;290;293;294;297;298;301;302,33;37;40;44;82;86;89;90;93;96;97;98;99;101;102;105;106;109;110;172;174;177;178;179;180;181;182;269;277;278;279;290;293;294;297;298;301;302,,,1.0,False
Nb252_double_A23S__S114M,A23S;S114M,23;114,1,8394141,Nb252_WT_pair023_114_rep01_seed8394141,33;37;45;47;50;53;58;98;100;102;103;104;105;106;107;108;109;110;111;112;113;114;115;116,33;37;45;47;50;53;58;98;100;102;103;104;105;106;107;108;109;110;111;112;113;114;115;116,,,1.0,33;37;40;44;82;86;89;90;93;96;97;98;99;101;102;105;106;109;110;172;174;177;178;179;180;181;182;269;277;278;279;290;293;294;297;298;301;302,33;37;40;44;82;86;89;90;93;96;97;98;99;101;102;105;106;109;110;172;174;177;178;179;180;181;182;269;277;278;279;290;293;294;297;298;301;302,,,1.0,False
Nb252_double_A23S__S114M,A23S;S114M,23;114,2,8394142,Nb252_WT_pair023_114_rep02_seed8394142,33;37;45;47;50;53;58;98;100;102;103;104;105;106;107;108;109;110;111;112;113;114;115;116,33;37;45;47;50;53;58;98;100;102;103;104;105;106;107;108;109;110;111;112;113;114;115;116,,,1.0,33;37;40;44;82;86;89;90;93;96;97;98;99;101;102;105;106;109;110;172;174;177;178;179;180;181;182;269;277;278;279;290;293;294;297;298;301;302,33;37;40;44;82;86;89;90;93;96;97;98;99;101;102;105;106;109;110;172;174;177;178;179;180;181;182;269;277;278;279;290;293;294;297;298;301;302,,,1.0,False
Nb252_double_A23S__S114M,A23S;S114M,23;114,3,8394143,Nb252_WT_pair023_114_rep03_seed8394143,33;37;45;47;50;53;58;98;100;102;103;104;105;106;107;108;109;110;111;112;113;114;115;116,33;37;45;47;50;53;58;98;100;102;103;104;105;106;107;108;109;110;111;112;113;114;115;116,,,1.0,33;37;40;44;82;86;89;90;93;96;97;98;99;101;102;105;106;109;110;172;174;177;178;179;180;181;182;269;277;278;279;290;293;294;297;298;301;302,33;37;40;44;82;86;89;90;93;96;97;98;99;101;102;105;106;109;110;172;174;177;178;179;180;181;182;269;277;278;279;290;293;294;297;298;301;302,,,1.0,False
Nb252_double_A23S__S55G,A23S;S55G,23;55,1,8393551,Nb252_WT_pair023_055_rep01_seed8393551,33;37;45;47;50;53;58;98;100;102;103;104;105;106;107;108;109;110;111;112;113;114;115;116,33;37;45;47;50;53;58;98;100;102;103;104;105;106;107;108;109;110;111;112;113;114;115;116,,,1.0,33;37;40;44;82;86;89;90;93;96;97;98;99;101;102;105;106;109;110;172;174;177;178;179;180;181;182;269;277;278;279;290;293;294;297;298;301;302,33;37;40;44;82;86;89;90;93;96;97;98;99;101;102;105;106;109;110;172;174;177;178;179;180;181;182;269;277;278;279;290;293;294;297;298;301;302,,,1.0,False
Nb252_double_A23S__S55G,A23S;S55G,23;55,2,8393552,Nb252_WT_pair023_055_rep02_seed8393552,33;37;45;47;50;53;58;98;100;102;103;104;105;106;107;108;109;110;111;112;113;114;115;116,33;37;45;47;50;53;58;98;100;102;103;104;105;106;107;108;109;110;111;112;113;114;115;116,,,1.0,33;37;40;44;82;86;89;90;93;96;97;98;99;101;102;105;106;109;110;172;174;177;178;179;180;181;182;269;277;278;279;290;293;294;297;298;301;302,33;37;40;44;82;86;89;90;93;96;97;98;99;101;102;105;106;109;110;172;174;177;178;179;180;181;182;269;277;278;279;290;293;294;297;298;301;302,,,1.0,False
Nb252_double_A23S__S55G,A23S;S55G,23;55,3,8393553,Nb252_WT_pair023_055_rep03_seed8393553,33;37;45;47;50;53;58;98;100;102;103;104;105;106;107;108;109;110;111;112;113;114;115;116,33;37;45;47;50;53;58;98;100;102;103;104;105;106;107;108;109;110;111;112;113;114;115;116,,,1.0,33;37;40;44;82;86;89;90;93;96;97;98;99;101;102;105;106;109;110;172;174;177;178;179;180;181;182;269;277;278;279;290;293;294;297;298;301;302,33;37;40;44;82;86;89;90;93;96;97;98;99;101;102;105;106;109;110;172;174;177;178;179;180;181;182;269;277;278;279;290;293;294;297;298;301;302,,,1.0,False
Nb252_double_D101W__E105F,D101W;E105F,101;105,1,9174051,Nb252_WT_pair101_105_rep01_seed9174051,33;37;45;47;50;53;58;98;100;102;103;104;105;106;107;108;109;110;111;112;113;114;115;116,33;37;45;47;50;53;58;98;100;101;102;103;104;105;106;107;108;109;110;111;112;113;114;115;116,,101,1.0,33;40;44;82;86;89;90;93;96;97;98;99;101;102;105;106;109;110;172;174;177;178;179;180;181;182;269;277;278;279;290;293;294;297;298;301;302,33;36;40;44;82;86;89;90;93;96;97;98;99;101;102;105;106;109;110;172;174;177;178;179;180;181;182;269;277;278;279;290;293;294;297;298;301;302,,36,1.0,True
Nb252_double_D101W__E105F,D101W;E105F,101;105,2,9174052,Nb252_WT_pair101_105_rep02_seed9174052,33;37;45;47;50;53;58;98;100;102;103;104;105;106;107;108;109;110;111;112;113;114;115;116,33;37;45;47;50;53;58;98;100;101;102;103;104;105;106;107;108;109;110;111;112;113;114;115;116,,101,1.0,33;40;44;82;86;89;90;93;96;97;98;99;101;102;105;106;109;110;172;174;177;178;179;180;181;182;269;277;278;279;290;293;294;297;298;301;302,33;36;40;44;82;86;89;90;93;96;97;98;99;101;102;105;106;109;110;172;174;177;178;179;180;181;182;269;277;278;279;290;293;294;297;298;301;302,,36,1.0,True
Nb252_double_D101W__E105F,D101W;E105F,101;105,3,9174053,Nb252_WT_pair101_105_rep03_seed9174053,33;37;45;47;50;53;58;98;100;102;103;104;105;106;107;108;109;110;111;112;113;114;115;116,33;37;45;47;50;53;58;98;100;101;102;103;104;105;106;107;108;109;110;111;112;113;114;115;116,,101,1.0,33;40;44;82;86;89;90;93;96;97;98;99;101;102;105;106;109;110;172;174;177;178;179;180;181;182;269;277;278;279;290;293;294;297;298;301;302,33;36;40;44;82;86;89;90;93;96;97;98;99;101;102;105;106;109;110;172;174;177;178;179;180;181;182;269;277;278;279;290;293;294;297;298;301;302,,36,1.0,True
Nb252_double_D101W__E105L,D101W;E105L,101;105,1,9174051,Nb252_WT_pair101_105_rep01_seed9174051,33;37;45;47;50;53;58;98;100;102;103;104;105;106;107;108;109;110;111;112;113;114;115;116,33;37;45;47;50;53;58;98;100;101;102;103;104;105;106;107;108;109;110;111;112;113;114;115;116,,101,1.0,33;40;44;82;86;89;90;93;96;97;98;99;101;102;105;106;109;110;172;174;177;178;179;180;181;182;269;277;278;279;290;293;294;297;298;301;302,33;36;40;44;82;86;89;90;93;96;97;98;99;101;102;105;106;109;110;172;174;177;178;179;180;181;182;269;277;278;279;290;293;294;297;298;301;302,,36,1.0,True
Nb252_double_D101W__E105L,D101W;E105L,101;105,2,9174052,Nb252_WT_pair101_105_rep02_seed9174052,33;37;45;47;50;53;58;98;100;102;103;104;105;106;107;108;109;110;111;112;113;114;115;116,33;37;45;47;50;53;58;98;100;101;102;103;104;105;106;107;108;109;110;111;112;113;114;115;116,,101,1.0,33;40;44;82;86;89;90;93;96;97;98;99;101;102;105;106;109;110;172;174;177;178;179;180;181;182;269;277;278;279;290;293;294;297;298;301;302,33;36;40;44;82;86;89;90;93;96;97;98;99;101;102;105;106;109;110;172;174;177;178;179;180;181;182;269;277;278;279;290;293;294;297;298;301;302,,36,1.0,True
Nb252_double_D101W__E105L,D101W;E105L,101;105,3,9174053,Nb252_WT_pair101_105_rep03_seed9174053,33;37;45;47;50;53;58;98;100;102;103;104;105;106;107;108;109;110;111;112;113;114;115;116,33;37;45;47;50;53;58;98;100;101;102;103;104;105;106;107;108;109;110;111;112;113;114;115;116,,101,1.0,33;40;44;82;86;89;90;93;96;97;98;99;101;102;105;106;109;110;172;174;177;178;179;180;181;182;269;277;278;279;290;293;294;297;298;301;302,33;36;40;44;82;86;89;90;93;96;97;98;99;101;102;105;106;109;110;172;174;177;178;179;180;181;182;269;277;278;279;290;293;294;297;298;301;302,,36,1.0,True
Nb252_double_D101W__I103W,D101W;I103W,101;103,1,9174031,Nb252_WT_pair101_103_rep01_seed9174031,33;37;45;47;50;53;58;98;100;102;103;104;105;106;107;108;109;110;111;112;113;114;115;116,33;37;45;47;50;53;58;98;100;101;102;103;104;105;106;107;108;109;110;111;112;113;114;115;116,,101,1.0,33;40;44;82;86;89;90;93;96;97;98;99;101;102;105;106;109;110;172;174;177;178;179;180;181;182;269;277;278;279;290;293;294;297;298;301;302,33;36;37;40;44;82;86;89;90;93;96;97;98;99;101;102;105;106;109;110;172;174;177;178;179;180;181;182;269;277;278;279;290;293;294;297;298;301;302,,36;37,1.0,True
Nb252_double_D101W__I103W,D101W;I103W,101;103,2,9174032,Nb252_WT_pair101_103_rep02_seed9174032,33;37;45;47;50;53;58;98;100;102;103;104;105;106;107;108;109;110;111;112;113;114;115;116,33;37;45;47;50;53;58;98;100;101;102;103;104;105;106;107;108;109;110;111;112;113;114;115;116,,101,1.0,33;40;44;82;86;89;90;93;96;97;98;99;101;102;105;106;109;110;172;174;177;178;179;180;181;182;269;277;278;279;290;293;294;297;298;301;302,33;36;37;40;44;82;86;89;90;93;96;97;98;99;101;102;105;106;109;110;172;174;177;178;179;180;181;182;269;277;278;279;290;293;294;297;298;301;302,,36;37,1.0,True
Nb252_double_D101W__I103W,D101W;I103W,101;103,3,9174033,Nb252_WT_pair101_103_rep03_seed9174033,33;37;45;47;50;53;58;98;100;102;103;104;105;106;107;108;109;110;111;112;113;114;115;116,33;37;45;47;50;53;58;98;100;101;102;103;104;105;106;107;108;109;110;111;112;113;114;115;116,,101,1.0,33;40;44;82;86;89;90;93;96;97;98;99;101;102;105;106;109;110;172;174;177;178;179;180;181;182;269;277;278;279;290;293;294;297;298;301;302,33;36;37;40;44;82;86;89;90;93;96;97;98;99;101;102;105;106;109;110;172;174;177;178;179;180;181;182;269;277;278;279;290;293;294;297;298;301;302,,36;37,1.0,True
Nb252_double_D101W__N107A,D101W;N107A,101;107,1,9174071,Nb252_WT_pair101_107_rep01_seed9174071,33;37;45;47;50;53;58;98;100;102;103;104;105;106;107;108;109;110;111;112;113;114;115;116,33;37;45;47;50;53;58;98;100;101;102;103;104;105;106;107;108;109;110;111;112;113;114;115;116,,101,1.0,33;40;44;82;86;89;90;93;96;97;98;99;101;102;105;106;109;110;172;174;177;178;179;180;181;182;269;277;278;279;290;293;294;297;298;301;302,33;36;40;44;82;86;89;90;93;96;97;98;99;101;102;105;106;109;110;172;174;177;178;179;180;181;182;269;277;278;279;290;293;294;297;298;301;302,,36,1.0,True
Nb252_double_D101W__N107A,D101W;N107A,101;107,2,9174072,Nb252_WT_pair101_107_rep02_seed9174072,33;37;45;47;50;53;58;98;100;102;103;104;105;106;107;108;109;110;111;112;113;114;115;116,33;37;45;47;50;53;58;98;100;101;102;103;104;105;106;107;108;109;110;111;112;113;114;115;116,,101,1.0,33;40;44;82;86;89;90;93;96;97;98;99;101;102;105;106;109;110;172;174;177;178;179;180;181;182;269;277;278;279;290;293;294;297;298;301;302,33;36;40;44;82;86;89;90;93;96;97;98;99;101;102;105;106;109;110;172;174;177;178;179;180;181;182;269;277;278;279;290;293;294;297;298;301;302,,36,1.0,True
Nb252_double_D101W__N107A,D101W;N107A,101;107,3,9174073,Nb252_WT_pair101_107_rep03_seed9174073,33;37;45;47;50;53;58;98;100;102;103;104;105;106;107;108;109;110;111;112;113;114;115;116,33;37;45;47;50;53;58;98;100;101;102;103;104;105;106;107;108;109;110;111;112;113;114;115;116,,101,1.0,33;40;44;82;86;89;90;93;96;97;98;99;101;102;105;106;109;110;172;174;177;178;179;180;181;182;269;277;278;279;290;293;294;297;298;301;302,33;36;40;44;82;86;89;90;93;96;97;98;99;101;102;105;106;109;110;172;174;177;178;179;180;181;182;269;277;278;279;290;293;294;297;298;301;302,,36,1.0,True
Nb252_double_D101W__S114M,D101W;S114M,101;114,1,9174141,Nb252_WT_pair101_114_rep01_seed9174141,33;37;45;47;50;53;58;98;100;102;103;104;105;106;107;108;109;110;111;112;113;114;115;116,33;37;45;47;50;53;58;98;100;101;102;103;104;105;106;107;108;109;110;111;112;113;114;115;116,,101,1.0,33;40;44;82;86;89;90;93;96;97;98;99;101;102;105;106;109;110;172;174;177;178;179;180;181;182;269;277;278;279;290;293;294;297;298;301;302,33;36;40;44;82;86;89;90;93;96;97;98;99;101;102;105;106;109;110;172;174;177;178;179;180;181;182;269;277;278;279;290;293;294;297;298;301;302,,36,1.0,True
Nb252_double_D101W__S114M,D101W;S114M,101;114,2,9174142,Nb252_WT_pair101_114_rep02_seed9174142,33;37;45;47;50;53;58;98;100;102;103;104;105;106;107;108;109;110;111;112;113;114;115;116,33;37;45;47;50;53;58;98;100;101;102;103;104;105;106;107;108;109;110;111;112;113;114;115;116,,101,1.0,33;40;44;82;86;89;90;93;96;97;98;99;101;102;105;106;109;110;172;174;177;178;179;180;181;182;269;277;278;279;290;293;294;297;298;301;302,33;36;40;44;82;86;89;90;93;96;97;98;99;101;102;105;106;109;110;172;174;177;178;179;180;181;182;269;277;278;279;290;293;294;297;298;301;302,,36,1.0,True
Nb252_double_D101W__S114M,D101W;S114M,101;114,3,9174143,Nb252_WT_pair101_114_rep03_seed9174143,33;37;45;47;50;53;58;98;100;102;103;104;105;106;107;108;109;110;111;112;113;114;115;116,33;37;45;47;50;53;58;98;100;101;102;103;104;105;106;107;108;109;110;111;112;113;114;115;116,,101,1.0,33;40;44;82;86;89;90;93;96;97;98;99;101;102;105;106;109;110;172;174;177;178;179;180;181;182;269;277;278;279;290;293;294;297;298;301;302,33;36;40;44;82;86;89;90;93;96;97;98;99;101;102;105;106;109;110;172;174;177;178;179;180;181;182;269;277;278;279;290;293;294;297;298;301;302,,36,1.0,True
Nb252_double_E105F__N107A,E105F;N107A,105;107,1,9214071,Nb252_WT_pair105_107_rep01_seed9214071,33;37;45;47;50;53;58;98;100;102;103;104;105;106;107;108;109;110;111;112;113;114;115;116,33;37;45;47;50;53;58;98;100;102;103;104;105;106;107;108;109;110;111;112;113;114;115;116,,,1.0,33;40;44;82;86;89;90;93;96;97;98;99;101;102;105;106;109;110;172;174;177;178;179;180;181;182;269;277;278;279;290;293;294;297;298;301;302,33;40;44;82;86;89;90;93;96;97;98;99;101;102;105;106;109;110;172;174;177;178;179;180;181;182;269;277;278;279;290;293;294;297;298;301;302,,,1.0,False
Nb252_double_E105F__N107A,E105F;N107A,105;107,2,9214072,Nb252_WT_pair105_107_rep02_seed9214072,33;37;45;47;50;53;58;98;100;102;103;104;105;106;107;108;109;110;111;112;113;114;115;116,33;37;45;47;50;53;58;98;100;102;103;104;105;106;107;108;109;110;111;112;113;114;115;116,,,1.0,33;40;44;82;86;89;90;93;96;97;98;99;101;102;105;106;109;110;172;174;177;178;179;180;181;182;269;277;278;279;290;293;294;297;298;301;302,33;40;44;82;86;89;90;93;96;97;98;99;101;102;105;106;109;110;172;174;177;178;179;180;181;182;269;277;278;279;290;293;294;297;298;301;302,,,1.0,False
Nb252_double_E105F__N107A,E105F;N107A,105;107,3,9214073,Nb252_WT_pair105_107_rep03_seed9214073,33;37;45;47;50;53;58;98;100;102;103;104;105;106;107;108;109;110;111;112;113;114;115;116,33;37;45;47;50;53;58;98;100;102;103;104;105;106;107;108;109;110;111;112;113;114;115;116,,,1.0,33;40;44;82;86;89;90;93;96;97;98;99;101;102;105;106;109;110;172;174;177;178;179;180;181;182;269;277;278;279;290;293;294;297;298;301;302,33;40;44;82;86;89;90;93;96;97;98;99;101;102;105;106;109;110;172;174;177;178;179;180;181;182;269;277;278;279;290;293;294;297;298;301;302,,,1.0,False
Nb252_double_E105F__S114M,E105F;S114M,105;114,1,9214141,Nb252_WT_pair105_114_rep01_seed9214141,33;37;45;47;50;53;58;98;100;102;103;104;105;106;107;108;109;110;111;112;113;114;115;116,33;37;45;47;50;53;58;98;100;102;103;104;105;106;107;108;109;110;111;112;113;114;115;116,,,1.0,33;40;44;82;86;89;90;93;96;97;98;99;101;102;105;106;109;110;172;174;177;178;179;180;181;182;269;277;278;279;290;293;294;297;298;301;302,33;40;44;82;86;89;90;93;96;97;98;99;101;102;105;106;109;110;172;174;177;178;179;180;181;182;269;277;278;279;290;293;294;297;298;301;302,,,1.0,False
Nb252_double_E105F__S114M,E105F;S114M,105;114,2,9214142,Nb252_WT_pair105_114_rep02_seed9214142,33;37;45;47;50;53;58;98;100;102;103;104;105;106;107;108;109;110;111;112;113;114;115;116,33;37;45;47;50;53;58;98;100;102;103;104;105;106;107;108;109;110;111;112;113;114;115;116,,,1.0,33;40;44;82;86;89;90;93;96;97;98;99;101;102;105;106;109;110;172;174;177;178;179;180;181;182;269;277;278;279;290;293;294;297;298;301;302,33;40;44;82;86;89;90;93;96;97;98;99;101;102;105;106;109;110;172;174;177;178;179;180;181;182;269;277;278;279;290;293;294;297;298;301;302,,,1.0,False
Nb252_double_E105F__S114M,E105F;S114M,105;114,3,9214143,Nb252_WT_pair105_114_rep03_seed9214143,33;37;45;47;50;53;58;98;100;102;103;104;105;106;107;108;109;110;111;112;113;114;115;116,33;37;45;47;50;53;58;98;100;102;103;104;105;106;107;108;109;110;111;112;113;114;115;116,,,1.0,33;40;44;82;86;89;90;93;96;97;98;99;101;102;105;106;109;110;172;174;177;178;179;180;181;182;269;277;278;279;290;293;294;297;298;301;302,33;40;44;82;86;89;90;93;96;97;98;99;101;102;105;106;109;110;172;174;177;178;179;180;181;182;269;277;278;279;290;293;294;297;298;301;302,,,1.0,False
Nb252_double_E105L__N107A,E105L;N107A,105;107,1,9214071,Nb252_WT_pair105_107_rep01_seed9214071,33;37;45;47;50;53;58;98;100;102;103;104;105;106;107;108;109;110;111;112;113;114;115;116,33;37;45;47;50;53;58;98;100;102;103;104;105;106;107;108;109;110;111;112;113;114;115;116,,,1.0,33;40;44;82;86;89;90;93;96;97;98;99;101;102;105;106;109;110;172;174;177;178;179;180;181;182;269;277;278;279;290;293;294;297;298;301;302,33;40;44;82;86;89;90;93;96;97;98;99;101;102;105;106;109;110;172;174;177;178;179;180;181;182;269;277;278;279;290;293;294;297;298;301;302,,,1.0,False
Nb252_double_E105L__N107A,E105L;N107A,105;107,2,9214072,Nb252_WT_pair105_107_rep02_seed9214072,33;37;45;47;50;53;58;98;100;102;103;104;105;106;107;108;109;110;111;112;113;114;115;116,33;37;45;47;50;53;58;98;100;102;103;104;105;106;107;108;109;110;111;112;113;114;115;116,,,1.0,33;40;44;82;86;89;90;93;96;97;98;99;101;102;105;106;109;110;172;174;177;178;179;180;181;182;269;277;278;279;290;293;294;297;298;301;302,33;40;44;82;86;89;90;93;96;97;98;99;101;102;105;106;109;110;172;174;177;178;179;180;181;182;269;277;278;279;290;293;294;297;298;301;302,,,1.0,False
Nb252_double_E105L__N107A,E105L;N107A,105;107,3,9214073,Nb252_WT_pair105_107_rep03_seed9214073,33;37;45;47;50;53;58;98;100;102;103;104;105;106;107;108;109;110;111;112;113;114;115;116,33;37;45;47;50;53;58;98;100;102;103;104;105;106;107;108;109;110;111;112;113;114;115;116,,,1.0,33;40;44;82;86;89;90;93;96;97;98;99;101;102;105;106;109;110;172;174;177;178;179;180;181;182;269;277;278;279;290;293;294;297;298;301;302,33;40;44;82;86;89;90;93;96;97;98;99;101;102;105;106;109;110;172;174;177;178;179;180;181;182;269;277;278;279;290;293;294;297;298;301;302,,,1.0,False
Nb252_double_E105L__S114M,E105L;S114M,105;114,1,9214141,Nb252_WT_pair105_114_rep01_seed9214141,33;37;45;47;50;53;58;98;100;102;103;104;105;106;107;108;109;110;111;112;113;114;115;116,33;37;45;47;50;53;58;98;100;102;103;104;105;106;107;108;109;110;111;112;113;114;115;116,,,1.0,33;40;44;82;86;89;90;93;96;97;98;99;101;102;105;106;109;110;172;174;177;178;179;180;181;182;269;277;278;279;290;293;294;297;298;301;302,33;40;44;82;86;89;90;93;96;97;98;99;101;102;105;106;109;110;172;174;177;178;179;180;181;182;269;277;278;279;290;293;294;297;298;301;302,,,1.0,False
Nb252_double_E105L__S114M,E105L;S114M,105;114,2,9214142,Nb252_WT_pair105_114_rep02_seed9214142,33;37;45;47;50;53;58;98;100;102;103;104;105;106;107;108;109;110;111;112;113;114;115;116,33;37;45;47;50;53;58;98;100;102;103;104;105;106;107;108;109;110;111;112;113;114;115;116,,,1.0,33;40;44;82;86;89;90;93;96;97;98;99;101;102;105;106;109;110;172;174;177;178;179;180;181;182;269;277;278;279;290;293;294;297;298;301;302,33;40;44;82;86;89;90;93;96;97;98;99;101;102;105;106;109;110;172;174;177;178;179;180;181;182;269;277;278;279;290;293;294;297;298;301;302,,,1.0,False
Nb252_double_E105L__S114M,E105L;S114M,105;114,3,9214143,Nb252_WT_pair105_114_rep03_seed9214143,33;37;45;47;50;53;58;98;100;102;103;104;105;106;107;108;109;110;111;112;113;114;115;116,33;37;45;47;50;53;58;98;100;102;103;104;105;106;107;108;109;110;111;112;113;114;115;116,,,1.0,33;40;44;82;86;89;90;93;96;97;98;99;101;102;105;106;109;110;172;174;177;178;179;180;181;182;269;277;278;279;290;293;294;297;298;301;302,33;40;44;82;86;89;90;93;96;97;98;99;101;102;105;106;109;110;172;174;177;178;179;180;181;182;269;277;278;279;290;293;294;297;298;301;302,,,1.0,False
Nb252_double_F30A__D101W,F30A;D101W,30;101,1,8464011,Nb252_WT_pair030_101_rep01_seed8464011,33;37;45;47;50;53;58;98;100;102;103;104;105;106;107;108;109;110;111;112;113;114;115;116,33;37;45;47;50;53;58;98;100;101;102;103;104;105;106;107;108;109;110;111;112;113;114;115;116,,101,1.0,33;40;44;82;86;89;90;93;96;97;98;99;101;102;105;106;109;110;172;174;177;178;179;180;181;182;269;277;278;279;290;293;294;297;298;301;302,33;36;40;44;82;86;89;90;93;96;97;98;99;101;102;105;106;109;110;172;174;177;178;179;180;181;182;269;277;278;279;290;293;294;297;298;301;302,,36,1.0,True
Nb252_double_F30A__D101W,F30A;D101W,30;101,2,8464012,Nb252_WT_pair030_101_rep02_seed8464012,33;37;45;47;50;53;58;98;100;102;103;104;105;106;107;108;109;110;111;112;113;114;115;116,33;37;45;47;50;53;58;98;100;101;102;103;104;105;106;107;108;109;110;111;112;113;114;115;116,,101,1.0,33;40;44;82;86;89;90;93;96;97;98;99;101;102;105;106;109;110;172;174;177;178;179;180;181;182;269;277;278;279;290;293;294;297;298;301;302,33;36;40;44;82;86;89;90;93;96;97;98;99;101;102;105;106;109;110;172;174;177;178;179;180;181;182;269;277;278;279;290;293;294;297;298;301;302,,36,1.0,True
Nb252_double_F30A__D101W,F30A;D101W,30;101,3,8464013,Nb252_WT_pair030_101_rep03_seed8464013,33;37;45;47;50;53;58;98;100;102;103;104;105;106;107;108;109;110;111;112;113;114;115;116,33;37;45;47;50;53;58;98;100;101;102;103;104;105;106;107;108;109;110;111;112;113;114;115;116,,101,1.0,33;40;44;82;86;89;90;93;96;97;98;99;101;102;105;106;109;110;172;174;177;178;179;180;181;182;269;277;278;279;290;293;294;297;298;301;302,33;36;40;44;82;86;89;90;93;96;97;98;99;101;102;105;106;109;110;172;174;177;178;179;180;181;182;269;277;278;279;290;293;294;297;298;301;302,,36,1.0,True
Nb252_double_F30A__E105F,F30A;E105F,30;105,1,8464051,Nb252_WT_pair030_105_rep01_seed8464051,33;37;45;47;50;53;58;98;100;102;103;104;105;106;107;108;109;110;111;112;113;114;115;116,33;37;45;47;50;53;58;98;100;102;103;104;105;106;107;108;109;110;111;112;113;114;115;116,,,1.0,33;40;44;82;86;89;90;93;96;97;98;99;101;102;105;106;109;110;172;174;177;178;179;180;181;182;269;277;278;279;290;293;294;297;298;301;302,33;40;44;82;86;89;90;93;96;97;98;99;101;102;105;106;109;110;172;174;177;178;179;180;181;182;269;277;278;279;290;293;294;297;298;301;302,,,1.0,False
Nb252_double_F30A__E105F,F30A;E105F,30;105,2,8464052,Nb252_WT_pair030_105_rep02_seed8464052,33;37;45;47;50;53;58;98;100;102;103;104;105;106;107;108;109;110;111;112;113;114;115;116,33;37;45;47;50;53;58;98;100;102;103;104;105;106;107;108;109;110;111;112;113;114;115;116,,,1.0,33;40;44;82;86;89;90;93;96;97;98;99;101;102;105;106;109;110;172;174;177;178;179;180;181;182;269;277;278;279;290;293;294;297;298;301;302,33;40;44;82;86;89;90;93;96;97;98;99;101;102;105;106;109;110;172;174;177;178;179;180;181;182;269;277;278;279;290;293;294;297;298;301;302,,,1.0,False
Nb252_double_F30A__E105F,F30A;E105F,30;105,3,8464053,Nb252_WT_pair030_105_rep03_seed8464053,33;37;45;47;50;53;58;98;100;102;103;104;105;106;107;108;109;110;111;112;113;114;115;116,33;37;45;47;50;53;58;98;100;102;103;104;105;106;107;108;109;110;111;112;113;114;115;116,,,1.0,33;40;44;82;86;89;90;93;96;97;98;99;101;102;105;106;109;110;172;174;177;178;179;180;181;182;269;277;278;279;290;293;294;297;298;301;302,33;40;44;82;86;89;90;93;96;97;98;99;101;102;105;106;109;110;172;174;177;178;179;180;181;182;269;277;278;279;290;293;294;297;298;301;302,,,1.0,False
Nb252_double_F30A__E105L,F30A;E105L,30;105,1,8464051,Nb252_WT_pair030_105_rep01_seed8464051,33;37;45;47;50;53;58;98;100;102;103;104;105;106;107;108;109;110;111;112;113;114;115;116,33;37;45;47;50;53;58;98;100;102;103;104;105;106;107;108;109;110;111;112;113;114;115;116,,,1.0,33;40;44;82;86;89;90;93;96;97;98;99;101;102;105;106;109;110;172;174;177;178;179;180;181;182;269;277;278;279;290;293;294;297;298;301;302,33;40;44;82;86;89;90;93;96;97;98;99;101;102;105;106;109;110;172;174;177;178;179;180;181;182;269;277;278;279;290;293;294;297;298;301;302,,,1.0,False
Nb252_double_F30A__E105L,F30A;E105L,30;105,2,8464052,Nb252_WT_pair030_105_rep02_seed8464052,33;37;45;47;50;53;58;98;100;102;103;104;105;106;107;108;109;110;111;112;113;114;115;116,33;37;45;47;50;53;58;98;100;102;103;104;105;106;107;108;109;110;111;112;113;114;115;116,,,1.0,33;40;44;82;86;89;90;93;96;97;98;99;101;102;105;106;109;110;172;174;177;178;179;180;181;182;269;277;278;279;290;293;294;297;298;301;302,33;40;44;82;86;89;90;93;96;97;98;99;101;102;105;106;109;110;172;174;177;178;179;180;181;182;269;277;278;279;290;293;294;297;298;301;302,,,1.0,False
Nb252_double_F30A__E105L,F30A;E105L,30;105,3,8464053,Nb252_WT_pair030_105_rep03_seed8464053,33;37;45;47;50;53;58;98;100;102;103;104;105;106;107;108;109;110;111;112;113;114;115;116,33;37;45;47;50;53;58;98;100;102;103;104;105;106;107;108;109;110;111;112;113;114;115;116,,,1.0,33;40;44;82;86;89;90;93;96;97;98;99;101;102;105;106;109;110;172;174;177;178;179;180;181;182;269;277;278;279;290;293;294;297;298;301;302,33;40;44;82;86;89;90;93;96;97;98;99;101;102;105;106;109;110;172;174;177;178;179;180;181;182;269;277;278;279;290;293;294;297;298;301;302,,,1.0,False
Nb252_double_F30A__I103W,F30A;I103W,30;103,1,8464031,Nb252_WT_pair030_103_rep01_seed8464031,33;37;45;47;50;53;58;98;100;102;103;104;105;106;107;108;109;110;111;112;113;114;115;116,33;37;45;47;50;53;58;98;100;102;103;104;105;106;107;108;109;110;111;112;113;114;115;116,,,1.0,33;40;44;82;86;89;90;93;96;97;98;99;101;102;105;106;109;110;172;174;177;178;179;180;181;182;269;277;278;279;290;293;294;297;298;301;302,33;40;41;44;82;86;89;90;93;96;97;98;99;101;102;105;106;109;110;172;174;177;178;179;180;181;182;269;277;278;279;290;293;294;297;298;301;302,,41,1.0,True
Nb252_double_F30A__I103W,F30A;I103W,30;103,2,8464032,Nb252_WT_pair030_103_rep02_seed8464032,33;37;45;47;50;53;58;98;100;102;103;104;105;106;107;108;109;110;111;112;113;114;115;116,33;37;45;47;50;53;58;98;100;102;103;104;105;106;107;108;109;110;111;112;113;114;115;116,,,1.0,33;40;44;82;86;89;90;93;96;97;98;99;101;102;105;106;109;110;172;174;177;178;179;180;181;182;269;277;278;279;290;293;294;297;298;301;302,33;40;41;44;82;86;89;90;93;96;97;98;99;101;102;105;106;109;110;172;174;177;178;179;180;181;182;269;277;278;279;290;293;294;297;298;301;302,,41,1.0,True
Nb252_double_F30A__I103W,F30A;I103W,30;103,3,8464033,Nb252_WT_pair030_103_rep03_seed8464033,33;37;45;47;50;53;58;98;100;102;103;104;105;106;107;108;109;110;111;112;113;114;115;116,33;37;45;47;50;53;58;98;100;102;103;104;105;106;107;108;109;110;111;112;113;114;115;116,,,1.0,33;40;44;82;86;89;90;93;96;97;98;99;101;102;105;106;109;110;172;174;177;178;179;180;181;182;269;277;278;279;290;293;294;297;298;301;302,33;40;41;44;82;86;89;90;93;96;97;98;99;101;102;105;106;109;110;172;174;177;178;179;180;181;182;269;277;278;279;290;293;294;297;298;301;302,,41,1.0,True
Nb252_double_F30A__N107A,F30A;N107A,30;107,1,8464071,Nb252_WT_pair030_107_rep01_seed8464071,33;37;45;47;50;53;58;98;100;102;103;104;105;106;107;108;109;110;111;112;113;114;115;116,33;37;45;47;50;53;58;98;100;102;103;104;105;106;107;108;109;110;111;112;113;114;115;116,,,1.0,33;40;44;82;86;89;90;93;96;97;98;99;101;102;105;106;109;110;172;174;177;178;179;180;181;182;269;277;278;279;290;293;294;297;298;301;302,33;40;44;82;86;89;90;93;96;97;98;99;101;102;105;106;109;110;172;174;177;178;179;180;181;182;269;277;278;279;290;293;294;297;298;301;302,,,1.0,False
Nb252_double_F30A__N107A,F30A;N107A,30;107,2,8464072,Nb252_WT_pair030_107_rep02_seed8464072,33;37;45;47;50;53;58;98;100;102;103;104;105;106;107;108;109;110;111;112;113;114;115;116,33;37;45;47;50;53;58;98;100;102;103;104;105;106;107;108;109;110;111;112;113;114;115;116,,,1.0,33;40;44;82;86;89;90;93;96;97;98;99;101;102;105;106;109;110;172;174;177;178;179;180;181;182;269;277;278;279;290;293;294;297;298;301;302,33;40;44;82;86;89;90;93;96;97;98;99;101;102;105;106;109;110;172;174;177;178;179;180;181;182;269;277;278;279;290;293;294;297;298;301;302,,,1.0,False
Nb252_double_F30A__N107A,F30A;N107A,30;107,3,8464073,Nb252_WT_pair030_107_rep03_seed8464073,33;37;45;47;50;53;58;98;100;102;103;104;105;106;107;108;109;110;111;112;113;114;115;116,33;37;45;47;50;53;58;98;100;102;103;104;105;106;107;108;109;110;111;112;113;114;115;116,,,1.0,33;40;44;82;86;89;90;93;96;97;98;99;101;102;105;106;109;110;172;174;177;178;179;180;181;182;269;277;278;279;290;293;294;297;298;301;302,33;40;44;82;86;89;90;93;96;97;98;99;101;102;105;106;109;110;172;174;177;178;179;180;181;182;269;277;278;279;290;293;294;297;298;301;302,,,1.0,False
Nb252_double_F30A__R45T,F30A;R45T,30;45,1,8463451,Nb252_WT_pair030_045_rep01_seed8463451,33;37;45;47;50;53;58;98;100;102;103;104;105;106;107;108;109;110;111;112;113;114;115;116,33;37;45;47;50;53;58;98;100;102;103;104;105;106;107;108;109;110;111;112;113;114;115;116,,,1.0,33;40;44;82;86;89;90;93;96;97;98;99;101;102;105;106;109;110;172;174;177;178;179;180;181;182;269;277;278;279;290;293;294;297;298;301;302,33;37;40;44;82;86;89;90;93;96;97;98;99;101;102;105;106;109;110;172;174;177;178;179;180;181;182;269;277;278;279;290;293;294;297;298;301;302,,37,1.0,True
Nb252_double_F30A__R45T,F30A;R45T,30;45,2,8463452,Nb252_WT_pair030_045_rep02_seed8463452,33;37;45;47;50;53;58;98;100;102;103;104;105;106;107;108;109;110;111;112;113;114;115;116,33;37;45;47;50;53;58;98;100;102;103;104;105;106;107;108;109;110;111;112;113;114;115;116,,,1.0,33;40;44;82;86;89;90;93;96;97;98;99;101;102;105;106;109;110;172;174;177;178;179;180;181;182;269;277;278;279;290;293;294;297;298;301;302,33;37;40;44;82;86;89;90;93;96;97;98;99;101;102;105;106;109;110;172;174;177;178;179;180;181;182;269;277;278;279;290;293;294;297;298;301;302,,37,1.0,True
Nb252_double_F30A__R45T,F30A;R45T,30;45,3,8463453,Nb252_WT_pair030_045_rep03_seed8463453,33;37;45;47;50;53;58;98;100;102;103;104;105;106;107;108;109;110;111;112;113;114;115;116,33;37;45;47;50;53;58;98;100;102;103;104;105;106;107;108;109;110;111;112;113;114;115;116,,,1.0,33;40;44;82;86;89;90;93;96;97;98;99;101;102;105;106;109;110;172;174;177;178;179;180;181;182;269;277;278;279;290;293;294;297;298;301;302,33;37;40;44;82;86;89;90;93;96;97;98;99;101;102;105;106;109;110;172;174;177;178;179;180;181;182;269;277;278;279;290;293;294;297;298;301;302,,37,1.0,True
Nb252_double_F30A__R45V,F30A;R45V,30;45,1,8463451,Nb252_WT_pair030_045_rep01_seed8463451,33;37;45;47;50;53;58;98;100;102;103;104;105;106;107;108;109;110;111;112;113;114;115;116,33;37;45;47;50;53;58;98;100;102;103;104;105;106;107;108;109;110;111;112;113;114;115;116,,,1.0,33;40;44;82;86;89;90;93;96;97;98;99;101;102;105;106;109;110;172;174;177;178;179;180;181;182;269;277;278;279;290;293;294;297;298;301;302,33;40;44;82;86;89;90;93;96;97;98;99;101;102;105;106;109;110;172;174;177;178;179;180;181;182;269;277;278;279;290;293;294;297;298;301;302,,,1.0,False
Nb252_double_F30A__R45V,F30A;R45V,30;45,2,8463452,Nb252_WT_pair030_045_rep02_seed8463452,33;37;45;47;50;53;58;98;100;102;103;104;105;106;107;108;109;110;111;112;113;114;115;116,33;37;45;47;50;53;58;98;100;102;103;104;105;106;107;108;109;110;111;112;113;114;115;116,,,1.0,33;40;44;82;86;89;90;93;96;97;98;99;101;102;105;106;109;110;172;174;177;178;179;180;181;182;269;277;278;279;290;293;294;297;298;301;302,33;40;44;82;86;89;90;93;96;97;98;99;101;102;105;106;109;110;172;174;177;178;179;180;181;182;269;277;278;279;290;293;294;297;298;301;302,,,1.0,False
Nb252_double_F30A__R45V,F30A;R45V,30;45,3,8463453,Nb252_WT_pair030_045_rep03_seed8463453,33;37;45;47;50;53;58;98;100;102;103;104;105;106;107;108;109;110;111;112;113;114;115;116,33;37;45;47;50;53;58;98;100;102;103;104;105;106;107;108;109;110;111;112;113;114;115;116,,,1.0,33;40;44;82;86;89;90;93;96;97;98;99;101;102;105;106;109;110;172;174;177;178;179;180;181;182;269;277;278;279;290;293;294;297;298;301;302,33;40;44;82;86;89;90;93;96;97;98;99;101;102;105;106;109;110;172;174;177;178;179;180;181;182;269;277;278;279;290;293;294;297;298;301;302,,,1.0,False
Nb252_double_F30A__S114M,F30A;S114M,30;114,1,8464141,Nb252_WT_pair030_114_rep01_seed8464141,33;37;45;47;50;53;58;98;100;102;103;104;105;106;107;108;109;110;111;112;113;114;115;116,33;37;45;47;50;53;58;98;100;102;103;104;105;106;107;108;109;110;111;112;113;114;115;116,,,1.0,33;40;44;82;86;89;90;93;96;97;98;99;101;102;105;106;109;110;172;174;177;178;179;180;181;182;269;277;278;279;290;293;294;297;298;301;302,33;40;44;82;86;89;90;93;96;97;98;99;101;102;105;106;109;110;172;174;177;178;179;180;181;182;269;277;278;279;290;293;294;297;298;301;302,,,1.0,False
Nb252_double_F30A__S114M,F30A;S114M,30;114,2,8464142,Nb252_WT_pair030_114_rep02_seed8464142,33;37;45;47;50;53;58;98;100;102;103;104;105;106;107;108;109;110;111;112;113;114;115;116,33;37;45;47;50;53;58;98;100;102;103;104;105;106;107;108;109;110;111;112;113;114;115;116,,,1.0,33;40;44;82;86;89;90;93;96;97;98;99;101;102;105;106;109;110;172;174;177;178;179;180;181;182;269;277;278;279;290;293;294;297;298;301;302,33;40;44;82;86;89;90;93;96;97;98;99;101;102;105;106;109;110;172;174;177;178;179;180;181;182;269;277;278;279;290;293;294;297;298;301;302,,,1.0,False
Nb252_double_F30A__S114M,F30A;S114M,30;114,3,8464143,Nb252_WT_pair030_114_rep03_seed8464143,33;37;45;47;50;53;58;98;100;102;103;104;105;106;107;108;109;110;111;112;113;114;115;116,33;37;45;47;50;53;58;98;100;102;103;104;105;106;107;108;109;110;111;112;113;114;115;116,,,1.0,33;40;44;82;86;89;90;93;96;97;98;99;101;102;105;106;109;110;172;174;177;178;179;180;181;182;269;277;278;279;290;293;294;297;298;301;302,33;40;44;82;86;89;90;93;96;97;98;99;101;102;105;106;109;110;172;174;177;178;179;180;181;182;269;277;278;279;290;293;294;297;298;301;302,,,1.0,False
Nb252_double_F30A__S55G,F30A;S55G,30;55,1,8463551,Nb252_WT_pair030_055_rep01_seed8463551,33;37;45;47;50;53;58;98;100;102;103;104;105;106;107;108;109;110;111;112;113;114;115;116,33;37;45;47;50;53;58;98;100;102;103;104;105;106;107;108;109;110;111;112;113;114;115;116,,,1.0,33;40;44;82;86;89;90;93;96;97;98;99;101;102;105;106;109;110;172;174;177;178;179;180;181;182;269;277;278;279;290;293;294;297;298;301;302,33;40;44;82;86;89;90;93;96;97;98;99;101;102;105;106;109;110;172;174;177;178;179;180;181;182;269;277;278;279;290;293;294;297;298;301;302,,,1.0,False
Nb252_double_F30A__S55G,F30A;S55G,30;55,2,8463552,Nb252_WT_pair030_055_rep02_seed8463552,33;37;45;47;50;53;58;98;100;102;103;104;105;106;107;108;109;110;111;112;113;114;115;116,33;37;45;47;50;53;58;98;100;102;103;104;105;106;107;108;109;110;111;112;113;114;115;116,,,1.0,33;40;44;82;86;89;90;93;96;97;98;99;101;102;105;106;109;110;172;174;177;178;179;180;181;182;269;277;278;279;290;293;294;297;298;301;302,33;40;44;82;86;89;90;93;96;97;98;99;101;102;105;106;109;110;172;174;177;178;179;180;181;182;269;277;278;279;290;293;294;297;298;301;302,,,1.0,False
Nb252_double_F30A__S55G,F30A;S55G,30;55,3,8463553,Nb252_WT_pair030_055_rep03_seed8463553,33;37;45;47;50;53;58;98;100;102;103;104;105;106;107;108;109;110;111;112;113;114;115;116,33;37;45;47;50;53;58;98;100;102;103;104;105;106;107;108;109;110;111;112;113;114;115;116,,,1.0,33;40;44;82;86;89;90;93;96;97;98;99;101;102;105;106;109;110;172;174;177;178;179;180;181;182;269;277;278;279;290;293;294;297;298;301;302,33;40;44;82;86;89;90;93;96;97;98;99;101;102;105;106;109;110;172;174;177;178;179;180;181;182;269;277;278;279;290;293;294;297;298;301;302,,,1.0,False
Nb252_double_F30S__D101W,F30S;D101W,30;101,1,8464011,Nb252_WT_pair030_101_rep01_seed8464011,33;37;45;47;50;53;58;98;100;102;103;104;105;106;107;108;109;110;111;112;113;114;115;116,33;37;45;47;50;53;58;98;100;101;102;103;104;105;106;107;108;109;110;111;112;113;114;115;116,,101,1.0,33;40;44;82;86;89;90;93;96;97;98;99;101;102;105;106;109;110;172;174;177;178;179;180;181;182;269;277;278;279;290;293;294;297;298;301;302,33;36;40;44;82;86;89;90;93;96;97;98;99;101;102;105;106;109;110;172;174;177;178;179;180;181;182;269;277;278;279;290;293;294;297;298;301;302,,36,1.0,True
Nb252_double_F30S__D101W,F30S;D101W,30;101,2,8464012,Nb252_WT_pair030_101_rep02_seed8464012,33;37;45;47;50;53;58;98;100;102;103;104;105;106;107;108;109;110;111;112;113;114;115;116,33;37;45;47;50;53;58;98;100;101;102;103;104;105;106;107;108;109;110;111;112;113;114;115;116,,101,1.0,33;40;44;82;86;89;90;93;96;97;98;99;101;102;105;106;109;110;172;174;177;178;179;180;181;182;269;277;278;279;290;293;294;297;298;301;302,33;36;40;44;82;86;89;90;93;96;97;98;99;101;102;105;106;109;110;172;174;177;178;179;180;181;182;269;277;278;279;290;293;294;297;298;301;302,,36,1.0,True
Nb252_double_F30S__D101W,F30S;D101W,30;101,3,8464013,Nb252_WT_pair030_101_rep03_seed8464013,33;37;45;47;50;53;58;98;100;102;103;104;105;106;107;108;109;110;111;112;113;114;115;116,33;37;45;47;50;53;58;98;100;101;102;103;104;105;106;107;108;109;110;111;112;113;114;115;116,,101,1.0,33;40;44;82;86;89;90;93;96;97;98;99;101;102;105;106;109;110;172;174;177;178;179;180;181;182;269;277;278;279;290;293;294;297;298;301;302,33;36;40;44;82;86;89;90;93;96;97;98;99;101;102;105;106;109;110;172;174;177;178;179;180;181;182;269;277;278;279;290;293;294;297;298;301;302,,36,1.0,True
Nb252_double_F30S__E105F,F30S;E105F,30;105,1,8464051,Nb252_WT_pair030_105_rep01_seed8464051,33;37;45;47;50;53;58;98;100;102;103;104;105;106;107;108;109;110;111;112;113;114;115;116,33;37;45;47;50;53;58;98;100;102;103;104;105;106;107;108;109;110;111;112;113;114;115;116,,,1.0,33;40;44;82;86;89;90;93;96;97;98;99;101;102;105;106;109;110;172;174;177;178;179;180;181;182;269;277;278;279;290;293;294;297;298;301;302,33;40;44;82;86;89;90;93;96;97;98;99;101;102;105;106;109;110;172;174;177;178;179;180;181;182;269;277;278;279;290;293;294;297;298;301;302,,,1.0,False
Nb252_double_F30S__E105F,F30S;E105F,30;105,2,8464052,Nb252_WT_pair030_105_rep02_seed8464052,33;37;45;47;50;53;58;98;100;102;103;104;105;106;107;108;109;110;111;112;113;114;115;116,33;37;45;47;50;53;58;98;100;102;103;104;105;106;107;108;109;110;111;112;113;114;115;116,,,1.0,33;40;44;82;86;89;90;93;96;97;98;99;101;102;105;106;109;110;172;174;177;178;179;180;181;182;269;277;278;279;290;293;294;297;298;301;302,33;40;44;82;86;89;90;93;96;97;98;99;101;102;105;106;109;110;172;174;177;178;179;180;181;182;269;277;278;279;290;293;294;297;298;301;302,,,1.0,False
Nb252_double_F30S__E105F,F30S;E105F,30;105,3,8464053,Nb252_WT_pair030_105_rep03_seed8464053,33;37;45;47;50;53;58;98;100;102;103;104;105;106;107;108;109;110;111;112;113;114;115;116,33;37;45;47;50;53;58;98;100;102;103;104;105;106;107;108;109;110;111;112;113;114;115;116,,,1.0,33;40;44;82;86;89;90;93;96;97;98;99;101;102;105;106;109;110;172;174;177;178;179;180;181;182;269;277;278;279;290;293;294;297;298;301;302,33;40;44;82;86;89;90;93;96;97;98;99;101;102;105;106;109;110;172;174;177;178;179;180;181;182;269;277;278;279;290;293;294;297;298;301;302,,,1.0,False
Nb252_double_F30S__E105L,F30S;E105L,30;105,1,8464051,Nb252_WT_pair030_105_rep01_seed8464051,33;37;45;47;50;53;58;98;100;102;103;104;105;106;107;108;109;110;111;112;113;114;115;116,33;37;45;47;50;53;58;98;100;102;103;104;105;106;107;108;109;110;111;112;113;114;115;116,,,1.0,33;40;44;82;86;89;90;93;96;97;98;99;101;102;105;106;109;110;172;174;177;178;179;180;181;182;269;277;278;279;290;293;294;297;298;301;302,33;40;44;82;86;89;90;93;96;97;98;99;101;102;105;106;109;110;172;174;177;178;179;180;181;182;269;277;278;279;290;293;294;297;298;301;302,,,1.0,False
Nb252_double_F30S__E105L,F30S;E105L,30;105,2,8464052,Nb252_WT_pair030_105_rep02_seed8464052,33;37;45;47;50;53;58;98;100;102;103;104;105;106;107;108;109;110;111;112;113;114;115;116,33;37;45;47;50;53;58;98;100;102;103;104;105;106;107;108;109;110;111;112;113;114;115;116,,,1.0,33;40;44;82;86;89;90;93;96;97;98;99;101;102;105;106;109;110;172;174;177;178;179;180;181;182;269;277;278;279;290;293;294;297;298;301;302,33;40;44;82;86;89;90;93;96;97;98;99;101;102;105;106;109;110;172;174;177;178;179;180;181;182;269;277;278;279;290;293;294;297;298;301;302,,,1.0,False
Nb252_double_F30S__E105L,F30S;E105L,30;105,3,8464053,Nb252_WT_pair030_105_rep03_seed8464053,33;37;45;47;50;53;58;98;100;102;103;104;105;106;107;108;109;110;111;112;113;114;115;116,33;37;45;47;50;53;58;98;100;102;103;104;105;106;107;108;109;110;111;112;113;114;115;116,,,1.0,33;40;44;82;86;89;90;93;96;97;98;99;101;102;105;106;109;110;172;174;177;178;179;180;181;182;269;277;278;279;290;293;294;297;298;301;302,33;40;44;82;86;89;90;93;96;97;98;99;101;102;105;106;109;110;172;174;177;178;179;180;181;182;269;277;278;279;290;293;294;297;298;301;302,,,1.0,False
Nb252_double_F30S__I103W,F30S;I103W,30;103,1,8464031,Nb252_WT_pair030_103_rep01_seed8464031,33;37;45;47;50;53;58;98;100;102;103;104;105;106;107;108;109;110;111;112;113;114;115;116,33;37;45;47;50;53;58;98;100;102;103;104;105;106;107;108;109;110;111;112;113;114;115;116,,,1.0,33;40;44;82;86;89;90;93;96;97;98;99;101;102;105;106;109;110;172;174;177;178;179;180;181;182;269;277;278;279;290;293;294;297;298;301;302,33;37;40;41;44;82;86;89;90;93;96;97;98;99;101;102;105;106;109;110;172;174;177;178;179;180;181;182;269;277;278;279;290;293;294;297;298;301;302,,37;41,1.0,True
Nb252_double_F30S__I103W,F30S;I103W,30;103,2,8464032,Nb252_WT_pair030_103_rep02_seed8464032,33;37;45;47;50;53;58;98;100;102;103;104;105;106;107;108;109;110;111;112;113;114;115;116,33;37;45;47;50;53;58;98;100;102;103;104;105;106;107;108;109;110;111;112;113;114;115;116,,,1.0,33;40;44;82;86;89;90;93;96;97;98;99;101;102;105;106;109;110;172;174;177;178;179;180;181;182;269;277;278;279;290;293;294;297;298;301;302,33;37;40;41;44;82;86;89;90;93;96;97;98;99;101;102;105;106;109;110;172;174;177;178;179;180;181;182;269;277;278;279;290;293;294;297;298;301;302,,37;41,1.0,True
Nb252_double_F30S__I103W,F30S;I103W,30;103,3,8464033,Nb252_WT_pair030_103_rep03_seed8464033,33;37;45;47;50;53;58;98;100;102;103;104;105;106;107;108;109;110;111;112;113;114;115;116,33;37;45;47;50;53;58;98;100;102;103;104;105;106;107;108;109;110;111;112;113;114;115;116,,,1.0,33;40;44;82;86;89;90;93;96;97;98;99;101;102;105;106;109;110;172;174;177;178;179;180;181;182;269;277;278;279;290;293;294;297;298;301;302,33;37;40;41;44;82;86;89;90;93;96;97;98;99;101;102;105;106;109;110;172;174;177;178;179;180;181;182;269;277;278;279;290;293;294;297;298;301;302,,37;41,1.0,True
Nb252_double_F30S__N107A,F30S;N107A,30;107,1,8464071,Nb252_WT_pair030_107_rep01_seed8464071,33;37;45;47;50;53;58;98;100;102;103;104;105;106;107;108;109;110;111;112;113;114;115;116,33;37;45;47;50;53;58;98;100;102;103;104;105;106;107;108;109;110;111;112;113;114;115;116,,,1.0,33;40;44;82;86;89;90;93;96;97;98;99;101;102;105;106;109;110;172;174;177;178;179;180;181;182;269;277;278;279;290;293;294;297;298;301;302,33;40;44;82;86;89;90;93;96;97;98;99;101;102;105;106;109;110;172;174;177;178;179;180;181;182;269;277;278;279;290;293;294;297;298;301;302,,,1.0,False
Nb252_double_F30S__N107A,F30S;N107A,30;107,2,8464072,Nb252_WT_pair030_107_rep02_seed8464072,33;37;45;47;50;53;58;98;100;102;103;104;105;106;107;108;109;110;111;112;113;114;115;116,33;37;45;47;50;53;58;98;100;102;103;104;105;106;107;108;109;110;111;112;113;114;115;116,,,1.0,33;40;44;82;86;89;90;93;96;97;98;99;101;102;105;106;109;110;172;174;177;178;179;180;181;182;269;277;278;279;290;293;294;297;298;301;302,33;40;44;82;86;89;90;93;96;97;98;99;101;102;105;106;109;110;172;174;177;178;179;180;181;182;269;277;278;279;290;293;294;297;298;301;302,,,1.0,False
Nb252_double_F30S__N107A,F30S;N107A,30;107,3,8464073,Nb252_WT_pair030_107_rep03_seed8464073,33;37;45;47;50;53;58;98;100;102;103;104;105;106;107;108;109;110;111;112;113;114;115;116,33;37;45;47;50;53;58;98;100;102;103;104;105;106;107;108;109;110;111;112;113;114;115;116,,,1.0,33;40;44;82;86;89;90;93;96;97;98;99;101;102;105;106;109;110;172;174;177;178;179;180;181;182;269;277;278;279;290;293;294;297;298;301;302,33;40;44;82;86;89;90;93;96;97;98;99;101;102;105;106;109;110;172;174;177;178;179;180;181;182;269;277;278;279;290;293;294;297;298;301;302,,,1.0,False
Nb252_double_F30S__R45T,F30S;R45T,30;45,1,8463451,Nb252_WT_pair030_045_rep01_seed8463451,33;37;45;47;50;53;58;98;100;102;103;104;105;106;107;108;109;110;111;112;113;114;115;116,33;37;45;47;50;53;58;98;100;102;103;104;105;106;107;108;109;110;111;112;113;114;115;116,,,1.0,33;40;44;82;86;89;90;93;96;97;98;99;101;102;105;106;109;110;172;174;177;178;179;180;181;182;269;277;278;279;290;293;294;297;298;301;302,33;37;40;44;82;86;89;90;93;96;97;98;99;101;102;105;106;109;110;172;174;177;178;179;180;181;182;269;277;278;279;290;293;294;297;298;301;302,,37,1.0,True
Nb252_double_F30S__R45T,F30S;R45T,30;45,2,8463452,Nb252_WT_pair030_045_rep02_seed8463452,33;37;45;47;50;53;58;98;100;102;103;104;105;106;107;108;109;110;111;112;113;114;115;116,33;37;45;47;50;53;58;98;100;102;103;104;105;106;107;108;109;110;111;112;113;114;115;116,,,1.0,33;40;44;82;86;89;90;93;96;97;98;99;101;102;105;106;109;110;172;174;177;178;179;180;181;182;269;277;278;279;290;293;294;297;298;301;302,33;37;40;44;82;86;89;90;93;96;97;98;99;101;102;105;106;109;110;172;174;177;178;179;180;181;182;269;277;278;279;290;293;294;297;298;301;302,,37,1.0,True
Nb252_double_F30S__R45T,F30S;R45T,30;45,3,8463453,Nb252_WT_pair030_045_rep03_seed8463453,33;37;45;47;50;53;58;98;100;102;103;104;105;106;107;108;109;110;111;112;113;114;115;116,33;37;45;47;50;53;58;98;100;102;103;104;105;106;107;108;109;110;111;112;113;114;115;116,,,1.0,33;40;44;82;86;89;90;93;96;97;98;99;101;102;105;106;109;110;172;174;177;178;179;180;181;182;269;277;278;279;290;293;294;297;298;301;302,33;37;40;44;82;86;89;90;93;96;97;98;99;101;102;105;106;109;110;172;174;177;178;179;180;181;182;269;277;278;279;290;293;294;297;298;301;302,,37,1.0,True
Nb252_double_F30S__R45V,F30S;R45V,30;45,1,8463451,Nb252_WT_pair030_045_rep01_seed8463451,33;37;45;47;50;53;58;98;100;102;103;104;105;106;107;108;109;110;111;112;113;114;115;116,33;37;45;50;53;58;98;100;102;103;104;105;106;107;108;109;110;111;112;113;114;115;116,47,,0.9583333333333334,33;40;44;82;86;89;90;93;96;97;98;99;101;102;105;106;109;110;172;174;177;178;179;180;181;182;269;277;278;279;290;293;294;297;298;301;302,33;40;44;82;86;89;90;93;96;97;98;99;101;102;105;106;109;110;172;174;177;178;179;180;181;182;269;277;278;279;290;293;294;297;298;301;302,,,1.0,True
Nb252_double_F30S__R45V,F30S;R45V,30;45,2,8463452,Nb252_WT_pair030_045_rep02_seed8463452,33;37;45;47;50;53;58;98;100;102;103;104;105;106;107;108;109;110;111;112;113;114;115;116,33;37;45;50;53;58;98;100;102;103;104;105;106;107;108;109;110;111;112;113;114;115;116,47,,0.9583333333333334,33;40;44;82;86;89;90;93;96;97;98;99;101;102;105;106;109;110;172;174;177;178;179;180;181;182;269;277;278;279;290;293;294;297;298;301;302,33;40;44;82;86;89;90;93;96;97;98;99;101;102;105;106;109;110;172;174;177;178;179;180;181;182;269;277;278;279;290;293;294;297;298;301;302,,,1.0,True
Nb252_double_F30S__R45V,F30S;R45V,30;45,3,8463453,Nb252_WT_pair030_045_rep03_seed8463453,33;37;45;47;50;53;58;98;100;102;103;104;105;106;107;108;109;110;111;112;113;114;115;116,33;37;45;50;53;58;98;100;102;103;104;105;106;107;108;109;110;111;112;113;114;115;116,47,,0.9583333333333334,33;40;44;82;86;89;90;93;96;97;98;99;101;102;105;106;109;110;172;174;177;178;179;180;181;182;269;277;278;279;290;293;294;297;298;301;302,33;40;44;82;86;89;90;93;96;97;98;99;101;102;105;106;109;110;172;174;177;178;179;180;181;182;269;277;278;279;290;293;294;297;298;301;302,,,1.0,True
Nb252_double_F30S__S114M,F30S;S114M,30;114,1,8464141,Nb252_WT_pair030_114_rep01_seed8464141,33;37;45;47;50;53;58;98;100;102;103;104;105;106;107;108;109;110;111;112;113;114;115;116,33;37;45;47;50;53;58;98;100;102;103;104;105;106;107;108;109;110;111;112;113;114;115;116,,,1.0,33;40;44;82;86;89;90;93;96;97;98;99;101;102;105;106;109;110;172;174;177;178;179;180;181;182;269;277;278;279;290;293;294;297;298;301;302,33;40;44;82;86;89;90;93;96;97;98;99;101;102;105;106;109;110;172;174;177;178;179;180;181;182;269;277;278;279;290;293;294;297;298;301;302,,,1.0,False
Nb252_double_F30S__S114M,F30S;S114M,30;114,2,8464142,Nb252_WT_pair030_114_rep02_seed8464142,33;37;45;47;50;53;58;98;100;102;103;104;105;106;107;108;109;110;111;112;113;114;115;116,33;37;45;47;50;53;58;98;100;102;103;104;105;106;107;108;109;110;111;112;113;114;115;116,,,1.0,33;40;44;82;86;89;90;93;96;97;98;99;101;102;105;106;109;110;172;174;177;178;179;180;181;182;269;277;278;279;290;293;294;297;298;301;302,33;40;44;82;86;89;90;93;96;97;98;99;101;102;105;106;109;110;172;174;177;178;179;180;181;182;269;277;278;279;290;293;294;297;298;301;302,,,1.0,False
Nb252_double_F30S__S114M,F30S;S114M,30;114,3,8464143,Nb252_WT_pair030_114_rep03_seed8464143,33;37;45;47;50;53;58;98;100;102;103;104;105;106;107;108;109;110;111;112;113;114;115;116,33;37;45;47;50;53;58;98;100;102;103;104;105;106;107;108;109;110;111;112;113;114;115;116,,,1.0,33;40;44;82;86;89;90;93;96;97;98;99;101;102;105;106;109;110;172;174;177;178;179;180;181;182;269;277;278;279;290;293;294;297;298;301;302,33;40;44;82;86;89;90;93;96;97;98;99;101;102;105;106;109;110;172;174;177;178;179;180;181;182;269;277;278;279;290;293;294;297;298;301;302,,,1.0,False
Nb252_double_F30S__S55G,F30S;S55G,30;55,1,8463551,Nb252_WT_pair030_055_rep01_seed8463551,33;37;45;47;50;53;58;98;100;102;103;104;105;106;107;108;109;110;111;112;113;114;115;116,33;37;45;47;50;53;58;98;100;102;103;104;105;106;107;108;109;110;111;112;113;114;115;116,,,1.0,33;40;44;82;86;89;90;93;96;97;98;99;101;102;105;106;109;110;172;174;177;178;179;180;181;182;269;277;278;279;290;293;294;297;298;301;302,33;40;44;82;86;89;90;93;96;97;98;99;101;102;105;106;109;110;172;174;177;178;179;180;181;182;269;277;278;279;290;293;294;297;298;301;302,,,1.0,False
Nb252_double_F30S__S55G,F30S;S55G,30;55,2,8463552,Nb252_WT_pair030_055_rep02_seed8463552,33;37;45;47;50;53;58;98;100;102;103;104;105;106;107;108;109;110;111;112;113;114;115;116,33;37;45;47;50;53;58;98;100;102;103;104;105;106;107;108;109;110;111;112;113;114;115;116,,,1.0,33;40;44;82;86;89;90;93;96;97;98;99;101;102;105;106;109;110;172;174;177;178;179;180;181;182;269;277;278;279;290;293;294;297;298;301;302,33;40;44;82;86;89;90;93;96;97;98;99;101;102;105;106;109;110;172;174;177;178;179;180;181;182;269;277;278;279;290;293;294;297;298;301;302,,,1.0,False
Nb252_double_F30S__S55G,F30S;S55G,30;55,3,8463553,Nb252_WT_pair030_055_rep03_seed8463553,33;37;45;47;50;53;58;98;100;102;103;104;105;106;107;108;109;110;111;112;113;114;115;116,33;37;45;47;50;53;58;98;100;102;103;104;105;106;107;108;109;110;111;112;113;114;115;116,,,1.0,33;40;44;82;86;89;90;93;96;97;98;99;101;102;105;106;109;110;172;174;177;178;179;180;181;182;269;277;278;279;290;293;294;297;298;301;302,33;40;44;82;86;89;90;93;96;97;98;99;101;102;105;106;109;110;172;174;177;178;179;180;181;182;269;277;278;279;290;293;294;297;298;301;302,,,1.0,False
Nb252_double_F30T__D101W,F30T;D101W,30;101,1,8464011,Nb252_WT_pair030_101_rep01_seed8464011,33;37;45;47;50;53;58;98;100;102;103;104;105;106;107;108;109;110;111;112;113;114;115;116,33;37;45;47;50;53;58;98;100;101;102;103;104;105;106;107;108;109;110;111;112;113;114;115;116,,101,1.0,33;40;44;82;86;89;90;93;96;97;98;99;101;102;105;106;109;110;172;174;177;178;179;180;181;182;269;277;278;279;290;293;294;297;298;301;302,33;36;40;44;82;86;89;90;93;96;97;98;99;101;102;105;106;109;110;172;174;177;178;179;180;181;182;269;277;278;279;290;293;294;297;298;301;302,,36,1.0,True
Nb252_double_F30T__D101W,F30T;D101W,30;101,2,8464012,Nb252_WT_pair030_101_rep02_seed8464012,33;37;45;47;50;53;58;98;100;102;103;104;105;106;107;108;109;110;111;112;113;114;115;116,33;37;45;47;50;53;58;98;100;101;102;103;104;105;106;107;108;109;110;111;112;113;114;115;116,,101,1.0,33;40;44;82;86;89;90;93;96;97;98;99;101;102;105;106;109;110;172;174;177;178;179;180;181;182;269;277;278;279;290;293;294;297;298;301;302,33;36;40;44;82;86;89;90;93;96;97;98;99;101;102;105;106;109;110;172;174;177;178;179;180;181;182;269;277;278;279;290;293;294;297;298;301;302,,36,1.0,True
Nb252_double_F30T__D101W,F30T;D101W,30;101,3,8464013,Nb252_WT_pair030_101_rep03_seed8464013,33;37;45;47;50;53;58;98;100;102;103;104;105;106;107;108;109;110;111;112;113;114;115;116,33;37;45;47;50;53;58;98;100;101;102;103;104;105;106;107;108;109;110;111;112;113;114;115;116,,101,1.0,33;40;44;82;86;89;90;93;96;97;98;99;101;102;105;106;109;110;172;174;177;178;179;180;181;182;269;277;278;279;290;293;294;297;298;301;302,33;36;40;44;82;86;89;90;93;96;97;98;99;101;102;105;106;109;110;172;174;177;178;179;180;181;182;269;277;278;279;290;293;294;297;298;301;302,,36,1.0,True
Nb252_double_F30T__E105F,F30T;E105F,30;105,1,8464051,Nb252_WT_pair030_105_rep01_seed8464051,33;37;45;47;50;53;58;98;100;102;103;104;105;106;107;108;109;110;111;112;113;114;115;116,33;37;45;47;50;53;58;98;100;102;103;104;105;106;107;108;109;110;111;112;113;114;115;116,,,1.0,33;40;44;82;86;89;90;93;96;97;98;99;101;102;105;106;109;110;172;174;177;178;179;180;181;182;269;277;278;279;290;293;294;297;298;301;302,33;40;44;82;86;89;90;93;96;97;98;99;101;102;105;106;109;110;172;174;177;178;179;180;181;182;269;277;278;279;290;293;294;297;298;301;302,,,1.0,False
Nb252_double_F30T__E105F,F30T;E105F,30;105,2,8464052,Nb252_WT_pair030_105_rep02_seed8464052,33;37;45;47;50;53;58;98;100;102;103;104;105;106;107;108;109;110;111;112;113;114;115;116,33;37;45;47;50;53;58;98;100;102;103;104;105;106;107;108;109;110;111;112;113;114;115;116,,,1.0,33;40;44;82;86;89;90;93;96;97;98;99;101;102;105;106;109;110;172;174;177;178;179;180;181;182;269;277;278;279;290;293;294;297;298;301;302,33;40;44;82;86;89;90;93;96;97;98;99;101;102;105;106;109;110;172;174;177;178;179;180;181;182;269;277;278;279;290;293;294;297;298;301;302,,,1.0,False
Nb252_double_F30T__E105F,F30T;E105F,30;105,3,8464053,Nb252_WT_pair030_105_rep03_seed8464053,33;37;45;47;50;53;58;98;100;102;103;104;105;106;107;108;109;110;111;112;113;114;115;116,33;37;45;47;50;53;58;98;100;102;103;104;105;106;107;108;109;110;111;112;113;114;115;116,,,1.0,33;40;44;82;86;89;90;93;96;97;98;99;101;102;105;106;109;110;172;174;177;178;179;180;181;182;269;277;278;279;290;293;294;297;298;301;302,33;40;44;82;86;89;90;93;96;97;98;99;101;102;105;106;109;110;172;174;177;178;179;180;181;182;269;277;278;279;290;293;294;297;298;301;302,,,1.0,False
Nb252_double_F30T__E105L,F30T;E105L,30;105,1,8464051,Nb252_WT_pair030_105_rep01_seed8464051,33;37;45;47;50;53;58;98;100;102;103;104;105;106;107;108;109;110;111;112;113;114;115;116,33;37;45;47;50;53;58;98;100;102;103;104;105;106;107;108;109;110;111;112;113;114;115;116,,,1.0,33;40;44;82;86;89;90;93;96;97;98;99;101;102;105;106;109;110;172;174;177;178;179;180;181;182;269;277;278;279;290;293;294;297;298;301;302,33;40;44;82;86;89;90;93;96;97;98;99;101;102;105;106;109;110;172;174;177;178;179;180;181;182;269;277;278;279;290;293;294;297;298;301;302,,,1.0,False
Nb252_double_F30T__E105L,F30T;E105L,30;105,2,8464052,Nb252_WT_pair030_105_rep02_seed8464052,33;37;45;47;50;53;58;98;100;102;103;104;105;106;107;108;109;110;111;112;113;114;115;116,33;37;45;47;50;53;58;98;100;102;103;104;105;106;107;108;109;110;111;112;113;114;115;116,,,1.0,33;40;44;82;86;89;90;93;96;97;98;99;101;102;105;106;109;110;172;174;177;178;179;180;181;182;269;277;278;279;290;293;294;297;298;301;302,33;40;44;82;86;89;90;93;96;97;98;99;101;102;105;106;109;110;172;174;177;178;179;180;181;182;269;277;278;279;290;293;294;297;298;301;302,,,1.0,False
Nb252_double_F30T__E105L,F30T;E105L,30;105,3,8464053,Nb252_WT_pair030_105_rep03_seed8464053,33;37;45;47;50;53;58;98;100;102;103;104;105;106;107;108;109;110;111;112;113;114;115;116,33;37;45;47;50;53;58;98;100;102;103;104;105;106;107;108;109;110;111;112;113;114;115;116,,,1.0,33;40;44;82;86;89;90;93;96;97;98;99;101;102;105;106;109;110;172;174;177;178;179;180;181;182;269;277;278;279;290;293;294;297;298;301;302,33;40;44;82;86;89;90;93;96;97;98;99;101;102;105;106;109;110;172;174;177;178;179;180;181;182;269;277;278;279;290;293;294;297;298;301;302,,,1.0,False
Nb252_double_F30T__I103W,F30T;I103W,30;103,1,8464031,Nb252_WT_pair030_103_rep01_seed8464031,33;37;45;47;50;53;58;98;100;102;103;104;105;106;107;108;109;110;111;112;113;114;115;116,33;37;45;47;50;53;58;98;100;102;103;104;105;106;107;108;109;110;111;112;113;114;115;116,,,1.0,33;40;44;82;86;89;90;93;96;97;98;99;101;102;105;106;109;110;172;174;177;178;179;180;181;182;269;277;278;279;290;293;294;297;298;301;302,33;40;41;44;82;86;89;90;93;96;97;98;99;101;102;105;106;109;110;172;174;177;178;179;180;181;182;269;277;278;279;290;293;294;297;298;301;302,,41,1.0,True
Nb252_double_F30T__I103W,F30T;I103W,30;103,2,8464032,Nb252_WT_pair030_103_rep02_seed8464032,33;37;45;47;50;53;58;98;100;102;103;104;105;106;107;108;109;110;111;112;113;114;115;116,33;37;45;47;50;53;58;98;100;102;103;104;105;106;107;108;109;110;111;112;113;114;115;116,,,1.0,33;40;44;82;86;89;90;93;96;97;98;99;101;102;105;106;109;110;172;174;177;178;179;180;181;182;269;277;278;279;290;293;294;297;298;301;302,33;40;41;44;82;86;89;90;93;96;97;98;99;101;102;105;106;109;110;172;174;177;178;179;180;181;182;269;277;278;279;290;293;294;297;298;301;302,,41,1.0,True
Nb252_double_F30T__I103W,F30T;I103W,30;103,3,8464033,Nb252_WT_pair030_103_rep03_seed8464033,33;37;45;47;50;53;58;98;100;102;103;104;105;106;107;108;109;110;111;112;113;114;115;116,33;37;45;47;50;53;58;98;100;102;103;104;105;106;107;108;109;110;111;112;113;114;115;116,,,1.0,33;40;44;82;86;89;90;93;96;97;98;99;101;102;105;106;109;110;172;174;177;178;179;180;181;182;269;277;278;279;290;293;294;297;298;301;302,33;37;40;41;44;82;86;89;90;93;96;97;98;99;101;102;105;106;109;110;172;174;177;178;179;180;181;182;269;277;278;279;290;293;294;297;298;301;302,,37;41,1.0,True
Nb252_double_F30T__N107A,F30T;N107A,30;107,1,8464071,Nb252_WT_pair030_107_rep01_seed8464071,33;37;45;47;50;53;58;98;100;102;103;104;105;106;107;108;109;110;111;112;113;114;115;116,33;37;45;47;50;53;58;98;100;102;103;104;105;106;107;108;109;110;111;112;113;114;115;116,,,1.0,33;40;44;82;86;89;90;93;96;97;98;99;101;102;105;106;109;110;172;174;177;178;179;180;181;182;269;277;278;279;290;293;294;297;298;301;302,33;40;44;82;86;89;90;93;96;97;98;99;101;102;105;106;109;110;172;174;177;178;179;180;181;182;269;277;278;279;290;293;294;297;298;301;302,,,1.0,False
Nb252_double_F30T__N107A,F30T;N107A,30;107,2,8464072,Nb252_WT_pair030_107_rep02_seed8464072,33;37;45;47;50;53;58;98;100;102;103;104;105;106;107;108;109;110;111;112;113;114;115;116,33;37;45;47;50;53;58;98;100;102;103;104;105;106;107;108;109;110;111;112;113;114;115;116,,,1.0,33;40;44;82;86;89;90;93;96;97;98;99;101;102;105;106;109;110;172;174;177;178;179;180;181;182;269;277;278;279;290;293;294;297;298;301;302,33;40;44;82;86;89;90;93;96;97;98;99;101;102;105;106;109;110;172;174;177;178;179;180;181;182;269;277;278;279;290;293;294;297;298;301;302,,,1.0,False
Nb252_double_F30T__N107A,F30T;N107A,30;107,3,8464073,Nb252_WT_pair030_107_rep03_seed8464073,33;37;45;47;50;53;58;98;100;102;103;104;105;106;107;108;109;110;111;112;113;114;115;116,33;37;45;47;50;53;58;98;100;102;103;104;105;106;107;108;109;110;111;112;113;114;115;116,,,1.0,33;40;44;82;86;89;90;93;96;97;98;99;101;102;105;106;109;110;172;174;177;178;179;180;181;182;269;277;278;279;290;293;294;297;298;301;302,33;40;44;82;86;89;90;93;96;97;98;99;101;102;105;106;109;110;172;174;177;178;179;180;181;182;269;277;278;279;290;293;294;297;298;301;302,,,1.0,False
Nb252_double_F30T__R45T,F30T;R45T,30;45,1,8463451,Nb252_WT_pair030_045_rep01_seed8463451,33;37;45;47;50;53;58;98;100;102;103;104;105;106;107;108;109;110;111;112;113;114;115;116,33;37;45;47;50;53;58;98;100;102;103;104;105;106;107;108;109;110;111;112;113;114;115;116,,,1.0,33;40;44;82;86;89;90;93;96;97;98;99;101;102;105;106;109;110;172;174;177;178;179;180;181;182;269;277;278;279;290;293;294;297;298;301;302,33;40;44;82;86;89;90;93;96;97;98;99;101;102;105;106;109;110;172;174;177;178;179;180;181;182;269;277;278;279;290;293;294;297;298;301;302,,,1.0,False
Nb252_double_F30T__R45T,F30T;R45T,30;45,2,8463452,Nb252_WT_pair030_045_rep02_seed8463452,33;37;45;47;50;53;58;98;100;102;103;104;105;106;107;108;109;110;111;112;113;114;115;116,33;37;45;47;50;53;58;98;100;102;103;104;105;106;107;108;109;110;111;112;113;114;115;116,,,1.0,33;40;44;82;86;89;90;93;96;97;98;99;101;102;105;106;109;110;172;174;177;178;179;180;181;182;269;277;278;279;290;293;294;297;298;301;302,33;40;44;82;86;89;90;93;96;97;98;99;101;102;105;106;109;110;172;174;177;178;179;180;181;182;269;277;278;279;290;293;294;297;298;301;302,,,1.0,False
Nb252_double_F30T__R45T,F30T;R45T,30;45,3,8463453,Nb252_WT_pair030_045_rep03_seed8463453,33;37;45;47;50;53;58;98;100;102;103;104;105;106;107;108;109;110;111;112;113;114;115;116,33;37;45;47;50;53;58;98;100;102;103;104;105;106;107;108;109;110;111;112;113;114;115;116,,,1.0,33;40;44;82;86;89;90;93;96;97;98;99;101;102;105;106;109;110;172;174;177;178;179;180;181;182;269;277;278;279;290;293;294;297;298;301;302,33;40;44;82;86;89;90;93;96;97;98;99;101;102;105;106;109;110;172;174;177;178;179;180;181;182;269;277;278;279;290;293;294;297;298;301;302,,,1.0,False
Nb252_double_F30T__R45V,F30T;R45V,30;45,1,8463451,Nb252_WT_pair030_045_rep01_seed8463451,33;37;45;47;50;53;58;98;100;102;103;104;105;106;107;108;109;110;111;112;113;114;115;116,33;37;45;50;53;58;98;100;102;103;104;105;106;107;108;109;110;111;112;113;114;115;116,47,,0.9583333333333334,33;40;44;82;86;89;90;93;96;97;98;99;101;102;105;106;109;110;172;174;177;178;179;180;181;182;269;277;278;279;290;293;294;297;298;301;302,33;37;40;44;82;86;89;90;93;96;97;98;99;101;102;105;106;109;110;172;174;177;178;179;180;181;182;269;277;278;279;290;293;294;297;298;301;302,,37,1.0,True
Nb252_double_F30T__R45V,F30T;R45V,30;45,2,8463452,Nb252_WT_pair030_045_rep02_seed8463452,33;37;45;47;50;53;58;98;100;102;103;104;105;106;107;108;109;110;111;112;113;114;115;116,33;37;45;50;53;58;98;100;102;103;104;105;106;107;108;109;110;111;112;113;114;115;116,47,,0.9583333333333334,33;40;44;82;86;89;90;93;96;97;98;99;101;102;105;106;109;110;172;174;177;178;179;180;181;182;269;277;278;279;290;293;294;297;298;301;302,33;37;40;44;82;86;89;90;93;96;97;98;99;101;102;105;106;109;110;172;174;177;178;179;180;181;182;269;277;278;279;290;293;294;297;298;301;302,,37,1.0,True
Nb252_double_F30T__R45V,F30T;R45V,30;45,3,8463453,Nb252_WT_pair030_045_rep03_seed8463453,33;37;45;47;50;53;58;98;100;102;103;104;105;106;107;108;109;110;111;112;113;114;115;116,33;37;45;50;53;58;98;100;102;103;104;105;106;107;108;109;110;111;112;113;114;115;116,47,,0.9583333333333334,33;40;44;82;86;89;90;93;96;97;98;99;101;102;105;106;109;110;172;174;177;178;179;180;181;182;269;277;278;279;290;293;294;297;298;301;302,33;37;40;44;82;86;89;90;93;96;97;98;99;101;102;105;106;109;110;172;174;177;178;179;180;181;182;269;277;278;279;290;293;294;297;298;301;302,,37,1.0,True
Nb252_double_F30T__S114M,F30T;S114M,30;114,1,8464141,Nb252_WT_pair030_114_rep01_seed8464141,33;37;45;47;50;53;58;98;100;102;103;104;105;106;107;108;109;110;111;112;113;114;115;116,33;37;45;47;50;53;58;98;100;102;103;104;105;106;107;108;109;110;111;112;113;114;115;116,,,1.0,33;40;44;82;86;89;90;93;96;97;98;99;101;102;105;106;109;110;172;174;177;178;179;180;181;182;269;277;278;279;290;293;294;297;298;301;302,33;40;44;82;86;89;90;93;96;97;98;99;101;102;105;106;109;110;172;174;177;178;179;180;181;182;269;277;278;279;290;293;294;297;298;301;302,,,1.0,False
Nb252_double_F30T__S114M,F30T;S114M,30;114,2,8464142,Nb252_WT_pair030_114_rep02_seed8464142,33;37;45;47;50;53;58;98;100;102;103;104;105;106;107;108;109;110;111;112;113;114;115;116,33;37;45;47;50;53;58;98;100;102;103;104;105;106;107;108;109;110;111;112;113;114;115;116,,,1.0,33;40;44;82;86;89;90;93;96;97;98;99;101;102;105;106;109;110;172;174;177;178;179;180;181;182;269;277;278;279;290;293;294;297;298;301;302,33;40;44;82;86;89;90;93;96;97;98;99;101;102;105;106;109;110;172;174;177;178;179;180;181;182;269;277;278;279;290;293;294;297;298;301;302,,,1.0,False
Nb252_double_F30T__S114M,F30T;S114M,30;114,3,8464143,Nb252_WT_pair030_114_rep03_seed8464143,33;37;45;47;50;53;58;98;100;102;103;104;105;106;107;108;109;110;111;112;113;114;115;116,33;37;45;47;50;53;58;98;100;102;103;104;105;106;107;108;109;110;111;112;113;114;115;116,,,1.0,33;40;44;82;86;89;90;93;96;97;98;99;101;102;105;106;109;110;172;174;177;178;179;180;181;182;269;277;278;279;290;293;294;297;298;301;302,33;40;44;82;86;89;90;93;96;97;98;99;101;102;105;106;109;110;172;174;177;178;179;180;181;182;269;277;278;279;290;293;294;297;298;301;302,,,1.0,False
Nb252_double_F30T__S55G,F30T;S55G,30;55,1,8463551,Nb252_WT_pair030_055_rep01_seed8463551,33;37;45;47;50;53;58;98;100;102;103;104;105;106;107;108;109;110;111;112;113;114;115;116,33;37;45;47;50;53;58;98;100;102;103;104;105;106;107;108;109;110;111;112;113;114;115;116,,,1.0,33;40;44;82;86;89;90;93;96;97;98;99;101;102;105;106;109;110;172;174;177;178;179;180;181;182;269;277;278;279;290;293;294;297;298;301;302,33;40;44;82;86;89;90;93;96;97;98;99;101;102;105;106;109;110;172;174;177;178;179;180;181;182;269;277;278;279;290;293;294;297;298;301;302,,,1.0,False
Nb252_double_F30T__S55G,F30T;S55G,30;55,2,8463552,Nb252_WT_pair030_055_rep02_seed8463552,33;37;45;47;50;53;58;98;100;102;103;104;105;106;107;108;109;110;111;112;113;114;115;116,33;37;45;47;50;53;58;98;100;102;103;104;105;106;107;108;109;110;111;112;113;114;115;116,,,1.0,33;40;44;82;86;89;90;93;96;97;98;99;101;102;105;106;109;110;172;174;177;178;179;180;181;182;269;277;278;279;290;293;294;297;298;301;302,33;40;44;82;86;89;90;93;96;97;98;99;101;102;105;106;109;110;172;174;177;178;179;180;181;182;269;277;278;279;290;293;294;297;298;301;302,,,1.0,False
Nb252_double_F30T__S55G,F30T;S55G,30;55,3,8463553,Nb252_WT_pair030_055_rep03_seed8463553,33;37;45;47;50;53;58;98;100;102;103;104;105;106;107;108;109;110;111;112;113;114;115;116,33;37;45;47;50;53;58;98;100;102;103;104;105;106;107;108;109;110;111;112;113;114;115;116,,,1.0,33;40;44;82;86;89;90;93;96;97;98;99;101;102;105;106;109;110;172;174;177;178;179;180;181;182;269;277;278;279;290;293;294;297;298;301;302,33;40;44;82;86;89;90;93;96;97;98;99;101;102;105;106;109;110;172;174;177;178;179;180;181;182;269;277;278;279;290;293;294;297;298;301;302,,,1.0,False
Nb252_double_I103W__E105F,I103W;E105F,103;105,1,9194051,Nb252_WT_pair103_105_rep01_seed9194051,33;37;45;47;50;53;58;98;100;102;103;104;105;106;107;108;109;110;111;112;113;114;115;116,33;37;45;47;50;53;58;98;100;102;103;104;105;106;107;108;109;110;111;112;113;114;115;116,,,1.0,33;40;44;82;86;89;90;93;96;97;98;99;101;102;105;106;109;110;172;174;177;178;179;180;181;182;269;277;278;279;290;293;294;297;298;301;302,33;37;40;41;44;82;86;89;90;93;96;97;98;99;101;102;105;106;109;110;172;174;177;178;179;180;181;182;269;277;278;279;290;293;294;297;298;301;302,,37;41,1.0,True
Nb252_double_I103W__E105F,I103W;E105F,103;105,2,9194052,Nb252_WT_pair103_105_rep02_seed9194052,33;37;45;47;50;53;58;98;100;102;103;104;105;106;107;108;109;110;111;112;113;114;115;116,33;37;45;47;50;53;58;98;100;102;103;104;105;106;107;108;109;110;111;112;113;114;115;116,,,1.0,33;40;44;82;86;89;90;93;96;97;98;99;101;102;105;106;109;110;172;174;177;178;179;180;181;182;269;277;278;279;290;293;294;297;298;301;302,33;37;40;41;44;82;86;89;90;93;96;97;98;99;101;102;105;106;109;110;172;174;177;178;179;180;181;182;269;277;278;279;290;293;294;297;298;301;302,,37;41,1.0,True
Nb252_double_I103W__E105F,I103W;E105F,103;105,3,9194053,Nb252_WT_pair103_105_rep03_seed9194053,33;37;45;47;50;53;58;98;100;102;103;104;105;106;107;108;109;110;111;112;113;114;115;116,33;37;45;47;50;53;58;98;100;102;103;104;105;106;107;108;109;110;111;112;113;114;115;116,,,1.0,33;40;44;82;86;89;90;93;96;97;98;99;101;102;105;106;109;110;172;174;177;178;179;180;181;182;269;277;278;279;290;293;294;297;298;301;302,33;37;40;41;44;82;86;89;90;93;96;97;98;99;101;102;105;106;109;110;172;174;177;178;179;180;181;182;269;277;278;279;290;293;294;297;298;301;302,,37;41,1.0,True
Nb252_double_I103W__E105L,I103W;E105L,103;105,1,9194051,Nb252_WT_pair103_105_rep01_seed9194051,33;37;45;47;50;53;58;98;100;102;103;104;105;106;107;108;109;110;111;112;113;114;115;116,33;37;45;47;50;53;58;98;100;102;103;104;105;106;107;108;109;110;111;112;113;114;115;116,,,1.0,33;40;44;82;86;89;90;93;96;97;98;99;101;102;105;106;109;110;172;174;177;178;179;180;181;182;269;277;278;279;290;293;294;297;298;301;302,33;37;40;41;44;82;86;89;90;93;96;97;98;99;101;102;105;106;109;110;172;174;177;178;179;180;181;182;269;277;278;279;290;293;294;297;298;301;302,,37;41,1.0,True
Nb252_double_I103W__E105L,I103W;E105L,103;105,2,9194052,Nb252_WT_pair103_105_rep02_seed9194052,33;37;45;47;50;53;58;98;100;102;103;104;105;106;107;108;109;110;111;112;113;114;115;116,33;37;45;47;50;53;58;98;100;102;103;104;105;106;107;108;109;110;111;112;113;114;115;116,,,1.0,33;40;44;82;86;89;90;93;96;97;98;99;101;102;105;106;109;110;172;174;177;178;179;180;181;182;269;277;278;279;290;293;294;297;298;301;302,33;37;40;41;44;82;86;89;90;93;96;97;98;99;101;102;105;106;109;110;172;174;177;178;179;180;181;182;269;277;278;279;290;293;294;297;298;301;302,,37;41,1.0,True
Nb252_double_I103W__E105L,I103W;E105L,103;105,3,9194053,Nb252_WT_pair103_105_rep03_seed9194053,33;37;45;47;50;53;58;98;100;102;103;104;105;106;107;108;109;110;111;112;113;114;115;116,33;37;45;47;50;53;58;98;100;102;103;104;105;106;107;108;109;110;111;112;113;114;115;116,,,1.0,33;40;44;82;86;89;90;93;96;97;98;99;101;102;105;106;109;110;172;174;177;178;179;180;181;182;269;277;278;279;290;293;294;297;298;301;302,33;37;40;41;44;82;86;89;90;93;96;97;98;99;101;102;105;106;109;110;172;174;177;178;179;180;181;182;269;277;278;279;290;293;294;297;298;301;302,,37;41,1.0,True
Nb252_double_I103W__N107A,I103W;N107A,103;107,1,9194071,Nb252_WT_pair103_107_rep01_seed9194071,33;37;45;47;50;53;58;98;100;102;103;104;105;106;107;108;109;110;111;112;113;114;115;116,33;37;45;47;50;53;58;98;100;102;103;104;105;106;107;108;109;110;111;112;113;114;115;116,,,1.0,33;40;44;82;86;89;90;93;96;97;98;99;101;102;105;106;109;110;172;174;177;178;179;180;181;182;269;277;278;279;290;293;294;297;298;301;302,33;40;41;44;82;86;89;90;93;96;97;98;99;101;102;105;106;109;110;172;174;177;178;179;180;181;182;269;277;278;279;290;293;294;297;298;301;302,,41,1.0,True
Nb252_double_I103W__N107A,I103W;N107A,103;107,2,9194072,Nb252_WT_pair103_107_rep02_seed9194072,33;37;45;47;50;53;58;98;100;102;103;104;105;106;107;108;109;110;111;112;113;114;115;116,33;37;45;47;50;53;58;98;100;102;103;104;105;106;107;108;109;110;111;112;113;114;115;116,,,1.0,33;40;44;82;86;89;90;93;96;97;98;99;101;102;105;106;109;110;172;174;177;178;179;180;181;182;269;277;278;279;290;293;294;297;298;301;302,33;40;41;44;82;86;89;90;93;96;97;98;99;101;102;105;106;109;110;172;174;177;178;179;180;181;182;269;277;278;279;290;293;294;297;298;301;302,,41,1.0,True
Nb252_double_I103W__N107A,I103W;N107A,103;107,3,9194073,Nb252_WT_pair103_107_rep03_seed9194073,33;37;45;47;50;53;58;98;100;102;103;104;105;106;107;108;109;110;111;112;113;114;115;116,33;37;45;47;50;53;58;98;100;102;103;104;105;106;107;108;109;110;111;112;113;114;115;116,,,1.0,33;40;44;82;86;89;90;93;96;97;98;99;101;102;105;106;109;110;172;174;177;178;179;180;181;182;269;277;278;279;290;293;294;297;298;301;302,33;40;41;44;82;86;89;90;93;96;97;98;99;101;102;105;106;109;110;172;174;177;178;179;180;181;182;269;277;278;279;290;293;294;297;298;301;302,,41,1.0,True
Nb252_double_I103W__S114M,I103W;S114M,103;114,1,9194141,Nb252_WT_pair103_114_rep01_seed9194141,33;37;45;47;50;53;58;98;100;102;103;104;105;106;107;108;109;110;111;112;113;114;115;116,33;37;45;47;50;53;58;98;100;102;103;104;105;106;107;108;109;110;111;112;113;114;115;116,,,1.0,33;40;44;82;86;89;90;93;96;97;98;99;101;102;105;106;109;110;172;174;177;178;179;180;181;182;269;277;278;279;290;293;294;297;298;301;302,33;37;40;41;44;82;86;89;90;93;96;97;98;99;101;102;105;106;109;110;172;174;177;178;179;180;181;182;269;277;278;279;290;293;294;297;298;301;302,,37;41,1.0,True
Nb252_double_I103W__S114M,I103W;S114M,103;114,2,9194142,Nb252_WT_pair103_114_rep02_seed9194142,33;37;45;47;50;53;58;98;100;102;103;104;105;106;107;108;109;110;111;112;113;114;115;116,33;37;45;47;50;53;58;98;100;102;103;104;105;106;107;108;109;110;111;112;113;114;115;116,,,1.0,33;40;44;82;86;89;90;93;96;97;98;99;101;102;105;106;109;110;172;174;177;178;179;180;181;182;269;277;278;279;290;293;294;297;298;301;302,33;37;40;41;44;82;86;89;90;93;96;97;98;99;101;102;105;106;109;110;172;174;177;178;179;180;181;182;269;277;278;279;290;293;294;297;298;301;302,,37;41,1.0,True
Nb252_double_I103W__S114M,I103W;S114M,103;114,3,9194143,Nb252_WT_pair103_114_rep03_seed9194143,33;37;45;47;50;53;58;98;100;102;103;104;105;106;107;108;109;110;111;112;113;114;115;116,33;37;45;47;50;53;58;98;100;102;103;104;105;106;107;108;109;110;111;112;113;114;115;116,,,1.0,33;40;44;82;86;89;90;93;96;97;98;99;101;102;105;106;109;110;172;174;177;178;179;180;181;182;269;277;278;279;290;293;294;297;298;301;302,33;37;40;41;44;82;86;89;90;93;96;97;98;99;101;102;105;106;109;110;172;174;177;178;179;180;181;182;269;277;278;279;290;293;294;297;298;301;302,,37;41,1.0,True
Nb252_double_N107A__S114M,N107A;S114M,107;114,1,9234141,Nb252_WT_pair107_114_rep01_seed9234141,33;37;45;47;50;53;58;98;100;102;103;104;105;106;107;108;109;110;111;112;113;114;115;116,33;37;45;47;50;53;58;98;100;102;103;104;105;106;107;108;109;110;111;112;113;114;115;116,,,1.0,33;40;44;82;86;89;90;93;96;97;98;99;101;102;105;106;109;110;172;174;177;178;179;180;181;182;269;277;278;279;290;293;294;297;298;301;302,33;40;44;82;86;89;90;93;96;97;98;99;101;102;105;106;109;110;172;174;177;178;179;180;181;182;269;277;278;279;290;293;294;297;298;301;302,,,1.0,False
Nb252_double_N107A__S114M,N107A;S114M,107;114,2,9234142,Nb252_WT_pair107_114_rep02_seed9234142,33;37;45;47;50;53;58;98;100;102;103;104;105;106;107;108;109;110;111;112;113;114;115;116,33;37;45;47;50;53;58;98;100;102;103;104;105;106;107;108;109;110;111;112;113;114;115;116,,,1.0,33;40;44;82;86;89;90;93;96;97;98;99;101;102;105;106;109;110;172;174;177;178;179;180;181;182;269;277;278;279;290;293;294;297;298;301;302,33;40;44;82;86;89;90;93;96;97;98;99;101;102;105;106;109;110;172;174;177;178;179;180;181;182;269;277;278;279;290;293;294;297;298;301;302,,,1.0,False
Nb252_double_N107A__S114M,N107A;S114M,107;114,3,9234143,Nb252_WT_pair107_114_rep03_seed9234143,33;37;45;47;50;53;58;98;100;102;103;104;105;106;107;108;109;110;111;112;113;114;115;116,33;37;45;47;50;53;58;98;100;102;103;104;105;106;107;108;109;110;111;112;113;114;115;116,,,1.0,33;40;44;82;86;89;90;93;96;97;98;99;101;102;105;106;109;110;172;174;177;178;179;180;181;182;269;277;278;279;290;293;294;297;298;301;302,33;40;44;82;86;89;90;93;96;97;98;99;101;102;105;106;109;110;172;174;177;178;179;180;181;182;269;277;278;279;290;293;294;297;298;301;302,,,1.0,False
Nb252_double_Q1D__A23S,Q1D;A23S,1;23,1,8173231,Nb252_WT_pair001_023_rep01_seed8173231,33;37;45;47;50;53;58;98;100;102;103;104;105;106;107;108;109;110;111;112;113;114;115;116,33;37;45;47;50;53;58;98;100;102;103;104;105;106;107;108;109;110;111;112;113;114;115;116,,,1.0,33;37;40;44;82;86;89;90;93;96;97;98;99;101;102;105;106;109;110;172;174;177;178;179;180;181;182;269;277;278;279;290;293;294;297;298;301;302,33;37;40;44;82;86;89;90;93;96;97;98;99;101;102;105;106;109;110;172;174;177;178;179;180;181;182;269;277;278;279;290;293;294;297;298;301;302,,,1.0,False
Nb252_double_Q1D__A23S,Q1D;A23S,1;23,2,8173232,Nb252_WT_pair001_023_rep02_seed8173232,33;37;45;47;50;53;58;98;100;102;103;104;105;106;107;108;109;110;111;112;113;114;115;116,33;37;45;47;50;53;58;98;100;102;103;104;105;106;107;108;109;110;111;112;113;114;115;116,,,1.0,33;37;40;44;82;86;89;90;93;96;97;98;99;101;102;105;106;109;110;172;174;177;178;179;180;181;182;269;277;278;279;290;293;294;297;298;301;302,33;37;40;44;82;86;89;90;93;96;97;98;99;101;102;105;106;109;110;172;174;177;178;179;180;181;182;269;277;278;279;290;293;294;297;298;301;302,,,1.0,False
Nb252_double_Q1D__A23S,Q1D;A23S,1;23,3,8173233,Nb252_WT_pair001_023_rep03_seed8173233,33;37;45;47;50;53;58;98;100;102;103;104;105;106;107;108;109;110;111;112;113;114;115;116,33;37;45;47;50;53;58;98;100;102;103;104;105;106;107;108;109;110;111;112;113;114;115;116,,,1.0,33;37;40;44;82;86;89;90;93;96;97;98;99;101;102;105;106;109;110;172;174;177;178;179;180;181;182;269;277;278;279;290;293;294;297;298;301;302,33;37;40;44;82;86;89;90;93;96;97;98;99;101;102;105;106;109;110;172;174;177;178;179;180;181;182;269;277;278;279;290;293;294;297;298;301;302,,,1.0,False
Nb252_double_Q1D__D101W,Q1D;D101W,1;101,1,8174011,Nb252_WT_pair001_101_rep01_seed8174011,33;37;45;47;50;53;58;98;100;102;103;104;105;106;107;108;109;110;111;112;113;114;115;116,33;37;45;47;50;53;58;98;100;101;102;103;104;105;106;107;108;109;110;111;112;113;114;115;116,,101,1.0,33;40;44;82;86;89;90;93;96;97;98;99;101;102;105;106;109;110;172;174;177;178;179;180;181;182;269;277;278;279;290;293;294;297;298;301;302,33;36;40;44;82;86;89;90;93;96;97;98;99;101;102;105;106;109;110;172;174;177;178;179;180;181;182;269;277;278;279;290;293;294;297;298;301;302,,36,1.0,True
Nb252_double_Q1D__D101W,Q1D;D101W,1;101,2,8174012,Nb252_WT_pair001_101_rep02_seed8174012,33;37;45;47;50;53;58;98;100;102;103;104;105;106;107;108;109;110;111;112;113;114;115;116,33;37;45;47;50;53;58;98;100;101;102;103;104;105;106;107;108;109;110;111;112;113;114;115;116,,101,1.0,33;40;44;82;86;89;90;93;96;97;98;99;101;102;105;106;109;110;172;174;177;178;179;180;181;182;269;277;278;279;290;293;294;297;298;301;302,33;36;40;44;82;86;89;90;93;96;97;98;99;101;102;105;106;109;110;172;174;177;178;179;180;181;182;269;277;278;279;290;293;294;297;298;301;302,,36,1.0,True
Nb252_double_Q1D__D101W,Q1D;D101W,1;101,3,8174013,Nb252_WT_pair001_101_rep03_seed8174013,33;37;45;47;50;53;58;98;100;102;103;104;105;106;107;108;109;110;111;112;113;114;115;116,33;37;45;47;50;53;58;98;100;101;102;103;104;105;106;107;108;109;110;111;112;113;114;115;116,,101,1.0,33;40;44;82;86;89;90;93;96;97;98;99;101;102;105;106;109;110;172;174;177;178;179;180;181;182;269;277;278;279;290;293;294;297;298;301;302,33;36;40;44;82;86;89;90;93;96;97;98;99;101;102;105;106;109;110;172;174;177;178;179;180;181;182;269;277;278;279;290;293;294;297;298;301;302,,36,1.0,True
Nb252_double_Q1D__E105F,Q1D;E105F,1;105,1,8174051,Nb252_WT_pair001_105_rep01_seed8174051,33;37;45;47;50;53;58;98;100;102;103;104;105;106;107;108;109;110;111;112;113;114;115;116,33;37;45;47;50;53;58;98;100;102;103;104;105;106;107;108;109;110;111;112;113;114;115;116,,,1.0,33;40;44;82;86;89;90;93;96;97;98;99;101;102;105;106;109;110;172;174;177;178;179;180;181;182;269;277;278;279;290;293;294;297;298;301;302,33;40;44;82;86;89;90;93;96;97;98;99;101;102;105;106;109;110;172;174;177;178;179;180;181;182;269;277;278;279;290;293;294;297;298;301;302,,,1.0,False
Nb252_double_Q1D__E105F,Q1D;E105F,1;105,2,8174052,Nb252_WT_pair001_105_rep02_seed8174052,33;37;45;47;50;53;58;98;100;102;103;104;105;106;107;108;109;110;111;112;113;114;115;116,33;37;45;47;50;53;58;98;100;102;103;104;105;106;107;108;109;110;111;112;113;114;115;116,,,1.0,33;40;44;82;86;89;90;93;96;97;98;99;101;102;105;106;109;110;172;174;177;178;179;180;181;182;269;277;278;279;290;293;294;297;298;301;302,33;40;44;82;86;89;90;93;96;97;98;99;101;102;105;106;109;110;172;174;177;178;179;180;181;182;269;277;278;279;290;293;294;297;298;301;302,,,1.0,False
Nb252_double_Q1D__E105F,Q1D;E105F,1;105,3,8174053,Nb252_WT_pair001_105_rep03_seed8174053,33;37;45;47;50;53;58;98;100;102;103;104;105;106;107;108;109;110;111;112;113;114;115;116,33;37;45;47;50;53;58;98;100;102;103;104;105;106;107;108;109;110;111;112;113;114;115;116,,,1.0,33;40;44;82;86;89;90;93;96;97;98;99;101;102;105;106;109;110;172;174;177;178;179;180;181;182;269;277;278;279;290;293;294;297;298;301;302,33;40;44;82;86;89;90;93;96;97;98;99;101;102;105;106;109;110;172;174;177;178;179;180;181;182;269;277;278;279;290;293;294;297;298;301;302,,,1.0,False
Nb252_double_Q1D__E105L,Q1D;E105L,1;105,1,8174051,Nb252_WT_pair001_105_rep01_seed8174051,33;37;45;47;50;53;58;98;100;102;103;104;105;106;107;108;109;110;111;112;113;114;115;116,33;37;45;47;50;53;58;98;100;102;103;104;105;106;107;108;109;110;111;112;113;114;115;116,,,1.0,33;40;44;82;86;89;90;93;96;97;98;99;101;102;105;106;109;110;172;174;177;178;179;180;181;182;269;277;278;279;290;293;294;297;298;301;302,33;40;44;82;86;89;90;93;96;97;98;99;101;102;105;106;109;110;172;174;177;178;179;180;181;182;269;277;278;279;290;293;294;297;298;301;302,,,1.0,False
Nb252_double_Q1D__E105L,Q1D;E105L,1;105,2,8174052,Nb252_WT_pair001_105_rep02_seed8174052,33;37;45;47;50;53;58;98;100;102;103;104;105;106;107;108;109;110;111;112;113;114;115;116,33;37;45;47;50;53;58;98;100;102;103;104;105;106;107;108;109;110;111;112;113;114;115;116,,,1.0,33;40;44;82;86;89;90;93;96;97;98;99;101;102;105;106;109;110;172;174;177;178;179;180;181;182;269;277;278;279;290;293;294;297;298;301;302,33;40;44;82;86;89;90;93;96;97;98;99;101;102;105;106;109;110;172;174;177;178;179;180;181;182;269;277;278;279;290;293;294;297;298;301;302,,,1.0,False
Nb252_double_Q1D__E105L,Q1D;E105L,1;105,3,8174053,Nb252_WT_pair001_105_rep03_seed8174053,33;37;45;47;50;53;58;98;100;102;103;104;105;106;107;108;109;110;111;112;113;114;115;116,33;37;45;47;50;53;58;98;100;102;103;104;105;106;107;108;109;110;111;112;113;114;115;116,,,1.0,33;40;44;82;86;89;90;93;96;97;98;99;101;102;105;106;109;110;172;174;177;178;179;180;181;182;269;277;278;279;290;293;294;297;298;301;302,33;40;44;82;86;89;90;93;96;97;98;99;101;102;105;106;109;110;172;174;177;178;179;180;181;182;269;277;278;279;290;293;294;297;298;301;302,,,1.0,False
Nb252_double_Q1D__F30A,Q1D;F30A,1;30,1,8173301,Nb252_WT_pair001_030_rep01_seed8173301,33;37;45;47;50;53;58;98;100;102;103;104;105;106;107;108;109;110;111;112;113;114;115;116,33;37;45;47;50;53;58;98;100;102;103;104;105;106;107;108;109;110;111;112;113;114;115;116,,,1.0,33;40;44;82;86;89;90;93;96;97;98;99;101;102;105;106;109;110;172;174;177;178;179;180;181;182;269;277;278;279;290;293;294;297;298;301;302,33;40;44;82;86;89;90;93;96;97;98;99;101;102;105;106;109;110;172;174;177;178;179;180;181;182;269;277;278;279;290;293;294;297;298;301;302,,,1.0,False
Nb252_double_Q1D__F30A,Q1D;F30A,1;30,2,8173302,Nb252_WT_pair001_030_rep02_seed8173302,33;37;45;47;50;53;58;98;100;102;103;104;105;106;107;108;109;110;111;112;113;114;115;116,33;37;45;47;50;53;58;98;100;102;103;104;105;106;107;108;109;110;111;112;113;114;115;116,,,1.0,33;40;44;82;86;89;90;93;96;97;98;99;101;102;105;106;109;110;172;174;177;178;179;180;181;182;269;277;278;279;290;293;294;297;298;301;302,33;40;44;82;86;89;90;93;96;97;98;99;101;102;105;106;109;110;172;174;177;178;179;180;181;182;269;277;278;279;290;293;294;297;298;301;302,,,1.0,False
Nb252_double_Q1D__F30A,Q1D;F30A,1;30,3,8173303,Nb252_WT_pair001_030_rep03_seed8173303,33;37;45;47;50;53;58;98;100;102;103;104;105;106;107;108;109;110;111;112;113;114;115;116,33;37;45;47;50;53;58;98;100;102;103;104;105;106;107;108;109;110;111;112;113;114;115;116,,,1.0,33;40;44;82;86;89;90;93;96;97;98;99;101;102;105;106;109;110;172;174;177;178;179;180;181;182;269;277;278;279;290;293;294;297;298;301;302,33;37;40;44;82;86;89;90;93;96;97;98;99;101;102;105;106;109;110;172;174;177;178;179;180;181;182;269;277;278;279;290;293;294;297;298;301;302,,37,1.0,True
Nb252_double_Q1D__F30S,Q1D;F30S,1;30,1,8173301,Nb252_WT_pair001_030_rep01_seed8173301,33;37;45;47;50;53;58;98;100;102;103;104;105;106;107;108;109;110;111;112;113;114;115;116,33;37;45;47;50;53;58;98;100;102;103;104;105;106;107;108;109;110;111;112;113;114;115;116,,,1.0,33;40;44;82;86;89;90;93;96;97;98;99;101;102;105;106;109;110;172;174;177;178;179;180;181;182;269;277;278;279;290;293;294;297;298;301;302,33;40;44;82;86;89;90;93;96;97;98;99;101;102;105;109;110;172;174;177;178;179;180;181;182;269;277;278;279;290;293;294;297;298;301;302,106,,0.972972972972973,True
Nb252_double_Q1D__F30S,Q1D;F30S,1;30,2,8173302,Nb252_WT_pair001_030_rep02_seed8173302,33;37;45;47;50;53;58;98;100;102;103;104;105;106;107;108;109;110;111;112;113;114;115;116,33;37;45;47;50;53;58;98;100;102;103;104;105;106;107;108;109;110;111;112;113;114;115;116,,,1.0,33;40;44;82;86;89;90;93;96;97;98;99;101;102;105;106;109;110;172;174;177;178;179;180;181;182;269;277;278;279;290;293;294;297;298;301;302,33;40;44;82;86;89;90;93;96;97;98;99;101;102;105;109;110;172;174;177;178;179;180;181;182;269;277;278;279;290;293;294;297;298;301;302,106,,0.972972972972973,True
Nb252_double_Q1D__F30S,Q1D;F30S,1;30,3,8173303,Nb252_WT_pair001_030_rep03_seed8173303,33;37;45;47;50;53;58;98;100;102;103;104;105;106;107;108;109;110;111;112;113;114;115;116,33;37;45;47;50;53;58;98;100;102;103;104;105;106;107;108;109;110;111;112;113;114;115;116,,,1.0,33;40;44;82;86;89;90;93;96;97;98;99;101;102;105;106;109;110;172;174;177;178;179;180;181;182;269;277;278;279;290;293;294;297;298;301;302,33;40;44;82;86;89;90;93;96;97;98;99;101;102;105;109;110;172;174;177;178;179;180;181;182;269;277;278;279;290;293;294;297;298;301;302,106,,0.972972972972973,True
Nb252_double_Q1D__F30T,Q1D;F30T,1;30,1,8173301,Nb252_WT_pair001_030_rep01_seed8173301,33;37;45;47;50;53;58;98;100;102;103;104;105;106;107;108;109;110;111;112;113;114;115;116,33;37;45;47;50;53;58;98;100;102;103;104;105;106;107;108;109;110;111;112;113;114;115;116,,,1.0,33;40;44;82;86;89;90;93;96;97;98;99;101;102;105;106;109;110;172;174;177;178;179;180;181;182;269;277;278;279;290;293;294;297;298;301;302,33;40;44;82;86;89;90;93;96;97;98;99;101;102;105;106;109;110;172;174;177;178;179;180;181;182;269;277;278;279;290;293;294;297;298;301;302,,,1.0,False
Nb252_double_Q1D__F30T,Q1D;F30T,1;30,2,8173302,Nb252_WT_pair001_030_rep02_seed8173302,33;37;45;47;50;53;58;98;100;102;103;104;105;106;107;108;109;110;111;112;113;114;115;116,33;37;45;47;50;53;58;98;100;102;103;104;105;106;107;108;109;110;111;112;113;114;115;116,,,1.0,33;40;44;82;86;89;90;93;96;97;98;99;101;102;105;106;109;110;172;174;177;178;179;180;181;182;269;277;278;279;290;293;294;297;298;301;302,33;40;44;82;86;89;90;93;96;97;98;99;101;102;105;106;109;110;172;174;177;178;179;180;181;182;269;277;278;279;290;293;294;297;298;301;302,,,1.0,False
Nb252_double_Q1D__F30T,Q1D;F30T,1;30,3,8173303,Nb252_WT_pair001_030_rep03_seed8173303,33;37;45;47;50;53;58;98;100;102;103;104;105;106;107;108;109;110;111;112;113;114;115;116,33;37;45;47;50;53;58;98;100;102;103;104;105;106;107;108;109;110;111;112;113;114;115;116,,,1.0,33;40;44;82;86;89;90;93;96;97;98;99;101;102;105;106;109;110;172;174;177;178;179;180;181;182;269;277;278;279;290;293;294;297;298;301;302,33;40;44;82;86;89;90;93;96;97;98;99;101;102;105;106;109;110;172;174;177;178;179;180;181;182;269;277;278;279;290;293;294;297;298;301;302,,,1.0,False
Nb252_double_Q1D__I103W,Q1D;I103W,1;103,1,8174031,Nb252_WT_pair001_103_rep01_seed8174031,33;37;45;47;50;53;58;98;100;102;103;104;105;106;107;108;109;110;111;112;113;114;115;116,33;37;45;47;50;53;58;98;100;102;103;104;105;106;107;108;109;110;111;112;113;114;115;116,,,1.0,33;40;44;82;86;89;90;93;96;97;98;99;101;102;105;106;109;110;172;174;177;178;179;180;181;182;269;277;278;279;290;293;294;297;298;301;302,33;40;41;44;82;86;89;90;93;96;97;98;99;101;102;105;106;109;110;172;174;177;178;179;180;181;182;269;277;278;279;290;293;294;297;298;301;302,,41,1.0,True
Nb252_double_Q1D__I103W,Q1D;I103W,1;103,2,8174032,Nb252_WT_pair001_103_rep02_seed8174032,33;37;45;47;50;53;58;98;100;102;103;104;105;106;107;108;109;110;111;112;113;114;115;116,33;37;45;47;50;53;58;98;100;102;103;104;105;106;107;108;109;110;111;112;113;114;115;116,,,1.0,33;40;44;82;86;89;90;93;96;97;98;99;101;102;105;106;109;110;172;174;177;178;179;180;181;182;269;277;278;279;290;293;294;297;298;301;302,33;40;41;44;82;86;89;90;93;96;97;98;99;101;102;105;106;109;110;172;174;177;178;179;180;181;182;269;277;278;279;290;293;294;297;298;301;302,,41,1.0,True
Nb252_double_Q1D__I103W,Q1D;I103W,1;103,3,8174033,Nb252_WT_pair001_103_rep03_seed8174033,33;37;45;47;50;53;58;98;100;102;103;104;105;106;107;108;109;110;111;112;113;114;115;116,33;37;45;47;50;53;58;98;100;102;103;104;105;106;107;108;109;110;111;112;113;114;115;116,,,1.0,33;40;44;82;86;89;90;93;96;97;98;99;101;102;105;106;109;110;172;174;177;178;179;180;181;182;269;277;278;279;290;293;294;297;298;301;302,33;40;41;44;82;86;89;90;93;96;97;98;99;101;102;105;106;109;110;172;174;177;178;179;180;181;182;269;277;278;279;290;293;294;297;298;301;302,,41,1.0,True
Nb252_double_Q1D__N107A,Q1D;N107A,1;107,1,8174071,Nb252_WT_pair001_107_rep01_seed8174071,33;37;45;47;50;53;58;98;100;102;103;104;105;106;107;108;109;110;111;112;113;114;115;116,33;37;45;47;50;53;58;98;100;102;103;104;105;106;107;108;109;110;111;112;113;114;115;116,,,1.0,33;40;44;82;86;89;90;93;96;97;98;99;101;102;105;106;109;110;172;174;177;178;179;180;181;182;269;277;278;279;290;293;294;297;298;301;302,33;40;44;82;86;89;90;93;96;97;98;99;101;102;105;106;109;110;172;174;177;178;179;180;181;182;269;277;278;279;290;293;294;297;298;301;302,,,1.0,False
Nb252_double_Q1D__N107A,Q1D;N107A,1;107,2,8174072,Nb252_WT_pair001_107_rep02_seed8174072,33;37;45;47;50;53;58;98;100;102;103;104;105;106;107;108;109;110;111;112;113;114;115;116,33;37;45;47;50;53;58;98;100;102;103;104;105;106;107;108;109;110;111;112;113;114;115;116,,,1.0,33;40;44;82;86;89;90;93;96;97;98;99;101;102;105;106;109;110;172;174;177;178;179;180;181;182;269;277;278;279;290;293;294;297;298;301;302,33;40;44;82;86;89;90;93;96;97;98;99;101;102;105;106;109;110;172;174;177;178;179;180;181;182;269;277;278;279;290;293;294;297;298;301;302,,,1.0,False
Nb252_double_Q1D__N107A,Q1D;N107A,1;107,3,8174073,Nb252_WT_pair001_107_rep03_seed8174073,33;37;45;47;50;53;58;98;100;102;103;104;105;106;107;108;109;110;111;112;113;114;115;116,33;37;45;47;50;53;58;98;100;102;103;104;105;106;107;108;109;110;111;112;113;114;115;116,,,1.0,33;40;44;82;86;89;90;93;96;97;98;99;101;102;105;106;109;110;172;174;177;178;179;180;181;182;269;277;278;279;290;293;294;297;298;301;302,33;40;44;82;86;89;90;93;96;97;98;99;101;102;105;106;109;110;172;174;177;178;179;180;181;182;269;277;278;279;290;293;294;297;298;301;302,,,1.0,False
Nb252_double_Q1D__R45T,Q1D;R45T,1;45,1,8173451,Nb252_WT_pair001_045_rep01_seed8173451,33;37;45;47;50;53;58;98;100;102;103;104;105;106;107;108;109;110;111;112;113;114;115;116,33;37;45;47;50;53;58;98;100;102;103;104;105;106;107;108;109;110;111;112;113;114;115;116,,,1.0,33;40;44;82;86;89;90;93;96;97;98;99;101;102;105;106;109;110;172;174;177;178;179;180;181;182;269;277;278;279;290;293;294;297;298;301;302,33;40;44;82;86;89;90;93;96;97;98;99;101;102;105;106;109;110;172;174;177;178;179;180;181;182;269;277;278;279;290;293;294;297;298;301;302,,,1.0,False
Nb252_double_Q1D__R45T,Q1D;R45T,1;45,2,8173452,Nb252_WT_pair001_045_rep02_seed8173452,33;37;45;47;50;53;58;98;100;102;103;104;105;106;107;108;109;110;111;112;113;114;115;116,33;37;45;47;50;53;58;98;100;102;103;104;105;106;107;108;109;110;111;112;113;114;115;116,,,1.0,33;40;44;82;86;89;90;93;96;97;98;99;101;102;105;106;109;110;172;174;177;178;179;180;181;182;269;277;278;279;290;293;294;297;298;301;302,33;40;44;82;86;89;90;93;96;97;98;99;101;102;105;106;109;110;172;174;177;178;179;180;181;182;269;277;278;279;290;293;294;297;298;301;302,,,1.0,False
Nb252_double_Q1D__R45T,Q1D;R45T,1;45,3,8173453,Nb252_WT_pair001_045_rep03_seed8173453,33;37;45;47;50;53;58;98;100;102;103;104;105;106;107;108;109;110;111;112;113;114;115;116,33;37;45;47;50;53;58;98;100;102;103;104;105;106;107;108;109;110;111;112;113;114;115;116,,,1.0,33;40;44;82;86;89;90;93;96;97;98;99;101;102;105;106;109;110;172;174;177;178;179;180;181;182;269;277;278;279;290;293;294;297;298;301;302,33;40;44;82;86;89;90;93;96;97;98;99;101;102;105;106;109;110;172;174;177;178;179;180;181;182;269;277;278;279;290;293;294;297;298;301;302,,,1.0,False
Nb252_double_Q1D__R45V,Q1D;R45V,1;45,1,8173451,Nb252_WT_pair001_045_rep01_seed8173451,33;37;45;47;50;53;58;98;100;102;103;104;105;106;107;108;109;110;111;112;113;114;115;116,33;37;45;47;50;53;58;98;100;102;103;104;105;106;107;108;109;110;111;112;113;114;115;116,,,1.0,33;40;44;82;86;89;90;93;96;97;98;99;101;102;105;106;109;110;172;174;177;178;179;180;181;182;269;277;278;279;290;293;294;297;298;301;302,33;40;44;82;86;89;90;93;96;97;98;99;101;102;105;106;109;110;172;174;177;178;179;180;181;182;269;277;278;279;290;293;294;297;298;301;302,,,1.0,False
Nb252_double_Q1D__R45V,Q1D;R45V,1;45,2,8173452,Nb252_WT_pair001_045_rep02_seed8173452,33;37;45;47;50;53;58;98;100;102;103;104;105;106;107;108;109;110;111;112;113;114;115;116,33;37;45;47;50;53;58;98;100;102;103;104;105;106;107;108;109;110;111;112;113;114;115;116,,,1.0,33;40;44;82;86;89;90;93;96;97;98;99;101;102;105;106;109;110;172;174;177;178;179;180;181;182;269;277;278;279;290;293;294;297;298;301;302,33;40;44;82;86;89;90;93;96;97;98;99;101;102;105;106;109;110;172;174;177;178;179;180;181;182;269;277;278;279;290;293;294;297;298;301;302,,,1.0,False
Nb252_double_Q1D__R45V,Q1D;R45V,1;45,3,8173453,Nb252_WT_pair001_045_rep03_seed8173453,33;37;45;47;50;53;58;98;100;102;103;104;105;106;107;108;109;110;111;112;113;114;115;116,33;37;45;47;50;53;58;98;100;102;103;104;105;106;107;108;109;110;111;112;113;114;115;116,,,1.0,33;40;44;82;86;89;90;93;96;97;98;99;101;102;105;106;109;110;172;174;177;178;179;180;181;182;269;277;278;279;290;293;294;297;298;301;302,33;40;44;82;86;89;90;93;96;97;98;99;101;102;105;106;109;110;172;174;177;178;179;180;181;182;269;277;278;279;290;293;294;297;298;301;302,,,1.0,False
Nb252_double_Q1D__S114M,Q1D;S114M,1;114,1,8174141,Nb252_WT_pair001_114_rep01_seed8174141,33;37;45;47;50;53;58;98;100;102;103;104;105;106;107;108;109;110;111;112;113;114;115;116,33;37;45;47;50;53;58;98;100;102;103;104;105;106;107;108;109;110;111;112;113;114;115;116,,,1.0,33;40;44;82;86;89;90;93;96;97;98;99;101;102;105;106;109;110;172;174;177;178;179;180;181;182;269;277;278;279;290;293;294;297;298;301;302,33;40;44;82;86;89;90;93;96;97;98;99;101;102;105;106;109;110;172;174;177;178;179;180;181;182;269;277;278;279;290;293;294;297;298;301;302,,,1.0,False
Nb252_double_Q1D__S114M,Q1D;S114M,1;114,2,8174142,Nb252_WT_pair001_114_rep02_seed8174142,33;37;45;47;50;53;58;98;100;102;103;104;105;106;107;108;109;110;111;112;113;114;115;116,33;37;45;47;50;53;58;98;100;102;103;104;105;106;107;108;109;110;111;112;113;114;115;116,,,1.0,33;40;44;82;86;89;90;93;96;97;98;99;101;102;105;106;109;110;172;174;177;178;179;180;181;182;269;277;278;279;290;293;294;297;298;301;302,33;40;44;82;86;89;90;93;96;97;98;99;101;102;105;106;109;110;172;174;177;178;179;180;181;182;269;277;278;279;290;293;294;297;298;301;302,,,1.0,False
Nb252_double_Q1D__S114M,Q1D;S114M,1;114,3,8174143,Nb252_WT_pair001_114_rep03_seed8174143,33;37;45;47;50;53;58;98;100;102;103;104;105;106;107;108;109;110;111;112;113;114;115;116,33;37;45;47;50;53;58;98;100;102;103;104;105;106;107;108;109;110;111;112;113;114;115;116,,,1.0,33;40;44;82;86;89;90;93;96;97;98;99;101;102;105;106;109;110;172;174;177;178;179;180;181;182;269;277;278;279;290;293;294;297;298;301;302,33;40;44;82;86;89;90;93;96;97;98;99;101;102;105;106;109;110;172;174;177;178;179;180;181;182;269;277;278;279;290;293;294;297;298;301;302,,,1.0,False
Nb252_double_Q1D__S55G,Q1D;S55G,1;55,1,8173551,Nb252_WT_pair001_055_rep01_seed8173551,33;37;45;47;50;53;58;98;100;102;103;104;105;106;107;108;109;110;111;112;113;114;115;116,33;37;45;47;50;53;58;98;100;102;103;104;105;106;107;108;109;110;111;112;113;114;115;116,,,1.0,33;40;44;82;86;89;90;93;96;97;98;99;101;102;105;106;109;110;172;174;177;178;179;180;181;182;269;277;278;279;290;293;294;297;298;301;302,33;40;44;82;86;89;90;93;96;97;98;99;101;102;105;106;109;110;172;174;177;178;179;180;181;182;269;277;278;279;290;293;294;297;298;301;302,,,1.0,False
Nb252_double_Q1D__S55G,Q1D;S55G,1;55,2,8173552,Nb252_WT_pair001_055_rep02_seed8173552,33;37;45;47;50;53;58;98;100;102;103;104;105;106;107;108;109;110;111;112;113;114;115;116,33;37;45;47;50;53;58;98;100;102;103;104;105;106;107;108;109;110;111;112;113;114;115;116,,,1.0,33;40;44;82;86;89;90;93;96;97;98;99;101;102;105;106;109;110;172;174;177;178;179;180;181;182;269;277;278;279;290;293;294;297;298;301;302,33;40;44;82;86;89;90;93;96;97;98;99;101;102;105;106;109;110;172;174;177;178;179;180;181;182;269;277;278;279;290;293;294;297;298;301;302,,,1.0,False
Nb252_double_Q1D__S55G,Q1D;S55G,1;55,3,8173553,Nb252_WT_pair001_055_rep03_seed8173553,33;37;45;47;50;53;58;98;100;102;103;104;105;106;107;108;109;110;111;112;113;114;115;116,33;37;45;47;50;53;58;98;100;102;103;104;105;106;107;108;109;110;111;112;113;114;115;116,,,1.0,33;40;44;82;86;89;90;93;96;97;98;99;101;102;105;106;109;110;172;174;177;178;179;180;181;182;269;277;278;279;290;293;294;297;298;301;302,33;40;44;82;86;89;90;93;96;97;98;99;101;102;105;106;109;110;172;174;177;178;179;180;181;182;269;277;278;279;290;293;294;297;298;301;302,,,1.0,False
Nb252_double_R45T__D101W,R45T;D101W,45;101,1,8614011,Nb252_WT_pair045_101_rep01_seed8614011,33;37;45;47;50;53;58;98;100;102;103;104;105;106;107;108;109;110;111;112;113;114;115;116,33;37;45;47;50;53;58;98;100;101;102;103;104;105;106;107;108;109;110;111;112;113;114;115;116,,101,1.0,33;40;44;82;86;89;90;93;96;97;98;99;101;102;105;106;109;110;172;174;177;178;179;180;181;182;269;277;278;279;290;293;294;297;298;301;302,33;36;40;44;82;86;89;90;93;96;97;98;99;101;102;105;106;109;110;172;174;177;178;179;180;181;182;269;277;278;279;290;293;294;297;298;301;302,,36,1.0,True
Nb252_double_R45T__D101W,R45T;D101W,45;101,2,8614012,Nb252_WT_pair045_101_rep02_seed8614012,33;37;45;47;50;53;58;98;100;102;103;104;105;106;107;108;109;110;111;112;113;114;115;116,33;37;45;47;50;53;58;98;100;101;102;103;104;105;106;107;108;109;110;111;112;113;114;115;116,,101,1.0,33;40;44;82;86;89;90;93;96;97;98;99;101;102;105;106;109;110;172;174;177;178;179;180;181;182;269;277;278;279;290;293;294;297;298;301;302,33;36;40;44;82;86;89;90;93;96;97;98;99;101;102;105;106;109;110;172;174;177;178;179;180;181;182;269;277;278;279;290;293;294;297;298;301;302,,36,1.0,True
Nb252_double_R45T__D101W,R45T;D101W,45;101,3,8614013,Nb252_WT_pair045_101_rep03_seed8614013,33;37;45;47;50;53;58;98;100;102;103;104;105;106;107;108;109;110;111;112;113;114;115;116,33;37;45;47;50;53;58;98;100;101;102;103;104;105;106;107;108;109;110;111;112;113;114;115;116,,101,1.0,33;40;44;82;86;89;90;93;96;97;98;99;101;102;105;106;109;110;172;174;177;178;179;180;181;182;269;277;278;279;290;293;294;297;298;301;302,33;36;40;44;82;86;89;90;93;96;97;98;99;101;102;105;106;109;110;172;174;177;178;179;180;181;182;269;277;278;279;290;293;294;297;298;301;302,,36,1.0,True
Nb252_double_R45T__E105F,R45T;E105F,45;105,1,8614051,Nb252_WT_pair045_105_rep01_seed8614051,33;37;45;47;50;53;58;98;100;102;103;104;105;106;107;108;109;110;111;112;113;114;115;116,33;37;45;47;50;53;58;98;100;102;103;104;105;106;107;108;109;110;111;112;113;114;115;116,,,1.0,33;40;44;82;86;89;90;93;96;97;98;99;101;102;105;106;109;110;172;174;177;178;179;180;181;182;269;277;278;279;290;293;294;297;298;301;302,33;40;44;82;86;89;90;93;96;97;98;99;101;102;105;106;109;110;172;174;177;178;179;180;181;182;269;277;278;279;290;293;294;297;298;301;302,,,1.0,False
Nb252_double_R45T__E105F,R45T;E105F,45;105,2,8614052,Nb252_WT_pair045_105_rep02_seed8614052,33;37;45;47;50;53;58;98;100;102;103;104;105;106;107;108;109;110;111;112;113;114;115;116,33;37;45;47;50;53;58;98;100;102;103;104;105;106;107;108;109;110;111;112;113;114;115;116,,,1.0,33;40;44;82;86;89;90;93;96;97;98;99;101;102;105;106;109;110;172;174;177;178;179;180;181;182;269;277;278;279;290;293;294;297;298;301;302,33;40;44;82;86;89;90;93;96;97;98;99;101;102;105;106;109;110;172;174;177;178;179;180;181;182;269;277;278;279;290;293;294;297;298;301;302,,,1.0,False
Nb252_double_R45T__E105F,R45T;E105F,45;105,3,8614053,Nb252_WT_pair045_105_rep03_seed8614053,33;37;45;47;50;53;58;98;100;102;103;104;105;106;107;108;109;110;111;112;113;114;115;116,33;37;45;47;50;53;58;98;100;102;103;104;105;106;107;108;109;110;111;112;113;114;115;116,,,1.0,33;40;44;82;86;89;90;93;96;97;98;99;101;102;105;106;109;110;172;174;177;178;179;180;181;182;269;277;278;279;290;293;294;297;298;301;302,33;40;44;82;86;89;90;93;96;97;98;99;101;102;105;106;109;110;172;174;177;178;179;180;181;182;269;277;278;279;290;293;294;297;298;301;302,,,1.0,False
Nb252_double_R45T__E105L,R45T;E105L,45;105,1,8614051,Nb252_WT_pair045_105_rep01_seed8614051,33;37;45;47;50;53;58;98;100;102;103;104;105;106;107;108;109;110;111;112;113;114;115;116,33;37;45;47;50;53;58;98;100;102;103;104;105;106;107;108;109;110;111;112;113;114;115;116,,,1.0,33;40;44;82;86;89;90;93;96;97;98;99;101;102;105;106;109;110;172;174;177;178;179;180;181;182;269;277;278;279;290;293;294;297;298;301;302,33;40;44;82;86;89;90;93;96;97;98;99;101;102;105;106;109;110;172;174;177;178;179;180;181;182;269;277;278;279;290;293;294;297;298;301;302,,,1.0,False
Nb252_double_R45T__E105L,R45T;E105L,45;105,2,8614052,Nb252_WT_pair045_105_rep02_seed8614052,33;37;45;47;50;53;58;98;100;102;103;104;105;106;107;108;109;110;111;112;113;114;115;116,33;37;45;47;50;53;58;98;100;102;103;104;105;106;107;108;109;110;111;112;113;114;115;116,,,1.0,33;40;44;82;86;89;90;93;96;97;98;99;101;102;105;106;109;110;172;174;177;178;179;180;181;182;269;277;278;279;290;293;294;297;298;301;302,33;40;44;82;86;89;90;93;96;97;98;99;101;102;105;106;109;110;172;174;177;178;179;180;181;182;269;277;278;279;290;293;294;297;298;301;302,,,1.0,False
Nb252_double_R45T__E105L,R45T;E105L,45;105,3,8614053,Nb252_WT_pair045_105_rep03_seed8614053,33;37;45;47;50;53;58;98;100;102;103;104;105;106;107;108;109;110;111;112;113;114;115;116,33;37;45;47;50;53;58;98;100;102;103;104;105;106;107;108;109;110;111;112;113;114;115;116,,,1.0,33;40;44;82;86;89;90;93;96;97;98;99;101;102;105;106;109;110;172;174;177;178;179;180;181;182;269;277;278;279;290;293;294;297;298;301;302,33;40;44;82;86;89;90;93;96;97;98;99;101;102;105;106;109;110;172;174;177;178;179;180;181;182;269;277;278;279;290;293;294;297;298;301;302,,,1.0,False
Nb252_double_R45T__I103W,R45T;I103W,45;103,1,8614031,Nb252_WT_pair045_103_rep01_seed8614031,33;37;45;47;50;53;58;98;100;102;103;104;105;106;107;108;109;110;111;112;113;114;115;116,33;37;45;47;50;53;58;98;100;102;103;104;105;106;107;108;109;110;111;112;113;114;115;116,,,1.0,33;40;44;82;86;89;90;93;96;97;98;99;101;102;105;106;109;110;172;174;177;178;179;180;181;182;269;277;278;279;290;293;294;297;298;301;302,33;37;40;41;44;82;86;89;90;93;96;97;98;99;101;102;105;106;109;110;172;174;177;178;179;180;181;182;269;277;278;279;290;293;294;297;298;301;302,,37;41,1.0,True
Nb252_double_R45T__I103W,R45T;I103W,45;103,2,8614032,Nb252_WT_pair045_103_rep02_seed8614032,33;37;45;47;50;53;58;98;100;102;103;104;105;106;107;108;109;110;111;112;113;114;115;116,33;37;45;47;50;53;58;98;100;102;103;104;105;106;107;108;109;110;111;112;113;114;115;116,,,1.0,33;40;44;82;86;89;90;93;96;97;98;99;101;102;105;106;109;110;172;174;177;178;179;180;181;182;269;277;278;279;290;293;294;297;298;301;302,33;37;40;41;44;82;86;89;90;93;96;97;98;99;101;102;105;106;109;110;172;174;177;178;179;180;181;182;269;277;278;279;290;293;294;297;298;301;302,,37;41,1.0,True
Nb252_double_R45T__I103W,R45T;I103W,45;103,3,8614033,Nb252_WT_pair045_103_rep03_seed8614033,33;37;45;47;50;53;58;98;100;102;103;104;105;106;107;108;109;110;111;112;113;114;115;116,33;37;45;47;50;53;58;98;100;102;103;104;105;106;107;108;109;110;111;112;113;114;115;116,,,1.0,33;40;44;82;86;89;90;93;96;97;98;99;101;102;105;106;109;110;172;174;177;178;179;180;181;182;269;277;278;279;290;293;294;297;298;301;302,33;40;41;44;82;86;89;90;93;96;97;98;99;101;102;105;106;109;110;172;174;177;178;179;180;181;182;269;277;278;279;290;293;294;297;298;301;302,,41,1.0,True
Nb252_double_R45T__N107A,R45T;N107A,45;107,1,8614071,Nb252_WT_pair045_107_rep01_seed8614071,33;37;45;47;50;53;58;98;100;102;103;104;105;106;107;108;109;110;111;112;113;114;115;116,33;37;45;47;50;53;58;98;100;102;103;104;105;106;107;108;109;110;111;112;113;114;115;116,,,1.0,33;40;44;82;86;89;90;93;96;97;98;99;101;102;105;106;109;110;172;174;177;178;179;180;181;182;269;277;278;279;290;293;294;297;298;301;302,33;40;44;82;86;89;90;93;96;97;98;99;101;102;105;106;109;110;172;174;177;178;179;180;181;182;269;277;278;279;290;293;294;297;298;301;302,,,1.0,False
Nb252_double_R45T__N107A,R45T;N107A,45;107,2,8614072,Nb252_WT_pair045_107_rep02_seed8614072,33;37;45;47;50;53;58;98;100;102;103;104;105;106;107;108;109;110;111;112;113;114;115;116,33;37;45;47;50;53;58;98;100;102;103;104;105;106;107;108;109;110;111;112;113;114;115;116,,,1.0,33;40;44;82;86;89;90;93;96;97;98;99;101;102;105;106;109;110;172;174;177;178;179;180;181;182;269;277;278;279;290;293;294;297;298;301;302,33;40;44;82;86;89;90;93;96;97;98;99;101;102;105;106;109;110;172;174;177;178;179;180;181;182;269;277;278;279;290;293;294;297;298;301;302,,,1.0,False
Nb252_double_R45T__N107A,R45T;N107A,45;107,3,8614073,Nb252_WT_pair045_107_rep03_seed8614073,33;37;45;47;50;53;58;98;100;102;103;104;105;106;107;108;109;110;111;112;113;114;115;116,33;37;45;47;50;53;58;98;100;102;103;104;105;106;107;108;109;110;111;112;113;114;115;116,,,1.0,33;40;44;82;86;89;90;93;96;97;98;99;101;102;105;106;109;110;172;174;177;178;179;180;181;182;269;277;278;279;290;293;294;297;298;301;302,33;40;44;82;86;89;90;93;96;97;98;99;101;102;105;106;109;110;172;174;177;178;179;180;181;182;269;277;278;279;290;293;294;297;298;301;302,,,1.0,False
Nb252_double_R45T__S114M,R45T;S114M,45;114,1,8614141,Nb252_WT_pair045_114_rep01_seed8614141,33;37;45;47;50;53;58;98;100;102;103;104;105;106;107;108;109;110;111;112;113;114;115;116,33;37;45;47;50;53;58;98;100;102;103;104;105;106;107;108;109;110;111;112;113;114;115;116,,,1.0,33;40;44;82;86;89;90;93;96;97;98;99;101;102;105;106;109;110;172;174;177;178;179;180;181;182;269;277;278;279;290;293;294;297;298;301;302,33;40;44;82;86;89;90;93;96;97;98;99;101;102;105;106;109;110;172;174;177;178;179;180;181;182;269;277;278;279;290;293;294;297;298;301;302,,,1.0,False
Nb252_double_R45T__S114M,R45T;S114M,45;114,2,8614142,Nb252_WT_pair045_114_rep02_seed8614142,33;37;45;47;50;53;58;98;100;102;103;104;105;106;107;108;109;110;111;112;113;114;115;116,33;37;45;47;50;53;58;98;100;102;103;104;105;106;107;108;109;110;111;112;113;114;115;116,,,1.0,33;40;44;82;86;89;90;93;96;97;98;99;101;102;105;106;109;110;172;174;177;178;179;180;181;182;269;277;278;279;290;293;294;297;298;301;302,33;40;44;82;86;89;90;93;96;97;98;99;101;102;105;106;109;110;172;174;177;178;179;180;181;182;269;277;278;279;290;293;294;297;298;301;302,,,1.0,False
Nb252_double_R45T__S114M,R45T;S114M,45;114,3,8614143,Nb252_WT_pair045_114_rep03_seed8614143,33;37;45;47;50;53;58;98;100;102;103;104;105;106;107;108;109;110;111;112;113;114;115;116,33;37;45;47;50;53;58;98;100;102;103;104;105;106;107;108;109;110;111;112;113;114;115;116,,,1.0,33;40;44;82;86;89;90;93;96;97;98;99;101;102;105;106;109;110;172;174;177;178;179;180;181;182;269;277;278;279;290;293;294;297;298;301;302,33;40;44;82;86;89;90;93;96;97;98;99;101;102;105;106;109;110;172;174;177;178;179;180;181;182;269;277;278;279;290;293;294;297;298;301;302,,,1.0,False
Nb252_double_R45T__S55G,R45T;S55G,45;55,1,8613551,Nb252_WT_pair045_055_rep01_seed8613551,33;37;45;47;50;53;58;98;100;102;103;104;105;106;107;108;109;110;111;112;113;114;115;116,33;37;45;47;50;53;58;98;100;102;103;104;105;106;107;108;109;110;111;112;113;114;115;116,,,1.0,33;40;44;82;86;89;90;93;96;97;98;99;101;102;105;106;109;110;172;174;177;178;179;180;181;182;269;277;278;279;290;293;294;297;298;301;302,33;40;44;82;86;89;90;93;96;97;98;99;101;102;105;106;109;110;172;174;177;178;179;180;181;182;269;277;278;279;290;293;294;297;298;301;302,,,1.0,False
Nb252_double_R45T__S55G,R45T;S55G,45;55,2,8613552,Nb252_WT_pair045_055_rep02_seed8613552,33;37;45;47;50;53;58;98;100;102;103;104;105;106;107;108;109;110;111;112;113;114;115;116,33;37;45;47;50;53;58;98;100;102;103;104;105;106;107;108;109;110;111;112;113;114;115;116,,,1.0,33;40;44;82;86;89;90;93;96;97;98;99;101;102;105;106;109;110;172;174;177;178;179;180;181;182;269;277;278;279;290;293;294;297;298;301;302,33;40;44;82;86;89;90;93;96;97;98;99;101;102;105;106;109;110;172;174;177;178;179;180;181;182;269;277;278;279;290;293;294;297;298;301;302,,,1.0,False
Nb252_double_R45T__S55G,R45T;S55G,45;55,3,8613553,Nb252_WT_pair045_055_rep03_seed8613553,33;37;45;47;50;53;58;98;100;102;103;104;105;106;107;108;109;110;111;112;113;114;115;116,33;37;45;47;50;53;58;98;100;102;103;104;105;106;107;108;109;110;111;112;113;114;115;116,,,1.0,33;40;44;82;86;89;90;93;96;97;98;99;101;102;105;106;109;110;172;174;177;178;179;180;181;182;269;277;278;279;290;293;294;297;298;301;302,33;40;44;82;86;89;90;93;96;97;98;99;101;102;105;106;109;110;172;174;177;178;179;180;181;182;269;277;278;279;290;293;294;297;298;301;302,,,1.0,False
Nb252_double_R45V__D101W,R45V;D101W,45;101,1,8614011,Nb252_WT_pair045_101_rep01_seed8614011,33;37;45;47;50;53;58;98;100;102;103;104;105;106;107;108;109;110;111;112;113;114;115;116,33;37;45;50;53;58;98;100;101;102;103;104;105;106;107;108;109;110;111;112;113;114;115;116,47,101,0.9583333333333334,33;40;44;82;86;89;90;93;96;97;98;99;101;102;105;106;109;110;172;174;177;178;179;180;181;182;269;277;278;279;290;293;294;297;298;301;302,33;36;40;44;82;86;89;90;93;96;97;98;99;101;102;105;106;109;110;172;174;177;178;179;180;181;182;269;277;278;279;290;293;294;297;298;301;302,,36,1.0,True
Nb252_double_R45V__D101W,R45V;D101W,45;101,2,8614012,Nb252_WT_pair045_101_rep02_seed8614012,33;37;45;47;50;53;58;98;100;102;103;104;105;106;107;108;109;110;111;112;113;114;115;116,33;37;45;50;53;58;98;100;101;102;103;104;105;106;107;108;109;110;111;112;113;114;115;116,47,101,0.9583333333333334,33;40;44;82;86;89;90;93;96;97;98;99;101;102;105;106;109;110;172;174;177;178;179;180;181;182;269;277;278;279;290;293;294;297;298;301;302,33;36;40;44;82;86;89;90;93;96;97;98;99;101;102;105;106;109;110;172;174;177;178;179;180;181;182;269;277;278;279;290;293;294;297;298;301;302,,36,1.0,True
Nb252_double_R45V__D101W,R45V;D101W,45;101,3,8614013,Nb252_WT_pair045_101_rep03_seed8614013,33;37;45;47;50;53;58;98;100;102;103;104;105;106;107;108;109;110;111;112;113;114;115;116,33;37;45;50;53;58;98;100;101;102;103;104;105;106;107;108;109;110;111;112;113;114;115;116,47,101,0.9583333333333334,33;40;44;82;86;89;90;93;96;97;98;99;101;102;105;106;109;110;172;174;177;178;179;180;181;182;269;277;278;279;290;293;294;297;298;301;302,33;36;40;44;82;86;89;90;93;96;97;98;99;101;102;105;106;109;110;172;174;177;178;179;180;181;182;269;277;278;279;290;293;294;297;298;301;302,,36,1.0,True
Nb252_double_R45V__E105F,R45V;E105F,45;105,1,8614051,Nb252_WT_pair045_105_rep01_seed8614051,33;37;45;47;50;53;58;98;100;102;103;104;105;106;107;108;109;110;111;112;113;114;115;116,33;37;45;47;50;53;58;98;100;102;103;104;105;106;107;108;109;110;111;112;113;114;115;116,,,1.0,33;40;44;82;86;89;90;93;96;97;98;99;101;102;105;106;109;110;172;174;177;178;179;180;181;182;269;277;278;279;290;293;294;297;298;301;302,33;40;44;82;86;89;90;93;96;97;98;99;101;102;105;106;109;110;172;174;177;178;179;180;181;182;269;277;278;279;290;293;294;297;298;301;302,,,1.0,False
Nb252_double_R45V__E105F,R45V;E105F,45;105,2,8614052,Nb252_WT_pair045_105_rep02_seed8614052,33;37;45;47;50;53;58;98;100;102;103;104;105;106;107;108;109;110;111;112;113;114;115;116,33;37;45;47;50;53;58;98;100;102;103;104;105;106;107;108;109;110;111;112;113;114;115;116,,,1.0,33;40;44;82;86;89;90;93;96;97;98;99;101;102;105;106;109;110;172;174;177;178;179;180;181;182;269;277;278;279;290;293;294;297;298;301;302,33;40;44;82;86;89;90;93;96;97;98;99;101;102;105;106;109;110;172;174;177;178;179;180;181;182;269;277;278;279;290;293;294;297;298;301;302,,,1.0,False
Nb252_double_R45V__E105F,R45V;E105F,45;105,3,8614053,Nb252_WT_pair045_105_rep03_seed8614053,33;37;45;47;50;53;58;98;100;102;103;104;105;106;107;108;109;110;111;112;113;114;115;116,33;37;45;47;50;53;58;98;100;102;103;104;105;106;107;108;109;110;111;112;113;114;115;116,,,1.0,33;40;44;82;86;89;90;93;96;97;98;99;101;102;105;106;109;110;172;174;177;178;179;180;181;182;269;277;278;279;290;293;294;297;298;301;302,33;40;44;82;86;89;90;93;96;97;98;99;101;102;105;106;109;110;172;174;177;178;179;180;181;182;269;277;278;279;290;293;294;297;298;301;302,,,1.0,False
Nb252_double_R45V__E105L,R45V;E105L,45;105,1,8614051,Nb252_WT_pair045_105_rep01_seed8614051,33;37;45;47;50;53;58;98;100;102;103;104;105;106;107;108;109;110;111;112;113;114;115;116,33;37;45;47;50;53;58;98;100;102;103;104;105;106;107;108;109;110;111;112;113;114;115;116,,,1.0,33;40;44;82;86;89;90;93;96;97;98;99;101;102;105;106;109;110;172;174;177;178;179;180;181;182;269;277;278;279;290;293;294;297;298;301;302,33;40;44;82;86;89;90;93;96;97;98;99;101;102;105;106;109;110;172;174;177;178;179;180;181;182;269;277;278;279;290;293;294;297;298;301;302,,,1.0,False
Nb252_double_R45V__E105L,R45V;E105L,45;105,2,8614052,Nb252_WT_pair045_105_rep02_seed8614052,33;37;45;47;50;53;58;98;100;102;103;104;105;106;107;108;109;110;111;112;113;114;115;116,33;37;45;47;50;53;58;98;100;102;103;104;105;106;107;108;109;110;111;112;113;114;115;116,,,1.0,33;40;44;82;86;89;90;93;96;97;98;99;101;102;105;106;109;110;172;174;177;178;179;180;181;182;269;277;278;279;290;293;294;297;298;301;302,33;40;44;82;86;89;90;93;96;97;98;99;101;102;105;106;109;110;172;174;177;178;179;180;181;182;269;277;278;279;290;293;294;297;298;301;302,,,1.0,False
Nb252_double_R45V__E105L,R45V;E105L,45;105,3,8614053,Nb252_WT_pair045_105_rep03_seed8614053,33;37;45;47;50;53;58;98;100;102;103;104;105;106;107;108;109;110;111;112;113;114;115;116,33;37;45;47;50;53;58;98;100;102;103;104;105;106;107;108;109;110;111;112;113;114;115;116,,,1.0,33;40;44;82;86;89;90;93;96;97;98;99;101;102;105;106;109;110;172;174;177;178;179;180;181;182;269;277;278;279;290;293;294;297;298;301;302,33;40;44;82;86;89;90;93;96;97;98;99;101;102;105;106;109;110;172;174;177;178;179;180;181;182;269;277;278;279;290;293;294;297;298;301;302,,,1.0,False
Nb252_double_R45V__I103W,R45V;I103W,45;103,1,8614031,Nb252_WT_pair045_103_rep01_seed8614031,33;37;45;47;50;53;58;98;100;102;103;104;105;106;107;108;109;110;111;112;113;114;115;116,33;37;45;50;53;58;98;100;102;103;104;105;106;107;108;109;110;111;112;113;114;115;116,47,,0.9583333333333334,33;40;44;82;86;89;90;93;96;97;98;99;101;102;105;106;109;110;172;174;177;178;179;180;181;182;269;277;278;279;290;293;294;297;298;301;302,33;37;40;41;44;82;86;89;90;93;96;97;98;99;101;102;105;106;109;110;172;174;177;178;179;180;181;182;269;277;278;279;290;293;294;297;298;301;302,,37;41,1.0,True
Nb252_double_R45V__I103W,R45V;I103W,45;103,2,8614032,Nb252_WT_pair045_103_rep02_seed8614032,33;37;45;47;50;53;58;98;100;102;103;104;105;106;107;108;109;110;111;112;113;114;115;116,33;37;45;50;53;58;98;100;102;103;104;105;106;107;108;109;110;111;112;113;114;115;116,47,,0.9583333333333334,33;40;44;82;86;89;90;93;96;97;98;99;101;102;105;106;109;110;172;174;177;178;179;180;181;182;269;277;278;279;290;293;294;297;298;301;302,33;37;40;41;44;82;86;89;90;93;96;97;98;99;101;102;105;106;109;110;172;174;177;178;179;180;181;182;269;277;278;279;290;293;294;297;298;301;302,,37;41,1.0,True
Nb252_double_R45V__I103W,R45V;I103W,45;103,3,8614033,Nb252_WT_pair045_103_rep03_seed8614033,33;37;45;47;50;53;58;98;100;102;103;104;105;106;107;108;109;110;111;112;113;114;115;116,33;37;45;50;53;58;98;100;102;103;104;105;106;107;108;109;110;111;112;113;114;115;116,47,,0.9583333333333334,33;40;44;82;86;89;90;93;96;97;98;99;101;102;105;106;109;110;172;174;177;178;179;180;181;182;269;277;278;279;290;293;294;297;298;301;302,33;37;40;41;44;82;86;89;90;93;96;97;98;99;101;102;105;106;109;110;172;174;177;178;179;180;181;182;269;277;278;279;290;293;294;297;298;301;302,,37;41,1.0,True
Nb252_double_R45V__N107A,R45V;N107A,45;107,1,8614071,Nb252_WT_pair045_107_rep01_seed8614071,33;37;45;47;50;53;58;98;100;102;103;104;105;106;107;108;109;110;111;112;113;114;115;116,33;37;45;50;53;58;98;100;102;103;104;105;106;107;108;109;110;111;112;113;114;115;116,47,,0.9583333333333334,33;40;44;82;86;89;90;93;96;97;98;99;101;102;105;106;109;110;172;174;177;178;179;180;181;182;269;277;278;279;290;293;294;297;298;301;302,33;40;44;82;86;89;90;93;96;97;98;99;101;102;105;106;109;110;172;174;177;178;179;180;181;182;269;277;278;279;290;293;294;297;298;301;302,,,1.0,True
Nb252_double_R45V__N107A,R45V;N107A,45;107,2,8614072,Nb252_WT_pair045_107_rep02_seed8614072,33;37;45;47;50;53;58;98;100;102;103;104;105;106;107;108;109;110;111;112;113;114;115;116,33;37;45;50;53;58;98;100;102;103;104;105;106;107;108;109;110;111;112;113;114;115;116,47,,0.9583333333333334,33;40;44;82;86;89;90;93;96;97;98;99;101;102;105;106;109;110;172;174;177;178;179;180;181;182;269;277;278;279;290;293;294;297;298;301;302,33;40;44;82;86;89;90;93;96;97;98;99;101;102;105;106;109;110;172;174;177;178;179;180;181;182;269;277;278;279;290;293;294;297;298;301;302,,,1.0,True
Nb252_double_R45V__N107A,R45V;N107A,45;107,3,8614073,Nb252_WT_pair045_107_rep03_seed8614073,33;37;45;47;50;53;58;98;100;102;103;104;105;106;107;108;109;110;111;112;113;114;115;116,33;37;45;50;53;58;98;100;102;103;104;105;106;107;108;109;110;111;112;113;114;115;116,47,,0.9583333333333334,33;40;44;82;86;89;90;93;96;97;98;99;101;102;105;106;109;110;172;174;177;178;179;180;181;182;269;277;278;279;290;293;294;297;298;301;302,33;40;44;82;86;89;90;93;96;97;98;99;101;102;105;106;109;110;172;174;177;178;179;180;181;182;269;277;278;279;290;293;294;297;298;301;302,,,1.0,True
Nb252_double_R45V__S114M,R45V;S114M,45;114,1,8614141,Nb252_WT_pair045_114_rep01_seed8614141,33;37;45;47;50;53;58;98;100;102;103;104;105;106;107;108;109;110;111;112;113;114;115;116,33;37;45;50;53;58;98;100;102;103;104;105;106;107;108;109;110;111;112;113;114;115;116,47,,0.9583333333333334,33;40;44;82;86;89;90;93;96;97;98;99;101;102;105;106;109;110;172;174;177;178;179;180;181;182;269;277;278;279;290;293;294;297;298;301;302,33;40;44;82;86;89;90;93;96;97;98;99;101;102;105;106;109;110;172;174;177;178;179;180;181;182;269;277;278;279;290;293;294;297;298;301;302,,,1.0,True
Nb252_double_R45V__S114M,R45V;S114M,45;114,2,8614142,Nb252_WT_pair045_114_rep02_seed8614142,33;37;45;47;50;53;58;98;100;102;103;104;105;106;107;108;109;110;111;112;113;114;115;116,33;37;45;50;53;58;98;100;102;103;104;105;106;107;108;109;110;111;112;113;114;115;116,47,,0.9583333333333334,33;40;44;82;86;89;90;93;96;97;98;99;101;102;105;106;109;110;172;174;177;178;179;180;181;182;269;277;278;279;290;293;294;297;298;301;302,33;40;44;82;86;89;90;93;96;97;98;99;101;102;105;106;109;110;172;174;177;178;179;180;181;182;269;277;278;279;290;293;294;297;298;301;302,,,1.0,True
Nb252_double_R45V__S114M,R45V;S114M,45;114,3,8614143,Nb252_WT_pair045_114_rep03_seed8614143,33;37;45;47;50;53;58;98;100;102;103;104;105;106;107;108;109;110;111;112;113;114;115;116,33;37;45;50;53;58;98;100;102;103;104;105;106;107;108;109;110;111;112;113;114;115;116,47,,0.9583333333333334,33;40;44;82;86;89;90;93;96;97;98;99;101;102;105;106;109;110;172;174;177;178;179;180;181;182;269;277;278;279;290;293;294;297;298;301;302,33;40;44;82;86;89;90;93;96;97;98;99;101;102;105;106;109;110;172;174;177;178;179;180;181;182;269;277;278;279;290;293;294;297;298;301;302,,,1.0,True
Nb252_double_R45V__S55G,R45V;S55G,45;55,1,8613551,Nb252_WT_pair045_055_rep01_seed8613551,33;37;45;47;50;53;58;98;100;102;103;104;105;106;107;108;109;110;111;112;113;114;115;116,33;37;45;47;50;53;58;98;100;102;103;104;105;106;107;108;109;110;111;112;113;114;115;116,,,1.0,33;40;44;82;86;89;90;93;96;97;98;99;101;102;105;106;109;110;172;174;177;178;179;180;181;182;269;277;278;279;290;293;294;297;298;301;302,33;37;40;44;82;86;89;90;93;96;97;98;99;101;102;105;106;109;110;172;174;177;178;179;180;181;182;269;277;278;279;290;293;294;297;298;301;302,,37,1.0,True
Nb252_double_R45V__S55G,R45V;S55G,45;55,2,8613552,Nb252_WT_pair045_055_rep02_seed8613552,33;37;45;47;50;53;58;98;100;102;103;104;105;106;107;108;109;110;111;112;113;114;115;116,33;37;45;47;50;53;58;98;100;102;103;104;105;106;107;108;109;110;111;112;113;114;115;116,,,1.0,33;40;44;82;86;89;90;93;96;97;98;99;101;102;105;106;109;110;172;174;177;178;179;180;181;182;269;277;278;279;290;293;294;297;298;301;302,33;37;40;44;82;86;89;90;93;96;97;98;99;101;102;105;106;109;110;172;174;177;178;179;180;181;182;269;277;278;279;290;293;294;297;298;301;302,,37,1.0,True
Nb252_double_R45V__S55G,R45V;S55G,45;55,3,8613553,Nb252_WT_pair045_055_rep03_seed8613553,33;37;45;47;50;53;58;98;100;102;103;104;105;106;107;108;109;110;111;112;113;114;115;116,33;37;45;47;50;53;58;98;100;102;103;104;105;106;107;108;109;110;111;112;113;114;115;116,,,1.0,33;40;44;82;86;89;90;93;96;97;98;99;101;102;105;106;109;110;172;174;177;178;179;180;181;182;269;277;278;279;290;293;294;297;298;301;302,33;37;40;44;82;86;89;90;93;96;97;98;99;101;102;105;106;109;110;172;174;177;178;179;180;181;182;269;277;278;279;290;293;294;297;298;301;302,,37,1.0,True
Nb252_double_S55G__D101W,S55G;D101W,55;101,1,8714011,Nb252_WT_pair055_101_rep01_seed8714011,33;37;45;47;50;53;58;98;100;102;103;104;105;106;107;108;109;110;111;112;113;114;115;116,33;37;45;47;50;53;58;98;100;101;102;103;104;105;106;107;108;109;110;111;112;113;114;115;116,,101,1.0,33;40;44;82;86;89;90;93;96;97;98;99;101;102;105;106;109;110;172;174;177;178;179;180;181;182;269;277;278;279;290;293;294;297;298;301;302,33;36;40;44;82;86;89;90;93;96;97;98;99;101;102;105;106;109;110;172;174;177;178;179;180;181;182;269;277;278;279;290;293;294;297;298;301;302,,36,1.0,True
Nb252_double_S55G__D101W,S55G;D101W,55;101,2,8714012,Nb252_WT_pair055_101_rep02_seed8714012,33;37;45;47;50;53;58;98;100;102;103;104;105;106;107;108;109;110;111;112;113;114;115;116,33;37;45;47;50;53;58;98;100;101;102;103;104;105;106;107;108;109;110;111;112;113;114;115;116,,101,1.0,33;40;44;82;86;89;90;93;96;97;98;99;101;102;105;106;109;110;172;174;177;178;179;180;181;182;269;277;278;279;290;293;294;297;298;301;302,33;36;40;44;82;86;89;90;93;96;97;98;99;101;102;105;106;109;110;172;174;177;178;179;180;181;182;269;277;278;279;290;293;294;297;298;301;302,,36,1.0,True
Nb252_double_S55G__D101W,S55G;D101W,55;101,3,8714013,Nb252_WT_pair055_101_rep03_seed8714013,33;37;45;47;50;53;58;98;100;102;103;104;105;106;107;108;109;110;111;112;113;114;115;116,33;37;45;47;50;53;58;98;100;101;102;103;104;105;106;107;108;109;110;111;112;113;114;115;116,,101,1.0,33;40;44;82;86;89;90;93;96;97;98;99;101;102;105;106;109;110;172;174;177;178;179;180;181;182;269;277;278;279;290;293;294;297;298;301;302,33;36;40;44;82;86;89;90;93;96;97;98;99;101;102;105;106;109;110;172;174;177;178;179;180;181;182;269;277;278;279;290;293;294;297;298;301;302,,36,1.0,True
Nb252_double_S55G__E105F,S55G;E105F,55;105,1,8714051,Nb252_WT_pair055_105_rep01_seed8714051,33;37;45;47;50;53;58;98;100;102;103;104;105;106;107;108;109;110;111;112;113;114;115;116,33;37;45;47;50;53;58;98;100;102;103;104;105;106;107;108;109;110;111;112;113;114;115;116,,,1.0,33;40;44;82;86;89;90;93;96;97;98;99;101;102;105;106;109;110;172;174;177;178;179;180;181;182;269;277;278;279;290;293;294;297;298;301;302,33;40;44;82;86;89;90;93;96;97;98;99;101;102;105;106;109;110;172;174;177;178;179;180;181;182;269;277;278;279;290;293;294;297;298;301;302,,,1.0,False
Nb252_double_S55G__E105F,S55G;E105F,55;105,2,8714052,Nb252_WT_pair055_105_rep02_seed8714052,33;37;45;47;50;53;58;98;100;102;103;104;105;106;107;108;109;110;111;112;113;114;115;116,33;37;45;47;50;53;58;98;100;102;103;104;105;106;107;108;109;110;111;112;113;114;115;116,,,1.0,33;40;44;82;86;89;90;93;96;97;98;99;101;102;105;106;109;110;172;174;177;178;179;180;181;182;269;277;278;279;290;293;294;297;298;301;302,33;40;44;82;86;89;90;93;96;97;98;99;101;102;105;106;109;110;172;174;177;178;179;180;181;182;269;277;278;279;290;293;294;297;298;301;302,,,1.0,False
Nb252_double_S55G__E105F,S55G;E105F,55;105,3,8714053,Nb252_WT_pair055_105_rep03_seed8714053,33;37;45;47;50;53;58;98;100;102;103;104;105;106;107;108;109;110;111;112;113;114;115;116,33;37;45;47;50;53;58;98;100;102;103;104;105;106;107;108;109;110;111;112;113;114;115;116,,,1.0,33;40;44;82;86;89;90;93;96;97;98;99;101;102;105;106;109;110;172;174;177;178;179;180;181;182;269;277;278;279;290;293;294;297;298;301;302,33;40;44;82;86;89;90;93;96;97;98;99;101;102;105;106;109;110;172;174;177;178;179;180;181;182;269;277;278;279;290;293;294;297;298;301;302,,,1.0,False
Nb252_double_S55G__E105L,S55G;E105L,55;105,1,8714051,Nb252_WT_pair055_105_rep01_seed8714051,33;37;45;47;50;53;58;98;100;102;103;104;105;106;107;108;109;110;111;112;113;114;115;116,33;37;45;47;50;53;58;98;100;102;103;104;105;106;107;108;109;110;111;112;113;114;115;116,,,1.0,33;40;44;82;86;89;90;93;96;97;98;99;101;102;105;106;109;110;172;174;177;178;179;180;181;182;269;277;278;279;290;293;294;297;298;301;302,33;40;44;82;86;89;90;93;96;97;98;99;101;102;105;106;109;110;172;174;177;178;179;180;181;182;269;277;278;279;290;293;294;297;298;301;302,,,1.0,False
Nb252_double_S55G__E105L,S55G;E105L,55;105,2,8714052,Nb252_WT_pair055_105_rep02_seed8714052,33;37;45;47;50;53;58;98;100;102;103;104;105;106;107;108;109;110;111;112;113;114;115;116,33;37;45;47;50;53;58;98;100;102;103;104;105;106;107;108;109;110;111;112;113;114;115;116,,,1.0,33;40;44;82;86;89;90;93;96;97;98;99;101;102;105;106;109;110;172;174;177;178;179;180;181;182;269;277;278;279;290;293;294;297;298;301;302,33;40;44;82;86;89;90;93;96;97;98;99;101;102;105;106;109;110;172;174;177;178;179;180;181;182;269;277;278;279;290;293;294;297;298;301;302,,,1.0,False
Nb252_double_S55G__E105L,S55G;E105L,55;105,3,8714053,Nb252_WT_pair055_105_rep03_seed8714053,33;37;45;47;50;53;58;98;100;102;103;104;105;106;107;108;109;110;111;112;113;114;115;116,33;37;45;47;50;53;58;98;100;102;103;104;105;106;107;108;109;110;111;112;113;114;115;116,,,1.0,33;40;44;82;86;89;90;93;96;97;98;99;101;102;105;106;109;110;172;174;177;178;179;180;181;182;269;277;278;279;290;293;294;297;298;301;302,33;40;44;82;86;89;90;93;96;97;98;99;101;102;105;106;109;110;172;174;177;178;179;180;181;182;269;277;278;279;290;293;294;297;298;301;302,,,1.0,False
Nb252_double_S55G__I103W,S55G;I103W,55;103,1,8714031,Nb252_WT_pair055_103_rep01_seed8714031,33;37;45;47;50;53;58;98;100;102;103;104;105;106;107;108;109;110;111;112;113;114;115;116,33;37;45;47;50;53;58;98;100;102;103;104;105;106;107;108;109;110;111;112;113;114;115;116,,,1.0,33;40;44;82;86;89;90;93;96;97;98;99;101;102;105;106;109;110;172;174;177;178;179;180;181;182;269;277;278;279;290;293;294;297;298;301;302,33;40;41;44;82;86;89;90;93;96;97;98;99;101;102;105;106;109;110;172;174;177;178;179;180;181;182;269;277;278;279;290;293;294;297;298;301;302,,41,1.0,True
Nb252_double_S55G__I103W,S55G;I103W,55;103,2,8714032,Nb252_WT_pair055_103_rep02_seed8714032,33;37;45;47;50;53;58;98;100;102;103;104;105;106;107;108;109;110;111;112;113;114;115;116,33;37;45;47;50;53;58;98;100;102;103;104;105;106;107;108;109;110;111;112;113;114;115;116,,,1.0,33;40;44;82;86;89;90;93;96;97;98;99;101;102;105;106;109;110;172;174;177;178;179;180;181;182;269;277;278;279;290;293;294;297;298;301;302,33;40;41;44;82;86;89;90;93;96;97;98;99;101;102;105;106;109;110;172;174;177;178;179;180;181;182;269;277;278;279;290;293;294;297;298;301;302,,41,1.0,True
Nb252_double_S55G__I103W,S55G;I103W,55;103,3,8714033,Nb252_WT_pair055_103_rep03_seed8714033,33;37;45;47;50;53;58;98;100;102;103;104;105;106;107;108;109;110;111;112;113;114;115;116,33;37;45;47;50;53;58;98;100;102;103;104;105;106;107;108;109;110;111;112;113;114;115;116,,,1.0,33;40;44;82;86;89;90;93;96;97;98;99;101;102;105;106;109;110;172;174;177;178;179;180;181;182;269;277;278;279;290;293;294;297;298;301;302,33;40;41;44;82;86;89;90;93;96;97;98;99;101;102;105;106;109;110;172;174;177;178;179;180;181;182;269;277;278;279;290;293;294;297;298;301;302,,41,1.0,True
Nb252_double_S55G__N107A,S55G;N107A,55;107,1,8714071,Nb252_WT_pair055_107_rep01_seed8714071,33;37;45;47;50;53;58;98;100;102;103;104;105;106;107;108;109;110;111;112;113;114;115;116,33;37;45;47;50;53;58;98;100;102;103;104;105;106;107;108;109;110;111;112;113;114;115;116,,,1.0,33;40;44;82;86;89;90;93;96;97;98;99;101;102;105;106;109;110;172;174;177;178;179;180;181;182;269;277;278;279;290;293;294;297;298;301;302,33;40;44;82;86;89;90;93;96;97;98;99;101;102;105;106;109;110;172;174;177;178;179;180;181;182;269;277;278;279;290;293;294;297;298;301;302,,,1.0,False
Nb252_double_S55G__N107A,S55G;N107A,55;107,2,8714072,Nb252_WT_pair055_107_rep02_seed8714072,33;37;45;47;50;53;58;98;100;102;103;104;105;106;107;108;109;110;111;112;113;114;115;116,33;37;45;47;50;53;58;98;100;102;103;104;105;106;107;108;109;110;111;112;113;114;115;116,,,1.0,33;40;44;82;86;89;90;93;96;97;98;99;101;102;105;106;109;110;172;174;177;178;179;180;181;182;269;277;278;279;290;293;294;297;298;301;302,33;40;44;82;86;89;90;93;96;97;98;99;101;102;105;106;109;110;172;174;177;178;179;180;181;182;269;277;278;279;290;293;294;297;298;301;302,,,1.0,False
Nb252_double_S55G__N107A,S55G;N107A,55;107,3,8714073,Nb252_WT_pair055_107_rep03_seed8714073,33;37;45;47;50;53;58;98;100;102;103;104;105;106;107;108;109;110;111;112;113;114;115;116,33;37;45;47;50;53;58;98;100;102;103;104;105;106;107;108;109;110;111;112;113;114;115;116,,,1.0,33;40;44;82;86;89;90;93;96;97;98;99;101;102;105;106;109;110;172;174;177;178;179;180;181;182;269;277;278;279;290;293;294;297;298;301;302,33;40;44;82;86;89;90;93;96;97;98;99;101;102;105;106;109;110;172;174;177;178;179;180;181;182;269;277;278;279;290;293;294;297;298;301;302,,,1.0,False
Nb252_double_S55G__S114M,S55G;S114M,55;114,1,8714141,Nb252_WT_pair055_114_rep01_seed8714141,33;37;45;47;50;53;58;98;100;102;103;104;105;106;107;108;109;110;111;112;113;114;115;116,33;37;45;47;50;53;58;98;100;102;103;104;105;106;107;108;109;110;111;112;113;114;115;116,,,1.0,33;40;44;82;86;89;90;93;96;97;98;99;101;102;105;106;109;110;172;174;177;178;179;180;181;182;269;277;278;279;290;293;294;297;298;301;302,33;40;44;82;86;89;90;93;96;97;98;99;101;102;105;106;109;110;172;174;177;178;179;180;181;182;269;277;278;279;290;293;294;297;298;301;302,,,1.0,False
Nb252_double_S55G__S114M,S55G;S114M,55;114,2,8714142,Nb252_WT_pair055_114_rep02_seed8714142,33;37;45;47;50;53;58;98;100;102;103;104;105;106;107;108;109;110;111;112;113;114;115;116,33;37;45;47;50;53;58;98;100;102;103;104;105;106;107;108;109;110;111;112;113;114;115;116,,,1.0,33;40;44;82;86;89;90;93;96;97;98;99;101;102;105;106;109;110;172;174;177;178;179;180;181;182;269;277;278;279;290;293;294;297;298;301;302,33;40;44;82;86;89;90;93;96;97;98;99;101;102;105;106;109;110;172;174;177;178;179;180;181;182;269;277;278;279;290;293;294;297;298;301;302,,,1.0,False
Nb252_double_S55G__S114M,S55G;S114M,55;114,3,8714143,Nb252_WT_pair055_114_rep03_seed8714143,33;37;45;47;50;53;58;98;100;102;103;104;105;106;107;108;109;110;111;112;113;114;115;116,33;37;45;47;50;53;58;98;100;102;103;104;105;106;107;108;109;110;111;112;113;114;115;116,,,1.0,33;40;44;82;86;89;90;93;96;97;98;99;101;102;105;106;109;110;172;174;177;178;179;180;181;182;269;277;278;279;290;293;294;297;298;301;302,33;40;44;82;86;89;90;93;96;97;98;99;101;102;105;106;109;110;172;174;177;178;179;180;181;182;269;277;278;279;290;293;294;297;298;301;302,,,1.0,False
