candidate_id,mutation_reported_label,mutation_numbering_label,mutation_source_auth_label,sequence_index_1based,wt_residue,mutant_residue,region,prepared_contact_sensitive,replicate,seed,wt_control_id,mutant_total_score,mutant_dG_separated,mutant_cross_interface_energy,mutant_interface_fa_atr,mutant_interface_fa_rep,mutant_vhh_contact_count,mutant_receptor_epitope_count,mutant_vhh_contact_retention,mutant_receptor_epitope_retention,mutant_interface_ca_rmsd,mutant_minimum_interchain_distance,mutant_vhh_contact_auth_positions,mutant_receptor_contact_auth_positions,paired_wt_vhh_contact_count,paired_wt_receptor_epitope_count,candidate_vs_paired_wt_vhh_contact_retention,candidate_vs_paired_wt_receptor_epitope_retention,delta_dG_separated,delta_cross_interface_energy,delta_interface_fa_rep,mutant_mapping_pass,mutant_breaks_pass,mutant_disulfide_pass,mutant_finite_metrics,mutant_runtime_valid,status,position_specific_wt_id,mutation_pose_index,mutation_neighborhood_pose_indices,combined_movable_pose_indices,combined_movable_residue_count
Nb252_uni_seq001_Q1D,Nb252 reported_seq Q1D,Nb252 IMGT 1 Q>D,Nb252 chain C auth Q1D,1,Q,D,FR1,False,1,8162101,Nb252_WT_pos001_rep01_seed8162101,428.3032695491097,-75.57925181357331,-96.72352386359631,-120.43500039258139,15.914460354593494,24,37,0.9166666666666666,0.8918918918918919,0.04406231843927435,2.3123176511397414,33;37;45;47;50;53;58;98;100;102;103;104;105;106;107;108;109;110;111;112;113;114;115;116,33;40;44;82;86;89;90;93;96;97;98;99;101;102;105;106;109;110;172;174;177;178;179;180;181;182;269;277;278;279;290;293;294;297;298;301;302,24,37,1.0,1.0,-2.121448370016367,-0.40529943397912405,-0.43834352402231147,True,True,True,True,True,pass,Nb252_WT_pos001_rep01_seed8162101,1,1;2;3;4;101;102;103,1;2;3;4;17;18;19;20;21;22;23;24;25;26;31;32;33;34;35;36;37;38;39;40;41;42;43;44;45;46;60;81;82;83;84;85;86;87;88;89;90;91;92;93;94;95;96;97;98;99;100;101;102;103;104;105;116;117;118;119;120;121;122;123;124;125;126;127;128;129;130;131;133;165;168;169;170;171;172;173;174;175;176;177;178;179;180;181;182;183;184;185;186;187;188;189;190;191;192;193;194;195;196;197;198;199;252;256;257;258;259;260;261;262;263;264;265;266;267;268;269;341;344;349;351;352;353;354;355;356;357;358;361;364;365;366;367;368;369;370;371;372;373;374;375;376;377,147
Nb252_uni_seq001_Q1H,Nb252 reported_seq Q1H,Nb252 IMGT 1 Q>H,Nb252 chain C auth Q1H,1,Q,H,FR1,False,1,8162101,Nb252_WT_pos001_rep01_seed8162101,427.09388418321026,-74.03559633073655,-97.0477375483843,-121.47353842487772,16.114158644066965,25,38,0.9166666666666666,0.8918918918918919,0.044075384086388114,2.31281051517062,1;33;37;45;47;50;53;58;98;100;102;103;104;105;106;107;108;109;110;111;112;113;114;115;116,33;40;44;82;86;89;90;93;96;97;98;99;101;102;105;106;109;110;172;174;177;178;179;180;181;182;269;277;278;279;282;290;293;294;297;298;301;302,24,37,1.0,1.0,-0.5777928871796121,-0.729513118767116,-0.2386452345488408,True,True,True,True,True,pass,Nb252_WT_pos001_rep01_seed8162101,1,1;2;3;4;101;102;103,1;2;3;4;17;18;19;20;21;22;23;24;25;26;31;32;33;34;35;36;37;38;39;40;41;42;43;44;45;46;60;81;82;83;84;85;86;87;88;89;90;91;92;93;94;95;96;97;98;99;100;101;102;103;104;105;116;117;118;119;120;121;122;123;124;125;126;127;128;129;130;131;133;165;168;169;170;171;172;173;174;175;176;177;178;179;180;181;182;183;184;185;186;187;188;189;190;191;192;193;194;195;196;197;198;199;252;256;257;258;259;260;261;262;263;264;265;266;267;268;269;341;344;349;351;352;353;354;355;356;357;358;361;364;365;366;367;368;369;370;371;372;373;374;375;376;377,147
Nb252_uni_seq001_Q1D,Nb252 reported_seq Q1D,Nb252 IMGT 1 Q>D,Nb252 chain C auth Q1D,1,Q,D,FR1,False,2,8162102,Nb252_WT_pos001_rep02_seed8162102,424.20901869124174,-74.34454964773619,-96.75012432281387,-121.05600111476284,16.339749841634966,24,37,0.9166666666666666,0.8918918918918919,0.04433014949106015,2.3131590976629286,33;37;45;47;50;53;58;98;100;102;103;104;105;106;107;108;109;110;111;112;113;114;115;116,33;40;44;82;86;89;90;93;96;97;98;99;101;102;105;106;109;110;172;174;177;178;179;180;181;182;269;277;278;279;290;293;294;297;298;301;302,24,37,1.0,1.0,-0.3383523139125941,-0.431899893196686,-0.013054036980840067,True,True,True,True,True,pass,Nb252_WT_pos001_rep02_seed8162102,1,1;2;3;4;101;102;103,1;2;3;4;17;18;19;20;21;22;23;24;25;26;31;32;33;34;35;36;37;38;39;40;41;42;43;44;45;46;60;81;82;83;84;85;86;87;88;89;90;91;92;93;94;95;96;97;98;99;100;101;102;103;104;105;116;117;118;119;120;121;122;123;124;125;126;127;128;129;130;131;133;165;168;169;170;171;172;173;174;175;176;177;178;179;180;181;182;183;184;185;186;187;188;189;190;191;192;193;194;195;196;197;198;199;252;256;257;258;259;260;261;262;263;264;265;266;267;268;269;341;344;349;351;352;353;354;355;356;357;358;361;364;365;366;367;368;369;370;371;372;373;374;375;376;377,147
Nb252_uni_seq001_Q1H,Nb252 reported_seq Q1H,Nb252 IMGT 1 Q>H,Nb252 chain C auth Q1H,1,Q,H,FR1,False,2,8162102,Nb252_WT_pos001_rep02_seed8162102,434.6342101478939,-68.46861158808497,-91.51080812188745,-121.6333645809767,18.145130630851305,24,38,0.9166666666666666,0.918918918918919,0.04120973721595288,2.3162310824305377,33;37;45;47;50;53;58;98;100;102;103;104;105;106;107;108;109;110;111;112;113;114;115;116,33;37;40;44;82;86;89;90;93;96;97;98;99;101;102;105;106;109;110;172;174;177;178;179;180;181;182;269;277;278;279;290;293;294;297;298;301;302,24,37,1.0,1.0,5.537585745738625,4.8074163077297385,1.7923267522354998,True,True,True,True,True,pass,Nb252_WT_pos001_rep02_seed8162102,1,1;2;3;4;101;102;103,1;2;3;4;17;18;19;20;21;22;23;24;25;26;31;32;33;34;35;36;37;38;39;40;41;42;43;44;45;46;60;81;82;83;84;85;86;87;88;89;90;91;92;93;94;95;96;97;98;99;100;101;102;103;104;105;116;117;118;119;120;121;122;123;124;125;126;127;128;129;130;131;133;165;168;169;170;171;172;173;174;175;176;177;178;179;180;181;182;183;184;185;186;187;188;189;190;191;192;193;194;195;196;197;198;199;252;256;257;258;259;260;261;262;263;264;265;266;267;268;269;341;344;349;351;352;353;354;355;356;357;358;361;364;365;366;367;368;369;370;371;372;373;374;375;376;377,147
Nb252_uni_seq001_Q1D,Nb252 reported_seq Q1D,Nb252 IMGT 1 Q>D,Nb252 chain C auth Q1D,1,Q,D,FR1,False,3,8162103,Nb252_WT_pos001_rep03_seed8162103,424.20901869124174,-74.72764766554843,-96.75012432281387,-121.05600111476284,16.339749841634966,24,37,0.9166666666666666,0.8918918918918919,0.04433014949106015,2.3131590976629286,33;37;45;47;50;53;58;98;100;102;103;104;105;106;107;108;109;110;111;112;113;114;115;116,33;40;44;82;86;89;90;93;96;97;98;99;101;102;105;106;109;110;172;174;177;178;179;180;181;182;269;277;278;279;290;293;294;297;298;301;302,24,37,1.0,1.0,-0.18024349072214818,-0.431899893196686,-0.013054036980840067,True,True,True,True,True,pass,Nb252_WT_pos001_rep03_seed8162103,1,1;2;3;4;101;102;103,1;2;3;4;17;18;19;20;21;22;23;24;25;26;31;32;33;34;35;36;37;38;39;40;41;42;43;44;45;46;60;81;82;83;84;85;86;87;88;89;90;91;92;93;94;95;96;97;98;99;100;101;102;103;104;105;116;117;118;119;120;121;122;123;124;125;126;127;128;129;130;131;133;165;168;169;170;171;172;173;174;175;176;177;178;179;180;181;182;183;184;185;186;187;188;189;190;191;192;193;194;195;196;197;198;199;252;256;257;258;259;260;261;262;263;264;265;266;267;268;269;341;344;349;351;352;353;354;355;356;357;358;361;364;365;366;367;368;369;370;371;372;373;374;375;376;377,147
Nb252_uni_seq001_Q1H,Nb252 reported_seq Q1H,Nb252 IMGT 1 Q>H,Nb252 chain C auth Q1H,1,Q,H,FR1,False,3,8162103,Nb252_WT_pos001_rep03_seed8162103,434.6342101478939,-68.86471388126449,-91.51080812188745,-121.6333645809767,18.145130630851305,24,38,0.9166666666666666,0.918918918918919,0.04120973721595288,2.3162310824305377,33;37;45;47;50;53;58;98;100;102;103;104;105;106;107;108;109;110;111;112;113;114;115;116,33;37;40;44;82;86;89;90;93;96;97;98;99;101;102;105;106;109;110;172;174;177;178;179;180;181;182;269;277;278;279;290;293;294;297;298;301;302,24,37,1.0,1.0,5.682690293561791,4.8074163077297385,1.7923267522354998,True,True,True,True,True,pass,Nb252_WT_pos001_rep03_seed8162103,1,1;2;3;4;101;102;103,1;2;3;4;17;18;19;20;21;22;23;24;25;26;31;32;33;34;35;36;37;38;39;40;41;42;43;44;45;46;60;81;82;83;84;85;86;87;88;89;90;91;92;93;94;95;96;97;98;99;100;101;102;103;104;105;116;117;118;119;120;121;122;123;124;125;126;127;128;129;130;131;133;165;168;169;170;171;172;173;174;175;176;177;178;179;180;181;182;183;184;185;186;187;188;189;190;191;192;193;194;195;196;197;198;199;252;256;257;258;259;260;261;262;263;264;265;266;267;268;269;341;344;349;351;352;353;354;355;356;357;358;361;364;365;366;367;368;369;370;371;372;373;374;375;376;377,147
Nb252_uni_seq003_Q3F,Nb252 reported_seq Q3F,Nb252 IMGT 3 Q>F,Nb252 chain C auth Q3F,3,Q,F,FR1,False,1,8162301,Nb252_WT_pos003_rep01_seed8162301,396.2114414389638,-73.33211057834751,-96.29572019631094,-120.85532155253942,16.267469170049196,24,37,0.9166666666666666,0.8918918918918919,0.04492053869863543,2.303867451944688,33;37;45;47;50;53;58;98;100;102;103;104;105;106;107;108;109;110;111;112;113;114;115;116,33;40;44;82;86;89;90;93;96;97;98;99;101;102;105;106;109;110;172;174;177;178;179;180;181;182;269;277;278;279;290;293;294;297;298;301;302,24,37,1.0,1.0,0.31399429158921066,-0.18157714180124174,-0.23853173469518296,True,True,True,True,True,pass,Nb252_WT_pos003_rep01_seed8162301,3,1;2;3;4;5;6;15;16;17,1;2;3;4;5;6;15;16;17;18;19;20;21;22;23;24;25;26;31;32;33;34;35;36;37;38;39;40;41;42;43;44;45;46;60;81;82;83;84;85;86;87;88;89;90;91;92;93;94;95;96;97;98;99;100;101;102;103;104;105;116;117;118;119;120;121;122;123;124;125;126;127;128;129;130;131;133;165;168;169;170;171;172;173;174;175;176;177;178;179;180;181;182;183;184;185;186;187;188;189;190;191;192;193;194;195;196;197;198;199;252;256;257;258;259;260;261;262;263;264;265;266;267;268;269;341;344;349;351;352;353;354;355;356;357;358;361;364;365;366;367;368;369;370;371;372;373;374;375;376;377,151
Nb252_uni_seq003_Q3N,Nb252 reported_seq Q3N,Nb252 IMGT 3 Q>N,Nb252 chain C auth Q3N,3,Q,N,FR1,False,1,8162301,Nb252_WT_pos003_rep01_seed8162301,393.9202052465663,-73.31636802397702,-96.56179516433727,-120.71579856929206,16.038719180854923,24,37,0.9166666666666666,0.8918918918918919,0.04483710343885214,2.307656140737468,33;37;45;47;50;53;58;98;100;102;103;104;105;106;107;108;109;110;111;112;113;114;115;116,33;40;44;82;86;89;90;93;96;97;98;99;101;102;105;106;109;110;172;174;177;178;179;180;181;182;269;277;278;279;290;293;294;297;298;301;302,24,37,1.0,1.0,0.329736845959701,-0.44765210982757253,-0.46728172388945666,True,True,True,True,True,pass,Nb252_WT_pos003_rep01_seed8162301,3,1;2;3;4;5;6;15;16;17,1;2;3;4;5;6;15;16;17;18;19;20;21;22;23;24;25;26;31;32;33;34;35;36;37;38;39;40;41;42;43;44;45;46;60;81;82;83;84;85;86;87;88;89;90;91;92;93;94;95;96;97;98;99;100;101;102;103;104;105;116;117;118;119;120;121;122;123;124;125;126;127;128;129;130;131;133;165;168;169;170;171;172;173;174;175;176;177;178;179;180;181;182;183;184;185;186;187;188;189;190;191;192;193;194;195;196;197;198;199;252;256;257;258;259;260;261;262;263;264;265;266;267;268;269;341;344;349;351;352;353;354;355;356;357;358;361;364;365;366;367;368;369;370;371;372;373;374;375;376;377,151
Nb252_uni_seq003_Q3Y,Nb252 reported_seq Q3Y,Nb252 IMGT 3 Q>Y,Nb252 chain C auth Q3Y,3,Q,Y,FR1,False,1,8162301,Nb252_WT_pos003_rep01_seed8162301,395.84637220028856,-74.83423796909881,-96.30892781682061,-120.9382739122301,16.37690428075172,24,37,0.9166666666666666,0.8918918918918919,0.04488202940056266,2.3058190517581463,33;37;45;47;50;53;58;98;100;102;103;104;105;106;107;108;109;110;111;112;113;114;115;116,33;40;44;82;86;89;90;93;96;97;98;99;101;102;105;106;109;110;172;174;177;178;179;180;181;182;269;277;278;279;290;293;294;297;298;301;302,24,37,1.0,1.0,-1.188133099162087,-0.1947847623109169,-0.12909662399265898,True,True,True,True,True,pass,Nb252_WT_pos003_rep01_seed8162301,3,1;2;3;4;5;6;15;16;17,1;2;3;4;5;6;15;16;17;18;19;20;21;22;23;24;25;26;31;32;33;34;35;36;37;38;39;40;41;42;43;44;45;46;60;81;82;83;84;85;86;87;88;89;90;91;92;93;94;95;96;97;98;99;100;101;102;103;104;105;116;117;118;119;120;121;122;123;124;125;126;127;128;129;130;131;133;165;168;169;170;171;172;173;174;175;176;177;178;179;180;181;182;183;184;185;186;187;188;189;190;191;192;193;194;195;196;197;198;199;252;256;257;258;259;260;261;262;263;264;265;266;267;268;269;341;344;349;351;352;353;354;355;356;357;358;361;364;365;366;367;368;369;370;371;372;373;374;375;376;377,151
Nb252_uni_seq003_Q3F,Nb252 reported_seq Q3F,Nb252 IMGT 3 Q>F,Nb252 chain C auth Q3F,3,Q,F,FR1,False,2,8162302,Nb252_WT_pos003_rep02_seed8162302,396.2114414389638,-73.05265220255501,-96.29572019631094,-120.85532155253942,16.267469170049196,24,37,0.9166666666666666,0.8918918918918919,0.04492053869863543,2.303867451944688,33;37;45;47;50;53;58;98;100;102;103;104;105;106;107;108;109;110;111;112;113;114;115;116,33;40;44;82;86;89;90;93;96;97;98;99;101;102;105;106;109;110;172;174;177;178;179;180;181;182;269;277;278;279;290;293;294;297;298;301;302,24,37,1.0,1.0,0.5934526673817118,-0.18157714180124174,-0.23853173469518296,True,True,True,True,True,pass,Nb252_WT_pos003_rep02_seed8162302,3,1;2;3;4;5;6;15;16;17,1;2;3;4;5;6;15;16;17;18;19;20;21;22;23;24;25;26;31;32;33;34;35;36;37;38;39;40;41;42;43;44;45;46;60;81;82;83;84;85;86;87;88;89;90;91;92;93;94;95;96;97;98;99;100;101;102;103;104;105;116;117;118;119;120;121;122;123;124;125;126;127;128;129;130;131;133;165;168;169;170;171;172;173;174;175;176;177;178;179;180;181;182;183;184;185;186;187;188;189;190;191;192;193;194;195;196;197;198;199;252;256;257;258;259;260;261;262;263;264;265;266;267;268;269;341;344;349;351;352;353;354;355;356;357;358;361;364;365;366;367;368;369;370;371;372;373;374;375;376;377,151
Nb252_uni_seq003_Q3N,Nb252 reported_seq Q3N,Nb252 IMGT 3 Q>N,Nb252 chain C auth Q3N,3,Q,N,FR1,False,2,8162302,Nb252_WT_pos003_rep02_seed8162302,393.9202052465663,-73.31636802397702,-96.56179516433727,-120.71579856929206,16.038719180854923,24,37,0.9166666666666666,0.8918918918918919,0.04483710343885214,2.307656140737468,33;37;45;47;50;53;58;98;100;102;103;104;105;106;107;108;109;110;111;112;113;114;115;116,33;40;44;82;86;89;90;93;96;97;98;99;101;102;105;106;109;110;172;174;177;178;179;180;181;182;269;277;278;279;290;293;294;297;298;301;302,24,37,1.0,1.0,0.329736845959701,-0.44765210982757253,-0.46728172388945666,True,True,True,True,True,pass,Nb252_WT_pos003_rep02_seed8162302,3,1;2;3;4;5;6;15;16;17,1;2;3;4;5;6;15;16;17;18;19;20;21;22;23;24;25;26;31;32;33;34;35;36;37;38;39;40;41;42;43;44;45;46;60;81;82;83;84;85;86;87;88;89;90;91;92;93;94;95;96;97;98;99;100;101;102;103;104;105;116;117;118;119;120;121;122;123;124;125;126;127;128;129;130;131;133;165;168;169;170;171;172;173;174;175;176;177;178;179;180;181;182;183;184;185;186;187;188;189;190;191;192;193;194;195;196;197;198;199;252;256;257;258;259;260;261;262;263;264;265;266;267;268;269;341;344;349;351;352;353;354;355;356;357;358;361;364;365;366;367;368;369;370;371;372;373;374;375;376;377,151
Nb252_uni_seq003_Q3Y,Nb252 reported_seq Q3Y,Nb252 IMGT 3 Q>Y,Nb252 chain C auth Q3Y,3,Q,Y,FR1,False,2,8162302,Nb252_WT_pos003_rep02_seed8162302,395.84637220028856,-75.06616003724992,-96.30892781682061,-120.9382739122301,16.37690428075172,24,37,0.9166666666666666,0.8918918918918919,0.04488202940056266,2.3058190517581463,33;37;45;47;50;53;58;98;100;102;103;104;105;106;107;108;109;110;111;112;113;114;115;116,33;40;44;82;86;89;90;93;96;97;98;99;101;102;105;106;109;110;172;174;177;178;179;180;181;182;269;277;278;279;290;293;294;297;298;301;302,24,37,1.0,1.0,-1.420055167313194,-0.1947847623109169,-0.12909662399265898,True,True,True,True,True,pass,Nb252_WT_pos003_rep02_seed8162302,3,1;2;3;4;5;6;15;16;17,1;2;3;4;5;6;15;16;17;18;19;20;21;22;23;24;25;26;31;32;33;34;35;36;37;38;39;40;41;42;43;44;45;46;60;81;82;83;84;85;86;87;88;89;90;91;92;93;94;95;96;97;98;99;100;101;102;103;104;105;116;117;118;119;120;121;122;123;124;125;126;127;128;129;130;131;133;165;168;169;170;171;172;173;174;175;176;177;178;179;180;181;182;183;184;185;186;187;188;189;190;191;192;193;194;195;196;197;198;199;252;256;257;258;259;260;261;262;263;264;265;266;267;268;269;341;344;349;351;352;353;354;355;356;357;358;361;364;365;366;367;368;369;370;371;372;373;374;375;376;377,151
Nb252_uni_seq003_Q3F,Nb252 reported_seq Q3F,Nb252 IMGT 3 Q>F,Nb252 chain C auth Q3F,3,Q,F,FR1,False,3,8162303,Nb252_WT_pos003_rep03_seed8162303,396.2114414389638,-73.4449516047921,-96.29572019631094,-120.85532155253942,16.267469170049196,24,37,0.9166666666666666,0.8918918918918919,0.04492053869863543,2.303867451944688,33;37;45;47;50;53;58;98;100;102;103;104;105;106;107;108;109;110;111;112;113;114;115;116,33;40;44;82;86;89;90;93;96;97;98;99;101;102;105;106;109;110;172;174;177;178;179;180;181;182;269;277;278;279;290;293;294;297;298;301;302,24,37,1.0,1.0,0.011247360392871997,0.05632698099788058,-0.012647373943835305,True,True,True,True,True,pass,Nb252_WT_pos003_rep03_seed8162303,3,1;2;3;4;5;6;15;16;17,1;2;3;4;5;6;15;16;17;18;19;20;21;22;23;24;25;26;31;32;33;34;35;36;37;38;39;40;41;42;43;44;45;46;60;81;82;83;84;85;86;87;88;89;90;91;92;93;94;95;96;97;98;99;100;101;102;103;104;105;116;117;118;119;120;121;122;123;124;125;126;127;128;129;130;131;133;165;168;169;170;171;172;173;174;175;176;177;178;179;180;181;182;183;184;185;186;187;188;189;190;191;192;193;194;195;196;197;198;199;252;256;257;258;259;260;261;262;263;264;265;266;267;268;269;341;344;349;351;352;353;354;355;356;357;358;361;364;365;366;367;368;369;370;371;372;373;374;375;376;377,151
Nb252_uni_seq003_Q3N,Nb252 reported_seq Q3N,Nb252 IMGT 3 Q>N,Nb252 chain C auth Q3N,3,Q,N,FR1,False,3,8162303,Nb252_WT_pos003_rep03_seed8162303,393.9202052465663,-73.31636802397702,-96.56179516433727,-120.71579856929206,16.038719180854923,24,37,0.9166666666666666,0.8918918918918919,0.04483710343885214,2.307656140737468,33;37;45;47;50;53;58;98;100;102;103;104;105;106;107;108;109;110;111;112;113;114;115;116,33;40;44;82;86;89;90;93;96;97;98;99;101;102;105;106;109;110;172;174;177;178;179;180;181;182;269;277;278;279;290;293;294;297;298;301;302,24,37,1.0,1.0,0.13983094120794703,-0.2097479870284502,-0.241397363138109,True,True,True,True,True,pass,Nb252_WT_pos003_rep03_seed8162303,3,1;2;3;4;5;6;15;16;17,1;2;3;4;5;6;15;16;17;18;19;20;21;22;23;24;25;26;31;32;33;34;35;36;37;38;39;40;41;42;43;44;45;46;60;81;82;83;84;85;86;87;88;89;90;91;92;93;94;95;96;97;98;99;100;101;102;103;104;105;116;117;118;119;120;121;122;123;124;125;126;127;128;129;130;131;133;165;168;169;170;171;172;173;174;175;176;177;178;179;180;181;182;183;184;185;186;187;188;189;190;191;192;193;194;195;196;197;198;199;252;256;257;258;259;260;261;262;263;264;265;266;267;268;269;341;344;349;351;352;353;354;355;356;357;358;361;364;365;366;367;368;369;370;371;372;373;374;375;376;377,151
Nb252_uni_seq003_Q3Y,Nb252 reported_seq Q3Y,Nb252 IMGT 3 Q>Y,Nb252 chain C auth Q3Y,3,Q,Y,FR1,False,3,8162303,Nb252_WT_pos003_rep03_seed8162303,395.84637220028856,-73.9936243501785,-96.30892781682061,-120.9382739122301,16.37690428075172,24,37,0.9166666666666666,0.8918918918918919,0.04488202940056266,2.3058190517581463,33;37;45;47;50;53;58;98;100;102;103;104;105;106;107;108;109;110;111;112;113;114;115;116,33;40;44;82;86;89;90;93;96;97;98;99;101;102;105;106;109;110;172;174;177;178;179;180;181;182;269;277;278;279;290;293;294;297;298;301;302,24,37,1.0,1.0,-0.5374253849935258,0.043119360488205416,0.09678773675868868,True,True,True,True,True,pass,Nb252_WT_pos003_rep03_seed8162303,3,1;2;3;4;5;6;15;16;17,1;2;3;4;5;6;15;16;17;18;19;20;21;22;23;24;25;26;31;32;33;34;35;36;37;38;39;40;41;42;43;44;45;46;60;81;82;83;84;85;86;87;88;89;90;91;92;93;94;95;96;97;98;99;100;101;102;103;104;105;116;117;118;119;120;121;122;123;124;125;126;127;128;129;130;131;133;165;168;169;170;171;172;173;174;175;176;177;178;179;180;181;182;183;184;185;186;187;188;189;190;191;192;193;194;195;196;197;198;199;252;256;257;258;259;260;261;262;263;264;265;266;267;268;269;341;344;349;351;352;353;354;355;356;357;358;361;364;365;366;367;368;369;370;371;372;373;374;375;376;377,151
Nb252_uni_seq005_Q5A,Nb252 reported_seq Q5A,Nb252 IMGT 5 Q>A,Nb252 chain C auth Q5A,5,Q,A,FR1,False,1,8162501,Nb252_WT_pos005_rep01_seed8162501,380.94646165323235,-74.18785562199719,-96.4392588476804,-120.7629345462404,16.079207345972602,24,37,0.9166666666666666,0.8918918918918919,0.04493700868365775,2.3173073225344933,33;37;45;47;50;53;58;98;100;102;103;104;105;106;107;108;109;110;111;112;113;114;115;116,33;40;44;82;86;89;90;93;96;97;98;99;101;102;105;106;109;110;172;174;177;178;179;180;181;182;269;277;278;279;290;293;294;297;298;301;302,24,37,1.0,1.0,0.24533411749473544,-0.24138205401834512,-0.2880142900870126,True,True,True,True,True,pass,Nb252_WT_pos005_rep01_seed8162501,5,2;3;4;5;6;7;8;14;15;16;17;81;82;83;103;104;105;106,1;2;3;4;5;6;7;8;14;15;16;17;18;19;20;21;22;23;24;25;26;31;32;33;34;35;36;37;38;39;40;41;42;43;44;45;46;60;81;82;83;84;85;86;87;88;89;90;91;92;93;94;95;96;97;98;99;100;101;102;103;104;105;106;116;117;118;119;120;121;122;123;124;125;126;127;128;129;130;131;133;165;168;169;170;171;172;173;174;175;176;177;178;179;180;181;182;183;184;185;186;187;188;189;190;191;192;193;194;195;196;197;198;199;252;256;257;258;259;260;261;262;263;264;265;266;267;268;269;341;344;349;351;352;353;354;355;356;357;358;361;364;365;366;367;368;369;370;371;372;373;374;375;376;377,155
Nb252_uni_seq005_Q5E,Nb252 reported_seq Q5E,Nb252 IMGT 5 Q>E,Nb252 chain C auth Q5E,5,Q,E,FR1,False,1,8162501,Nb252_WT_pos005_rep01_seed8162501,380.4779059169125,-73.13980580448754,-95.98479048291635,-120.8527071185971,16.36385831597457,24,37,0.9166666666666666,0.8918918918918919,0.04474598464324391,2.308325597758134,33;37;45;47;50;53;58;98;100;102;103;104;105;106;107;108;109;110;111;112;113;114;115;116,33;40;44;82;86;89;90;93;96;97;98;99;101;102;105;106;109;110;172;174;177;178;179;180;181;182;269;277;278;279;290;293;294;297;298;301;302,24,37,1.0,1.0,1.2933839350043854,0.21308631074570883,-0.003363320085043142,True,True,True,True,True,pass,Nb252_WT_pos005_rep01_seed8162501,5,2;3;4;5;6;7;8;14;15;16;17;81;82;83;103;104;105;106,1;2;3;4;5;6;7;8;14;15;16;17;18;19;20;21;22;23;24;25;26;31;32;33;34;35;36;37;38;39;40;41;42;43;44;45;46;60;81;82;83;84;85;86;87;88;89;90;91;92;93;94;95;96;97;98;99;100;101;102;103;104;105;106;116;117;118;119;120;121;122;123;124;125;126;127;128;129;130;131;133;165;168;169;170;171;172;173;174;175;176;177;178;179;180;181;182;183;184;185;186;187;188;189;190;191;192;193;194;195;196;197;198;199;252;256;257;258;259;260;261;262;263;264;265;266;267;268;269;341;344;349;351;352;353;354;355;356;357;358;361;364;365;366;367;368;369;370;371;372;373;374;375;376;377,155
Nb252_uni_seq005_Q5I,Nb252 reported_seq Q5I,Nb252 IMGT 5 Q>I,Nb252 chain C auth Q5I,5,Q,I,FR1,False,1,8162501,Nb252_WT_pos005_rep01_seed8162501,383.4634707364561,-73.65279294886523,-95.53514299435062,-120.90933139399125,16.632005980282816,24,38,0.9166666666666666,0.918918918918919,0.04454112277583352,2.3056255360723004,33;37;45;47;50;53;58;98;100;102;103;104;105;106;107;108;109;110;111;112;113;114;115;116,33;37;40;44;82;86;89;90;93;96;97;98;99;101;102;105;106;109;110;172;174;177;178;179;180;181;182;269;277;278;279;290;293;294;297;298;301;302,24,37,1.0,1.0,0.7803967906266962,0.6627337993114395,0.26478434422320163,True,True,True,True,True,pass,Nb252_WT_pos005_rep01_seed8162501,5,2;3;4;5;6;7;8;14;15;16;17;81;82;83;103;104;105;106,1;2;3;4;5;6;7;8;14;15;16;17;18;19;20;21;22;23;24;25;26;31;32;33;34;35;36;37;38;39;40;41;42;43;44;45;46;60;81;82;83;84;85;86;87;88;89;90;91;92;93;94;95;96;97;98;99;100;101;102;103;104;105;106;116;117;118;119;120;121;122;123;124;125;126;127;128;129;130;131;133;165;168;169;170;171;172;173;174;175;176;177;178;179;180;181;182;183;184;185;186;187;188;189;190;191;192;193;194;195;196;197;198;199;252;256;257;258;259;260;261;262;263;264;265;266;267;268;269;341;344;349;351;352;353;354;355;356;357;358;361;364;365;366;367;368;369;370;371;372;373;374;375;376;377,155
Nb252_uni_seq005_Q5L,Nb252 reported_seq Q5L,Nb252 IMGT 5 Q>L,Nb252 chain C auth Q5L,5,Q,L,FR1,False,1,8162501,Nb252_WT_pos005_rep01_seed8162501,381.2070358540412,-72.48896095935504,-95.76882274557514,-121.10590824113122,16.765493358790415,24,37,0.9166666666666666,0.8918918918918919,0.04410146540953549,2.303808733834284,33;37;45;47;50;53;58;98;100;102;103;104;105;106;107;108;109;110;111;112;113;114;115;116,33;40;44;82;86;89;90;93;96;97;98;99;101;102;105;106;109;110;172;174;177;178;179;180;181;182;269;277;278;279;290;293;294;297;298;301;302,24,37,1.0,1.0,1.944228780136882,0.4290540480869254,0.3982717227308008,True,True,True,True,True,pass,Nb252_WT_pos005_rep01_seed8162501,5,2;3;4;5;6;7;8;14;15;16;17;81;82;83;103;104;105;106,1;2;3;4;5;6;7;8;14;15;16;17;18;19;20;21;22;23;24;25;26;31;32;33;34;35;36;37;38;39;40;41;42;43;44;45;46;60;81;82;83;84;85;86;87;88;89;90;91;92;93;94;95;96;97;98;99;100;101;102;103;104;105;106;116;117;118;119;120;121;122;123;124;125;126;127;128;129;130;131;133;165;168;169;170;171;172;173;174;175;176;177;178;179;180;181;182;183;184;185;186;187;188;189;190;191;192;193;194;195;196;197;198;199;252;256;257;258;259;260;261;262;263;264;265;266;267;268;269;341;344;349;351;352;353;354;355;356;357;358;361;364;365;366;367;368;369;370;371;372;373;374;375;376;377,155
Nb252_uni_seq005_Q5P,Nb252 reported_seq Q5P,Nb252 IMGT 5 Q>P,Nb252 chain C auth Q5P,5,Q,P,FR1,False,1,8162501,Nb252_WT_pos005_rep01_seed8162501,401.71311068895966,-70.18340292877315,-91.78789302189094,-121.54550039562612,18.012355026958783,24,38,0.9166666666666666,0.918918918918919,0.043802466772528414,2.31841584474045,33;37;45;47;50;53;58;98;100;102;103;104;105;106;107;108;109;110;111;112;113;114;115;116,33;37;40;44;82;86;89;90;93;96;97;98;99;101;102;105;106;109;110;172;174;177;178;179;180;181;182;269;277;278;279;290;293;294;297;298;301;302,24,37,1.0,1.0,4.249786810718774,4.409983771771124,1.6451333908991685,True,True,True,True,True,pass,Nb252_WT_pos005_rep01_seed8162501,5,2;3;4;5;6;7;8;14;15;16;17;81;82;83;103;104;105;106,1;2;3;4;5;6;7;8;14;15;16;17;18;19;20;21;22;23;24;25;26;31;32;33;34;35;36;37;38;39;40;41;42;43;44;45;46;60;81;82;83;84;85;86;87;88;89;90;91;92;93;94;95;96;97;98;99;100;101;102;103;104;105;106;116;117;118;119;120;121;122;123;124;125;126;127;128;129;130;131;133;165;168;169;170;171;172;173;174;175;176;177;178;179;180;181;182;183;184;185;186;187;188;189;190;191;192;193;194;195;196;197;198;199;252;256;257;258;259;260;261;262;263;264;265;266;267;268;269;341;344;349;351;352;353;354;355;356;357;358;361;364;365;366;367;368;369;370;371;372;373;374;375;376;377,155
Nb252_uni_seq005_Q5T,Nb252 reported_seq Q5T,Nb252 IMGT 5 Q>T,Nb252 chain C auth Q5T,5,Q,T,FR1,False,1,8162501,Nb252_WT_pos005_rep01_seed8162501,383.0505991753439,-73.75844867483653,-96.23185720669758,-120.703931745424,16.249472420895714,24,37,0.9166666666666666,0.8918918918918919,0.0446974444340855,2.3117162172868335,33;37;45;47;50;53;58;98;100;102;103;104;105;106;107;108;109;110;111;112;113;114;115;116,33;40;44;82;86;89;90;93;96;97;98;99;101;102;105;106;109;110;172;174;177;178;179;180;181;182;269;277;278;279;290;293;294;297;298;301;302,24,37,1.0,1.0,0.6747410646553931,-0.033980413035521906,-0.1177492151639008,True,True,True,True,True,pass,Nb252_WT_pos005_rep01_seed8162501,5,2;3;4;5;6;7;8;14;15;16;17;81;82;83;103;104;105;106,1;2;3;4;5;6;7;8;14;15;16;17;18;19;20;21;22;23;24;25;26;31;32;33;34;35;36;37;38;39;40;41;42;43;44;45;46;60;81;82;83;84;85;86;87;88;89;90;91;92;93;94;95;96;97;98;99;100;101;102;103;104;105;106;116;117;118;119;120;121;122;123;124;125;126;127;128;129;130;131;133;165;168;169;170;171;172;173;174;175;176;177;178;179;180;181;182;183;184;185;186;187;188;189;190;191;192;193;194;195;196;197;198;199;252;256;257;258;259;260;261;262;263;264;265;266;267;268;269;341;344;349;351;352;353;354;355;356;357;358;361;364;365;366;367;368;369;370;371;372;373;374;375;376;377,155
Nb252_uni_seq005_Q5V,Nb252 reported_seq Q5V,Nb252 IMGT 5 Q>V,Nb252 chain C auth Q5V,5,Q,V,FR1,False,1,8162501,Nb252_WT_pos005_rep01_seed8162501,381.63237695091584,-74.10290179724694,-96.27017374892436,-120.78891268888887,16.277479173714042,24,36,0.9166666666666666,0.8918918918918919,0.044479873964036604,2.30684711767864,33;37;45;47;50;53;58;98;100;102;103;104;105;106;107;108;109;110;111;112;113;114;115;116,33;40;44;82;86;89;90;93;96;97;98;99;101;102;105;109;110;172;174;177;178;179;180;181;182;269;277;278;279;290;293;294;297;298;301;302,24,37,1.0,0.972972972972973,0.33028794224497915,-0.07229695526230273,-0.0897424623455727,True,True,True,True,True,pass,Nb252_WT_pos005_rep01_seed8162501,5,2;3;4;5;6;7;8;14;15;16;17;81;82;83;103;104;105;106,1;2;3;4;5;6;7;8;14;15;16;17;18;19;20;21;22;23;24;25;26;31;32;33;34;35;36;37;38;39;40;41;42;43;44;45;46;60;81;82;83;84;85;86;87;88;89;90;91;92;93;94;95;96;97;98;99;100;101;102;103;104;105;106;116;117;118;119;120;121;122;123;124;125;126;127;128;129;130;131;133;165;168;169;170;171;172;173;174;175;176;177;178;179;180;181;182;183;184;185;186;187;188;189;190;191;192;193;194;195;196;197;198;199;252;256;257;258;259;260;261;262;263;264;265;266;267;268;269;341;344;349;351;352;353;354;355;356;357;358;361;364;365;366;367;368;369;370;371;372;373;374;375;376;377,155
Nb252_uni_seq005_Q5A,Nb252 reported_seq Q5A,Nb252 IMGT 5 Q>A,Nb252 chain C auth Q5A,5,Q,A,FR1,False,2,8162502,Nb252_WT_pos005_rep02_seed8162502,380.94646165323235,-76.01868754473213,-96.4392588476804,-120.7629345462404,16.079207345972602,24,37,0.9166666666666666,0.8918918918918919,0.04493700868365775,2.3173073225344933,33;37;45;47;50;53;58;98;100;102;103;104;105;106;107;108;109;110;111;112;113;114;115;116,33;40;44;82;86;89;90;93;96;97;98;99;101;102;105;106;109;110;172;174;177;178;179;180;181;182;269;277;278;279;290;293;294;297;298;301;302,24,37,1.0,1.0,-1.7168644726364732,-0.4197304230968939,-0.33552401646776886,True,True,True,True,True,pass,Nb252_WT_pos005_rep02_seed8162502,5,2;3;4;5;6;7;8;14;15;16;17;81;82;83;103;104;105;106,1;2;3;4;5;6;7;8;14;15;16;17;18;19;20;21;22;23;24;25;26;31;32;33;34;35;36;37;38;39;40;41;42;43;44;45;46;60;81;82;83;84;85;86;87;88;89;90;91;92;93;94;95;96;97;98;99;100;101;102;103;104;105;106;116;117;118;119;120;121;122;123;124;125;126;127;128;129;130;131;133;165;168;169;170;171;172;173;174;175;176;177;178;179;180;181;182;183;184;185;186;187;188;189;190;191;192;193;194;195;196;197;198;199;252;256;257;258;259;260;261;262;263;264;265;266;267;268;269;341;344;349;351;352;353;354;355;356;357;358;361;364;365;366;367;368;369;370;371;372;373;374;375;376;377,155
Nb252_uni_seq005_Q5E,Nb252 reported_seq Q5E,Nb252 IMGT 5 Q>E,Nb252 chain C auth Q5E,5,Q,E,FR1,False,2,8162502,Nb252_WT_pos005_rep02_seed8162502,380.4779059169125,-74.25344224517721,-95.98479048291635,-120.8527071185971,16.36385831597457,24,37,0.9166666666666666,0.8918918918918919,0.04474598464324391,2.308325597758134,33;37;45;47;50;53;58;98;100;102;103;104;105;106;107;108;109;110;111;112;113;114;115;116,33;40;44;82;86;89;90;93;96;97;98;99;101;102;105;106;109;110;172;174;177;178;179;180;181;182;269;277;278;279;290;293;294;297;298;301;302,24,37,1.0,1.0,0.04838082691844647,0.034737941667160044,-0.050873046465799376,True,True,True,True,True,pass,Nb252_WT_pos005_rep02_seed8162502,5,2;3;4;5;6;7;8;14;15;16;17;81;82;83;103;104;105;106,1;2;3;4;5;6;7;8;14;15;16;17;18;19;20;21;22;23;24;25;26;31;32;33;34;35;36;37;38;39;40;41;42;43;44;45;46;60;81;82;83;84;85;86;87;88;89;90;91;92;93;94;95;96;97;98;99;100;101;102;103;104;105;106;116;117;118;119;120;121;122;123;124;125;126;127;128;129;130;131;133;165;168;169;170;171;172;173;174;175;176;177;178;179;180;181;182;183;184;185;186;187;188;189;190;191;192;193;194;195;196;197;198;199;252;256;257;258;259;260;261;262;263;264;265;266;267;268;269;341;344;349;351;352;353;354;355;356;357;358;361;364;365;366;367;368;369;370;371;372;373;374;375;376;377,155
Nb252_uni_seq005_Q5I,Nb252 reported_seq Q5I,Nb252 IMGT 5 Q>I,Nb252 chain C auth Q5I,5,Q,I,FR1,False,2,8162502,Nb252_WT_pos005_rep02_seed8162502,383.4634707364561,-72.31848159663059,-95.53514299435062,-120.90933139399125,16.632005980282816,24,38,0.9166666666666666,0.918918918918919,0.04454112277583352,2.3056255360723004,33;37;45;47;50;53;58;98;100;102;103;104;105;106;107;108;109;110;111;112;113;114;115;116,33;37;40;44;82;86;89;90;93;96;97;98;99;101;102;105;106;109;110;172;174;177;178;179;180;181;182;269;277;278;279;290;293;294;297;298;301;302,24,37,1.0,1.0,1.9833414754650676,0.4843854302328907,0.2172746178424454,True,True,True,True,True,pass,Nb252_WT_pos005_rep02_seed8162502,5,2;3;4;5;6;7;8;14;15;16;17;81;82;83;103;104;105;106,1;2;3;4;5;6;7;8;14;15;16;17;18;19;20;21;22;23;24;25;26;31;32;33;34;35;36;37;38;39;40;41;42;43;44;45;46;60;81;82;83;84;85;86;87;88;89;90;91;92;93;94;95;96;97;98;99;100;101;102;103;104;105;106;116;117;118;119;120;121;122;123;124;125;126;127;128;129;130;131;133;165;168;169;170;171;172;173;174;175;176;177;178;179;180;181;182;183;184;185;186;187;188;189;190;191;192;193;194;195;196;197;198;199;252;256;257;258;259;260;261;262;263;264;265;266;267;268;269;341;344;349;351;352;353;354;355;356;357;358;361;364;365;366;367;368;369;370;371;372;373;374;375;376;377,155
Nb252_uni_seq005_Q5L,Nb252 reported_seq Q5L,Nb252 IMGT 5 Q>L,Nb252 chain C auth Q5L,5,Q,L,FR1,False,2,8162502,Nb252_WT_pos005_rep02_seed8162502,381.2070358540412,-72.7493967687866,-95.76882274557514,-121.10590824113122,16.765493358790415,24,37,0.9166666666666666,0.8918918918918919,0.04410146540953549,2.303808733834284,33;37;45;47;50;53;58;98;100;102;103;104;105;106;107;108;109;110;111;112;113;114;115;116,33;40;44;82;86;89;90;93;96;97;98;99;101;102;105;106;109;110;172;174;177;178;179;180;181;182;269;277;278;279;290;293;294;297;298;301;302,24,37,1.0,1.0,1.552426303309062,0.2507056790083766,0.35076199635004457,True,True,True,True,True,pass,Nb252_WT_pos005_rep02_seed8162502,5,2;3;4;5;6;7;8;14;15;16;17;81;82;83;103;104;105;106,1;2;3;4;5;6;7;8;14;15;16;17;18;19;20;21;22;23;24;25;26;31;32;33;34;35;36;37;38;39;40;41;42;43;44;45;46;60;81;82;83;84;85;86;87;88;89;90;91;92;93;94;95;96;97;98;99;100;101;102;103;104;105;106;116;117;118;119;120;121;122;123;124;125;126;127;128;129;130;131;133;165;168;169;170;171;172;173;174;175;176;177;178;179;180;181;182;183;184;185;186;187;188;189;190;191;192;193;194;195;196;197;198;199;252;256;257;258;259;260;261;262;263;264;265;266;267;268;269;341;344;349;351;352;353;354;355;356;357;358;361;364;365;366;367;368;369;370;371;372;373;374;375;376;377,155
Nb252_uni_seq005_Q5P,Nb252 reported_seq Q5P,Nb252 IMGT 5 Q>P,Nb252 chain C auth Q5P,5,Q,P,FR1,False,2,8162502,Nb252_WT_pos005_rep02_seed8162502,401.71311068895966,-68.89330315045834,-91.78789302189094,-121.54550039562612,18.012355026958783,24,38,0.9166666666666666,0.918918918918919,0.043802466772528414,2.31841584474045,33;37;45;47;50;53;58;98;100;102;103;104;105;106;107;108;109;110;111;112;113;114;115;116,33;37;40;44;82;86;89;90;93;96;97;98;99;101;102;105;106;109;110;172;174;177;178;179;180;181;182;269;277;278;279;290;293;294;297;298;301;302,24,37,1.0,1.0,5.408519921637321,4.231635402692575,1.5976236645184123,True,True,True,True,True,pass,Nb252_WT_pos005_rep02_seed8162502,5,2;3;4;5;6;7;8;14;15;16;17;81;82;83;103;104;105;106,1;2;3;4;5;6;7;8;14;15;16;17;18;19;20;21;22;23;24;25;26;31;32;33;34;35;36;37;38;39;40;41;42;43;44;45;46;60;81;82;83;84;85;86;87;88;89;90;91;92;93;94;95;96;97;98;99;100;101;102;103;104;105;106;116;117;118;119;120;121;122;123;124;125;126;127;128;129;130;131;133;165;168;169;170;171;172;173;174;175;176;177;178;179;180;181;182;183;184;185;186;187;188;189;190;191;192;193;194;195;196;197;198;199;252;256;257;258;259;260;261;262;263;264;265;266;267;268;269;341;344;349;351;352;353;354;355;356;357;358;361;364;365;366;367;368;369;370;371;372;373;374;375;376;377,155
Nb252_uni_seq005_Q5T,Nb252 reported_seq Q5T,Nb252 IMGT 5 Q>T,Nb252 chain C auth Q5T,5,Q,T,FR1,False,2,8162502,Nb252_WT_pos005_rep02_seed8162502,385.2573949004187,-73.80295264407516,-95.72357774114407,-120.97782371993605,16.706553569582624,24,37,0.9166666666666666,0.8918918918918919,0.04404420919485166,2.311070546552814,33;37;45;47;50;53;58;98;100;102;103;104;105;106;107;108;109;110;111;112;113;114;115;116,33;40;44;82;86;89;90;93;96;97;98;99;101;102;105;106;109;110;172;174;177;178;179;180;181;182;269;277;278;279;290;293;294;297;298;301;302,24,37,1.0,1.0,0.49887042802049564,0.2959506834394432,0.2918222071422534,True,True,True,True,True,pass,Nb252_WT_pos005_rep02_seed8162502,5,2;3;4;5;6;7;8;14;15;16;17;81;82;83;103;104;105;106,1;2;3;4;5;6;7;8;14;15;16;17;18;19;20;21;22;23;24;25;26;31;32;33;34;35;36;37;38;39;40;41;42;43;44;45;46;60;81;82;83;84;85;86;87;88;89;90;91;92;93;94;95;96;97;98;99;100;101;102;103;104;105;106;116;117;118;119;120;121;122;123;124;125;126;127;128;129;130;131;133;165;168;169;170;171;172;173;174;175;176;177;178;179;180;181;182;183;184;185;186;187;188;189;190;191;192;193;194;195;196;197;198;199;252;256;257;258;259;260;261;262;263;264;265;266;267;268;269;341;344;349;351;352;353;354;355;356;357;358;361;364;365;366;367;368;369;370;371;372;373;374;375;376;377,155
Nb252_uni_seq005_Q5V,Nb252 reported_seq Q5V,Nb252 IMGT 5 Q>V,Nb252 chain C auth Q5V,5,Q,V,FR1,False,2,8162502,Nb252_WT_pos005_rep02_seed8162502,381.63237695091584,-74.10290179724694,-96.27017374892436,-120.78891268888887,16.277479173714042,24,36,0.9166666666666666,0.8918918918918919,0.044479873964036604,2.30684711767864,33;37;45;47;50;53;58;98;100;102;103;104;105;106;107;108;109;110;111;112;113;114;115;116,33;40;44;82;86;89;90;93;96;97;98;99;101;102;105;109;110;172;174;177;178;179;180;181;182;269;277;278;279;290;293;294;297;298;301;302,24,37,1.0,0.972972972972973,0.1989212748487148,-0.2506453243408515,-0.13725218872632894,True,True,True,True,True,pass,Nb252_WT_pos005_rep02_seed8162502,5,2;3;4;5;6;7;8;14;15;16;17;81;82;83;103;104;105;106,1;2;3;4;5;6;7;8;14;15;16;17;18;19;20;21;22;23;24;25;26;31;32;33;34;35;36;37;38;39;40;41;42;43;44;45;46;60;81;82;83;84;85;86;87;88;89;90;91;92;93;94;95;96;97;98;99;100;101;102;103;104;105;106;116;117;118;119;120;121;122;123;124;125;126;127;128;129;130;131;133;165;168;169;170;171;172;173;174;175;176;177;178;179;180;181;182;183;184;185;186;187;188;189;190;191;192;193;194;195;196;197;198;199;252;256;257;258;259;260;261;262;263;264;265;266;267;268;269;341;344;349;351;352;353;354;355;356;357;358;361;364;365;366;367;368;369;370;371;372;373;374;375;376;377,155
Nb252_uni_seq005_Q5A,Nb252 reported_seq Q5A,Nb252 IMGT 5 Q>A,Nb252 chain C auth Q5A,5,Q,A,FR1,False,3,8162503,Nb252_WT_pos005_rep03_seed8162503,380.94646165323235,-74.18785562199719,-96.4392588476804,-120.7629345462404,16.079207345972602,24,37,0.9166666666666666,0.8918918918918919,0.04493700868365775,2.3173073225344933,33;37;45;47;50;53;58;98;100;102;103;104;105;106;107;108;109;110;111;112;113;114;115;116,33;40;44;82;86;89;90;93;96;97;98;99;101;102;105;106;109;110;172;174;177;178;179;180;181;182;269;277;278;279;290;293;294;297;298;301;302,24,37,1.0,1.0,-0.18348411649651553,-0.24138205401834512,-0.2880142900870126,True,True,True,True,True,pass,Nb252_WT_pos005_rep03_seed8162503,5,2;3;4;5;6;7;8;14;15;16;17;81;82;83;103;104;105;106,1;2;3;4;5;6;7;8;14;15;16;17;18;19;20;21;22;23;24;25;26;31;32;33;34;35;36;37;38;39;40;41;42;43;44;45;46;60;81;82;83;84;85;86;87;88;89;90;91;92;93;94;95;96;97;98;99;100;101;102;103;104;105;106;116;117;118;119;120;121;122;123;124;125;126;127;128;129;130;131;133;165;168;169;170;171;172;173;174;175;176;177;178;179;180;181;182;183;184;185;186;187;188;189;190;191;192;193;194;195;196;197;198;199;252;256;257;258;259;260;261;262;263;264;265;266;267;268;269;341;344;349;351;352;353;354;355;356;357;358;361;364;365;366;367;368;369;370;371;372;373;374;375;376;377,155
Nb252_uni_seq005_Q5E,Nb252 reported_seq Q5E,Nb252 IMGT 5 Q>E,Nb252 chain C auth Q5E,5,Q,E,FR1,False,3,8162503,Nb252_WT_pos005_rep03_seed8162503,380.4779059169125,-73.70822231371687,-95.98479048291635,-120.8527071185971,16.36385831597457,24,37,0.9166666666666666,0.8918918918918919,0.04474598464324391,2.308325597758134,33;37;45;47;50;53;58;98;100;102;103;104;105;106;107;108;109;110;111;112;113;114;115;116,33;40;44;82;86;89;90;93;96;97;98;99;101;102;105;106;109;110;172;174;177;178;179;180;181;182;269;277;278;279;290;293;294;297;298;301;302,24,37,1.0,1.0,0.2961491917837975,0.21308631074570883,-0.003363320085043142,True,True,True,True,True,pass,Nb252_WT_pos005_rep03_seed8162503,5,2;3;4;5;6;7;8;14;15;16;17;81;82;83;103;104;105;106,1;2;3;4;5;6;7;8;14;15;16;17;18;19;20;21;22;23;24;25;26;31;32;33;34;35;36;37;38;39;40;41;42;43;44;45;46;60;81;82;83;84;85;86;87;88;89;90;91;92;93;94;95;96;97;98;99;100;101;102;103;104;105;106;116;117;118;119;120;121;122;123;124;125;126;127;128;129;130;131;133;165;168;169;170;171;172;173;174;175;176;177;178;179;180;181;182;183;184;185;186;187;188;189;190;191;192;193;194;195;196;197;198;199;252;256;257;258;259;260;261;262;263;264;265;266;267;268;269;341;344;349;351;352;353;354;355;356;357;358;361;364;365;366;367;368;369;370;371;372;373;374;375;376;377,155
Nb252_uni_seq005_Q5I,Nb252 reported_seq Q5I,Nb252 IMGT 5 Q>I,Nb252 chain C auth Q5I,5,Q,I,FR1,False,3,8162503,Nb252_WT_pos005_rep03_seed8162503,383.4634707364561,-74.95900412030664,-95.53514299435062,-120.90933139399125,16.632005980282816,24,38,0.9166666666666666,0.918918918918919,0.04454112277583352,2.3056255360723004,33;37;45;47;50;53;58;98;100;102;103;104;105;106;107;108;109;110;111;112;113;114;115;116,33;37;40;44;82;86;89;90;93;96;97;98;99;101;102;105;106;109;110;172;174;177;178;179;180;181;182;269;277;278;279;290;293;294;297;298;301;302,24,37,1.0,1.0,-0.9546326148059734,0.6627337993114395,0.26478434422320163,True,True,True,True,True,pass,Nb252_WT_pos005_rep03_seed8162503,5,2;3;4;5;6;7;8;14;15;16;17;81;82;83;103;104;105;106,1;2;3;4;5;6;7;8;14;15;16;17;18;19;20;21;22;23;24;25;26;31;32;33;34;35;36;37;38;39;40;41;42;43;44;45;46;60;81;82;83;84;85;86;87;88;89;90;91;92;93;94;95;96;97;98;99;100;101;102;103;104;105;106;116;117;118;119;120;121;122;123;124;125;126;127;128;129;130;131;133;165;168;169;170;171;172;173;174;175;176;177;178;179;180;181;182;183;184;185;186;187;188;189;190;191;192;193;194;195;196;197;198;199;252;256;257;258;259;260;261;262;263;264;265;266;267;268;269;341;344;349;351;352;353;354;355;356;357;358;361;364;365;366;367;368;369;370;371;372;373;374;375;376;377,155
Nb252_uni_seq005_Q5L,Nb252 reported_seq Q5L,Nb252 IMGT 5 Q>L,Nb252 chain C auth Q5L,5,Q,L,FR1,False,3,8162503,Nb252_WT_pos005_rep03_seed8162503,381.2070358540412,-73.85950596508366,-95.76882274557514,-121.10590824113122,16.765493358790415,24,37,0.9166666666666666,0.8918918918918919,0.04410146540953549,2.303808733834284,33;37;45;47;50;53;58;98;100;102;103;104;105;106;107;108;109;110;111;112;113;114;115;116,33;40;44;82;86;89;90;93;96;97;98;99;101;102;105;106;109;110;172;174;177;178;179;180;181;182;269;277;278;279;290;293;294;297;298;301;302,24,37,1.0,1.0,0.14486554041701538,0.4290540480869254,0.3982717227308008,True,True,True,True,True,pass,Nb252_WT_pos005_rep03_seed8162503,5,2;3;4;5;6;7;8;14;15;16;17;81;82;83;103;104;105;106,1;2;3;4;5;6;7;8;14;15;16;17;18;19;20;21;22;23;24;25;26;31;32;33;34;35;36;37;38;39;40;41;42;43;44;45;46;60;81;82;83;84;85;86;87;88;89;90;91;92;93;94;95;96;97;98;99;100;101;102;103;104;105;106;116;117;118;119;120;121;122;123;124;125;126;127;128;129;130;131;133;165;168;169;170;171;172;173;174;175;176;177;178;179;180;181;182;183;184;185;186;187;188;189;190;191;192;193;194;195;196;197;198;199;252;256;257;258;259;260;261;262;263;264;265;266;267;268;269;341;344;349;351;352;353;354;355;356;357;358;361;364;365;366;367;368;369;370;371;372;373;374;375;376;377,155
Nb252_uni_seq005_Q5P,Nb252 reported_seq Q5P,Nb252 IMGT 5 Q>P,Nb252 chain C auth Q5P,5,Q,P,FR1,False,3,8162503,Nb252_WT_pos005_rep03_seed8162503,401.71311068895966,-69.80752772735491,-91.78789302189094,-121.54550039562612,18.012355026958783,24,38,0.9166666666666666,0.918918918918919,0.043802466772528414,2.31841584474045,33;37;45;47;50;53;58;98;100;102;103;104;105;106;107;108;109;110;111;112;113;114;115;116,33;37;40;44;82;86;89;90;93;96;97;98;99;101;102;105;106;109;110;172;174;177;178;179;180;181;182;269;277;278;279;290;293;294;297;298;301;302,24,37,1.0,1.0,4.196843778145762,4.409983771771124,1.6451333908991685,True,True,True,True,True,pass,Nb252_WT_pos005_rep03_seed8162503,5,2;3;4;5;6;7;8;14;15;16;17;81;82;83;103;104;105;106,1;2;3;4;5;6;7;8;14;15;16;17;18;19;20;21;22;23;24;25;26;31;32;33;34;35;36;37;38;39;40;41;42;43;44;45;46;60;81;82;83;84;85;86;87;88;89;90;91;92;93;94;95;96;97;98;99;100;101;102;103;104;105;106;116;117;118;119;120;121;122;123;124;125;126;127;128;129;130;131;133;165;168;169;170;171;172;173;174;175;176;177;178;179;180;181;182;183;184;185;186;187;188;189;190;191;192;193;194;195;196;197;198;199;252;256;257;258;259;260;261;262;263;264;265;266;267;268;269;341;344;349;351;352;353;354;355;356;357;358;361;364;365;366;367;368;369;370;371;372;373;374;375;376;377,155
Nb252_uni_seq005_Q5T,Nb252 reported_seq Q5T,Nb252 IMGT 5 Q>T,Nb252 chain C auth Q5T,5,Q,T,FR1,False,3,8162503,Nb252_WT_pos005_rep03_seed8162503,383.0505991753439,-74.11746633776568,-96.23185720669758,-120.703931745424,16.249472420895714,24,37,0.9166666666666666,0.8918918918918919,0.0446974444340855,2.3117162172868335,33;37;45;47;50;53;58;98;100;102;103;104;105;106;107;108;109;110;111;112;113;114;115;116,33;40;44;82;86;89;90;93;96;97;98;99;101;102;105;106;109;110;172;174;177;178;179;180;181;182;269;277;278;279;290;293;294;297;298;301;302,24,37,1.0,1.0,-0.11309483226500561,-0.033980413035521906,-0.1177492151639008,True,True,True,True,True,pass,Nb252_WT_pos005_rep03_seed8162503,5,2;3;4;5;6;7;8;14;15;16;17;81;82;83;103;104;105;106,1;2;3;4;5;6;7;8;14;15;16;17;18;19;20;21;22;23;24;25;26;31;32;33;34;35;36;37;38;39;40;41;42;43;44;45;46;60;81;82;83;84;85;86;87;88;89;90;91;92;93;94;95;96;97;98;99;100;101;102;103;104;105;106;116;117;118;119;120;121;122;123;124;125;126;127;128;129;130;131;133;165;168;169;170;171;172;173;174;175;176;177;178;179;180;181;182;183;184;185;186;187;188;189;190;191;192;193;194;195;196;197;198;199;252;256;257;258;259;260;261;262;263;264;265;266;267;268;269;341;344;349;351;352;353;354;355;356;357;358;361;364;365;366;367;368;369;370;371;372;373;374;375;376;377,155
Nb252_uni_seq005_Q5V,Nb252 reported_seq Q5V,Nb252 IMGT 5 Q>V,Nb252 chain C auth Q5V,5,Q,V,FR1,False,3,8162503,Nb252_WT_pos005_rep03_seed8162503,381.63237695091584,-75.98512881715646,-96.27017374892436,-120.78891268888887,16.277479173714042,24,36,0.9166666666666666,0.8918918918918919,0.044479873964036604,2.30684711767864,33;37;45;47;50;53;58;98;100;102;103;104;105;106;107;108;109;110;111;112;113;114;115;116,33;40;44;82;86;89;90;93;96;97;98;99;101;102;105;109;110;172;174;177;178;179;180;181;182;269;277;278;279;290;293;294;297;298;301;302,24,37,1.0,0.972972972972973,-1.9807573116557933,-0.07229695526230273,-0.0897424623455727,True,True,True,True,True,pass,Nb252_WT_pos005_rep03_seed8162503,5,2;3;4;5;6;7;8;14;15;16;17;81;82;83;103;104;105;106,1;2;3;4;5;6;7;8;14;15;16;17;18;19;20;21;22;23;24;25;26;31;32;33;34;35;36;37;38;39;40;41;42;43;44;45;46;60;81;82;83;84;85;86;87;88;89;90;91;92;93;94;95;96;97;98;99;100;101;102;103;104;105;106;116;117;118;119;120;121;122;123;124;125;126;127;128;129;130;131;133;165;168;169;170;171;172;173;174;175;176;177;178;179;180;181;182;183;184;185;186;187;188;189;190;191;192;193;194;195;196;197;198;199;252;256;257;258;259;260;261;262;263;264;265;266;267;268;269;341;344;349;351;352;353;354;355;356;357;358;361;364;365;366;367;368;369;370;371;372;373;374;375;376;377,155
Nb252_uni_seq023_A23Q,Nb252 reported_seq A23Q,Nb252 IMGT 24 A>Q,Nb252 chain C auth A23Q,23,A,Q,FR1,False,1,8164301,Nb252_WT_pos023_rep01_seed8164301,365.2720290682306,-73.3296044324627,-95.61318890727658,-120.91244331625306,16.683952884908255,24,38,0.9166666666666666,0.918918918918919,0.04420824869591607,2.3066257095580385,33;37;45;47;50;53;58;98;100;102;103;104;105;106;107;108;109;110;111;112;113;114;115;116,33;37;40;44;82;86;89;90;93;96;97;98;99;101;102;105;106;109;110;172;174;177;178;179;180;181;182;269;277;278;279;290;293;294;297;298;301;302,24,38,1.0,1.0,-1.1657594378986005,-0.22855740670273406,-0.20728391960430415,True,True,True,True,True,pass,Nb252_WT_pos023_rep01_seed8164301,16,2;3;4;5;6;7;8;13;14;15;16;17;62;63;64;65,1;2;3;4;5;6;7;8;13;14;15;16;17;18;19;20;21;22;23;24;25;26;31;32;33;34;35;36;37;38;39;40;41;42;43;44;45;46;60;62;63;64;65;81;82;83;84;85;86;87;88;89;90;91;92;93;94;95;96;97;98;99;100;101;102;103;104;105;116;117;118;119;120;121;122;123;124;125;126;127;128;129;130;131;133;165;168;169;170;171;172;173;174;175;176;177;178;179;180;181;182;183;184;185;186;187;188;189;190;191;192;193;194;195;196;197;198;199;252;256;257;258;259;260;261;262;263;264;265;266;267;268;269;341;344;349;351;352;353;354;355;356;357;358;361;364;365;366;367;368;369;370;371;372;373;374;375;376;377,159
Nb252_uni_seq023_A23R,Nb252 reported_seq A23R,Nb252 IMGT 24 A>R,Nb252 chain C auth A23R,23,A,R,FR1,False,1,8164301,Nb252_WT_pos023_rep01_seed8164301,367.128295399918,-73.04010605768462,-95.36706645653477,-120.98486664975547,16.807559665549523,24,38,0.9166666666666666,0.918918918918919,0.043883394548020926,2.3102959759226613,33;37;45;47;50;53;58;98;100;102;103;104;105;106;107;108;109;110;111;112;113;114;115;116,33;37;40;44;82;86;89;90;93;96;97;98;99;101;102;105;106;109;110;172;174;177;178;179;180;181;182;269;277;278;279;290;293;294;297;298;301;302,24,38,1.0,1.0,-0.8762610631205234,0.017565044039073996,-0.08367713896303641,True,True,True,True,True,pass,Nb252_WT_pos023_rep01_seed8164301,16,2;3;4;5;6;7;8;13;14;15;16;17;62;63;64;65,1;2;3;4;5;6;7;8;13;14;15;16;17;18;19;20;21;22;23;24;25;26;31;32;33;34;35;36;37;38;39;40;41;42;43;44;45;46;60;62;63;64;65;81;82;83;84;85;86;87;88;89;90;91;92;93;94;95;96;97;98;99;100;101;102;103;104;105;116;117;118;119;120;121;122;123;124;125;126;127;128;129;130;131;133;165;168;169;170;171;172;173;174;175;176;177;178;179;180;181;182;183;184;185;186;187;188;189;190;191;192;193;194;195;196;197;198;199;252;256;257;258;259;260;261;262;263;264;265;266;267;268;269;341;344;349;351;352;353;354;355;356;357;358;361;364;365;366;367;368;369;370;371;372;373;374;375;376;377,159
Nb252_uni_seq023_A23S,Nb252 reported_seq A23S,Nb252 IMGT 24 A>S,Nb252 chain C auth A23S,23,A,S,FR1,False,1,8164301,Nb252_WT_pos023_rep01_seed8164301,365.60236032112584,-73.11694883347167,-95.45444797040233,-121.00091532144233,16.75354932589187,24,38,0.9166666666666666,0.918918918918919,0.043912083516477726,2.3136750590202384,33;37;45;47;50;53;58;98;100;102;103;104;105;106;107;108;109;110;111;112;113;114;115;116,33;37;40;44;82;86;89;90;93;96;97;98;99;101;102;105;106;109;110;172;174;177;178;179;180;181;182;269;277;278;279;290;293;294;297;298;301;302,24,38,1.0,1.0,-0.9531038389075661,-0.06981646982848133,-0.13768747862068764,True,True,True,True,True,pass,Nb252_WT_pos023_rep01_seed8164301,16,2;3;4;5;6;7;8;13;14;15;16;17;62;63;64;65,1;2;3;4;5;6;7;8;13;14;15;16;17;18;19;20;21;22;23;24;25;26;31;32;33;34;35;36;37;38;39;40;41;42;43;44;45;46;60;62;63;64;65;81;82;83;84;85;86;87;88;89;90;91;92;93;94;95;96;97;98;99;100;101;102;103;104;105;116;117;118;119;120;121;122;123;124;125;126;127;128;129;130;131;133;165;168;169;170;171;172;173;174;175;176;177;178;179;180;181;182;183;184;185;186;187;188;189;190;191;192;193;194;195;196;197;198;199;252;256;257;258;259;260;261;262;263;264;265;266;267;268;269;341;344;349;351;352;353;354;355;356;357;358;361;364;365;366;367;368;369;370;371;372;373;374;375;376;377,159
Nb252_uni_seq023_A23Q,Nb252 reported_seq A23Q,Nb252 IMGT 24 A>Q,Nb252 chain C auth A23Q,23,A,Q,FR1,False,2,8164302,Nb252_WT_pos023_rep02_seed8164302,365.41938670392335,-72.05659600590684,-95.35560250349585,-120.96148400641746,16.83368562169646,24,38,0.9166666666666666,0.918918918918919,0.043993712671782655,2.3072537287170896,33;37;45;47;50;53;58;98;100;102;103;104;105;106;107;108;109;110;111;112;113;114;115;116,33;37;40;44;82;86;89;90;93;96;97;98;99;101;102;105;106;109;110;172;174;177;178;179;180;181;182;269;277;278;279;290;293;294;297;298;301;302,24,38,1.0,1.0,1.4702987952105673,0.029028997078000884,-0.05755118281609839,True,True,True,True,True,pass,Nb252_WT_pos023_rep02_seed8164302,16,2;3;4;5;6;7;8;13;14;15;16;17;62;63;64;65,1;2;3;4;5;6;7;8;13;14;15;16;17;18;19;20;21;22;23;24;25;26;31;32;33;34;35;36;37;38;39;40;41;42;43;44;45;46;60;62;63;64;65;81;82;83;84;85;86;87;88;89;90;91;92;93;94;95;96;97;98;99;100;101;102;103;104;105;116;117;118;119;120;121;122;123;124;125;126;127;128;129;130;131;133;165;168;169;170;171;172;173;174;175;176;177;178;179;180;181;182;183;184;185;186;187;188;189;190;191;192;193;194;195;196;197;198;199;252;256;257;258;259;260;261;262;263;264;265;266;267;268;269;341;344;349;351;352;353;354;355;356;357;358;361;364;365;366;367;368;369;370;371;372;373;374;375;376;377,159
Nb252_uni_seq023_A23R,Nb252 reported_seq A23R,Nb252 IMGT 24 A>R,Nb252 chain C auth A23R,23,A,R,FR1,False,2,8164302,Nb252_WT_pos023_rep02_seed8164302,367.128295399918,-73.04010605768462,-95.36706645653477,-120.98486664975547,16.807559665549523,24,38,0.9166666666666666,0.918918918918919,0.043883394548020926,2.3102959759226613,33;37;45;47;50;53;58;98;100;102;103;104;105;106;107;108;109;110;111;112;113;114;115;116,33;37;40;44;82;86;89;90;93;96;97;98;99;101;102;105;106;109;110;172;174;177;178;179;180;181;182;269;277;278;279;290;293;294;297;298;301;302,24,38,1.0,1.0,0.48678874343278267,0.017565044039073996,-0.08367713896303641,True,True,True,True,True,pass,Nb252_WT_pos023_rep02_seed8164302,16,2;3;4;5;6;7;8;13;14;15;16;17;62;63;64;65,1;2;3;4;5;6;7;8;13;14;15;16;17;18;19;20;21;22;23;24;25;26;31;32;33;34;35;36;37;38;39;40;41;42;43;44;45;46;60;62;63;64;65;81;82;83;84;85;86;87;88;89;90;91;92;93;94;95;96;97;98;99;100;101;102;103;104;105;116;117;118;119;120;121;122;123;124;125;126;127;128;129;130;131;133;165;168;169;170;171;172;173;174;175;176;177;178;179;180;181;182;183;184;185;186;187;188;189;190;191;192;193;194;195;196;197;198;199;252;256;257;258;259;260;261;262;263;264;265;266;267;268;269;341;344;349;351;352;353;354;355;356;357;358;361;364;365;366;367;368;369;370;371;372;373;374;375;376;377,159
Nb252_uni_seq023_A23S,Nb252 reported_seq A23S,Nb252 IMGT 24 A>S,Nb252 chain C auth A23S,23,A,S,FR1,False,2,8164302,Nb252_WT_pos023_rep02_seed8164302,365.60236032112584,-73.11694883347167,-95.45444797040233,-121.00091532144233,16.75354932589187,24,38,0.9166666666666666,0.918918918918919,0.043912083516477726,2.3136750590202384,33;37;45;47;50;53;58;98;100;102;103;104;105;106;107;108;109;110;111;112;113;114;115;116,33;37;40;44;82;86;89;90;93;96;97;98;99;101;102;105;106;109;110;172;174;177;178;179;180;181;182;269;277;278;279;290;293;294;297;298;301;302,24,38,1.0,1.0,0.40994596764574,-0.06981646982848133,-0.13768747862068764,True,True,True,True,True,pass,Nb252_WT_pos023_rep02_seed8164302,16,2;3;4;5;6;7;8;13;14;15;16;17;62;63;64;65,1;2;3;4;5;6;7;8;13;14;15;16;17;18;19;20;21;22;23;24;25;26;31;32;33;34;35;36;37;38;39;40;41;42;43;44;45;46;60;62;63;64;65;81;82;83;84;85;86;87;88;89;90;91;92;93;94;95;96;97;98;99;100;101;102;103;104;105;116;117;118;119;120;121;122;123;124;125;126;127;128;129;130;131;133;165;168;169;170;171;172;173;174;175;176;177;178;179;180;181;182;183;184;185;186;187;188;189;190;191;192;193;194;195;196;197;198;199;252;256;257;258;259;260;261;262;263;264;265;266;267;268;269;341;344;349;351;352;353;354;355;356;357;358;361;364;365;366;367;368;369;370;371;372;373;374;375;376;377,159
Nb252_uni_seq023_A23Q,Nb252 reported_seq A23Q,Nb252 IMGT 24 A>Q,Nb252 chain C auth A23Q,23,A,Q,FR1,False,3,8164303,Nb252_WT_pos023_rep03_seed8164303,365.41938670392335,-73.01716465810114,-95.35560250349585,-120.96148400641746,16.83368562169646,24,38,0.9166666666666666,0.918918918918919,0.043993712671782655,2.3072537287170896,33;37;45;47;50;53;58;98;100;102;103;104;105;106;107;108;109;110;111;112;113;114;115;116,33;37;40;44;82;86;89;90;93;96;97;98;99;101;102;105;106;109;110;172;174;177;178;179;180;181;182;269;277;278;279;290;293;294;297;298;301;302,24,37,1.0,1.0,0.5532885640101881,0.3701700830283272,0.10055604702157694,True,True,True,True,True,pass,Nb252_WT_pos023_rep03_seed8164303,16,2;3;4;5;6;7;8;13;14;15;16;17;62;63;64;65,1;2;3;4;5;6;7;8;13;14;15;16;17;18;19;20;21;22;23;24;25;26;31;32;33;34;35;36;37;38;39;40;41;42;43;44;45;46;60;62;63;64;65;81;82;83;84;85;86;87;88;89;90;91;92;93;94;95;96;97;98;99;100;101;102;103;104;105;116;117;118;119;120;121;122;123;124;125;126;127;128;129;130;131;133;165;168;169;170;171;172;173;174;175;176;177;178;179;180;181;182;183;184;185;186;187;188;189;190;191;192;193;194;195;196;197;198;199;252;256;257;258;259;260;261;262;263;264;265;266;267;268;269;341;344;349;351;352;353;354;355;356;357;358;361;364;365;366;367;368;369;370;371;372;373;374;375;376;377,159
Nb252_uni_seq023_A23R,Nb252 reported_seq A23R,Nb252 IMGT 24 A>R,Nb252 chain C auth A23R,23,A,R,FR1,False,3,8164303,Nb252_WT_pos023_rep03_seed8164303,367.128295399918,-72.50493050749367,-95.36706645653477,-120.98486664975547,16.807559665549523,24,38,0.9166666666666666,0.918918918918919,0.043883394548020926,2.3102959759226613,33;37;45;47;50;53;58;98;100;102;103;104;105;106;107;108;109;110;111;112;113;114;115;116,33;37;40;44;82;86;89;90;93;96;97;98;99;101;102;105;106;109;110;172;174;177;178;179;180;181;182;269;277;278;279;290;293;294;297;298;301;302,24,37,1.0,1.0,1.0655227146176571,0.3587061299894003,0.07443009087463892,True,True,True,True,True,pass,Nb252_WT_pos023_rep03_seed8164303,16,2;3;4;5;6;7;8;13;14;15;16;17;62;63;64;65,1;2;3;4;5;6;7;8;13;14;15;16;17;18;19;20;21;22;23;24;25;26;31;32;33;34;35;36;37;38;39;40;41;42;43;44;45;46;60;62;63;64;65;81;82;83;84;85;86;87;88;89;90;91;92;93;94;95;96;97;98;99;100;101;102;103;104;105;116;117;118;119;120;121;122;123;124;125;126;127;128;129;130;131;133;165;168;169;170;171;172;173;174;175;176;177;178;179;180;181;182;183;184;185;186;187;188;189;190;191;192;193;194;195;196;197;198;199;252;256;257;258;259;260;261;262;263;264;265;266;267;268;269;341;344;349;351;352;353;354;355;356;357;358;361;364;365;366;367;368;369;370;371;372;373;374;375;376;377,159
Nb252_uni_seq023_A23S,Nb252 reported_seq A23S,Nb252 IMGT 24 A>S,Nb252 chain C auth A23S,23,A,S,FR1,False,3,8164303,Nb252_WT_pos023_rep03_seed8164303,365.60236032112584,-73.52065271230725,-95.45444797040233,-121.00091532144233,16.75354932589187,24,38,0.9166666666666666,0.918918918918919,0.043912083516477726,2.3136750590202384,33;37;45;47;50;53;58;98;100;102;103;104;105;106;107;108;109;110;111;112;113;114;115;116,33;37;40;44;82;86;89;90;93;96;97;98;99;101;102;105;106;109;110;172;174;177;178;179;180;181;182;269;277;278;279;290;293;294;297;298;301;302,24,37,1.0,1.0,0.049800509804072135,0.271324616121845,0.02041975121698769,True,True,True,True,True,pass,Nb252_WT_pos023_rep03_seed8164303,16,2;3;4;5;6;7;8;13;14;15;16;17;62;63;64;65,1;2;3;4;5;6;7;8;13;14;15;16;17;18;19;20;21;22;23;24;25;26;31;32;33;34;35;36;37;38;39;40;41;42;43;44;45;46;60;62;63;64;65;81;82;83;84;85;86;87;88;89;90;91;92;93;94;95;96;97;98;99;100;101;102;103;104;105;116;117;118;119;120;121;122;123;124;125;126;127;128;129;130;131;133;165;168;169;170;171;172;173;174;175;176;177;178;179;180;181;182;183;184;185;186;187;188;189;190;191;192;193;194;195;196;197;198;199;252;256;257;258;259;260;261;262;263;264;265;266;267;268;269;341;344;349;351;352;353;354;355;356;357;358;361;364;365;366;367;368;369;370;371;372;373;374;375;376;377,159
Nb252_uni_seq030_F30A,Nb252 reported_seq F30A,Nb252 IMGT 35 F>A,Nb252 chain C auth F30A,30,F,A,CDR1,False,1,8165001,Nb252_WT_pos030_rep01_seed8165001,422.1006842037244,-72.97182912700146,-96.36585676704274,-120.93117897099562,16.331190214762383,24,37,0.9166666666666666,0.8918918918918919,0.04448741081992185,2.3174914266617384,33;37;45;47;50;53;58;98;100;102;103;104;105;106;107;108;109;110;111;112;113;114;115;116,33;40;44;82;86;89;90;93;96;97;98;99;101;102;105;106;109;110;172;174;177;178;179;180;181;182;269;277;278;279;290;293;294;297;298;301;302,24,37,1.0,1.0,-0.3019333228599521,-0.2611335529723249,-0.32143247526578733,True,True,True,True,True,pass,Nb252_WT_pos030_rep01_seed8165001,17,16;17;18;19;20;39;40;41;59;60;61;117;118;119,1;2;4;16;17;18;19;20;21;22;23;24;25;26;31;32;33;34;35;36;37;38;39;40;41;42;43;44;45;46;59;60;61;81;82;83;84;85;86;87;88;89;90;91;92;93;94;95;96;97;98;99;100;101;102;103;104;105;116;117;118;119;120;121;122;123;124;125;126;127;128;129;130;131;133;165;168;169;170;171;172;173;174;175;176;177;178;179;180;181;182;183;184;185;186;187;188;189;190;191;192;193;194;195;196;197;198;199;252;256;257;258;259;260;261;262;263;264;265;266;267;268;269;341;344;349;351;352;353;354;355;356;357;358;361;364;365;366;367;368;369;370;371;372;373;374;375;376;377,149
Nb252_uni_seq030_F30K,Nb252 reported_seq F30K,Nb252 IMGT 35 F>K,Nb252 chain C auth F30K,30,F,K,CDR1,False,1,8165001,Nb252_WT_pos030_rep01_seed8165001,420.418034807483,-73.99895055928317,-96.53659062679547,-121.96388186547468,16.0712823940422,24,37,0.9166666666666666,0.8918918918918919,0.045075709821581066,2.314016116415664,33;37;45;47;50;53;58;98;100;102;103;104;105;106;107;108;109;110;111;112;113;114;115;116,33;40;44;82;86;89;90;93;96;97;98;99;101;102;105;106;109;110;172;174;177;178;179;180;181;182;269;277;278;279;290;293;294;297;298;301;302,24,37,1.0,1.0,-1.3290547551416694,-0.4318674127250546,-0.5813402959859708,True,True,True,True,True,pass,Nb252_WT_pos030_rep01_seed8165001,17,16;17;18;19;20;39;40;41;59;60;61;117;118;119,1;2;4;16;17;18;19;20;21;22;23;24;25;26;31;32;33;34;35;36;37;38;39;40;41;42;43;44;45;46;59;60;61;81;82;83;84;85;86;87;88;89;90;91;92;93;94;95;96;97;98;99;100;101;102;103;104;105;116;117;118;119;120;121;122;123;124;125;126;127;128;129;130;131;133;165;168;169;170;171;172;173;174;175;176;177;178;179;180;181;182;183;184;185;186;187;188;189;190;191;192;193;194;195;196;197;198;199;252;256;257;258;259;260;261;262;263;264;265;266;267;268;269;341;344;349;351;352;353;354;355;356;357;358;361;364;365;366;367;368;369;370;371;372;373;374;375;376;377,149
Nb252_uni_seq030_F30P,Nb252 reported_seq F30P,Nb252 IMGT 35 F>P,Nb252 chain C auth F30P,30,F,P,CDR1,False,1,8165001,Nb252_WT_pos030_rep01_seed8165001,419.7772599077523,-73.82752556852904,-96.25113580025446,-121.20107083181898,16.509981260544446,24,37,0.9166666666666666,0.8918918918918919,0.04481601038742688,2.3086300880084387,33;37;45;47;50;53;58;98;100;102;103;104;105;106;107;108;109;110;111;112;113;114;115;116,33;40;44;82;86;89;90;93;96;97;98;99;101;102;105;106;109;110;172;174;177;178;179;180;181;182;269;277;278;279;290;293;294;297;298;301;302,24,37,1.0,1.0,-1.1576297643875364,-0.14641258618404152,-0.14264142948372438,True,True,True,True,True,pass,Nb252_WT_pos030_rep01_seed8165001,17,16;17;18;19;20;39;40;41;59;60;61;117;118;119,1;2;4;16;17;18;19;20;21;22;23;24;25;26;31;32;33;34;35;36;37;38;39;40;41;42;43;44;45;46;59;60;61;81;82;83;84;85;86;87;88;89;90;91;92;93;94;95;96;97;98;99;100;101;102;103;104;105;116;117;118;119;120;121;122;123;124;125;126;127;128;129;130;131;133;165;168;169;170;171;172;173;174;175;176;177;178;179;180;181;182;183;184;185;186;187;188;189;190;191;192;193;194;195;196;197;198;199;252;256;257;258;259;260;261;262;263;264;265;266;267;268;269;341;344;349;351;352;353;354;355;356;357;358;361;364;365;366;367;368;369;370;371;372;373;374;375;376;377,149
Nb252_uni_seq030_F30Q,Nb252 reported_seq F30Q,Nb252 IMGT 35 F>Q,Nb252 chain C auth F30Q,30,F,Q,CDR1,False,1,8165001,Nb252_WT_pos030_rep01_seed8165001,420.82639940379283,-74.31241764835971,-97.99791657172172,-122.2962419964914,16.59098266364853,25,38,0.9166666666666666,0.918918918918919,0.04441660919577069,2.3120605275004675,30;33;37;45;47;50;53;58;98;100;102;103;104;105;106;107;108;109;110;111;112;113;114;115;116,32;33;40;44;82;86;89;90;93;96;97;98;99;101;102;105;106;109;110;172;174;177;178;179;180;181;182;269;277;278;279;290;293;294;297;298;301;302,24,37,1.0,1.0,-1.6425218442182086,-1.893193357651299,-0.061640026379642165,True,True,True,True,True,pass,Nb252_WT_pos030_rep01_seed8165001,17,16;17;18;19;20;39;40;41;59;60;61;117;118;119,1;2;4;16;17;18;19;20;21;22;23;24;25;26;31;32;33;34;35;36;37;38;39;40;41;42;43;44;45;46;59;60;61;81;82;83;84;85;86;87;88;89;90;91;92;93;94;95;96;97;98;99;100;101;102;103;104;105;116;117;118;119;120;121;122;123;124;125;126;127;128;129;130;131;133;165;168;169;170;171;172;173;174;175;176;177;178;179;180;181;182;183;184;185;186;187;188;189;190;191;192;193;194;195;196;197;198;199;252;256;257;258;259;260;261;262;263;264;265;266;267;268;269;341;344;349;351;352;353;354;355;356;357;358;361;364;365;366;367;368;369;370;371;372;373;374;375;376;377,149
Nb252_uni_seq030_F30R,Nb252 reported_seq F30R,Nb252 IMGT 35 F>R,Nb252 chain C auth F30R,30,F,R,CDR1,False,1,8165001,Nb252_WT_pos030_rep01_seed8165001,420.63469172849113,-74.3646488094825,-96.80567432505518,-122.23798961848023,16.307699631275863,25,38,0.9166666666666666,0.8918918918918919,0.044486677013192165,2.3173691492910335,30;33;37;45;47;50;53;58;98;100;102;103;104;105;106;107;108;109;110;111;112;113;114;115;116,30;33;40;44;82;86;89;90;93;96;97;98;99;101;102;105;106;109;110;172;174;177;178;179;180;181;182;269;277;278;279;290;293;294;297;298;301;302,24,37,1.0,1.0,-1.6947530053409992,-0.7009511109847608,-0.34492305875230755,True,True,True,True,True,pass,Nb252_WT_pos030_rep01_seed8165001,17,16;17;18;19;20;39;40;41;59;60;61;117;118;119,1;2;4;16;17;18;19;20;21;22;23;24;25;26;31;32;33;34;35;36;37;38;39;40;41;42;43;44;45;46;59;60;61;81;82;83;84;85;86;87;88;89;90;91;92;93;94;95;96;97;98;99;100;101;102;103;104;105;116;117;118;119;120;121;122;123;124;125;126;127;128;129;130;131;133;165;168;169;170;171;172;173;174;175;176;177;178;179;180;181;182;183;184;185;186;187;188;189;190;191;192;193;194;195;196;197;198;199;252;256;257;258;259;260;261;262;263;264;265;266;267;268;269;341;344;349;351;352;353;354;355;356;357;358;361;364;365;366;367;368;369;370;371;372;373;374;375;376;377,149
Nb252_uni_seq030_F30S,Nb252 reported_seq F30S,Nb252 IMGT 35 F>S,Nb252 chain C auth F30S,30,F,S,CDR1,False,1,8165001,Nb252_WT_pos030_rep01_seed8165001,421.06606327173506,-72.14792979293225,-95.57596030453003,-120.99122276312083,16.666040738988503,24,37,0.9166666666666666,0.8918918918918919,0.04498396153194445,2.3113256305619965,33;37;45;47;50;53;58;98;100;102;103;104;105;106;107;108;109;110;111;112;113;114;115;116,33;40;44;82;86;89;90;93;96;97;98;99;101;102;105;106;109;110;172;174;177;178;179;180;181;182;269;277;278;279;290;293;294;297;298;301;302,24,37,1.0,1.0,0.5219660112092583,0.5287629095403901,0.013418048960332385,True,True,True,True,True,pass,Nb252_WT_pos030_rep01_seed8165001,17,16;17;18;19;20;39;40;41;59;60;61;117;118;119,1;2;4;16;17;18;19;20;21;22;23;24;25;26;31;32;33;34;35;36;37;38;39;40;41;42;43;44;45;46;59;60;61;81;82;83;84;85;86;87;88;89;90;91;92;93;94;95;96;97;98;99;100;101;102;103;104;105;116;117;118;119;120;121;122;123;124;125;126;127;128;129;130;131;133;165;168;169;170;171;172;173;174;175;176;177;178;179;180;181;182;183;184;185;186;187;188;189;190;191;192;193;194;195;196;197;198;199;252;256;257;258;259;260;261;262;263;264;265;266;267;268;269;341;344;349;351;352;353;354;355;356;357;358;361;364;365;366;367;368;369;370;371;372;373;374;375;376;377,149
Nb252_uni_seq030_F30T,Nb252 reported_seq F30T,Nb252 IMGT 35 F>T,Nb252 chain C auth F30T,30,F,T,CDR1,False,1,8165001,Nb252_WT_pos030_rep01_seed8165001,421.12243182605266,-73.98707667951442,-96.40797176677945,-121.29894380381185,16.61825075000686,24,37,0.9166666666666666,0.8918918918918919,0.044891040374058944,2.3087982449555797,33;37;45;47;50;53;58;98;100;102;103;104;105;106;107;108;109;110;111;112;113;114;115;116,33;40;44;82;86;89;90;93;96;97;98;99;101;102;105;106;109;110;172;174;177;178;179;180;181;182;269;277;278;279;290;293;294;297;298;301;302,24,37,1.0,1.0,-1.3171808753729124,-0.30324855270903583,-0.034371940021308944,True,True,True,True,True,pass,Nb252_WT_pos030_rep01_seed8165001,17,16;17;18;19;20;39;40;41;59;60;61;117;118;119,1;2;4;16;17;18;19;20;21;22;23;24;25;26;31;32;33;34;35;36;37;38;39;40;41;42;43;44;45;46;59;60;61;81;82;83;84;85;86;87;88;89;90;91;92;93;94;95;96;97;98;99;100;101;102;103;104;105;116;117;118;119;120;121;122;123;124;125;126;127;128;129;130;131;133;165;168;169;170;171;172;173;174;175;176;177;178;179;180;181;182;183;184;185;186;187;188;189;190;191;192;193;194;195;196;197;198;199;252;256;257;258;259;260;261;262;263;264;265;266;267;268;269;341;344;349;351;352;353;354;355;356;357;358;361;364;365;366;367;368;369;370;371;372;373;374;375;376;377,149
Nb252_uni_seq030_F30A,Nb252 reported_seq F30A,Nb252 IMGT 35 F>A,Nb252 chain C auth F30A,30,F,A,CDR1,False,2,8165002,Nb252_WT_pos030_rep02_seed8165002,422.1006842037244,-72.97182912700146,-96.36585676704274,-120.93117897099562,16.331190214762383,24,37,0.9166666666666666,0.8918918918918919,0.04448741081992185,2.3174914266617384,33;37;45;47;50;53;58;98;100;102;103;104;105;106;107;108;109;110;111;112;113;114;115;116,33;40;44;82;86;89;90;93;96;97;98;99;101;102;105;106;109;110;172;174;177;178;179;180;181;182;269;277;278;279;290;293;294;297;298;301;302,24,37,1.0,1.0,1.1147725815969807,-0.2611335529723249,-0.32143247526578733,True,True,True,True,True,pass,Nb252_WT_pos030_rep02_seed8165002,17,16;17;18;19;20;39;40;41;59;60;61;117;118;119,1;2;4;16;17;18;19;20;21;22;23;24;25;26;31;32;33;34;35;36;37;38;39;40;41;42;43;44;45;46;59;60;61;81;82;83;84;85;86;87;88;89;90;91;92;93;94;95;96;97;98;99;100;101;102;103;104;105;116;117;118;119;120;121;122;123;124;125;126;127;128;129;130;131;133;165;168;169;170;171;172;173;174;175;176;177;178;179;180;181;182;183;184;185;186;187;188;189;190;191;192;193;194;195;196;197;198;199;252;256;257;258;259;260;261;262;263;264;265;266;267;268;269;341;344;349;351;352;353;354;355;356;357;358;361;364;365;366;367;368;369;370;371;372;373;374;375;376;377,149
Nb252_uni_seq030_F30K,Nb252 reported_seq F30K,Nb252 IMGT 35 F>K,Nb252 chain C auth F30K,30,F,K,CDR1,False,2,8165002,Nb252_WT_pos030_rep02_seed8165002,420.418034807483,-73.04053460096367,-96.53659062679547,-121.96388186547468,16.0712823940422,24,37,0.9166666666666666,0.8918918918918919,0.045075709821581066,2.314016116415664,33;37;45;47;50;53;58;98;100;102;103;104;105;106;107;108;109;110;111;112;113;114;115;116,33;40;44;82;86;89;90;93;96;97;98;99;101;102;105;106;109;110;172;174;177;178;179;180;181;182;269;277;278;279;290;293;294;297;298;301;302,24,37,1.0,1.0,1.0460671076347694,-0.4318674127250546,-0.5813402959859708,True,True,True,True,True,pass,Nb252_WT_pos030_rep02_seed8165002,17,16;17;18;19;20;39;40;41;59;60;61;117;118;119,1;2;4;16;17;18;19;20;21;22;23;24;25;26;31;32;33;34;35;36;37;38;39;40;41;42;43;44;45;46;59;60;61;81;82;83;84;85;86;87;88;89;90;91;92;93;94;95;96;97;98;99;100;101;102;103;104;105;116;117;118;119;120;121;122;123;124;125;126;127;128;129;130;131;133;165;168;169;170;171;172;173;174;175;176;177;178;179;180;181;182;183;184;185;186;187;188;189;190;191;192;193;194;195;196;197;198;199;252;256;257;258;259;260;261;262;263;264;265;266;267;268;269;341;344;349;351;352;353;354;355;356;357;358;361;364;365;366;367;368;369;370;371;372;373;374;375;376;377,149
Nb252_uni_seq030_F30P,Nb252 reported_seq F30P,Nb252 IMGT 35 F>P,Nb252 chain C auth F30P,30,F,P,CDR1,False,2,8165002,Nb252_WT_pos030_rep02_seed8165002,419.7772599077523,-73.82752556852904,-96.25113580025446,-121.20107083181898,16.509981260544446,24,37,0.9166666666666666,0.8918918918918919,0.04481601038742688,2.3086300880084387,33;37;45;47;50;53;58;98;100;102;103;104;105;106;107;108;109;110;111;112;113;114;115;116,33;40;44;82;86;89;90;93;96;97;98;99;101;102;105;106;109;110;172;174;177;178;179;180;181;182;269;277;278;279;290;293;294;297;298;301;302,24,37,1.0,1.0,0.2590761400693964,-0.14641258618404152,-0.14264142948372438,True,True,True,True,True,pass,Nb252_WT_pos030_rep02_seed8165002,17,16;17;18;19;20;39;40;41;59;60;61;117;118;119,1;2;4;16;17;18;19;20;21;22;23;24;25;26;31;32;33;34;35;36;37;38;39;40;41;42;43;44;45;46;59;60;61;81;82;83;84;85;86;87;88;89;90;91;92;93;94;95;96;97;98;99;100;101;102;103;104;105;116;117;118;119;120;121;122;123;124;125;126;127;128;129;130;131;133;165;168;169;170;171;172;173;174;175;176;177;178;179;180;181;182;183;184;185;186;187;188;189;190;191;192;193;194;195;196;197;198;199;252;256;257;258;259;260;261;262;263;264;265;266;267;268;269;341;344;349;351;352;353;354;355;356;357;358;361;364;365;366;367;368;369;370;371;372;373;374;375;376;377,149
Nb252_uni_seq030_F30Q,Nb252 reported_seq F30Q,Nb252 IMGT 35 F>Q,Nb252 chain C auth F30Q,30,F,Q,CDR1,False,2,8165002,Nb252_WT_pos030_rep02_seed8165002,420.82639940379283,-74.31241764835971,-97.99791657172172,-122.2962419964914,16.59098266364853,25,38,0.9166666666666666,0.918918918918919,0.04441660919577069,2.3120605275004675,30;33;37;45;47;50;53;58;98;100;102;103;104;105;106;107;108;109;110;111;112;113;114;115;116,32;33;40;44;82;86;89;90;93;96;97;98;99;101;102;105;106;109;110;172;174;177;178;179;180;181;182;269;277;278;279;290;293;294;297;298;301;302,24,37,1.0,1.0,-0.22581593976127579,-1.893193357651299,-0.061640026379642165,True,True,True,True,True,pass,Nb252_WT_pos030_rep02_seed8165002,17,16;17;18;19;20;39;40;41;59;60;61;117;118;119,1;2;4;16;17;18;19;20;21;22;23;24;25;26;31;32;33;34;35;36;37;38;39;40;41;42;43;44;45;46;59;60;61;81;82;83;84;85;86;87;88;89;90;91;92;93;94;95;96;97;98;99;100;101;102;103;104;105;116;117;118;119;120;121;122;123;124;125;126;127;128;129;130;131;133;165;168;169;170;171;172;173;174;175;176;177;178;179;180;181;182;183;184;185;186;187;188;189;190;191;192;193;194;195;196;197;198;199;252;256;257;258;259;260;261;262;263;264;265;266;267;268;269;341;344;349;351;352;353;354;355;356;357;358;361;364;365;366;367;368;369;370;371;372;373;374;375;376;377,149
Nb252_uni_seq030_F30R,Nb252 reported_seq F30R,Nb252 IMGT 35 F>R,Nb252 chain C auth F30R,30,F,R,CDR1,False,2,8165002,Nb252_WT_pos030_rep02_seed8165002,420.63469172849113,-73.40411740268416,-96.80567432505518,-122.23798961848023,16.307699631275863,25,38,0.9166666666666666,0.8918918918918919,0.044486677013192165,2.3173691492910335,30;33;37;45;47;50;53;58;98;100;102;103;104;105;106;107;108;109;110;111;112;113;114;115;116,30;33;40;44;82;86;89;90;93;96;97;98;99;101;102;105;106;109;110;172;174;177;178;179;180;181;182;269;277;278;279;290;293;294;297;298;301;302,24,37,1.0,1.0,0.6824843059142722,-0.7009511109847608,-0.34492305875230755,True,True,True,True,True,pass,Nb252_WT_pos030_rep02_seed8165002,17,16;17;18;19;20;39;40;41;59;60;61;117;118;119,1;2;4;16;17;18;19;20;21;22;23;24;25;26;31;32;33;34;35;36;37;38;39;40;41;42;43;44;45;46;59;60;61;81;82;83;84;85;86;87;88;89;90;91;92;93;94;95;96;97;98;99;100;101;102;103;104;105;116;117;118;119;120;121;122;123;124;125;126;127;128;129;130;131;133;165;168;169;170;171;172;173;174;175;176;177;178;179;180;181;182;183;184;185;186;187;188;189;190;191;192;193;194;195;196;197;198;199;252;256;257;258;259;260;261;262;263;264;265;266;267;268;269;341;344;349;351;352;353;354;355;356;357;358;361;364;365;366;367;368;369;370;371;372;373;374;375;376;377,149
Nb252_uni_seq030_F30S,Nb252 reported_seq F30S,Nb252 IMGT 35 F>S,Nb252 chain C auth F30S,30,F,S,CDR1,False,2,8165002,Nb252_WT_pos030_rep02_seed8165002,421.06606327173506,-75.02064990514316,-95.57596030453003,-120.99122276312083,16.666040738988503,24,37,0.9166666666666666,0.8918918918918919,0.04498396153194445,2.3113256305619965,33;37;45;47;50;53;58;98;100;102;103;104;105;106;107;108;109;110;111;112;113;114;115;116,33;40;44;82;86;89;90;93;96;97;98;99;101;102;105;106;109;110;172;174;177;178;179;180;181;182;269;277;278;279;290;293;294;297;298;301;302,24,37,1.0,1.0,-0.9340481965447225,0.5287629095403901,0.013418048960332385,True,True,True,True,True,pass,Nb252_WT_pos030_rep02_seed8165002,17,16;17;18;19;20;39;40;41;59;60;61;117;118;119,1;2;4;16;17;18;19;20;21;22;23;24;25;26;31;32;33;34;35;36;37;38;39;40;41;42;43;44;45;46;59;60;61;81;82;83;84;85;86;87;88;89;90;91;92;93;94;95;96;97;98;99;100;101;102;103;104;105;116;117;118;119;120;121;122;123;124;125;126;127;128;129;130;131;133;165;168;169;170;171;172;173;174;175;176;177;178;179;180;181;182;183;184;185;186;187;188;189;190;191;192;193;194;195;196;197;198;199;252;256;257;258;259;260;261;262;263;264;265;266;267;268;269;341;344;349;351;352;353;354;355;356;357;358;361;364;365;366;367;368;369;370;371;372;373;374;375;376;377,149
Nb252_uni_seq030_F30T,Nb252 reported_seq F30T,Nb252 IMGT 35 F>T,Nb252 chain C auth F30T,30,F,T,CDR1,False,2,8165002,Nb252_WT_pos030_rep02_seed8165002,421.12243182605266,-73.98707667951442,-96.40797176677945,-121.29894380381185,16.61825075000686,24,37,0.9166666666666666,0.8918918918918919,0.044891040374058944,2.3087982449555797,33;37;45;47;50;53;58;98;100;102;103;104;105;106;107;108;109;110;111;112;113;114;115;116,33;40;44;82;86;89;90;93;96;97;98;99;101;102;105;106;109;110;172;174;177;178;179;180;181;182;269;277;278;279;290;293;294;297;298;301;302,24,37,1.0,1.0,0.09952502908402039,-0.30324855270903583,-0.034371940021308944,True,True,True,True,True,pass,Nb252_WT_pos030_rep02_seed8165002,17,16;17;18;19;20;39;40;41;59;60;61;117;118;119,1;2;4;16;17;18;19;20;21;22;23;24;25;26;31;32;33;34;35;36;37;38;39;40;41;42;43;44;45;46;59;60;61;81;82;83;84;85;86;87;88;89;90;91;92;93;94;95;96;97;98;99;100;101;102;103;104;105;116;117;118;119;120;121;122;123;124;125;126;127;128;129;130;131;133;165;168;169;170;171;172;173;174;175;176;177;178;179;180;181;182;183;184;185;186;187;188;189;190;191;192;193;194;195;196;197;198;199;252;256;257;258;259;260;261;262;263;264;265;266;267;268;269;341;344;349;351;352;353;354;355;356;357;358;361;364;365;366;367;368;369;370;371;372;373;374;375;376;377,149
Nb252_uni_seq030_F30A,Nb252 reported_seq F30A,Nb252 IMGT 35 F>A,Nb252 chain C auth F30A,30,F,A,CDR1,False,3,8165003,Nb252_WT_pos030_rep03_seed8165003,422.1006842037244,-75.47504076711687,-96.36585676704274,-120.93117897099562,16.331190214762383,24,37,0.9166666666666666,0.8918918918918919,0.04448741081992185,2.3174914266617384,33;37;45;47;50;53;58;98;100;102;103;104;105;106;107;108;109;110;111;112;113;114;115;116,33;40;44;82;86;89;90;93;96;97;98;99;101;102;105;106;109;110;172;174;177;178;179;180;181;182;269;277;278;279;290;293;294;297;298;301;302,24,37,1.0,1.0,-1.3884390585184292,-0.2611335529723249,-0.32143247526578733,True,True,True,True,True,pass,Nb252_WT_pos030_rep03_seed8165003,17,16;17;18;19;20;39;40;41;59;60;61;117;118;119,1;2;4;16;17;18;19;20;21;22;23;24;25;26;31;32;33;34;35;36;37;38;39;40;41;42;43;44;45;46;59;60;61;81;82;83;84;85;86;87;88;89;90;91;92;93;94;95;96;97;98;99;100;101;102;103;104;105;116;117;118;119;120;121;122;123;124;125;126;127;128;129;130;131;133;165;168;169;170;171;172;173;174;175;176;177;178;179;180;181;182;183;184;185;186;187;188;189;190;191;192;193;194;195;196;197;198;199;252;256;257;258;259;260;261;262;263;264;265;266;267;268;269;341;344;349;351;352;353;354;355;356;357;358;361;364;365;366;367;368;369;370;371;372;373;374;375;376;377,149
Nb252_uni_seq030_F30K,Nb252 reported_seq F30K,Nb252 IMGT 35 F>K,Nb252 chain C auth F30K,30,F,K,CDR1,False,3,8165003,Nb252_WT_pos030_rep03_seed8165003,420.418034807483,-73.04053460096367,-96.53659062679547,-121.96388186547468,16.0712823940422,24,37,0.9166666666666666,0.8918918918918919,0.045075709821581066,2.314016116415664,33;37;45;47;50;53;58;98;100;102;103;104;105;106;107;108;109;110;111;112;113;114;115;116,33;40;44;82;86;89;90;93;96;97;98;99;101;102;105;106;109;110;172;174;177;178;179;180;181;182;269;277;278;279;290;293;294;297;298;301;302,24,37,1.0,1.0,1.0460671076347694,-0.4318674127250546,-0.5813402959859708,True,True,True,True,True,pass,Nb252_WT_pos030_rep03_seed8165003,17,16;17;18;19;20;39;40;41;59;60;61;117;118;119,1;2;4;16;17;18;19;20;21;22;23;24;25;26;31;32;33;34;35;36;37;38;39;40;41;42;43;44;45;46;59;60;61;81;82;83;84;85;86;87;88;89;90;91;92;93;94;95;96;97;98;99;100;101;102;103;104;105;116;117;118;119;120;121;122;123;124;125;126;127;128;129;130;131;133;165;168;169;170;171;172;173;174;175;176;177;178;179;180;181;182;183;184;185;186;187;188;189;190;191;192;193;194;195;196;197;198;199;252;256;257;258;259;260;261;262;263;264;265;266;267;268;269;341;344;349;351;352;353;354;355;356;357;358;361;364;365;366;367;368;369;370;371;372;373;374;375;376;377,149
Nb252_uni_seq030_F30P,Nb252 reported_seq F30P,Nb252 IMGT 35 F>P,Nb252 chain C auth F30P,30,F,P,CDR1,False,3,8165003,Nb252_WT_pos030_rep03_seed8165003,419.7772599077523,-74.22144358513412,-96.25113580025446,-121.20107083181898,16.509981260544446,24,37,0.9166666666666666,0.8918918918918919,0.04481601038742688,2.3086300880084387,33;37;45;47;50;53;58;98;100;102;103;104;105;106;107;108;109;110;111;112;113;114;115;116,33;40;44;82;86;89;90;93;96;97;98;99;101;102;105;106;109;110;172;174;177;178;179;180;181;182;269;277;278;279;290;293;294;297;298;301;302,24,37,1.0,1.0,-0.13484187653568824,-0.14641258618404152,-0.14264142948372438,True,True,True,True,True,pass,Nb252_WT_pos030_rep03_seed8165003,17,16;17;18;19;20;39;40;41;59;60;61;117;118;119,1;2;4;16;17;18;19;20;21;22;23;24;25;26;31;32;33;34;35;36;37;38;39;40;41;42;43;44;45;46;59;60;61;81;82;83;84;85;86;87;88;89;90;91;92;93;94;95;96;97;98;99;100;101;102;103;104;105;116;117;118;119;120;121;122;123;124;125;126;127;128;129;130;131;133;165;168;169;170;171;172;173;174;175;176;177;178;179;180;181;182;183;184;185;186;187;188;189;190;191;192;193;194;195;196;197;198;199;252;256;257;258;259;260;261;262;263;264;265;266;267;268;269;341;344;349;351;352;353;354;355;356;357;358;361;364;365;366;367;368;369;370;371;372;373;374;375;376;377,149
Nb252_uni_seq030_F30Q,Nb252 reported_seq F30Q,Nb252 IMGT 35 F>Q,Nb252 chain C auth F30Q,30,F,Q,CDR1,False,3,8165003,Nb252_WT_pos030_rep03_seed8165003,420.82639940379283,-73.70794650228106,-97.99791657172172,-122.2962419964914,16.59098266364853,25,38,0.9166666666666666,0.918918918918919,0.04441660919577069,2.3120605275004675,30;33;37;45;47;50;53;58;98;100;102;103;104;105;106;107;108;109;110;111;112;113;114;115;116,32;33;40;44;82;86;89;90;93;96;97;98;99;101;102;105;106;109;110;172;174;177;178;179;180;181;182;269;277;278;279;290;293;294;297;298;301;302,24,37,1.0,1.0,0.3786552063173758,-1.893193357651299,-0.061640026379642165,True,True,True,True,True,pass,Nb252_WT_pos030_rep03_seed8165003,17,16;17;18;19;20;39;40;41;59;60;61;117;118;119,1;2;4;16;17;18;19;20;21;22;23;24;25;26;31;32;33;34;35;36;37;38;39;40;41;42;43;44;45;46;59;60;61;81;82;83;84;85;86;87;88;89;90;91;92;93;94;95;96;97;98;99;100;101;102;103;104;105;116;117;118;119;120;121;122;123;124;125;126;127;128;129;130;131;133;165;168;169;170;171;172;173;174;175;176;177;178;179;180;181;182;183;184;185;186;187;188;189;190;191;192;193;194;195;196;197;198;199;252;256;257;258;259;260;261;262;263;264;265;266;267;268;269;341;344;349;351;352;353;354;355;356;357;358;361;364;365;366;367;368;369;370;371;372;373;374;375;376;377,149
Nb252_uni_seq030_F30R,Nb252 reported_seq F30R,Nb252 IMGT 35 F>R,Nb252 chain C auth F30R,30,F,R,CDR1,False,3,8165003,Nb252_WT_pos030_rep03_seed8165003,420.63469172849113,-73.80026088160946,-96.80567432505518,-122.23798961848023,16.307699631275863,25,38,0.9166666666666666,0.8918918918918919,0.044486677013192165,2.3173691492910335,30;33;37;45;47;50;53;58;98;100;102;103;104;105;106;107;108;109;110;111;112;113;114;115;116,30;33;40;44;82;86;89;90;93;96;97;98;99;101;102;105;106;109;110;172;174;177;178;179;180;181;182;269;277;278;279;290;293;294;297;298;301;302,24,37,1.0,1.0,0.286340826988976,-0.7009511109847608,-0.34492305875230755,True,True,True,True,True,pass,Nb252_WT_pos030_rep03_seed8165003,17,16;17;18;19;20;39;40;41;59;60;61;117;118;119,1;2;4;16;17;18;19;20;21;22;23;24;25;26;31;32;33;34;35;36;37;38;39;40;41;42;43;44;45;46;59;60;61;81;82;83;84;85;86;87;88;89;90;91;92;93;94;95;96;97;98;99;100;101;102;103;104;105;116;117;118;119;120;121;122;123;124;125;126;127;128;129;130;131;133;165;168;169;170;171;172;173;174;175;176;177;178;179;180;181;182;183;184;185;186;187;188;189;190;191;192;193;194;195;196;197;198;199;252;256;257;258;259;260;261;262;263;264;265;266;267;268;269;341;344;349;351;352;353;354;355;356;357;358;361;364;365;366;367;368;369;370;371;372;373;374;375;376;377,149
Nb252_uni_seq030_F30S,Nb252 reported_seq F30S,Nb252 IMGT 35 F>S,Nb252 chain C auth F30S,30,F,S,CDR1,False,3,8165003,Nb252_WT_pos030_rep03_seed8165003,421.06606327173506,-74.61346213407103,-95.57596030453003,-120.99122276312083,16.666040738988503,24,37,0.9166666666666666,0.8918918918918919,0.04498396153194445,2.3113256305619965,33;37;45;47;50;53;58;98;100;102;103;104;105;106;107;108;109;110;111;112;113;114;115;116,33;40;44;82;86;89;90;93;96;97;98;99;101;102;105;106;109;110;172;174;177;178;179;180;181;182;269;277;278;279;290;293;294;297;298;301;302,24,37,1.0,1.0,-0.5268604254725915,0.5287629095403901,0.013418048960332385,True,True,True,True,True,pass,Nb252_WT_pos030_rep03_seed8165003,17,16;17;18;19;20;39;40;41;59;60;61;117;118;119,1;2;4;16;17;18;19;20;21;22;23;24;25;26;31;32;33;34;35;36;37;38;39;40;41;42;43;44;45;46;59;60;61;81;82;83;84;85;86;87;88;89;90;91;92;93;94;95;96;97;98;99;100;101;102;103;104;105;116;117;118;119;120;121;122;123;124;125;126;127;128;129;130;131;133;165;168;169;170;171;172;173;174;175;176;177;178;179;180;181;182;183;184;185;186;187;188;189;190;191;192;193;194;195;196;197;198;199;252;256;257;258;259;260;261;262;263;264;265;266;267;268;269;341;344;349;351;352;353;354;355;356;357;358;361;364;365;366;367;368;369;370;371;372;373;374;375;376;377,149
Nb252_uni_seq030_F30T,Nb252 reported_seq F30T,Nb252 IMGT 35 F>T,Nb252 chain C auth F30T,30,F,T,CDR1,False,3,8165003,Nb252_WT_pos030_rep03_seed8165003,421.12243182605266,-73.00855857112771,-96.40797176677945,-121.29894380381185,16.61825075000686,24,37,0.9166666666666666,0.8918918918918919,0.044891040374058944,2.3087982449555797,33;37;45;47;50;53;58;98;100;102;103;104;105;106;107;108;109;110;111;112;113;114;115;116,33;40;44;82;86;89;90;93;96;97;98;99;101;102;105;106;109;110;172;174;177;178;179;180;181;182;269;277;278;279;290;293;294;297;298;301;302,24,37,1.0,1.0,1.078043137470729,-0.30324855270903583,-0.034371940021308944,True,True,True,True,True,pass,Nb252_WT_pos030_rep03_seed8165003,17,16;17;18;19;20;39;40;41;59;60;61;117;118;119,1;2;4;16;17;18;19;20;21;22;23;24;25;26;31;32;33;34;35;36;37;38;39;40;41;42;43;44;45;46;59;60;61;81;82;83;84;85;86;87;88;89;90;91;92;93;94;95;96;97;98;99;100;101;102;103;104;105;116;117;118;119;120;121;122;123;124;125;126;127;128;129;130;131;133;165;168;169;170;171;172;173;174;175;176;177;178;179;180;181;182;183;184;185;186;187;188;189;190;191;192;193;194;195;196;197;198;199;252;256;257;258;259;260;261;262;263;264;265;266;267;268;269;341;344;349;351;352;353;354;355;356;357;358;361;364;365;366;367;368;369;370;371;372;373;374;375;376;377,149
Nb252_uni_seq055_S55G,Nb252 reported_seq S55G,Nb252 IMGT 63 S>G,Nb252 chain C auth S55G,55,S,G,CDR2,False,1,8167501,Nb252_WT_pos055_rep01_seed8167501,405.3106043438413,-73.68954826683262,-96.51254604892277,-120.83309189050247,16.131478748063067,24,37,0.9166666666666666,0.8918918918918919,0.045762549982031456,2.3141886452189957,33;37;45;47;50;53;58;98;100;102;103;104;105;106;107;108;109;110;111;112;113;114;115;116,33;40;44;82;86;89;90;93;96;97;98;99;101;102;105;106;109;110;172;174;177;178;179;180;181;182;269;277;278;279;290;293;294;297;298;301;302,24,37,1.0,1.0,0.9011555972243173,-0.052460394130747545,0.00931622347130201,True,True,True,True,True,pass,Nb252_WT_pos055_rep01_seed8167501,42,37;38;39;40;41;42;43;44;45;57;58;59,1;2;4;17;18;19;20;21;22;23;24;25;26;31;32;33;34;35;36;37;38;39;40;41;42;43;44;45;46;57;58;59;60;81;82;83;84;85;86;87;88;89;90;91;92;93;94;95;96;97;98;99;100;101;102;103;104;105;116;117;118;119;120;121;122;123;124;125;126;127;128;129;130;131;133;165;168;169;170;171;172;173;174;175;176;177;178;179;180;181;182;183;184;185;186;187;188;189;190;191;192;193;194;195;196;197;198;199;252;256;257;258;259;260;261;262;263;264;265;266;267;268;269;341;344;349;351;352;353;354;355;356;357;358;361;364;365;366;367;368;369;370;371;372;373;374;375;376;377,149
Nb252_uni_seq055_S55G,Nb252 reported_seq S55G,Nb252 IMGT 63 S>G,Nb252 chain C auth S55G,55,S,G,CDR2,False,2,8167502,Nb252_WT_pos055_rep02_seed8167502,405.3106043438413,-75.15487103233164,-96.51254604892277,-120.83309189050247,16.131478748063067,24,37,0.9166666666666666,0.8918918918918919,0.045762549982031456,2.3141886452189957,33;37;45;47;50;53;58;98;100;102;103;104;105;106;107;108;109;110;111;112;113;114;115;116,33;40;44;82;86;89;90;93;96;97;98;99;101;102;105;106;109;110;172;174;177;178;179;180;181;182;269;277;278;279;290;293;294;297;298;301;302,24,37,1.0,1.0,-0.45276114990053884,-0.052460394130747545,0.00931622347130201,True,True,True,True,True,pass,Nb252_WT_pos055_rep02_seed8167502,42,37;38;39;40;41;42;43;44;45;57;58;59,1;2;4;17;18;19;20;21;22;23;24;25;26;31;32;33;34;35;36;37;38;39;40;41;42;43;44;45;46;57;58;59;60;81;82;83;84;85;86;87;88;89;90;91;92;93;94;95;96;97;98;99;100;101;102;103;104;105;116;117;118;119;120;121;122;123;124;125;126;127;128;129;130;131;133;165;168;169;170;171;172;173;174;175;176;177;178;179;180;181;182;183;184;185;186;187;188;189;190;191;192;193;194;195;196;197;198;199;252;256;257;258;259;260;261;262;263;264;265;266;267;268;269;341;344;349;351;352;353;354;355;356;357;358;361;364;365;366;367;368;369;370;371;372;373;374;375;376;377,149
Nb252_uni_seq055_S55G,Nb252 reported_seq S55G,Nb252 IMGT 63 S>G,Nb252 chain C auth S55G,55,S,G,CDR2,False,3,8167503,Nb252_WT_pos055_rep03_seed8167503,405.3106043438413,-74.21051876623636,-96.51254604892277,-120.83309189050247,16.131478748063067,24,37,0.9166666666666666,0.8918918918918919,0.045762549982031456,2.3141886452189957,33;37;45;47;50;53;58;98;100;102;103;104;105;106;107;108;109;110;111;112;113;114;115;116,33;40;44;82;86;89;90;93;96;97;98;99;101;102;105;106;109;110;172;174;177;178;179;180;181;182;269;277;278;279;290;293;294;297;298;301;302,24,37,1.0,1.0,0.22702898661952986,-0.052460394130747545,0.00931622347130201,True,True,True,True,True,pass,Nb252_WT_pos055_rep03_seed8167503,42,37;38;39;40;41;42;43;44;45;57;58;59,1;2;4;17;18;19;20;21;22;23;24;25;26;31;32;33;34;35;36;37;38;39;40;41;42;43;44;45;46;57;58;59;60;81;82;83;84;85;86;87;88;89;90;91;92;93;94;95;96;97;98;99;100;101;102;103;104;105;116;117;118;119;120;121;122;123;124;125;126;127;128;129;130;131;133;165;168;169;170;171;172;173;174;175;176;177;178;179;180;181;182;183;184;185;186;187;188;189;190;191;192;193;194;195;196;197;198;199;252;256;257;258;259;260;261;262;263;264;265;266;267;268;269;341;344;349;351;352;353;354;355;356;357;358;361;364;365;366;367;368;369;370;371;372;373;374;375;376;377,149
Nb252_uni_seq062_S62D,Nb252 reported_seq S62D,Nb252 IMGT 70 S>D,Nb252 chain C auth S62D,62,S,D,FR3,False,1,8168201,Nb252_WT_pos062_rep01_seed8168201,417.10596987259163,-73.85895968885444,-96.2650076353657,-120.8649241612825,16.236620304508737,24,37,0.9166666666666666,0.8918918918918919,0.04381543367713121,2.313663461727411,33;37;45;47;50;53;58;98;100;102;103;104;105;106;107;108;109;110;111;112;113;114;115;116,33;40;44;82;86;89;90;93;96;97;98;99;101;102;105;106;109;110;172;174;177;178;179;180;181;182;269;277;278;279;290;293;294;297;298;301;302,24,37,1.0,1.0,-0.07678781384515787,-0.18322946703783316,-0.3620042796848715,True,True,True,True,True,pass,Nb252_WT_pos062_rep01_seed8168201,49,46;47;48;49;50;51;52,1;2;4;17;18;19;20;21;22;23;24;25;26;31;32;33;34;35;36;37;38;39;40;41;42;43;44;45;46;47;48;49;50;51;52;60;81;82;83;84;85;86;87;88;89;90;91;92;93;94;95;96;97;98;99;100;101;102;103;104;105;116;117;118;119;120;121;122;123;124;125;126;127;128;129;130;131;133;165;168;169;170;171;172;173;174;175;176;177;178;179;180;181;182;183;184;185;186;187;188;189;190;191;192;193;194;195;196;197;198;199;252;256;257;258;259;260;261;262;263;264;265;266;267;268;269;341;344;349;351;352;353;354;355;356;357;358;361;364;365;366;367;368;369;370;371;372;373;374;375;376;377,152
Nb252_uni_seq062_S62D,Nb252 reported_seq S62D,Nb252 IMGT 70 S>D,Nb252 chain C auth S62D,62,S,D,FR3,False,2,8168202,Nb252_WT_pos062_rep02_seed8168202,417.10596987259163,-73.85895968885444,-96.2650076353657,-120.8649241612825,16.236620304508737,24,37,0.9166666666666666,0.8918918918918919,0.04381543367713121,2.313663461727411,33;37;45;47;50;53;58;98;100;102;103;104;105;106;107;108;109;110;111;112;113;114;115;116,33;40;44;82;86;89;90;93;96;97;98;99;101;102;105;106;109;110;172;174;177;178;179;180;181;182;269;277;278;279;290;293;294;297;298;301;302,24,37,1.0,1.0,-0.07678789544979736,-0.18322946703783316,-0.3620042796848715,True,True,True,True,True,pass,Nb252_WT_pos062_rep02_seed8168202,49,46;47;48;49;50;51;52,1;2;4;17;18;19;20;21;22;23;24;25;26;31;32;33;34;35;36;37;38;39;40;41;42;43;44;45;46;47;48;49;50;51;52;60;81;82;83;84;85;86;87;88;89;90;91;92;93;94;95;96;97;98;99;100;101;102;103;104;105;116;117;118;119;120;121;122;123;124;125;126;127;128;129;130;131;133;165;168;169;170;171;172;173;174;175;176;177;178;179;180;181;182;183;184;185;186;187;188;189;190;191;192;193;194;195;196;197;198;199;252;256;257;258;259;260;261;262;263;264;265;266;267;268;269;341;344;349;351;352;353;354;355;356;357;358;361;364;365;366;367;368;369;370;371;372;373;374;375;376;377,152
Nb252_uni_seq062_S62D,Nb252 reported_seq S62D,Nb252 IMGT 70 S>D,Nb252 chain C auth S62D,62,S,D,FR3,False,3,8168203,Nb252_WT_pos062_rep03_seed8168203,417.10596987259163,-73.17442966054023,-96.2650076353657,-120.8649241612825,16.236620304508737,24,37,0.9166666666666666,0.8918918918918919,0.04381543367713121,2.313663461727411,33;37;45;47;50;53;58;98;100;102;103;104;105;106;107;108;109;110;111;112;113;114;115;116,33;40;44;82;86;89;90;93;96;97;98;99;101;102;105;106;109;110;172;174;177;178;179;180;181;182;269;277;278;279;290;293;294;297;298;301;302,24,37,1.0,1.0,1.7022919743112084,-0.18322946703783316,-0.3620042796848715,True,True,True,True,True,pass,Nb252_WT_pos062_rep03_seed8168203,49,46;47;48;49;50;51;52,1;2;4;17;18;19;20;21;22;23;24;25;26;31;32;33;34;35;36;37;38;39;40;41;42;43;44;45;46;47;48;49;50;51;52;60;81;82;83;84;85;86;87;88;89;90;91;92;93;94;95;96;97;98;99;100;101;102;103;104;105;116;117;118;119;120;121;122;123;124;125;126;127;128;129;130;131;133;165;168;169;170;171;172;173;174;175;176;177;178;179;180;181;182;183;184;185;186;187;188;189;190;191;192;193;194;195;196;197;198;199;252;256;257;258;259;260;261;262;263;264;265;266;267;268;269;341;344;349;351;352;353;354;355;356;357;358;361;364;365;366;367;368;369;370;371;372;373;374;375;376;377,152
Nb252_uni_seq066_R66A,Nb252 reported_seq R66A,Nb252 IMGT 75 R>A,Nb252 chain C auth R66A,66,R,A,FR3,False,1,8168601,Nb252_WT_pos066_rep01_seed8168601,395.308159798165,-74.43980698418841,-95.33972039906072,-120.9538756362248,16.833249756724385,24,38,0.9166666666666666,0.918918918918919,0.04309870065440502,2.306774799105047,33;37;45;47;50;53;58;98;100;102;103;104;105;106;107;108;109;110;111;112;113;114;115;116,33;37;40;44;82;86;89;90;93;96;97;98;99;101;102;105;106;109;110;172;174;177;178;179;180;181;182;269;277;278;279;290;293;294;297;298;301;302,24,38,1.0,1.0,-1.0689308472827292,-0.0848495051464937,-0.09365235487272017,True,True,True,True,True,pass,Nb252_WT_pos066_rep01_seed8168601,53,49;50;51;52;53;54;55;68;69;70;71;72,1;2;4;17;18;19;20;21;22;23;24;25;26;31;32;33;34;35;36;37;38;39;40;41;42;43;44;45;46;49;50;51;52;53;54;55;60;68;69;70;71;72;81;82;83;84;85;86;87;88;89;90;91;92;93;94;95;96;97;98;99;100;101;102;103;104;105;116;117;118;119;120;121;122;123;124;125;126;127;128;129;130;131;133;165;168;169;170;171;172;173;174;175;176;177;178;179;180;181;182;183;184;185;186;187;188;189;190;191;192;193;194;195;196;197;198;199;252;256;257;258;259;260;261;262;263;264;265;266;267;268;269;341;344;349;351;352;353;354;355;356;357;358;361;364;365;366;367;368;369;370;371;372;373;374;375;376;377,158
Nb252_uni_seq066_R66A,Nb252 reported_seq R66A,Nb252 IMGT 75 R>A,Nb252 chain C auth R66A,66,R,A,FR3,False,2,8168602,Nb252_WT_pos066_rep02_seed8168602,395.07024056619446,-72.24539196769723,-95.5403126372558,-121.0158897502093,16.73169211503656,24,38,0.9166666666666666,0.918918918918919,0.04347015485717911,2.3109522301565435,33;37;45;47;50;53;58;98;100;102;103;104;105;106;107;108;109;110;111;112;113;114;115;116,33;37;40;44;82;86;89;90;93;96;97;98;99;101;102;105;106;109;110;172;174;177;178;179;180;181;182;269;277;278;279;290;293;294;297;298;301;302,24,38,1.0,1.0,0.32546543191529054,-0.2854417433415648,-0.19520999656054627,True,True,True,True,True,pass,Nb252_WT_pos066_rep02_seed8168602,53,49;50;51;52;53;54;55;68;69;70;71;72,1;2;4;17;18;19;20;21;22;23;24;25;26;31;32;33;34;35;36;37;38;39;40;41;42;43;44;45;46;49;50;51;52;53;54;55;60;68;69;70;71;72;81;82;83;84;85;86;87;88;89;90;91;92;93;94;95;96;97;98;99;100;101;102;103;104;105;116;117;118;119;120;121;122;123;124;125;126;127;128;129;130;131;133;165;168;169;170;171;172;173;174;175;176;177;178;179;180;181;182;183;184;185;186;187;188;189;190;191;192;193;194;195;196;197;198;199;252;256;257;258;259;260;261;262;263;264;265;266;267;268;269;341;344;349;351;352;353;354;355;356;357;358;361;364;365;366;367;368;369;370;371;372;373;374;375;376;377,158
Nb252_uni_seq066_R66A,Nb252 reported_seq R66A,Nb252 IMGT 75 R>A,Nb252 chain C auth R66A,66,R,A,FR3,False,3,8168603,Nb252_WT_pos066_rep03_seed8168603,393.27970442993353,-72.53254131327486,-95.46519770111702,-120.94989923155579,16.795943285340588,24,38,0.9166666666666666,0.918918918918919,0.044125199953037396,2.305568010276449,33;37;45;47;50;53;58;98;100;102;103;104;105;106;107;108;109;110;111;112;113;114;115;116,33;37;40;44;82;86;89;90;93;96;97;98;99;101;102;105;106;109;110;172;174;177;178;179;180;181;182;269;277;278;279;290;293;294;297;298;301;302,24,38,1.0,1.0,0.8383348236308166,-0.21032680720279018,-0.1309588262565171,True,True,True,True,True,pass,Nb252_WT_pos066_rep03_seed8168603,53,49;50;51;52;53;54;55;68;69;70;71;72,1;2;4;17;18;19;20;21;22;23;24;25;26;31;32;33;34;35;36;37;38;39;40;41;42;43;44;45;46;49;50;51;52;53;54;55;60;68;69;70;71;72;81;82;83;84;85;86;87;88;89;90;91;92;93;94;95;96;97;98;99;100;101;102;103;104;105;116;117;118;119;120;121;122;123;124;125;126;127;128;129;130;131;133;165;168;169;170;171;172;173;174;175;176;177;178;179;180;181;182;183;184;185;186;187;188;189;190;191;192;193;194;195;196;197;198;199;252;256;257;258;259;260;261;262;263;264;265;266;267;268;269;341;344;349;351;352;353;354;355;356;357;358;361;364;365;366;367;368;369;370;371;372;373;374;375;376;377,158
Nb252_uni_seq075_K75E,Nb252 reported_seq K75E,Nb252 IMGT 84 K>E,Nb252 chain C auth K75E,75,K,E,FR3,False,1,8169501,Nb252_WT_pos075_rep01_seed8169501,398.28873540420625,-74.02504025151654,-95.67615429157468,-120.9813518179648,16.713717446422407,24,38,0.9166666666666666,0.918918918918919,0.04400565243023533,2.3121431530324443,33;37;45;47;50;53;58;98;100;102;103;104;105;106;107;108;109;110;111;112;113;114;115;116,33;37;40;44;82;86;89;90;93;96;97;98;99;101;102;105;106;109;110;172;174;177;178;179;180;181;182;269;277;278;279;290;293;294;297;298;301;302,24,37,1.0,1.0,-0.9627057303186461,0.5903262603699062,0.39756985811533596,True,True,True,True,True,pass,Nb252_WT_pos075_rep01_seed8169501,62,58;59;60;61;62;63;64;65,1;2;4;17;18;19;20;21;22;23;24;25;26;31;32;33;34;35;36;37;38;39;40;41;42;43;44;45;46;58;59;60;61;62;63;64;65;81;82;83;84;85;86;87;88;89;90;91;92;93;94;95;96;97;98;99;100;101;102;103;104;105;116;117;118;119;120;121;122;123;124;125;126;127;128;129;130;131;133;165;168;169;170;171;172;173;174;175;176;177;178;179;180;181;182;183;184;185;186;187;188;189;190;191;192;193;194;195;196;197;198;199;252;256;257;258;259;260;261;262;263;264;265;266;267;268;269;341;344;349;351;352;353;354;355;356;357;358;361;364;365;366;367;368;369;370;371;372;373;374;375;376;377,153
Nb252_uni_seq075_K75L,Nb252 reported_seq K75L,Nb252 IMGT 84 K>L,Nb252 chain C auth K75L,75,K,L,FR3,False,1,8169501,Nb252_WT_pos075_rep01_seed8169501,392.76934766061356,-72.96441282266267,-96.23456525989836,-120.93808604665,16.418830328015535,24,37,0.9166666666666666,0.8918918918918919,0.04489457583828963,2.315951256189327,33;37;45;47;50;53;58;98;100;102;103;104;105;106;107;108;109;110;111;112;113;114;115;116,33;40;44;82;86;89;90;93;96;97;98;99;101;102;105;106;109;110;172;174;177;178;179;180;181;182;269;277;278;279;290;293;294;297;298;301;302,24,37,1.0,1.0,0.09792169853523092,0.031915292046221566,0.10268273970846309,True,True,True,True,True,pass,Nb252_WT_pos075_rep01_seed8169501,62,58;59;60;61;62;63;64;65,1;2;4;17;18;19;20;21;22;23;24;25;26;31;32;33;34;35;36;37;38;39;40;41;42;43;44;45;46;58;59;60;61;62;63;64;65;81;82;83;84;85;86;87;88;89;90;91;92;93;94;95;96;97;98;99;100;101;102;103;104;105;116;117;118;119;120;121;122;123;124;125;126;127;128;129;130;131;133;165;168;169;170;171;172;173;174;175;176;177;178;179;180;181;182;183;184;185;186;187;188;189;190;191;192;193;194;195;196;197;198;199;252;256;257;258;259;260;261;262;263;264;265;266;267;268;269;341;344;349;351;352;353;354;355;356;357;358;361;364;365;366;367;368;369;370;371;372;373;374;375;376;377,153
Nb252_uni_seq075_K75E,Nb252 reported_seq K75E,Nb252 IMGT 84 K>E,Nb252 chain C auth K75E,75,K,E,FR3,False,2,8169502,Nb252_WT_pos075_rep02_seed8169502,398.28873540420625,-72.6897173789593,-95.67615429157468,-120.9813518179648,16.713717446422407,24,38,0.9166666666666666,0.918918918918919,0.04400565243023533,2.3121431530324443,33;37;45;47;50;53;58;98;100;102;103;104;105;106;107;108;109;110;111;112;113;114;115;116,33;37;40;44;82;86;89;90;93;96;97;98;99;101;102;105;106;109;110;172;174;177;178;179;180;181;182;269;277;278;279;290;293;294;297;298;301;302,24,37,1.0,1.0,1.844261557128732,0.5903262603699062,0.39756985811533596,True,True,True,True,True,pass,Nb252_WT_pos075_rep02_seed8169502,62,58;59;60;61;62;63;64;65,1;2;4;17;18;19;20;21;22;23;24;25;26;31;32;33;34;35;36;37;38;39;40;41;42;43;44;45;46;58;59;60;61;62;63;64;65;81;82;83;84;85;86;87;88;89;90;91;92;93;94;95;96;97;98;99;100;101;102;103;104;105;116;117;118;119;120;121;122;123;124;125;126;127;128;129;130;131;133;165;168;169;170;171;172;173;174;175;176;177;178;179;180;181;182;183;184;185;186;187;188;189;190;191;192;193;194;195;196;197;198;199;252;256;257;258;259;260;261;262;263;264;265;266;267;268;269;341;344;349;351;352;353;354;355;356;357;358;361;364;365;366;367;368;369;370;371;372;373;374;375;376;377,153
Nb252_uni_seq075_K75L,Nb252 reported_seq K75L,Nb252 IMGT 84 K>L,Nb252 chain C auth K75L,75,K,L,FR3,False,2,8169502,Nb252_WT_pos075_rep02_seed8169502,392.76934766061356,-73.96134931748918,-96.23456525989836,-120.93808604665,16.418830328015535,24,37,0.9166666666666666,0.8918918918918919,0.04489457583828963,2.315951256189327,33;37;45;47;50;53;58;98;100;102;103;104;105;106;107;108;109;110;111;112;113;114;115;116,33;40;44;82;86;89;90;93;96;97;98;99;101;102;105;106;109;110;172;174;177;178;179;180;181;182;269;277;278;279;290;293;294;297;298;301;302,24,37,1.0,1.0,0.5726296185988531,0.031915292046221566,0.10268273970846309,True,True,True,True,True,pass,Nb252_WT_pos075_rep02_seed8169502,62,58;59;60;61;62;63;64;65,1;2;4;17;18;19;20;21;22;23;24;25;26;31;32;33;34;35;36;37;38;39;40;41;42;43;44;45;46;58;59;60;61;62;63;64;65;81;82;83;84;85;86;87;88;89;90;91;92;93;94;95;96;97;98;99;100;101;102;103;104;105;116;117;118;119;120;121;122;123;124;125;126;127;128;129;130;131;133;165;168;169;170;171;172;173;174;175;176;177;178;179;180;181;182;183;184;185;186;187;188;189;190;191;192;193;194;195;196;197;198;199;252;256;257;258;259;260;261;262;263;264;265;266;267;268;269;341;344;349;351;352;353;354;355;356;357;358;361;364;365;366;367;368;369;370;371;372;373;374;375;376;377,153
Nb252_uni_seq075_K75E,Nb252 reported_seq K75E,Nb252 IMGT 84 K>E,Nb252 chain C auth K75E,75,K,E,FR3,False,3,8169503,Nb252_WT_pos075_rep03_seed8169503,398.28873540420625,-72.41332813243383,-95.67615429157468,-120.9813518179648,16.713717446422407,24,38,0.9166666666666666,0.918918918918919,0.04400565243023533,2.3121431530324443,33;37;45;47;50;53;58;98;100;102;103;104;105;106;107;108;109;110;111;112;113;114;115;116,33;37;40;44;82;86;89;90;93;96;97;98;99;101;102;105;106;109;110;172;174;177;178;179;180;181;182;269;277;278;279;290;293;294;297;298;301;302,24,37,1.0,1.0,3.1043924399342586,0.5903262603699062,0.39756985811533596,True,True,True,True,True,pass,Nb252_WT_pos075_rep03_seed8169503,62,58;59;60;61;62;63;64;65,1;2;4;17;18;19;20;21;22;23;24;25;26;31;32;33;34;35;36;37;38;39;40;41;42;43;44;45;46;58;59;60;61;62;63;64;65;81;82;83;84;85;86;87;88;89;90;91;92;93;94;95;96;97;98;99;100;101;102;103;104;105;116;117;118;119;120;121;122;123;124;125;126;127;128;129;130;131;133;165;168;169;170;171;172;173;174;175;176;177;178;179;180;181;182;183;184;185;186;187;188;189;190;191;192;193;194;195;196;197;198;199;252;256;257;258;259;260;261;262;263;264;265;266;267;268;269;341;344;349;351;352;353;354;355;356;357;358;361;364;365;366;367;368;369;370;371;372;373;374;375;376;377,153
Nb252_uni_seq075_K75L,Nb252 reported_seq K75L,Nb252 IMGT 84 K>L,Nb252 chain C auth K75L,75,K,L,FR3,False,3,8169503,Nb252_WT_pos075_rep03_seed8169503,392.76934766061356,-72.96441282266267,-96.23456525989836,-120.93808604665,16.418830328015535,24,37,0.9166666666666666,0.8918918918918919,0.04489457583828963,2.315951256189327,33;37;45;47;50;53;58;98;100;102;103;104;105;106;107;108;109;110;111;112;113;114;115;116,33;40;44;82;86;89;90;93;96;97;98;99;101;102;105;106;109;110;172;174;177;178;179;180;181;182;269;277;278;279;290;293;294;297;298;301;302,24,37,1.0,1.0,2.553307749705425,0.031915292046221566,0.10268273970846309,True,True,True,True,True,pass,Nb252_WT_pos075_rep03_seed8169503,62,58;59;60;61;62;63;64;65,1;2;4;17;18;19;20;21;22;23;24;25;26;31;32;33;34;35;36;37;38;39;40;41;42;43;44;45;46;58;59;60;61;62;63;64;65;81;82;83;84;85;86;87;88;89;90;91;92;93;94;95;96;97;98;99;100;101;102;103;104;105;116;117;118;119;120;121;122;123;124;125;126;127;128;129;130;131;133;165;168;169;170;171;172;173;174;175;176;177;178;179;180;181;182;183;184;185;186;187;188;189;190;191;192;193;194;195;196;197;198;199;252;256;257;258;259;260;261;262;263;264;265;266;267;268;269;341;344;349;351;352;353;354;355;356;357;358;361;364;365;366;367;368;369;370;371;372;373;374;375;376;377,153
Nb252_uni_seq086_K86A,Nb252 reported_seq K86A,Nb252 IMGT 95 K>A,Nb252 chain C auth K86A,86,K,A,FR3,False,1,8170601,Nb252_WT_pos086_rep01_seed8170601,401.75954186357035,-72.98605158955161,-95.78195918724023,-120.90832413238516,16.70208416113345,24,37,0.9166666666666666,0.8918918918918919,0.044677332063406676,2.313768563097262,33;37;45;47;50;53;58;98;100;102;103;104;105;106;107;108;109;110;111;112;113;114;115;116,33;40;44;82;86;89;90;93;96;97;98;99;101;102;105;106;109;110;172;174;177;178;179;180;181;182;269;277;278;279;290;293;294;297;298;301;302,24,37,1.0,1.0,0.6364069275218185,0.08937727998421963,0.03269498734290366,True,True,True,True,True,pass,Nb252_WT_pos086_rep01_seed8170601,73,70;71;72;73;74;75;76;77;110;111;112,1;2;4;17;18;19;20;21;22;23;24;25;26;31;32;33;34;35;36;37;38;39;40;41;42;43;44;45;46;60;70;71;72;73;74;75;76;77;81;82;83;84;85;86;87;88;89;90;91;92;93;94;95;96;97;98;99;100;101;102;103;104;105;110;111;112;116;117;118;119;120;121;122;123;124;125;126;127;128;129;130;131;133;165;168;169;170;171;172;173;174;175;176;177;178;179;180;181;182;183;184;185;186;187;188;189;190;191;192;193;194;195;196;197;198;199;252;256;257;258;259;260;261;262;263;264;265;266;267;268;269;341;344;349;351;352;353;354;355;356;357;358;361;364;365;366;367;368;369;370;371;372;373;374;375;376;377,157
Nb252_uni_seq086_K86S,Nb252 reported_seq K86S,Nb252 IMGT 95 K>S,Nb252 chain C auth K86S,86,K,S,FR3,False,1,8170601,Nb252_WT_pos086_rep01_seed8170601,401.08084743121356,-72.75209041284086,-95.88113248055504,-120.91369246538562,16.58547580874893,24,37,0.9166666666666666,0.8918918918918919,0.04454869565824797,2.311349029976027,33;37;45;47;50;53;58;98;100;102;103;104;105;106;107;108;109;110;111;112;113;114;115;116,33;40;44;82;86;89;90;93;96;97;98;99;101;102;105;106;109;110;172;174;177;178;179;180;181;182;269;277;278;279;290;293;294;297;298;301;302,24,37,1.0,1.0,0.8703681042325684,-0.009796013330586106,-0.08391336504161373,True,True,True,True,True,pass,Nb252_WT_pos086_rep01_seed8170601,73,70;71;72;73;74;75;76;77;110;111;112,1;2;4;17;18;19;20;21;22;23;24;25;26;31;32;33;34;35;36;37;38;39;40;41;42;43;44;45;46;60;70;71;72;73;74;75;76;77;81;82;83;84;85;86;87;88;89;90;91;92;93;94;95;96;97;98;99;100;101;102;103;104;105;110;111;112;116;117;118;119;120;121;122;123;124;125;126;127;128;129;130;131;133;165;168;169;170;171;172;173;174;175;176;177;178;179;180;181;182;183;184;185;186;187;188;189;190;191;192;193;194;195;196;197;198;199;252;256;257;258;259;260;261;262;263;264;265;266;267;268;269;341;344;349;351;352;353;354;355;356;357;358;361;364;365;366;367;368;369;370;371;372;373;374;375;376;377,157
Nb252_uni_seq086_K86T,Nb252 reported_seq K86T,Nb252 IMGT 95 K>T,Nb252 chain C auth K86T,86,K,T,FR3,False,1,8170601,Nb252_WT_pos086_rep01_seed8170601,400.4291711013042,-73.37312997743743,-95.64554631432155,-120.95498617126272,16.708594359016647,24,37,0.9166666666666666,0.8918918918918919,0.04463360353994611,2.31352698550624,33;37;45;47;50;53;58;98;100;102;103;104;105;106;107;108;109;110;111;112;113;114;115;116,33;40;44;82;86;89;90;93;96;97;98;99;101;102;105;106;109;110;172;174;177;178;179;180;181;182;269;277;278;279;290;293;294;297;298;301;302,24,37,1.0,1.0,0.24932853963599655,0.22579015290290272,0.039205185226101946,True,True,True,True,True,pass,Nb252_WT_pos086_rep01_seed8170601,73,70;71;72;73;74;75;76;77;110;111;112,1;2;4;17;18;19;20;21;22;23;24;25;26;31;32;33;34;35;36;37;38;39;40;41;42;43;44;45;46;60;70;71;72;73;74;75;76;77;81;82;83;84;85;86;87;88;89;90;91;92;93;94;95;96;97;98;99;100;101;102;103;104;105;110;111;112;116;117;118;119;120;121;122;123;124;125;126;127;128;129;130;131;133;165;168;169;170;171;172;173;174;175;176;177;178;179;180;181;182;183;184;185;186;187;188;189;190;191;192;193;194;195;196;197;198;199;252;256;257;258;259;260;261;262;263;264;265;266;267;268;269;341;344;349;351;352;353;354;355;356;357;358;361;364;365;366;367;368;369;370;371;372;373;374;375;376;377,157
Nb252_uni_seq086_K86A,Nb252 reported_seq K86A,Nb252 IMGT 95 K>A,Nb252 chain C auth K86A,86,K,A,FR3,False,2,8170602,Nb252_WT_pos086_rep02_seed8170602,401.75954186357035,-73.67923913147456,-95.78195918724023,-120.90832413238516,16.70208416113345,24,37,0.9166666666666666,0.8918918918918919,0.044677332063406676,2.313768563097262,33;37;45;47;50;53;58;98;100;102;103;104;105;106;107;108;109;110;111;112;113;114;115;116,33;40;44;82;86;89;90;93;96;97;98;99;101;102;105;106;109;110;172;174;177;178;179;180;181;182;269;277;278;279;290;293;294;297;298;301;302,24,38,1.0,0.9736842105263158,0.031763308376014265,-0.22996857338462462,0.12208631199702324,True,True,True,True,True,pass,Nb252_WT_pos086_rep02_seed8170602,73,70;71;72;73;74;75;76;77;110;111;112,1;2;4;17;18;19;20;21;22;23;24;25;26;31;32;33;34;35;36;37;38;39;40;41;42;43;44;45;46;60;70;71;72;73;74;75;76;77;81;82;83;84;85;86;87;88;89;90;91;92;93;94;95;96;97;98;99;100;101;102;103;104;105;110;111;112;116;117;118;119;120;121;122;123;124;125;126;127;128;129;130;131;133;165;168;169;170;171;172;173;174;175;176;177;178;179;180;181;182;183;184;185;186;187;188;189;190;191;192;193;194;195;196;197;198;199;252;256;257;258;259;260;261;262;263;264;265;266;267;268;269;341;344;349;351;352;353;354;355;356;357;358;361;364;365;366;367;368;369;370;371;372;373;374;375;376;377,157
Nb252_uni_seq086_K86S,Nb252 reported_seq K86S,Nb252 IMGT 95 K>S,Nb252 chain C auth K86S,86,K,S,FR3,False,2,8170602,Nb252_WT_pos086_rep02_seed8170602,401.08084743121356,-74.14855123260827,-95.88113248055504,-120.91369246538562,16.58547580874893,24,37,0.9166666666666666,0.8918918918918919,0.04454869565824797,2.311349029976027,33;37;45;47;50;53;58;98;100;102;103;104;105;106;107;108;109;110;111;112;113;114;115;116,33;40;44;82;86;89;90;93;96;97;98;99;101;102;105;106;109;110;172;174;177;178;179;180;181;182;269;277;278;279;290;293;294;297;298;301;302,24,38,1.0,0.9736842105263158,-0.43754879275769554,-0.32914186669943035,0.005477959612505856,True,True,True,True,True,pass,Nb252_WT_pos086_rep02_seed8170602,73,70;71;72;73;74;75;76;77;110;111;112,1;2;4;17;18;19;20;21;22;23;24;25;26;31;32;33;34;35;36;37;38;39;40;41;42;43;44;45;46;60;70;71;72;73;74;75;76;77;81;82;83;84;85;86;87;88;89;90;91;92;93;94;95;96;97;98;99;100;101;102;103;104;105;110;111;112;116;117;118;119;120;121;122;123;124;125;126;127;128;129;130;131;133;165;168;169;170;171;172;173;174;175;176;177;178;179;180;181;182;183;184;185;186;187;188;189;190;191;192;193;194;195;196;197;198;199;252;256;257;258;259;260;261;262;263;264;265;266;267;268;269;341;344;349;351;352;353;354;355;356;357;358;361;364;365;366;367;368;369;370;371;372;373;374;375;376;377,157
Nb252_uni_seq086_K86T,Nb252 reported_seq K86T,Nb252 IMGT 95 K>T,Nb252 chain C auth K86T,86,K,T,FR3,False,2,8170602,Nb252_WT_pos086_rep02_seed8170602,400.92061946793444,-74.10312548115917,-95.73697462700552,-121.0535437876892,16.718583948575457,24,37,0.9166666666666666,0.8918918918918919,0.04424369319252807,2.305524687164128,33;37;45;47;50;53;58;98;100;102;103;104;105;106;107;108;109;110;111;112;113;114;115;116,33;40;44;82;86;89;90;93;96;97;98;99;101;102;105;106;109;110;172;174;177;178;179;180;181;182;269;277;278;279;290;293;294;297;298;301;302,24,38,1.0,0.9736842105263158,-0.39212304130859366,-0.18498401314991497,0.13858609943903133,True,True,True,True,True,pass,Nb252_WT_pos086_rep02_seed8170602,73,70;71;72;73;74;75;76;77;110;111;112,1;2;4;17;18;19;20;21;22;23;24;25;26;31;32;33;34;35;36;37;38;39;40;41;42;43;44;45;46;60;70;71;72;73;74;75;76;77;81;82;83;84;85;86;87;88;89;90;91;92;93;94;95;96;97;98;99;100;101;102;103;104;105;110;111;112;116;117;118;119;120;121;122;123;124;125;126;127;128;129;130;131;133;165;168;169;170;171;172;173;174;175;176;177;178;179;180;181;182;183;184;185;186;187;188;189;190;191;192;193;194;195;196;197;198;199;252;256;257;258;259;260;261;262;263;264;265;266;267;268;269;341;344;349;351;352;353;354;355;356;357;358;361;364;365;366;367;368;369;370;371;372;373;374;375;376;377,157
Nb252_uni_seq086_K86A,Nb252 reported_seq K86A,Nb252 IMGT 95 K>A,Nb252 chain C auth K86A,86,K,A,FR3,False,3,8170603,Nb252_WT_pos086_rep03_seed8170603,401.75954186357035,-73.14800969440421,-95.78195918724023,-120.90832413238516,16.70208416113345,24,37,0.9166666666666666,0.8918918918918919,0.044677332063406676,2.313768563097262,33;37;45;47;50;53;58;98;100;102;103;104;105;106;107;108;109;110;111;112;113;114;115;116,33;40;44;82;86;89;90;93;96;97;98;99;101;102;105;106;109;110;172;174;177;178;179;180;181;182;269;277;278;279;290;293;294;297;298;301;302,24,38,1.0,0.9736842105263158,-0.7946641859685428,-0.22996857338462462,0.12208631199702324,True,True,True,True,True,pass,Nb252_WT_pos086_rep03_seed8170603,73,70;71;72;73;74;75;76;77;110;111;112,1;2;4;17;18;19;20;21;22;23;24;25;26;31;32;33;34;35;36;37;38;39;40;41;42;43;44;45;46;60;70;71;72;73;74;75;76;77;81;82;83;84;85;86;87;88;89;90;91;92;93;94;95;96;97;98;99;100;101;102;103;104;105;110;111;112;116;117;118;119;120;121;122;123;124;125;126;127;128;129;130;131;133;165;168;169;170;171;172;173;174;175;176;177;178;179;180;181;182;183;184;185;186;187;188;189;190;191;192;193;194;195;196;197;198;199;252;256;257;258;259;260;261;262;263;264;265;266;267;268;269;341;344;349;351;352;353;354;355;356;357;358;361;364;365;366;367;368;369;370;371;372;373;374;375;376;377,157
Nb252_uni_seq086_K86S,Nb252 reported_seq K86S,Nb252 IMGT 95 K>S,Nb252 chain C auth K86S,86,K,S,FR3,False,3,8170603,Nb252_WT_pos086_rep03_seed8170603,401.08084743121356,-73.04438008373666,-95.88113248055504,-120.91369246538562,16.58547580874893,24,37,0.9166666666666666,0.8918918918918919,0.04454869565824797,2.311349029976027,33;37;45;47;50;53;58;98;100;102;103;104;105;106;107;108;109;110;111;112;113;114;115;116,33;40;44;82;86;89;90;93;96;97;98;99;101;102;105;106;109;110;172;174;177;178;179;180;181;182;269;277;278;279;290;293;294;297;298;301;302,24,38,1.0,0.9736842105263158,-0.6910345753009892,-0.32914186669943035,0.005477959612505856,True,True,True,True,True,pass,Nb252_WT_pos086_rep03_seed8170603,73,70;71;72;73;74;75;76;77;110;111;112,1;2;4;17;18;19;20;21;22;23;24;25;26;31;32;33;34;35;36;37;38;39;40;41;42;43;44;45;46;60;70;71;72;73;74;75;76;77;81;82;83;84;85;86;87;88;89;90;91;92;93;94;95;96;97;98;99;100;101;102;103;104;105;110;111;112;116;117;118;119;120;121;122;123;124;125;126;127;128;129;130;131;133;165;168;169;170;171;172;173;174;175;176;177;178;179;180;181;182;183;184;185;186;187;188;189;190;191;192;193;194;195;196;197;198;199;252;256;257;258;259;260;261;262;263;264;265;266;267;268;269;341;344;349;351;352;353;354;355;356;357;358;361;364;365;366;367;368;369;370;371;372;373;374;375;376;377,157
Nb252_uni_seq086_K86T,Nb252 reported_seq K86T,Nb252 IMGT 95 K>T,Nb252 chain C auth K86T,86,K,T,FR3,False,3,8170603,Nb252_WT_pos086_rep03_seed8170603,400.4291711013042,-74.92462898365898,-95.64554631432155,-120.95498617126272,16.708594359016647,24,37,0.9166666666666666,0.8918918918918919,0.04463360353994611,2.31352698550624,33;37;45;47;50;53;58;98;100;102;103;104;105;106;107;108;109;110;111;112;113;114;115;116,33;40;44;82;86;89;90;93;96;97;98;99;101;102;105;106;109;110;172;174;177;178;179;180;181;182;269;277;278;279;290;293;294;297;298;301;302,24,38,1.0,0.9736842105263158,-2.5712834752233107,-0.09355570046594153,0.12859650988022153,True,True,True,True,True,pass,Nb252_WT_pos086_rep03_seed8170603,73,70;71;72;73;74;75;76;77;110;111;112,1;2;4;17;18;19;20;21;22;23;24;25;26;31;32;33;34;35;36;37;38;39;40;41;42;43;44;45;46;60;70;71;72;73;74;75;76;77;81;82;83;84;85;86;87;88;89;90;91;92;93;94;95;96;97;98;99;100;101;102;103;104;105;110;111;112;116;117;118;119;120;121;122;123;124;125;126;127;128;129;130;131;133;165;168;169;170;171;172;173;174;175;176;177;178;179;180;181;182;183;184;185;186;187;188;189;190;191;192;193;194;195;196;197;198;199;252;256;257;258;259;260;261;262;263;264;265;266;267;268;269;341;344;349;351;352;353;354;355;356;357;358;361;364;365;366;367;368;369;370;371;372;373;374;375;376;377,157
