task_index,task_id,candidate_id,tier,sample_index,seed,status,total_elapsed_seconds,initial_minimization_seconds,backrub_seconds,wt_branch_seconds,mutant_branch_seconds,measurement_seconds,peak_rss_mb,output_size_bytes,backrub_trials,backrub_neighborhood_residue_count,delta_dG_separated,delta_cross_interface_energy,delta_interface_fa_rep,candidate_vs_paired_wt_vhh_contact_retention,candidate_vs_paired_wt_receptor_epitope_retention,wt_mapping_pass,wt_breaks_pass,wt_disulfide_pass,mutant_mapping_pass,mutant_breaks_pass,mutant_disulfide_pass
0,task_0000,Nb252_aff_seq045_R45A,tier_1,1,8123001,pass,894.0395522610052,4.156091109034605,854.2328688891139,2.206286169937812,2.227383272955194,30.81888535793405,998.91796875,1699829,35000,16,-1.4385050946726778,-0.43041813838026144,0.16509657223686958,1.0,1.0,True,True,True,True,True,True
1,task_0001,Nb252_aff_seq045_R45A,tier_1,2,8123002,pass,861.8637120979838,4.081081046024337,821.4701482719975,3.503497958998196,2.5871509009739384,29.873642856022343,999.18359375,1699868,35000,16,-2.1301012449329733,-0.5808295134613104,0.03014811501850545,1.0,1.0,True,True,True,True,True,True
2,task_0002,Nb252_aff_seq045_R45A,tier_1,3,8123003,pass,867.437957681017,4.1315131759038195,829.1702122329734,2.095011226949282,2.1912526349769905,29.47005717700813,1000.0234375,1699779,35000,16,0.23406993718674585,0.6352381709646266,-0.7574176285714458,1.0,1.0,True,True,True,True,True,True
3,task_0003,Nb252_aff_seq045_R45A,tier_1,4,8123004,pass,875.0533258919604,4.086262578959577,835.489637888968,2.2310799460392445,2.7147839390672743,30.168563998071477,999.01171875,1699846,35000,16,0.04541159407790474,-0.4440642556734957,0.24133472841151615,1.0,1.0,True,True,True,True,True,True
4,task_0004,Nb252_aff_seq045_R45A,tier_1,5,8123005,pass,853.5276592380833,4.133927352027968,812.233647897956,2.4829927909886464,2.8181462089996785,31.46900854294654,997.16796875,1699848,35000,16,1.2570884835095057,-0.6730756391993538,0.14137394986021334,1.0,1.0,True,True,True,True,True,True
5,task_0005,Nb252_aff_seq045_R45A,tier_1,6,8123006,pass,869.4372957730666,4.0654479110380635,830.0216105150757,2.2354944070102647,2.7125541920540854,30.020163466921076,1000.421875,1699810,35000,16,0.42528628050439465,-0.5328616619245992,0.054347106883085416,1.0,1.0,True,True,True,True,True,True
6,task_0006,Nb252_aff_seq045_R45A,tier_1,7,8123007,pass,854.228321045055,4.133129397989251,814.7587309200317,2.352956320042722,2.6193056110059842,30.004925612010993,999.9765625,1699811,35000,16,-1.1595946633530616,-0.42890591421415536,0.1853565638259589,1.0,1.0,True,True,True,True,True,True
7,task_0007,Nb252_aff_seq045_R45A,tier_1,8,8123008,pass,812.986874729977,4.2681113459402695,773.8073871979723,2.248151918989606,2.72662713797763,29.583269790979102,995.80859375,1699826,35000,16,-1.7089708219534145,-0.37227067551695825,0.2411193232211417,1.0,1.0,True,True,True,True,True,True
8,task_0008,Nb252_aff_seq045_R45A,tier_1,9,8123009,pass,790.5225226370385,4.127734447014518,750.3020153479883,2.4303272700635716,2.591887722024694,30.726180478115566,993.59375,1699826,35000,16,-1.370149316494178,-0.4954313512864985,0.224832316515311,1.0,1.0,True,True,True,True,True,True
9,task_0009,Nb252_aff_seq045_R45A,tier_1,10,8123010,pass,833.3652772299247,4.267904995009303,794.2806289290311,2.0531723559834063,2.354026664979756,30.047029515961185,996.75390625,1699828,35000,16,0.6560561135926264,-0.506931597624444,0.08691118538682474,1.0,1.0,True,True,True,True,True,True
10,task_0010,Nb252_aff_seq045_R45A,tier_1,11,8123011,pass,773.4003833959578,4.10868223500438,733.6240712580038,2.3838336559711024,2.9562882910249755,29.98586516699288,995.39453125,1699831,35000,16,0.07670743244784717,-0.6120190750945795,0.1818164690158639,1.0,1.0,True,True,True,True,True,True
11,task_0011,Nb252_aff_seq045_R45A,tier_1,12,8123012,pass,818.7419187610503,4.267518014996313,780.730579351075,1.8381127489265054,2.1233388039981946,29.466362867038697,997.421875,1699855,35000,16,-1.4446440690161353,-0.3641369813196462,0.17274851967496474,1.0,1.0,True,True,True,True,True,True
12,task_0012,Nb252_aff_seq045_R45A,tier_1,13,8123013,pass,794.6873548979638,3.7902071609860286,755.2207294240361,2.5144997528987005,3.010222394950688,29.847653395030648,1000.1875,1699816,35000,16,-1.633413746468534,-0.6617360690723046,0.05894516308369546,1.0,1.0,True,True,True,True,True,True
13,task_0013,Nb252_aff_seq045_R45A,tier_1,14,8123014,pass,800.0866072589997,3.8749575869878754,761.5841395049356,2.472085007932037,2.5077078980393708,29.338389244046994,1004.3203125,1699802,35000,16,0.34810109420357094,-0.44353840574646597,0.10514366977995593,1.0,1.0,True,True,True,True,True,True
14,task_0014,Nb252_aff_seq045_R45A,tier_1,15,8123015,pass,830.6283823380945,3.7415123189566657,790.3123903219821,2.257353634922765,2.8788664950989187,31.090228543034755,1003.171875,1699849,35000,16,-0.396087409190784,-0.4577082647727764,0.021112639612901773,1.0,1.0,True,True,True,True,True,True
15,task_0015,Nb252_aff_seq045_R45A,tier_1,16,8123016,pass,833.758646480972,3.8157092159381136,793.6971393839922,2.394765611970797,2.7830790149746463,30.71164815593511,1000.9921875,1699826,35000,16,0.7413968172743353,-0.6632432827177297,0.0473050988364605,1.0,1.0,True,True,True,True,True,True
16,task_0016,Nb252_aff_seq045_R45A,tier_1,17,8123017,pass,844.843499823939,4.011519943014719,804.3101258300012,2.2830902849091217,2.945954389986582,30.92770299804397,1003.4765625,1699788,35000,16,-2.4256674894220396,-0.735796148719615,0.10245553336693902,1.0,1.0,True,True,True,True,True,True
17,task_0017,Nb252_aff_seq045_R45A,tier_1,18,8123018,pass,871.7725876730401,3.8304981399560347,832.3109402749687,2.2825539029436186,2.6026749389711767,30.41593462601304,1001.546875,1699801,35000,16,-1.354284031387408,-0.49682580638103957,0.16701922287690962,1.0,1.0,True,True,True,True,True,True
18,task_0018,Nb252_aff_seq045_R45A,tier_1,19,8123019,pass,889.7081002170453,3.8155917660333216,850.4529856180307,2.2533420299878344,2.703718572971411,30.115600364049897,1004.4765625,1699802,35000,16,45.907760807409716,-0.6475270536462716,0.1104633083199964,1.0,1.0,True,True,True,True,True,True
19,task_0019,Nb252_aff_seq045_R45A,tier_1,20,8123020,pass,868.171196457115,3.7437095909845084,828.4447641520528,2.0099492879817262,2.026382448966615,31.475428740959615,1001.6328125,1699826,35000,16,-1.508024276758988,-0.6545260422340391,0.08967031154851313,1.0,1.0,True,True,True,True,True,True
20,task_0020,Nb252_aff_seq045_R45C,tier_1,1,8123021,pass,885.2589403620223,3.956558587960899,844.981085904059,2.10899665299803,3.920121927978471,29.918939767987467,1004.69921875,1699925,35000,16,-3.0432532248897814,-1.1011518107859786,0.2562033987381973,1.0,1.0,True,True,True,True,True,True
21,task_0021,Nb252_aff_seq045_R45C,tier_1,2,8123022,pass,851.0393397990847,3.9341934559633955,810.3219193608966,2.3769323989981785,3.0914268529741094,30.939111776999198,1002.6328125,1699911,35000,16,-1.0885032952367055,-0.9236175228973309,0.3845351517483664,1.0,1.0,True,True,True,True,True,True
22,task_0022,Nb252_aff_seq045_R45C,tier_1,3,8123023,pass,878.0525234990055,4.030635352944955,837.9452898469754,2.17448211601004,3.414529503090307,30.10814811603632,1002.87890625,1699931,35000,16,-48.26194622747994,-1.1557157499343162,0.17742547415591758,1.0,1.0,True,True,True,True,True,True
23,task_0023,Nb252_aff_seq045_R45C,tier_1,4,8123024,pass,899.1590720550157,4.084445961052552,858.3665630680043,2.6016392780002207,3.9352252159733325,29.79309861198999,1004.05859375,1699940,35000,16,-3.1443975794032326,-1.8083435782218942,0.08197729236118789,1.0,1.0,True,True,True,True,True,True
24,task_0024,Nb252_aff_seq045_R45C,tier_1,5,8123025,pass,768.6225613279967,3.701816749991849,729.5869017040823,2.52794151508715,3.2222036860184744,29.23101005097851,1003.83203125,1699936,35000,16,-3.047719738439355,-1.5761719454632157,0.1888390179887267,1.0,1.0,True,True,True,True,True,True
25,task_0025,Nb252_aff_seq045_R45C,tier_1,6,8123026,pass,797.9242816859623,3.8064727690070868,759.4445063479943,2.10004154604394,2.193152272957377,30.04142404301092,1004.09375,1699944,35000,16,-3.724251392806991,-1.6373165217020613,0.1270189389924532,1.0,1.0,True,True,True,True,True,True
26,task_0026,Nb252_aff_seq045_R45C,tier_1,7,8123027,pass,822.862176854047,3.6974495409522206,784.6426315780263,2.357307964935899,2.351104452041909,29.456343653029762,1004.4921875,1699960,35000,16,-3.951329150977699,-1.3889916085392713,0.21741105245785874,1.0,1.0,True,True,True,True,True,True
27,task_0027,Nb252_aff_seq045_R45C,tier_1,8,8123028,pass,845.3063488450134,3.8642248739488423,804.0800469849491,2.120816645096056,3.8990466959076002,31.01504027599003,1004.96875,1699899,35000,16,-2.3155705957178156,-1.1146927544774883,0.4139255559447399,1.0,1.0,True,True,True,True,True,True
28,task_0028,Nb252_aff_seq045_R45C,tier_1,9,8123029,pass,832.4936962369829,3.9827972759958357,791.2362197939074,2.677684706985019,3.6962837629253045,30.548637564992532,1004.51171875,1699902,35000,16,-2.1016854532767297,-1.5404649648530722,0.23825658934957517,1.0,1.0,True,True,True,True,True,True
29,task_0029,Nb252_aff_seq045_R45C,tier_1,10,8123030,pass,846.0408742040163,3.7738269199617207,805.8916538859485,2.591540807974525,3.1975538519909605,30.226409335038625,1004.1953125,1699946,35000,16,-2.630526228653707,-1.088584076970946,0.4117090991192782,1.0,1.0,True,True,True,True,True,True
30,task_0030,Nb252_aff_seq045_R45C,tier_1,11,8123031,pass,860.9500483049778,3.76349607296288,821.2093909549294,2.300974499899894,2.773627643007785,30.539149149903096,1004.1328125,1699871,35000,16,-2.1853302011796814,-1.1188518544079216,0.29595006367545906,1.0,1.0,True,True,True,True,True,True
31,task_0031,Nb252_aff_seq045_R45C,tier_1,12,8123032,pass,873.8737044170266,3.932561036082916,832.9822787489975,2.1447747779311612,3.6869683649856597,30.77557449892629,1004.6875,1699907,35000,16,-1.8601235497286552,-1.0539514118768523,0.3506762825324792,1.0,1.0,True,True,True,True,True,True
32,task_0032,Nb252_aff_seq045_R45C,tier_1,13,8123033,pass,882.237945506,4.007412386010401,841.4094574530609,2.4019635850563645,4.0645464359549806,30.005579839926213,1004.37890625,1699956,35000,16,0.026316127690108715,-1.166587517110571,0.4352250651544374,1.0,1.0,True,True,True,True,True,True
33,task_0033,Nb252_aff_seq045_R45C,tier_1,14,8123034,pass,871.7766971689416,4.098526783986017,830.6636296630604,2.866311623947695,2.731357420911081,31.067202885984443,1002.5,1699894,35000,16,-2.100978512871336,-1.1304443129443342,0.3166291112444455,1.0,1.0,True,True,True,True,True,True
34,task_0034,Nb252_aff_seq045_R45C,tier_1,15,8123035,pass,867.2519500959897,4.009588745073415,826.0335484009702,2.025334978941828,4.107659308006987,30.722354234894738,1002.5234375,1699907,35000,16,-0.22106521894966136,-1.137447750204302,0.32191716926003977,1.0,1.0,True,True,True,True,True,True
35,task_0035,Nb252_aff_seq045_R45C,tier_1,16,8123036,pass,887.4441291750409,4.067386790993623,845.2880650919396,3.6804674189770594,3.338102231035009,30.663596321013756,1003.58203125,1699865,35000,16,-1.1349229759513264,-0.9712947923940902,0.1743333537433358,1.0,1.0,True,True,True,True,True,True
36,task_0036,Nb252_aff_seq045_R45C,tier_1,17,8123037,pass,775.3832384869456,3.8381332370918244,735.1360710109584,2.246457446948625,3.740403075935319,30.070419920026325,1003.890625,1699941,35000,16,-2.5048466889587644,-1.3593302577491926,0.17435307585435922,1.0,1.0,True,True,True,True,True,True
37,task_0037,Nb252_aff_seq045_R45C,tier_1,18,8123038,pass,763.8254674329655,3.780670674983412,724.7822351210052,2.1590217619668692,3.487260746071115,29.297112433006987,1004.0234375,1699924,35000,16,-0.6453090242621329,0.07232372354657457,-0.15499804585695998,1.0,1.0,True,True,True,True,True,True
38,task_0038,Nb252_aff_seq045_R45C,tier_1,19,8123039,pass,845.0678619969403,3.814683416974731,804.734637861955,2.1146690510213375,4.532389502972364,29.544058409053832,1003.05078125,1699955,35000,16,-0.1417354474192507,-1.0071850569488419,0.323271383224629,1.0,1.0,True,True,True,True,True,True
39,task_0039,Nb252_aff_seq045_R45C,tier_1,20,8123040,pass,839.9157050469657,3.811957902042195,800.0109413519967,2.3203513589687645,3.450488690054044,29.993945954018272,1004.90234375,1699892,35000,16,-2.0355626014478503,-1.229791201863506,0.23344710805717028,1.0,1.0,True,True,True,True,True,True
40,task_0040,Nb252_aff_seq045_R45D,tier_1,1,8123041,pass,840.9544266270241,3.9960017799166963,800.608983943006,2.165465127909556,2.587521321955137,31.17323098401539,1002.546875,1699994,35000,16,-48.25258600067997,0.09261637792512545,0.25182197781765936,1.0,1.0,True,True,True,True,True,True
41,task_0041,Nb252_aff_seq045_R45D,tier_1,2,8123042,pass,839.4825320260134,3.9342512720031664,800.7095180019969,2.6105235510040075,2.973958671092987,28.895522972918116,1004.92578125,1700049,35000,16,-1.3836849329136953,-0.3089349524553029,0.024396814516585152,1.0,1.0,True,True,True,True,True,True
42,task_0042,Nb252_aff_seq045_R45D,tier_1,3,8123043,pass,872.8269659669604,3.995376667007804,833.9566044979729,2.311801442061551,2.8491737639997154,29.352145095006563,1004.11328125,1700024,35000,16,-0.9098599107196037,0.13328709198083288,0.2655770079771784,1.0,1.0,True,True,True,True,True,True
43,task_0043,Nb252_aff_seq045_R45D,tier_1,4,8123044,pass,871.240908148,3.855804088059813,830.1323538479628,2.369716654997319,3.440742713981308,31.073049970902503,1004.0390625,1700037,35000,16,-0.8723985662577434,0.07932579532140949,0.28967093438710734,1.0,1.0,True,True,True,True,True,True
44,task_0044,Nb252_aff_seq045_R45D,tier_1,5,8123045,pass,845.6047776819905,4.01559615007136,807.2374461389845,1.9002249829936773,2.6372479619458318,29.420517186052166,1001.81640625,1700029,35000,16,-0.0690738767698349,-0.22695731455584678,0.1520327274116724,1.0,1.0,True,True,True,True,True,True
45,task_0045,Nb252_aff_seq045_R45D,tier_1,6,8123046,pass,858.3003253960051,4.004061824991368,818.680325095891,2.2929882709868252,2.7837515720166266,30.204690344980918,1003.04296875,1700014,35000,16,-2.005525300944555,-0.19002835260488382,0.1318625380160654,1.0,1.0,True,True,True,True,True,True
46,task_0046,Nb252_aff_seq045_R45D,tier_1,7,8123047,pass,891.7569932660554,4.091012111981399,850.7692800370278,3.533992148935795,3.3109226500382647,29.678468098980375,1005.26171875,1700006,35000,16,1.2363243266491963,-0.06283138031274405,0.09859703681606646,1.0,1.0,True,True,True,True,True,True
47,task_0047,Nb252_aff_seq045_R45D,tier_1,8,8123048,pass,872.5554887800245,4.124414699967019,831.5446166070178,2.595363085041754,4.355177662102506,29.53367639495991,1003.37109375,1700036,35000,16,2.0120781357826445,1.077622128891221,-0.3297641117414756,1.0,1.0,True,True,True,True,True,True
48,task_0048,Nb252_aff_seq045_R45D,tier_1,9,8123049,pass,799.9816335679498,3.8064097730675712,761.2010503689526,2.2235092680202797,2.8282831329852343,29.570700119948015,1003.1796875,1699981,35000,16,0.7943361291994506,0.07844366316214746,0.1197639968536457,1.0,1.0,True,True,True,True,True,True
49,task_0049,Nb252_aff_seq045_R45D,tier_1,10,8123050,pass,812.7269092290662,3.8780211930861697,774.3406332869781,1.9562730570323765,2.7959516459377483,29.380256277043372,1003.6015625,1699984,35000,16,-0.8349108162409493,-0.2623470342892915,0.06888319865474912,1.0,1.0,True,True,True,True,True,True
50,task_0050,Nb252_aff_seq045_R45D,tier_1,11,8123051,pass,851.5462122220779,3.7506050349911675,810.7345096539939,3.2761972240405157,3.1270239460282028,30.286083841929212,1004.4296875,1700012,35000,16,0.7775389553796686,-0.14225872025284048,0.09009364279956955,1.0,1.0,True,True,True,True,True,True
51,task_0051,Nb252_aff_seq045_R45D,tier_1,12,8123052,pass,855.229225834948,3.8168353469809517,814.9612572679762,2.0964033290510997,2.9940297480206937,31.01826824201271,1003.57421875,1700019,35000,16,1.0637065609021192,0.17140315054550115,0.3000509299529668,1.0,1.0,True,True,True,True,True,True
52,task_0052,Nb252_aff_seq045_R45D,tier_1,13,8123053,pass,855.8339578870218,3.996822802000679,814.3863926650956,3.0028816330013797,2.9812468679156154,31.07905495201703,1001.07421875,1700003,35000,16,0.0783835293610764,0.22820817315098907,0.246748393050634,1.0,1.0,True,True,True,True,True,True
53,task_0053,Nb252_aff_seq045_R45D,tier_1,14,8123054,pass,829.4198486679234,4.0075247819768265,789.7116225459613,2.4347636189777404,3.2740323500474915,29.663066438981332,1002.21484375,1700039,35000,16,-0.3536838465320784,0.15100083233932082,0.28428263303950274,1.0,1.0,True,True,True,True,True,True
54,task_0054,Nb252_aff_seq045_R45D,tier_1,15,8123055,pass,887.6529627150157,3.984319800976664,848.1034978718963,2.1935658541042358,2.6876495599281043,30.33079793502111,1003.34765625,1700025,35000,16,-1.8928603951333685,-0.3389085919700108,0.06528750208733669,1.0,1.0,True,True,True,True,True,True
55,task_0055,Nb252_aff_seq045_R45D,tier_1,16,8123056,pass,845.9785411470803,3.9888515970669687,806.4240786379669,2.2378924670629203,2.8089713029330596,30.13338907796424,1002.65625,1700018,35000,16,0.31183496426649526,0.022311669769266018,0.09833418893838797,1.0,1.0,True,True,True,True,True,True
56,task_0056,Nb252_aff_seq045_R45D,tier_1,17,8123057,pass,843.6374016600894,4.381192588945851,803.3798535669921,2.6065005679847673,2.7665943950414658,30.139194141956978,1001.8515625,1699999,35000,16,-0.8583095813803538,0.31270044056184076,0.2549606569916527,1.0,1.0,True,True,True,True,True,True
57,task_0057,Nb252_aff_seq045_R45D,tier_1,18,8123058,pass,869.4623084219638,3.9460355249466375,826.4331952310167,2.92792324104812,3.1855562360724434,32.6158797070384,1003.890625,1700002,35000,16,-0.0325778421873224,-0.19783210930685868,0.0720101927847665,1.0,1.0,True,True,True,True,True,True
58,task_0058,Nb252_aff_seq045_R45D,tier_1,19,8123059,pass,895.7679579949472,3.990778492996469,855.686093611992,2.494861486949958,3.7216826159274206,29.529941236018203,1004.27734375,1700037,35000,16,0.21011996345930584,-0.13238605260126235,0.08146601535160514,1.0,1.0,True,True,True,True,True,True
59,task_0059,Nb252_aff_seq045_R45D,tier_1,20,8123060,pass,864.170136220986,4.08425094303675,823.0496772319311,3.5139991879696026,2.485475472989492,30.713775813928805,1002.12109375,1699997,35000,16,-0.19989530349675988,-0.11197490124854426,0.10411825080823789,1.0,1.0,True,True,True,True,True,True
60,task_0060,Nb252_aff_seq045_R45N,tier_1,1,8123061,pass,773.854720634059,3.795518073020503,733.3777267999249,3.2356275980127975,2.9237390540074557,30.1939335570205,1005.20703125,1700147,35000,16,1.8793029421167375,-0.6827991164574598,0.12870620560631352,1.0,1.0,True,True,True,True,True,True
61,task_0061,Nb252_aff_seq045_R45N,tier_1,2,8123062,pass,784.3732327379985,3.8174442789750174,746.3478883759817,2.1259337610099465,2.1458142739720643,29.59310804505367,1002.82421875,1700214,35000,16,-1.7956333665706552,-0.6555778749190324,0.20727690306941327,1.0,1.0,True,True,True,True,True,True
62,task_0062,Nb252_aff_seq045_R45N,tier_1,3,8123063,pass,827.0351362070069,3.8028736989945173,786.192507497035,2.4816219119820744,3.0228207900654525,31.150937139987946,1004.48046875,1700118,35000,16,-0.3102350256681916,-0.6059950641850804,0.15806409641663421,1.0,1.0,True,True,True,True,True,True
63,task_0063,Nb252_aff_seq045_R45N,tier_1,4,8123064,pass,835.9760052839993,3.801529024960473,795.2163002170855,2.538675036979839,2.7643086930038407,31.259713880019262,1004.3671875,1700141,35000,16,-1.2346765901737058,-0.7722200418451024,0.17375702674754123,1.0,1.0,True,True,True,True,True,True
64,task_0064,Nb252_aff_seq045_R45N,tier_1,5,8123065,pass,837.8070129139815,4.015597691060975,795.8641335261054,3.5319334840169176,3.3107015140121803,30.66842653497588,1005.97265625,1700129,35000,16,0.8075917950226312,-0.6236286572580809,0.10996158419154867,1.0,1.0,True,True,True,True,True,True
65,task_0065,Nb252_aff_seq045_R45N,tier_1,6,8123066,pass,858.911619386985,4.041908959974535,821.0129766789032,2.3807461160467938,2.2043592541012913,28.922778819920495,1003.46875,1700156,35000,16,-1.278798912706577,-1.070880173018324,0.04961272640915837,1.0,1.0,True,True,True,True,True,True
66,task_0066,Nb252_aff_seq045_R45N,tier_1,7,8123067,pass,840.6735500470968,3.953466025996022,799.7736796850804,3.5440686169313267,3.4169996769633144,29.649981577997096,1003.23046875,1700252,35000,16,-2.514402870302888,-1.335354206533225,-0.2928046169337719,1.0,1.0,True,True,True,True,True,True
67,task_0067,Nb252_aff_seq045_R45N,tier_1,8,8123068,pass,862.3232477030251,4.058886141050607,822.1928377420409,2.7823693440295756,2.5760663200635463,30.18068102898542,1002.93359375,1700189,35000,16,-0.6345236494829578,-1.1588341808283218,0.048661077122162055,1.0,1.0,True,True,True,True,True,True
68,task_0068,Nb252_aff_seq045_R45N,tier_1,9,8123069,pass,868.201719498029,3.9849898170214146,828.5168439589906,2.424753700965084,2.5762359279906377,30.354273758945055,1003.546875,1700189,35000,16,-0.4911469412917313,-1.0040130349558183,0.15192974308989804,1.0,1.0,True,True,True,True,True,True
69,task_0069,Nb252_aff_seq045_R45N,tier_1,10,8123070,pass,879.1206445558928,4.052472840063274,837.7987579869805,2.3529287179699168,3.6238959189504385,30.964897661004215,1004.07421875,1700154,35000,16,-1.120813660276383,-0.9120704029870126,0.19862235204823264,1.0,1.0,True,True,True,True,True,True
70,task_0070,Nb252_aff_seq045_R45N,tier_1,11,8123071,pass,881.2933498220518,4.0260893950471655,842.2905668660533,2.8157982060220093,2.4015392429428175,29.43601508194115,1001.828125,1700156,35000,16,1.423798424464053,0.37851779870338476,-0.3916010255251301,1.0,1.0,True,True,True,True,True,True
71,task_0071,Nb252_aff_seq045_R45N,tier_1,12,8123072,pass,890.2421473530121,4.096269240020774,849.3519492719788,2.154481861041859,3.180121580022387,31.124026516918093,1005.28515625,1700178,35000,16,-2.886915629657665,-0.5845315060767575,0.2932744416023425,1.0,1.0,True,True,True,True,True,True
72,task_0072,Nb252_aff_seq045_R45N,tier_1,13,8123073,pass,838.9759428689722,3.8280963479774073,799.9700697109802,2.0959657999919727,3.3728371639735997,29.383314725011587,1005.91015625,1700143,35000,16,-0.5479122170313531,-0.5109241369218296,0.2956606335013561,1.0,1.0,True,True,True,True,True,True
73,task_0073,Nb252_aff_seq045_R45N,tier_1,14,8123074,pass,818.6733136189869,3.845896902959794,780.3262629749952,2.4431955479085445,2.1819964789319783,29.559592433972284,1003.9609375,1700186,35000,16,2.3500783867334576,-0.49131212048087036,0.21574475478611177,1.0,1.0,True,True,True,True,True,True
74,task_0074,Nb252_aff_seq045_R45N,tier_1,15,8123075,pass,842.2779582990333,3.900221485993825,803.3509333960246,2.196352914907038,2.8068031020229682,29.703330965945497,1003.234375,1700133,35000,16,-1.48028112823215,-0.621316975497308,0.25785451521602454,1.0,1.0,True,True,True,True,True,True
75,task_0075,Nb252_aff_seq045_R45N,tier_1,16,8123076,pass,856.3383596449858,4.099612254067324,815.0082140739542,3.0034593450836837,3.7838450209237635,30.125249985954724,1003.33203125,1700190,35000,16,-0.4117912576660956,0.28885097961774875,-0.047351938266103843,1.0,1.0,True,True,True,True,True,True
76,task_0076,Nb252_aff_seq045_R45N,tier_1,17,8123077,pass,845.7463351839688,4.08086522994563,806.5183432589984,1.8791585459839553,2.063055179081857,30.891144037945196,1002.91015625,1700152,35000,16,-1.8716200074641165,-0.5643666180981057,0.2807173507128411,1.0,1.0,True,True,True,True,True,True
77,task_0077,Nb252_aff_seq045_R45N,tier_1,18,8123078,pass,819.5919267040445,4.06402530905325,780.7853906799573,2.24974139907863,3.1500758919864893,29.025961818988435,1003.6015625,1700175,35000,16,0.28948929151744096,-0.7368091089585533,0.2585793097223785,1.0,1.0,True,True,True,True,True,True
78,task_0078,Nb252_aff_seq045_R45N,tier_1,19,8123079,pass,874.943253585021,3.8980445930501446,836.022797425976,2.1810441410634667,2.9567263970384374,29.549758746055886,1003.796875,1700171,35000,16,-1.229101066942576,-0.9381702509007397,0.14634663524301672,1.0,1.0,True,True,True,True,True,True
79,task_0079,Nb252_aff_seq045_R45N,tier_1,20,8123080,pass,851.7476458869642,4.003092994913459,811.5948194329394,2.140951550914906,3.2431066980352625,30.44204443495255,1003.06640625,1700146,35000,16,-0.902271931826931,-1.1069047248934965,0.08986726276614831,1.0,1.0,True,True,True,True,True,True
80,task_0080,Nb252_aff_seq045_R45P,tier_1,1,8123081,pass,891.300962119014,3.9730088689830154,850.8415146740153,3.0767497150227427,2.407504727016203,30.666569010005333,1002.5625,1700149,35000,16,-0.47601240032514625,-0.5067359237079785,0.24340473916617,1.0,1.0,True,True,True,True,True,True
81,task_0081,Nb252_aff_seq045_R45P,tier_1,2,8123082,pass,870.7417513129767,4.087655119015835,830.2500113890273,2.682228998048231,2.5947242520051077,30.800308943958953,1001.828125,1700198,35000,16,-1.5536140684537258,-0.4463352400673273,0.22971786329462418,1.0,1.0,True,True,True,True,True,True
82,task_0082,Nb252_aff_seq045_R45P,tier_1,3,8123083,pass,868.8262613600818,3.9747082939138636,829.5734769590199,2.3282147380523384,2.89441396901384,29.733360320911743,1004.0859375,1700205,35000,16,0.014643410355290598,-0.45445819434372936,0.168030589005717,1.0,1.0,True,True,True,True,True,True
83,task_0083,Nb252_aff_seq045_R45P,tier_1,4,8123084,pass,865.8536336629186,4.06791769200936,825.3596324160462,2.190759555087425,2.7497608439298347,31.158685644972138,1002.16796875,1700207,35000,16,-2.2271334043235242,-0.48466227340422563,0.23939610497672703,1.0,1.0,True,True,True,True,True,True
84,task_0084,Nb252_aff_seq045_R45P,tier_1,5,8123085,pass,784.9215411499608,3.774252110044472,746.8209357908927,2.093606484006159,2.777457241900265,29.14525804889854,1004.2890625,1700206,35000,16,-1.2862334211057487,-0.7531184464813094,0.29650460256453925,1.0,1.0,True,True,True,True,True,True
85,task_0085,Nb252_aff_seq045_R45P,tier_1,6,8123086,pass,805.5951901359949,3.809339764993638,764.3970104079926,2.0652999649755657,2.402591126039624,32.60074502101634,1002.17578125,1700152,35000,16,0.9628635298660129,-0.42175280957746963,0.10682844434766992,1.0,1.0,True,True,True,True,True,True
86,task_0086,Nb252_aff_seq045_R45P,tier_1,7,8123087,pass,837.08556549903,3.9698986529838294,796.6641621199669,2.6308862429577857,3.2988178500672802,30.209449731977656,1005.75390625,1700171,35000,16,-0.39116438704860457,-0.6465848651985482,0.1826910878421657,1.0,1.0,True,True,True,True,True,True
87,task_0087,Nb252_aff_seq045_R45P,tier_1,8,8123088,pass,835.4895895849913,3.9015384160447866,796.5573211660376,2.347622903995216,2.748305916087702,29.61612067196984,1004.640625,1700175,35000,16,-3.1009797218998756,-0.6985768009697182,0.11120247308227604,1.0,1.0,True,True,True,True,True,True
88,task_0088,Nb252_aff_seq045_R45P,tier_1,9,8123089,pass,833.989175082068,3.9552191430702806,793.8594856999116,2.2299767769873142,2.22788172098808,31.399304272956215,1003.359375,1700155,35000,16,-0.5775450466081793,-0.44288504462666367,0.2207048591368057,1.0,1.0,True,True,True,True,True,True
89,task_0089,Nb252_aff_seq045_R45P,tier_1,10,8123090,pass,840.4439016518882,4.038150133914314,799.1092312159017,3.4633922720095143,3.3513748419936746,30.161445630947128,1000.1484375,1700145,35000,16,-1.0252756278274546,-0.561536471380947,-0.0014676792068328837,1.0,1.0,True,True,True,True,True,True
90,task_0090,Nb252_aff_seq045_R45P,tier_1,11,8123091,pass,867.7421517759794,3.901501437998377,827.7908090880373,2.1103987300302833,3.32602421392221,30.289716950966977,1004.3671875,1700201,35000,16,-1.2345780049723771,-0.4784849870238759,0.17595609239573307,1.0,1.0,True,True,True,True,True,True
91,task_0091,Nb252_aff_seq045_R45P,tier_1,12,8123092,pass,853.9637114190264,4.038506565964781,814.3572089109803,2.114020256092772,2.320690692984499,30.817623683949932,1003.4296875,1700202,35000,16,-0.22522171196169438,-0.41583496715061585,0.2608131291273139,1.0,1.0,True,True,True,True,True,True
92,task_0092,Nb252_aff_seq045_R45P,tier_1,13,8123093,pass,886.414162831963,4.114404196036048,846.316333757015,2.229123165947385,3.10588364105206,30.31921024399344,1000.6796875,1700169,35000,16,-0.8003166156094608,-0.5736799810001401,0.28342055358645624,1.0,1.0,True,True,True,True,True,True
93,task_0093,Nb252_aff_seq045_R45P,tier_1,14,8123094,pass,854.6645550980465,4.114763704943471,813.8798660609173,3.0793549329973757,2.8999978349311277,30.362198193906806,1000.1875,1700213,35000,16,-1.8421890072858105,-0.67603159755474,0.2095509177874959,1.0,1.0,True,True,True,True,True,True
94,task_0094,Nb252_aff_seq045_R45P,tier_1,15,8123095,pass,880.3179339710623,3.9826976580079645,840.2995649640216,2.5944354929961264,2.4297874480253085,30.685463499976322,1003.8046875,1700158,35000,16,-46.752732565458075,-0.3760680360450408,0.30616644711303564,1.0,1.0,True,True,True,True,True,True
95,task_0095,Nb252_aff_seq045_R45P,tier_1,16,8123096,pass,874.2552178309998,4.081964515033178,835.5700326249935,2.0190164849627763,2.3068639650009573,29.950021615019068,1002.48046875,1700182,35000,16,1.4933174301528425,0.22285069441745975,-0.8037805210605455,1.0,1.0,True,True,True,True,True,True
96,task_0096,Nb252_aff_seq045_R45P,tier_1,17,8123097,pass,776.5171382209519,3.7892748239682987,737.5361213629367,2.6708584979642183,2.4708538360428065,29.742786236922257,1003.91015625,1700163,35000,16,1.6340835640277191,-0.3606047732776858,-0.0531719033704654,1.0,1.0,True,True,True,True,True,True
97,task_0097,Nb252_aff_seq045_R45P,tier_1,18,8123098,pass,818.3303756118985,3.8368940099608153,779.1917693479918,2.0663257939741015,2.395403523929417,30.524680010974407,1002.28125,1700160,35000,16,1.0245331870711425,-0.5325349210897059,0.2300269959043888,1.0,1.0,True,True,True,True,True,True
98,task_0098,Nb252_aff_seq045_R45P,tier_1,19,8123099,pass,823.977147014928,3.9700422789901495,784.7348986431025,2.378394478932023,2.9300668600481004,29.645042987074703,1008.24609375,1700173,35000,16,-47.942978274623215,-0.7723657938570625,0.16989557327806892,1.0,1.0,True,True,True,True,True,True
99,task_0099,Nb252_aff_seq045_R45P,tier_1,20,8123100,pass,830.9273907300085,3.8631394669646397,791.2524181799963,2.7411088179796934,2.827840913902037,29.922159482026473,1003.90234375,1700158,35000,16,-0.8097316392860421,-0.6075755297401599,0.2162919987470211,1.0,1.0,True,True,True,True,True,True
100,task_0100,Nb252_aff_seq045_R45S,tier_1,1,8123101,pass,813.7029905719683,3.955935006029904,773.5984549149871,2.303378349984996,2.7049650499830022,30.8216175470734,1001.30859375,1699876,35000,16,-0.36554447299022286,-0.03307411748426148,0.1178577858326797,1.0,1.0,True,True,True,True,True,True
101,task_0101,Nb252_aff_seq045_R45S,tier_1,2,8123102,pass,818.1202952269232,4.036454002954997,779.2459307479439,2.1809384890366346,2.2908109499840066,30.053407963947393,1005.109375,1699972,35000,16,0.11088600950643013,0.1137797300152954,0.2565111802287703,1.0,1.0,True,True,True,True,True,True
102,task_0102,Nb252_aff_seq045_R45S,tier_1,3,8123103,pass,859.3520657230401,3.9122649950440973,820.0078952428885,3.015502064023167,2.898330242955126,29.206517450977117,1004.109375,1699975,35000,16,-0.757002298918735,0.2088029010295429,0.1732743422646159,1.0,1.0,True,True,True,True,True,True
103,task_0103,Nb252_aff_seq045_R45S,tier_1,4,8123104,pass,866.0815408700146,4.060681508970447,826.8155999450246,2.175943978014402,2.3509580210084096,30.34697196795605,1002.3515625,1699968,35000,16,-1.2312551360683415,0.06719083702056139,0.1714585833757063,1.0,1.0,True,True,True,True,True,True
104,task_0104,Nb252_aff_seq045_R45S,tier_1,5,8123105,pass,864.9361525729764,3.949740457930602,825.2503450299846,2.391841260017827,2.1358535239705816,30.882587629021145,1002.328125,1699939,35000,16,-66.75218654096886,1.0709083516345004,-0.19074473464243624,1.0,1.0,True,True,True,True,True,True
105,task_0105,Nb252_aff_seq045_R45S,tier_1,6,8123106,pass,890.6052443259396,4.087145498022437,850.8921712569427,2.6752747510327026,2.404717561090365,30.213760287035257,1002.0625,1699932,35000,16,-2.898757367909411,-0.755872296507107,0.4449212158815463,1.0,1.0,True,True,True,True,True,True
106,task_0106,Nb252_aff_seq045_R45S,tier_1,7,8123107,pass,870.134897639975,3.9992628290783614,830.1384417751106,2.8061222919495776,2.202193566947244,30.668170649092644,1004.28125,1699935,35000,16,-0.911873370795206,0.36248389124963865,-0.11121673334107385,1.0,1.0,True,True,True,True,True,True
107,task_0107,Nb252_aff_seq045_R45S,tier_1,8,8123108,pass,865.9915774510009,4.088158822036348,826.2182038560277,2.1504016200779006,2.2506956760771573,30.962612332077697,1002.64453125,1699905,35000,16,-1.3276685288651038,0.17805055067417186,0.2339454610615519,1.0,1.0,True,True,True,True,True,True
108,task_0108,Nb252_aff_seq045_R45S,tier_1,9,8123109,pass,787.5193065319909,3.8451917060883716,750.128358501941,2.129033631994389,2.2409658179385588,28.86664052400738,1004.61328125,1699945,35000,16,1.068040453183869,0.9506080139738344,-0.32408826494519616,1.0,1.0,True,True,True,True,True,True
109,task_0109,Nb252_aff_seq045_R45S,tier_1,10,8123110,pass,815.3789759150241,3.829800967941992,775.1223993930034,3.243972823023796,3.2995490989414975,29.56671586004086,1002.16015625,1699978,35000,16,0.5568246204786647,-0.10437069426760104,0.07609932877241832,1.0,1.0,True,True,True,True,True,True
110,task_0110,Nb252_aff_seq045_R45S,tier_1,11,8123111,pass,823.9251859380165,3.982521770056337,785.4583412080538,2.3173212739638984,2.8027167950058356,29.049269504030235,1004.44921875,1699959,35000,16,-1.1868981831164547,-0.15061114649371632,0.09557832342731842,1.0,1.0,True,True,True,True,True,True
111,task_0111,Nb252_aff_seq045_R45S,tier_1,12,8123112,pass,849.286008880008,3.801011955947615,810.879241593997,2.7620772320078686,2.6154258500318974,28.90949971100781,1003.2578125,1699911,35000,16,-72.85703682508148,0.1183584671919391,0.2339027160647369,1.0,1.0,True,True,True,True,True,True
112,task_0112,Nb252_aff_seq045_R45S,tier_1,13,8123113,pass,835.522806153982,3.9925590709317476,793.9900467670523,1.9719162050168961,3.789861769997515,31.460901663056575,1003.14453125,1699901,35000,16,-0.10765860215940393,-0.2880333864648179,0.10541931159795936,1.0,1.0,True,True,True,True,True,True
113,task_0113,Nb252_aff_seq045_R45S,tier_1,14,8123114,pass,852.0031132460572,3.9858094400260597,810.1985226819525,3.325385175063275,3.364099793951027,30.812940164934844,1003.9609375,1699915,35000,16,1.5965902212258243,-0.17929776640698947,0.05970233466105768,1.0,1.0,True,True,True,True,True,True
114,task_0114,Nb252_aff_seq045_R45S,tier_1,15,8123115,pass,857.3010714279953,3.8699385459767655,818.7714536529966,2.2215028889477253,2.3856803230009973,29.744888135930523,1005.328125,1699954,35000,16,0.5532621420364308,-0.20721691943464293,0.09184269828370617,1.0,1.0,True,True,True,True,True,True
115,task_0115,Nb252_aff_seq045_R45S,tier_1,16,8123116,pass,849.732754674973,4.056845320970751,811.0827950859675,2.144409443018958,1.8964670919813216,30.226341144065373,1002.46484375,1699969,35000,16,-1.0883556543383293,-0.12683887876370648,0.11581692936474397,1.0,1.0,True,True,True,True,True,True
116,task_0116,Nb252_aff_seq045_R45S,tier_1,17,8123117,pass,871.1008233940229,4.068372456007637,831.8418843620457,2.3138761839363724,2.840476393001154,29.707042381050996,1004.28515625,1699950,35000,16,0.2139025558984713,-0.1734903508521768,-0.007737663297561426,1.0,1.0,True,True,True,True,True,True
117,task_0117,Nb252_aff_seq045_R45S,tier_1,18,8123118,pass,882.5281713469885,3.790660977945663,844.3117186019663,2.363212930969894,2.675023485091515,29.057871368015185,1004.39453125,1699907,35000,16,0.7590187671338526,-0.011237582061937701,0.17418010191082445,1.0,1.0,True,True,True,True,True,True
118,task_0118,Nb252_aff_seq045_R45S,tier_1,19,8123119,pass,776.3502316699596,3.79764016403351,737.9241606250871,2.568519201944582,2.5057011479511857,29.24098603706807,1004.3515625,1699969,35000,16,-2.681744707104542,-0.2157314547465745,-0.022390025609592357,1.0,1.0,True,True,True,True,True,True
119,task_0119,Nb252_aff_seq045_R45S,tier_1,20,8123120,pass,879.0890018650098,4.05966598901432,839.0132348689949,2.6418651149142534,2.344678626046516,30.699421396944672,1004.95703125,1699966,35000,16,-0.8332932769617969,0.09576253765023068,0.17803010081345505,1.0,1.0,True,True,True,True,True,True
120,task_0120,Nb252_aff_seq045_R45T,tier_1,1,8123121,pass,886.4793591550551,4.136423991061747,844.4615425560623,2.2644325949950144,4.224893360980786,31.060919313924387,1002.3203125,1700154,35000,16,0.10329378186730764,-0.8368002630272287,0.4425469841604759,1.0,1.0,True,True,True,True,True,True
121,task_0121,Nb252_aff_seq045_R45T,tier_1,2,8123122,pass,833.7480370090343,3.8240384749369696,794.1508315290557,2.74372783198487,3.514029050944373,29.19887376599945,1004.2890625,1700157,35000,16,-2.1690196038682643,-1.091597993689959,0.3774013390710458,1.0,1.0,True,True,True,True,True,True
122,task_0122,Nb252_aff_seq045_R45T,tier_1,3,8123123,pass,842.8177296360955,3.9716522729722783,802.8093645970803,2.2283015130087733,3.1999154170043766,30.29608766292222,1004.97265625,1700197,35000,16,-1.5229701184885016,-0.8348764285727697,0.4586885199282982,1.0,1.0,True,True,True,True,True,True
123,task_0123,Nb252_aff_seq045_R45T,tier_1,4,8123124,pass,851.2439253630582,3.963988391100429,811.5255644699791,2.035142690059729,2.64857642701827,30.753339065006003,1004.4453125,1700160,35000,16,0.25672055460916,0.6689149975280912,-0.18191535175913032,1.0,1.0,True,True,True,True,True,True
124,task_0124,Nb252_aff_seq045_R45T,tier_1,5,8123125,pass,853.7673718370497,4.022988606942818,812.8434596880106,2.316398767987266,2.622326349024661,31.598945426987484,1003.96484375,1700185,35000,16,-0.89516513326015,-0.9997653389286398,0.39447226903922683,1.0,1.0,True,True,True,True,True,True
125,task_0125,Nb252_aff_seq045_R45T,tier_1,6,8123126,pass,827.5161279110471,3.9846100930590183,787.9848654050147,2.631009580916725,2.948591581080109,29.653290278976783,1003.046875,1700187,35000,16,-3.1962127663686033,-1.6907488615582764,0.5638952575243721,1.0,1.0,True,True,True,True,True,True
126,task_0126,Nb252_aff_seq045_R45T,tier_1,7,8123127,pass,845.7673333269777,3.8589138800743967,806.7470260029659,2.4112821699818596,2.918654746026732,29.520593900000677,1002.83203125,1700196,35000,16,-0.41155574933816297,-1.146729977766526,0.34644648880940565,1.0,1.0,True,True,True,True,True,True
127,task_0127,Nb252_aff_seq045_R45T,tier_1,8,8123128,pass,844.7579739110079,4.031888731988147,804.4598004069412,2.730966852977872,3.062064628000371,30.152158532990143,1002.4375,1700180,35000,16,-2.277875594170041,-1.5072120684668562,0.21966881307798758,1.0,1.0,True,True,True,True,True,True
128,task_0128,Nb252_aff_seq045_R45T,tier_1,9,8123129,pass,801.7338314339286,3.9536517369560897,761.9174324680353,2.0320592409698293,2.88733523292467,30.62922195706051,1003.9140625,1700165,35000,16,-0.27157848414719865,-0.832486021289057,0.36078270726452644,1.0,1.0,True,True,True,True,True,True
129,task_0129,Nb252_aff_seq045_R45T,tier_1,10,8123130,pass,872.4162417469779,4.059504789998755,831.9986679139547,2.4623962009791285,2.5365606680279598,31.026862125028856,1004.6953125,1700179,35000,16,-1.240016603017807,-1.168307878230081,0.18598536673870925,1.0,1.0,True,True,True,True,True,True
130,task_0130,Nb252_aff_seq045_R45T,tier_1,11,8123131,pass,893.4870308540994,3.7685237490804866,853.5806849889923,2.270831195055507,3.157715476001613,30.382407122990116,1003.53515625,1700158,35000,16,-1.7158360207974397,-0.9924553144233528,0.3478952849893773,1.0,1.0,True,True,True,True,True,True
131,task_0131,Nb252_aff_seq045_R45T,tier_1,12,8123132,pass,888.6807004219154,3.9697006839560345,846.9825672680745,3.6254621029365808,2.9876180340070277,30.79059537802823,1004.71875,1700200,35000,16,2.0595806089697817,-1.0578476294596726,0.24711449573960564,1.0,1.0,True,True,True,True,True,True
132,task_0132,Nb252_aff_seq045_R45T,tier_1,13,8123133,pass,891.5243685459718,4.0945748899830505,852.404788695043,2.0945925229461864,2.496459841961041,30.111523017054424,1006.49609375,1700147,35000,16,-3.025929329530811,-1.058819779404132,0.39889856747380037,1.0,1.0,True,True,True,True,True,True
133,task_0133,Nb252_aff_seq045_R45T,tier_1,14,8123134,pass,789.734888598905,3.925061249989085,750.4087160780327,2.139565496938303,2.966785775963217,29.96034585603047,1002.8046875,1700195,35000,16,-0.8500916461279076,-0.8321533817108104,0.4623925169741874,1.0,1.0,True,True,True,True,True,True
134,task_0134,Nb252_aff_seq045_R45T,tier_1,15,8123135,pass,851.0328028550139,3.950859274948016,812.1635187269421,3.062810492934659,2.6606512459693477,28.87701089598704,1002.9140625,1700176,35000,16,-1.0246446130801132,-1.0436233529906787,0.3961094201067432,1.0,1.0,True,True,True,True,True,True
135,task_0135,Nb252_aff_seq045_R45T,tier_1,16,8123136,pass,859.5949473429937,3.9022440389962867,820.125224316027,2.3632033800240606,2.47926292498596,30.403618218027987,1004.8671875,1700147,35000,16,-0.7004547004736992,-1.0834130571701337,0.2874960720601045,1.0,1.0,True,True,True,True,True,True
136,task_0136,Nb252_aff_seq045_R45T,tier_1,17,8123137,pass,842.5219459779328,4.012236041016877,802.7309619029984,2.2782728619640693,2.4717564150923863,30.709691056981683,1000.33203125,1700143,35000,16,-1.9268250294754807,-1.32068366606633,0.26854836495019896,1.0,1.0,True,True,True,True,True,True
137,task_0137,Nb252_aff_seq045_R45T,tier_1,18,8123138,pass,842.6973858429119,4.024182562017813,803.2584608180914,2.201335657038726,2.7080535739660263,30.18912462494336,1004.16015625,1700173,35000,16,2.3434792017488917,0.7728106539458821,-0.20727424225672664,1.0,1.0,True,True,True,True,True,True
138,task_0138,Nb252_aff_seq045_R45T,tier_1,19,8123139,pass,862.7880513260607,3.8165940300095826,823.7107670700643,2.215674818959087,2.802155954996124,29.800415568053722,1002.55078125,1700201,35000,16,1.0903601271772345,0.5950434899037447,-0.16364788139549802,1.0,1.0,True,True,True,True,True,True
139,task_0139,Nb252_aff_seq045_R45T,tier_1,20,8123140,pass,846.778267470072,4.010347479023039,807.4679230240872,2.323184952023439,3.1012707069749013,29.549231969052926,1002.0625,1700136,35000,16,-1.0807016227325903,-0.9404671291413393,0.39255655424906166,1.0,1.0,True,True,True,True,True,True
140,task_0140,Nb252_aff_seq046_E46D,tier_1,1,8123141,pass,838.4937069909647,2.7998275170102715,799.9143299669959,2.732210061047226,3.1555179989663884,29.370168603025377,973.5,1700710,35000,17,-0.5590124731942296,-0.424078634867854,-0.06433378132590306,1.0,1.0,True,True,True,True,True,True
141,task_0141,Nb252_aff_seq046_E46D,tier_1,2,8123142,pass,882.0949053369695,2.93192522902973,844.2822596089682,2.390583261032589,2.4399017019895837,29.72047413396649,973.2109375,1700744,35000,17,-0.2568374356172285,-0.2681812996831212,-0.02361121719401993,1.0,1.0,True,True,True,True,True,True
142,task_0142,Nb252_aff_seq046_E46D,tier_1,3,8123143,pass,824.7048582650023,2.851025736075826,787.1924414669629,1.8234672559192404,2.162027933052741,30.36124023492448,973.39453125,1700698,35000,17,-1.0750636962360431,-0.3589379808873474,-0.10413982539475342,0.9565217391304348,1.0,True,True,True,True,True,True
143,task_0143,Nb252_aff_seq046_E46D,tier_1,4,8123144,pass,869.4861498499522,2.755210720002651,831.6442140170839,1.9295861679129303,2.5758158980170265,30.25931002793368,973.45703125,1700643,35000,17,-0.8107598859991185,-0.3506738943684695,0.017312537123601146,1.0,1.0,True,True,True,True,True,True
144,task_0144,Nb252_aff_seq046_E46D,tier_1,5,8123145,pass,876.7212191310246,2.8177393750520423,838.4875084119849,2.073634641012177,2.480096693034284,30.543696042965166,972.27734375,1700744,35000,17,0.06492727580473456,-0.23402351089741558,0.0016748846684002672,0.9565217391304348,1.0,True,True,True,True,True,True
145,task_0145,Nb252_aff_seq046_E46D,tier_1,6,8123146,pass,885.2731067279819,2.927362703019753,846.0113309919834,2.3890949779888615,2.60353705403395,31.011718392954208,972.2578125,1700707,35000,17,-0.4007598017287819,-0.2753551096234901,0.008831649100482508,1.0,1.0,True,True,True,True,True,True
146,task_0146,Nb252_aff_seq046_E46D,tier_1,7,8123147,pass,858.0140641808975,2.870726616936736,818.4985701120459,2.388499405933544,2.633096043020487,31.305067144101486,973.7578125,1700683,35000,17,1.3167555912361877,-0.2798366082323014,-0.015657920983255025,1.0,1.0,True,True,True,True,True,True
147,task_0147,Nb252_aff_seq046_E46D,tier_1,8,8123148,pass,850.3312439469155,2.7687550430418923,811.8675232670503,2.2406741690356284,2.8202727930620313,30.29610438400414,969.734375,1700733,35000,17,-0.26285043117849227,-0.25932535969865,-0.04357972541038535,1.0,1.0,True,True,True,True,True,True
148,task_0148,Nb252_aff_seq046_E46D,tier_1,9,8123149,pass,856.028567753965,2.866801314987242,817.6625944949919,2.634803982102312,2.6060234600445256,29.945096387993544,973.66796875,1700707,35000,17,-0.8376607018275877,-0.2067435341981252,0.05474521840158886,1.0,1.0,True,True,True,True,True,True
149,task_0149,Nb252_aff_seq046_E46D,tier_1,10,8123150,pass,836.0032485879492,2.841873002005741,797.0382309160195,2.3643200260121375,2.5369480260415003,30.90128002502024,971.95703125,1700700,35000,17,-0.3929873806428077,-0.40364328772353986,-0.07293032447241643,1.0,1.0,True,True,True,True,True,True
150,task_0150,Nb252_aff_seq046_E46D,tier_1,11,8123151,pass,783.9812029839959,2.766953579033725,747.0585157220485,2.03905423800461,2.4423188869841397,29.3541261079954,974.09765625,1700721,35000,17,0.4228872471600198,-0.31385119529369376,-0.004998520509424509,0.9565217391304348,1.0,True,True,True,True,True,True
151,task_0151,Nb252_aff_seq046_E46D,tier_1,12,8123152,pass,874.2760214880109,2.820155185996555,835.7725987780141,2.4286850090138614,2.405811961973086,30.537782137980685,978.09375,1700628,35000,17,47.97924042020031,-0.28884084532205634,-0.029985258363517175,1.0,1.0,True,True,True,True,True,True
152,task_0152,Nb252_aff_seq046_E46D,tier_1,13,8123153,pass,877.0142343880143,2.8724431470036507,838.6087119870353,2.1017634120071307,2.0806891969405115,31.032259600935504,971.875,1700712,35000,17,-0.2155425481880684,-0.17830050363438943,-0.018625153401739425,1.0,1.0,True,True,True,True,True,True
153,task_0153,Nb252_aff_seq046_E46D,tier_1,14,8123154,pass,876.1735128139844,2.878048876998946,838.938399533974,2.1870965879643336,1.7952327510574833,30.038741454016417,972.4609375,1700739,35000,17,-0.3621685273371327,-0.32954519393457815,-0.058162212524010215,1.0,1.0,True,True,True,True,True,True
154,task_0154,Nb252_aff_seq046_E46D,tier_1,15,8123155,pass,794.5321599619929,2.7915803120704368,756.926959916018,2.3807847619755194,2.2679829970002174,29.85034894105047,973.359375,1700711,35000,17,-0.2980472857069003,-0.29725505391027696,-0.013323691485080502,1.0,1.0,True,True,True,True,True,True
155,task_0155,Nb252_aff_seq046_E46D,tier_1,16,8123156,pass,877.9923773129703,2.8169649300398305,841.211192436982,1.856115609058179,2.0749376190360636,29.695910095004365,972.19921875,1700676,35000,17,-0.18982776850742766,-0.1898534847927209,-0.015524828102723376,1.0,1.0,True,True,True,True,True,True
156,task_0156,Nb252_aff_seq046_E46D,tier_1,17,8123157,pass,891.382135811029,2.834063312970102,853.8074060110375,2.0248912210809067,1.7654134110780433,30.62912009609863,973.765625,1700685,35000,17,-0.904697421035678,-0.509594290630659,-0.05312476665008958,1.0,1.0,True,True,True,True,True,True
157,task_0157,Nb252_aff_seq046_E46D,tier_1,18,8123158,pass,866.5071449660463,2.883038291009143,827.2499943689909,2.4657402619486675,2.329776675091125,31.254758873954415,971.12109375,1700689,35000,17,-0.4254444850461141,-0.2758984351656011,-0.025349831671476863,1.0,1.0,True,True,True,True,True,True
158,task_0158,Nb252_aff_seq046_E46D,tier_1,19,8123159,pass,827.6078485999024,2.833768639015034,789.6806548689492,1.9976691280025989,2.0923793509136885,30.68870194000192,973.6328125,1700739,35000,17,-1.8027717283479205,-0.148127838039386,0.08027499120934678,1.0,1.0,True,True,True,True,True,True
159,task_0159,Nb252_aff_seq046_E46D,tier_1,20,8123160,pass,846.4794137739809,2.864727613981813,808.0032776049338,2.5073583429912105,2.7105904469499364,30.05268040392548,970.53515625,1700709,35000,17,-0.4171483279039876,-0.16656528525609815,0.030087077001962115,1.0,1.0,True,True,True,True,True,True
160,task_0160,Nb252_aff_seq047_F47Q,tier_1,1,8123161,pass,830.3033597209724,3.462539638974704,791.620042480994,2.662747458089143,2.8569513290422037,29.38772426499054,991.68359375,1700664,35000,17,-1.6873752930259798,-0.6869254096190502,-0.042098501839475944,1.0,1.0,True,True,True,True,True,True
161,task_0161,Nb252_aff_seq047_F47Q,tier_1,2,8123162,pass,867.0430103100371,3.430858202977106,828.058102470939,2.938370420015417,2.823517087032087,29.421189282089472,996.8046875,1700724,35000,17,-2.5367908259337355,-0.840252528996956,0.027657640618272694,1.0,1.0,True,True,True,True,True,True
162,task_0162,Nb252_aff_seq047_F47Q,tier_1,3,8123163,pass,787.4315468759742,3.2868760529672727,749.2887782360194,1.940560665098019,2.0220889300107956,30.580095070065,996.87109375,1700743,35000,17,-0.2198468957680575,-0.6305998587105393,0.014757210798915565,0.9545454545454546,1.0,True,True,True,True,True,True
163,task_0163,Nb252_aff_seq047_F47Q,tier_1,4,8123164,pass,871.5954917951021,3.405246232985519,831.951931115007,2.6505288819316775,2.885123227024451,30.386085420963354,996.80078125,1700700,35000,17,-1.1794670609806417,-0.5727181100235867,-0.009301409835959618,0.9545454545454546,1.0,True,True,True,True,True,True
164,task_0164,Nb252_aff_seq047_F47Q,tier_1,5,8123165,pass,860.7816059929319,3.4849737159674987,821.8032390270382,2.613315633032471,2.1763009630376473,30.38495163701009,993.72265625,1700689,35000,17,-0.12351984780951852,-0.6829884959647501,0.04490701097134675,1.0,1.0,True,True,True,True,True,True
165,task_0165,Nb252_aff_seq047_F47Q,tier_1,6,8123166,pass,799.0266853199573,3.3035289209801704,760.3287523719482,2.3780680729541928,2.2772008740575984,30.431192702031694,996.83984375,1700744,35000,17,-1.63374662221986,-0.7023624829044053,0.01358038102289072,1.0,1.0,True,True,True,True,True,True
166,task_0166,Nb252_aff_seq047_F47Q,tier_1,7,8123167,pass,882.9389050460886,3.5332391359843314,843.3851964939386,2.5360158289549872,2.675455625052564,30.478234425070696,996.03125,1700722,35000,17,-0.11696139539719752,-1.0143047178183764,0.0376621277729825,1.0,1.0,True,True,True,True,True,True
167,task_0167,Nb252_aff_seq047_F47Q,tier_1,8,8123168,pass,893.2428566720337,3.4229101089295,853.969104505959,2.4570901760598645,2.5711565819801763,30.502629575086758,996.5859375,1700720,35000,17,-0.3377994630224066,-0.48129537835674796,0.163342792948864,1.0,1.0,True,True,True,True,True,True
168,task_0168,Nb252_aff_seq047_F47Q,tier_1,9,8123169,pass,881.7229160830611,3.48093694599811,842.4470680949744,2.393697743071243,2.590661404072307,30.48595722101163,995.27734375,1700734,35000,17,0.4327526631540195,0.8200126668423735,-0.1380106242431971,1.0,0.9736842105263158,True,True,True,True,True,True
169,task_0169,Nb252_aff_seq047_F47Q,tier_1,10,8123170,pass,893.341184859979,3.528167032985948,853.3904666060116,2.5192376289051026,2.5454648589948192,31.029752013040707,994.24609375,1700746,35000,17,-0.2679520396292787,-0.5044263841856917,-0.0387182421654515,1.0,1.0,True,True,True,True,True,True
170,task_0170,Nb252_aff_seq047_F47Q,tier_1,11,8123171,pass,833.9358479320072,3.409012916032225,795.6860926600639,1.9956220899475738,2.2579642849741504,30.220194877008907,996.19140625,1700727,35000,17,-1.5030595911415503,-0.712750165567229,-0.0245084629020198,1.0,1.0,True,True,True,True,True,True
171,task_0171,Nb252_aff_seq047_F47Q,tier_1,12,8123172,pass,838.0183795460034,3.3015068200184032,799.341281867004,2.3066177079454064,2.3546258909627795,30.39949246298056,993.81640625,1700761,35000,17,-1.1071431049037415,-0.34843513062872944,-0.05633978889326485,1.0,1.0,True,True,True,True,True,True
172,task_0172,Nb252_aff_seq047_F47Q,tier_1,13,8123173,pass,845.1443066600477,3.4248680260498077,806.0342958340188,1.9704718380235136,2.5982095239451155,30.793890423956327,994.0,1700715,35000,17,0.4936848319568412,-0.12263266110487336,-0.2071844743840323,1.0,1.0,True,True,True,True,True,True
173,task_0173,Nb252_aff_seq047_F47Q,tier_1,14,8123174,pass,853.3942752549192,3.4313572290120646,815.3794978919905,2.2655427349964157,2.1835202790098265,29.816898409975693,994.9921875,1700757,35000,17,-2.2186303046205467,-0.6578378679198096,-0.009265804141850964,1.0,1.0,True,True,True,True,True,True
174,task_0174,Nb252_aff_seq047_F47Q,tier_1,15,8123175,pass,787.7260261019692,3.2789392300182953,749.047024245956,2.0158845980186015,2.262155434000306,30.80915114900563,996.0078125,1700718,35000,17,-0.5805825431807534,-0.5776551210048382,0.062419917894793286,1.0,1.0,True,True,True,True,True,True
175,task_0175,Nb252_aff_seq047_F47Q,tier_1,16,8123176,pass,865.772119940957,3.428454368025996,826.7575139639666,2.446803553029895,2.4644018459366634,30.361335936933756,996.90625,1700726,35000,17,0.18551860258878605,-0.6603799394426346,0.011347115706414002,1.0,1.0,True,True,True,True,True,True
176,task_0176,Nb252_aff_seq047_F47Q,tier_1,17,8123177,pass,868.0326081310632,3.471078625996597,828.2648960009683,1.8440311370650306,2.2804389430675656,31.854626527056098,995.640625,1700727,35000,17,-0.5031635876458722,-0.7441094463644333,0.02639306750166881,1.0,1.0,True,True,True,True,True,True
177,task_0177,Nb252_aff_seq047_F47Q,tier_1,18,8123178,pass,796.0362812619423,3.3091243429807946,757.8944639009424,2.238868904998526,2.492032214999199,29.790369369089603,996.40234375,1700719,35000,17,-2.266174404838864,-0.6818762380322738,-0.0056033185750195,1.0,1.0,True,True,True,True,True,True
178,task_0178,Nb252_aff_seq047_F47Q,tier_1,19,8123179,pass,897.2146957539953,3.537695559905842,857.0859630969353,2.4786655040225014,4.088984785950743,29.70082278898917,995.76953125,1700665,35000,17,-0.24743099210979835,-0.6763151969356045,-0.02468896912020213,1.0,1.0,True,True,True,True,True,True
179,task_0179,Nb252_aff_seq047_F47Q,tier_1,20,8123180,pass,877.7250197259709,3.4178227829979733,838.6231402161065,2.4571646460099146,2.4509123009629548,30.457097392063588,999.3359375,1700705,35000,17,-1.2203061677082587,-0.7271627611089997,0.004224461223603981,1.0,1.0,True,True,True,True,True,True
180,task_0180,Nb252_aff_seq047_F47V,tier_1,1,8123181,pass,886.674366762978,3.432352156029083,847.1238479290623,2.468746386002749,2.7730781700229272,30.553888859110884,997.21484375,1700679,35000,17,-1.303681422673776,-2.0438684325828262,0.10539349100223205,1.0,1.0,True,True,True,True,True,True
181,task_0181,Nb252_aff_seq047_F47V,tier_1,2,8123182,pass,864.6771954160649,3.516568129067309,824.958324749954,2.3458227490773425,2.437491021002643,31.094891600077972,993.671875,1700694,35000,17,-4.75604512667303,-0.12577995280855703,-0.3124149446148792,1.0,1.0,True,True,True,True,True,True
182,task_0182,Nb252_aff_seq047_F47V,tier_1,3,8123183,pass,831.4509793500183,3.4252571569522843,794.002588361036,2.2328486850019544,2.3359336339635774,29.13518126902636,995.03515625,1700630,35000,17,5.000705611143815,0.09664080158241006,-0.23379787646418038,1.0,1.0,True,True,True,True,True,True
183,task_0183,Nb252_aff_seq047_F47V,tier_1,4,8123184,pass,856.5569765199907,3.31980618101079,817.4064432239393,2.729424919001758,2.940986063098535,29.84139864402823,995.4140625,1700616,35000,17,2.0328832981957135,1.4642689748798148,1.2339778159175978,1.0,1.0,True,True,True,True,True,True
184,task_0184,Nb252_aff_seq047_F47V,tier_1,5,8123185,pass,820.3477296879282,3.4296537979971617,781.6471091150306,2.291985846008174,2.51579811796546,30.14569085696712,993.921875,1700654,35000,17,1.0509993039772212,-1.202068920372966,0.20363232972002976,1.0,1.0,True,True,True,True,True,True
185,task_0185,Nb252_aff_seq047_F47V,tier_1,6,8123186,pass,805.5658367229626,3.2994450200349092,763.622465988039,3.6370912049897015,3.7338722330750898,30.93292743898928,994.01171875,1700608,35000,17,-0.3693750668082316,1.1985630583935034,0.4984837460842222,1.0,1.0,True,True,True,True,True,True
186,task_0186,Nb252_aff_seq047_F47V,tier_1,7,8123187,pass,920.9841540460475,3.4465620999690145,883.3296331369784,1.941847259993665,2.0506540240021423,29.903256295016035,996.2734375,1700677,35000,17,1.894372161149363,0.897920840454475,0.6342484856922539,0.9545454545454546,1.0,True,True,True,True,True,True
187,task_0187,Nb252_aff_seq047_F47V,tier_1,8,8123188,pass,789.321409823955,3.280468082986772,752.5417103989748,2.0003315520007163,1.8525252540130168,29.326495231012814,996.90625,1700659,35000,17,1.4811257779141442,1.5431524116648916,0.9736617991351011,1.0,1.0,True,True,True,True,True,True
188,task_0188,Nb252_aff_seq047_F47V,tier_1,9,8123189,pass,923.361376156914,3.3662515949690714,886.3171143259387,2.0628998210886493,2.1802232469199225,29.123413864988834,997.6953125,1700637,35000,17,-0.5498789045601598,-0.09968448692639242,0.025087155042115228,1.0,1.0,True,True,True,True,True,True
189,task_0189,Nb252_aff_seq047_F47V,tier_1,10,8123190,pass,935.43405343208,3.4774282260332257,896.8640865329653,2.2221548079978675,2.354638044955209,30.188517557107843,995.1015625,1700642,35000,17,0.38685411377576884,-0.22878707487531358,0.030713414857281407,1.0,1.0,True,True,True,True,True,True
190,task_0190,Nb252_aff_seq047_F47V,tier_1,11,8123191,pass,879.8798755689058,3.496113439905457,839.6747976259794,2.884659950970672,2.792999294004403,30.701879297965206,996.20703125,1700615,35000,17,-2.7506243115969937,-2.089803026835469,0.10625573747499217,1.0,1.0,True,True,True,True,True,True
191,task_0191,Nb252_aff_seq047_F47V,tier_1,12,8123192,pass,878.519309291034,3.260265426011756,841.8590014768997,1.8941346250940114,1.760021778056398,29.422937946976162,995.578125,1700645,35000,17,1.8010554580932876,1.5773991646730394,0.8878041020020824,1.0,1.0,True,True,True,True,True,True
192,task_0192,Nb252_aff_seq047_F47V,tier_1,13,8123193,pass,878.6469735399587,3.4663869770010933,838.4224982210435,2.3750821099383757,2.813585820957087,31.247857072972693,995.34375,1700689,35000,17,-1.6468776852454994,-1.0677653655639148,0.7506707815994105,1.0,1.0,True,True,True,True,True,True
193,task_0193,Nb252_aff_seq047_F47V,tier_1,14,8123194,pass,877.9727487920318,3.5734886709833518,839.4228800989222,2.35587529593613,2.0781111899996176,30.21843390201684,993.19921875,1700661,35000,17,1.4437278752762381,0.004488508343413855,-0.14373336022946148,1.0,1.0,True,True,True,True,True,True
194,task_0194,Nb252_aff_seq047_F47V,tier_1,15,8123195,pass,855.9553237960208,3.537532437010668,815.7731534430059,2.628137146937661,3.4458717360394076,30.24947138503194,997.15234375,1700650,35000,17,1.0397587218283206,0.03231376227731175,0.48527813777896256,1.0,1.0,True,True,True,True,True,True
195,task_0195,Nb252_aff_seq047_F47V,tier_1,16,8123196,pass,846.680982550024,3.3158351089805365,809.5940600869944,2.0132071459665895,2.079342281096615,29.36672533804085,996.42578125,1700692,35000,17,-4.1182136905652555,-1.9483522694578568,0.08521303873613917,0.9545454545454546,1.0,True,True,True,True,True,True
196,task_0196,Nb252_aff_seq047_F47V,tier_1,17,8123197,pass,847.2573568240041,3.448685134993866,806.4389354389859,3.0127270829398185,3.073320455965586,30.960785213974304,994.2734375,1700673,35000,17,38.105013695181185,-1.8780246014903526,0.17528650935364354,1.0,1.0,True,True,True,True,True,True
197,task_0197,Nb252_aff_seq047_F47V,tier_1,18,8123198,pass,794.6406863210723,3.284581286017783,755.4288113709772,2.414510512026027,2.3938192760106176,30.799812381039374,993.66796875,1700634,35000,17,-0.42808626187701293,-0.2592455571641352,-0.013969460363455255,1.0,1.0,True,True,True,True,True,True
198,task_0198,Nb252_aff_seq047_F47V,tier_1,19,8123199,pass,868.214929306996,3.4640054559567943,828.6746029700153,2.9549428139580414,2.5492514880606905,30.255428915959783,998.68359375,1700638,35000,17,-0.038688736909080035,0.4309573100328947,0.647960548952689,0.9545454545454546,1.0,True,True,True,True,True,True
199,task_0199,Nb252_aff_seq047_F47V,tier_1,20,8123200,pass,814.8483051159419,3.3257254069903865,776.2145164470421,2.1562322810059413,2.308148276992142,30.522068228921853,996.22265625,1700623,35000,17,-0.5788375976579232,-0.07675619685839763,0.1014638376425907,1.0,1.0,True,True,True,True,True,True
200,task_0200,Nb252_aff_seq101_D101N,tier_1,1,8123201,pass,719.6221182600129,1.9573098209220916,684.7994953059824,1.7193246949464083,1.5545138670131564,29.276190803037025,970.5859375,1701060,35000,11,-0.3897757128320336,-0.12664036481471896,-0.019684134309505552,1.0,1.0,True,True,True,True,True,True
201,task_0201,Nb252_aff_seq101_D101N,tier_1,2,8123202,pass,727.2451073640259,2.007430972997099,691.1250057639554,1.654304350959137,1.69848353008274,30.43327273800969,967.2421875,1701033,35000,11,-0.9912243210415568,-0.05055594250572426,-0.021874814355323124,1.0,1.0,True,True,True,True,True,True
202,task_0202,Nb252_aff_seq101_D101N,tier_1,3,8123203,pass,742.5324430490145,2.013128002989106,706.937262656982,1.2816811399534345,1.3704732899786904,30.605790973990224,968.48046875,1701186,35000,11,0.07641723887900298,-0.1264258274371599,-0.007946617078319562,1.0,1.0,True,True,True,True,True,True
203,task_0203,Nb252_aff_seq101_D101N,tier_1,4,8123204,pass,755.7191318819532,1.9358552560443059,718.2738313799491,2.706662773969583,2.7689039109973237,29.709155062097125,970.3671875,1701117,35000,11,-2.200869544740442,-0.12923129864647365,-0.01987718152586382,1.0,1.0,True,True,True,True,True,True
204,task_0204,Nb252_aff_seq101_D101N,tier_1,5,8123205,pass,754.8750802769791,1.9989702770253643,715.8498441789998,2.797946083941497,2.940089551033452,30.962690814048983,970.4375,1701160,35000,11,0.5070944969108382,0.46663440130156175,-0.04457834519334547,1.0,0.972972972972973,True,True,True,True,True,True
205,task_0205,Nb252_aff_seq101_D101N,tier_1,6,8123206,pass,756.4281859860057,2.0472657929640263,718.7440543259727,2.6319254379486665,1.9435638369759545,30.739405452040955,973.05859375,1701086,35000,11,0.47003546202080315,-0.20133445663161353,-0.12183597788566125,1.0,1.0,True,True,True,True,True,True
206,task_0206,Nb252_aff_seq101_D101N,tier_1,7,8123207,pass,723.9341004820308,1.9975527980132028,688.4911593380384,2.3629528710152954,1.3014253079891205,29.46448525809683,969.78515625,1701165,35000,11,70.13632412369674,0.6100052199919759,-0.10793979113413599,1.0,1.0,True,True,True,True,True,True
207,task_0207,Nb252_aff_seq101_D101N,tier_1,8,8123208,pass,676.510289859958,1.959515708964318,640.9482313520275,1.9922471890458837,1.967791498056613,29.320903251995333,968.73828125,1701133,35000,11,-0.09396499134896885,-0.02297739871204385,-0.004378410466953753,1.0,1.0,True,True,True,True,True,True
208,task_0208,Nb252_aff_seq101_D101N,tier_1,9,8123209,pass,714.211442403961,1.9439319289522246,677.3298652210506,2.5635858619352803,2.6138045230181888,29.4406077779131,970.4765625,1701138,35000,11,-0.35385540161286144,-0.07840878303136378,-0.07556693564578332,1.0,1.0,True,True,True,True,True,True
209,task_0209,Nb252_aff_seq101_D101N,tier_1,10,8123210,pass,709.4123035359662,1.9957910700468346,673.4944196570432,1.6583279619226232,1.6291897218907252,30.318958431016654,968.75,1701108,35000,11,0.3041817601642265,-0.0475127468831289,0.006958203863574042,1.0,1.0,True,True,True,True,True,True
210,task_0210,Nb252_aff_seq101_D101N,tier_1,11,8123211,pass,671.7186627059709,1.9596894109854475,635.9845388629474,1.552005631965585,1.576330526964739,30.31471765600145,969.62109375,1701084,35000,11,-0.032571134767238163,-0.1001003928082298,-0.019822466097577873,1.0,1.0,True,True,True,True,True,True
211,task_0211,Nb252_aff_seq101_D101N,tier_1,12,8123212,pass,737.4615919709904,2.0170204209862277,701.710070539033,1.9393501069862396,1.5875599910505116,29.885965242050588,969.1796875,1701087,35000,11,-0.09368831153420842,-0.07449391219222434,-0.018979060686524107,1.0,1.0,True,True,True,True,True,True
212,task_0212,Nb252_aff_seq101_D101N,tier_1,13,8123213,pass,735.1827479789499,1.947213627048768,697.719248946989,2.9251768849790096,2.985328516922891,29.29133238294162,967.953125,1701164,35000,11,0.5175303589497275,-0.14207523071075912,-0.1534855559049042,1.0,1.0,True,True,True,True,True,True
213,task_0213,Nb252_aff_seq101_D101N,tier_1,14,8123214,pass,735.9888993129134,2.030260796076618,700.0813017931068,1.73240913299378,0.5029876420740038,31.31909215101041,970.05859375,1701133,35000,11,0.9261160432157567,1.8625032942725426,0.7964713593031529,1.0,0.972972972972973,True,True,True,True,True,True
214,task_0214,Nb252_aff_seq101_D101N,tier_1,15,8123215,pass,743.4400501049822,2.052592770080082,704.0161507569719,3.2347750730114058,3.38461033499334,30.422232792014256,969.6796875,1701146,35000,11,-1.64863729236896,-0.07373708802191459,0.03762258071380664,1.0,1.0,True,True,True,True,True,True
215,task_0215,Nb252_aff_seq101_D101N,tier_1,16,8123216,pass,753.710750508937,1.9409905120264739,718.9547380770091,1.468384283944033,1.4345322890440002,29.590596030000597,968.41796875,1701103,35000,11,-1.0741938663372252,-0.1762303479869587,-0.005569517813771796,1.0,1.0,True,True,True,True,True,True
216,task_0216,Nb252_aff_seq101_D101N,tier_1,17,8123217,pass,757.7100065359846,2.0215242309495807,722.427511406946,1.2934255539439619,1.3935596399242058,30.24491021304857,970.19921875,1701045,35000,11,-1.0122322784467883,0.017340624615613365,0.0681360972840146,1.0,1.0,True,True,True,True,True,True
217,task_0217,Nb252_aff_seq101_D101N,tier_1,18,8123218,pass,748.3824254239444,2.0455475950147957,711.9774625468999,1.877595640020445,1.6963699950138107,30.465354490093887,968.8828125,1701145,35000,11,-0.8819068060407176,0.04867698191878844,-0.13882180020721435,1.0,1.0,True,True,True,True,True,True
218,task_0218,Nb252_aff_seq101_D101N,tier_1,19,8123219,pass,733.5063857089262,1.9886725540272892,694.6706836340018,3.163060960941948,3.4879708270309493,29.878797802026384,968.7109375,1701091,35000,11,-0.013762320338457812,-0.12535883159179662,-0.04783659751590008,1.0,1.0,True,True,True,True,True,True
219,task_0219,Nb252_aff_seq101_D101N,tier_1,20,8123220,pass,724.6021957650082,2.0024687730474398,689.2177858449286,1.9566894100280479,1.6523034609854221,29.452350866049528,970.125,1701106,35000,11,-1.9711425293810976,-0.05607812394791267,0.051686199372738884,1.0,1.0,True,True,True,True,True,True
220,task_0220,Nb252_aff_seq102_Y102F,tier_1,1,8123221,pass,719.8396354799625,4.487276629079133,680.4257244620239,2.4570716680027544,2.4067985999863595,29.74922258395236,981.48828125,1700957,35000,20,0.7982824884223874,-0.0969895243468244,-0.060157108494721,1.0,1.0,True,True,True,True,True,True
221,task_0221,Nb252_aff_seq102_Y102F,tier_1,2,8123222,pass,710.8076609689742,4.601590447011404,670.0317466320703,2.825611165026203,2.82486903690733,30.20619604899548,977.42578125,1700959,35000,20,0.8536719351579904,0.012562373743492117,-0.029211035929971985,1.0,1.0,True,True,True,True,True,True
222,task_0222,Nb252_aff_seq102_Y102F,tier_1,3,8123223,pass,728.2213227220345,4.711941338027827,689.0300733959302,2.546738650999032,2.3836467179935426,29.21061627101153,979.76953125,1700910,35000,20,-0.06889793844504766,-0.025894991173032622,-0.009012527554308036,1.0,1.0,True,True,True,True,True,True
223,task_0223,Nb252_aff_seq102_Y102F,tier_1,4,8123224,pass,728.9700707599986,4.644159451010637,690.2025166379754,2.480048035038635,2.3792310979915783,28.926687051076442,980.4921875,1700926,35000,20,0.37999413019571193,0.025189505502922316,0.052602630065125666,1.0,1.0,True,True,True,True,True,True
224,task_0224,Nb252_aff_seq102_Y102F,tier_1,5,8123225,pass,726.7302374050487,4.499826257932,686.8781218889635,2.767875420046039,2.7570826129522175,29.427161635947414,979.62890625,1700960,35000,20,0.39883957501359646,-0.07513231764195893,0.09160242945559283,1.0,1.0,True,True,True,True,True,True
225,task_0225,Nb252_aff_seq102_Y102F,tier_1,6,8123226,pass,732.0393954410683,4.6572135800961405,691.6606552120065,2.4952683669980615,2.6493861560011283,30.25431958597619,980.76171875,1700902,35000,20,-0.972633112855533,-0.0023252847208254934,0.07866964001808086,1.0,1.0,True,True,True,True,True,True
226,task_0226,Nb252_aff_seq102_Y102F,tier_1,7,8123227,pass,745.0617749269586,4.704561167978682,705.4727197190514,2.598571192007512,2.5159144749632105,29.441691496991552,978.62890625,1700926,35000,20,0.4263380451445187,-0.15171592944557233,0.04270994062695266,1.0,1.0,True,True,True,True,True,True
227,task_0227,Nb252_aff_seq102_Y102F,tier_1,8,8123228,pass,756.6121568389935,4.482174189994112,716.6693861669628,2.27054613805376,2.7895160359330475,30.082122999010608,980.51171875,1700951,35000,20,-1.6106304707778918,-0.7455541393684655,0.042836579127410346,1.0,1.0,True,True,True,True,True,True
228,task_0228,Nb252_aff_seq102_Y102F,tier_1,9,8123229,pass,755.368151201983,4.655361198936589,715.0761118000373,2.1701770069776103,2.1978892039041966,30.946088455966674,980.91796875,1700977,35000,20,0.09736495103948073,-0.3192706315780356,-0.0750284202337479,1.0,1.0,True,True,True,True,True,True
229,task_0229,Nb252_aff_seq102_Y102F,tier_1,10,8123230,pass,748.0132863590261,4.767444869037718,706.1604936430231,3.5926368600921705,3.177233865018934,29.992359981988557,977.5625,1700928,35000,20,-0.5637697984088845,-0.5741485218245401,-0.12184167295432324,1.0,1.0,True,True,True,True,True,True
230,task_0230,Nb252_aff_seq102_Y102F,tier_1,11,8123231,pass,680.953442637925,4.645943865994923,640.2695790569996,2.8889057700289413,2.992750297067687,29.82957472198177,980.203125,1700918,35000,20,0.7041686378186682,0.09135927795510668,0.05998460771152736,1.0,1.0,True,True,True,True,True,True
231,task_0231,Nb252_aff_seq102_Y102F,tier_1,12,8123232,pass,703.3696375129512,4.625481623108499,663.8689694820205,2.71243229706306,2.6361895290901884,29.215665419003926,979.08984375,1700868,35000,20,0.06501043781617,-0.006209115159904854,0.04009108766182479,1.0,1.0,True,True,True,True,True,True
232,task_0232,Nb252_aff_seq102_Y102F,tier_1,13,8123233,pass,715.5433022119105,4.52269284799695,674.7496173830004,2.6310301669873297,2.631567072006874,30.694224086939357,979.91015625,1700944,35000,20,-0.679857555939634,0.21887426311063507,0.0036452176560803906,0.9583333333333334,1.0,True,True,True,True,True,True
233,task_0233,Nb252_aff_seq102_Y102F,tier_1,14,8123234,pass,723.9132955999812,4.654114737990312,682.5340032579843,2.6581139230402187,2.527222677017562,31.217251716996543,978.62109375,1700905,35000,20,1.26812777979967,-0.04836946360414629,0.08315572538450056,1.0,1.0,True,True,True,True,True,True
234,task_0234,Nb252_aff_seq102_Y102F,tier_1,15,8123235,pass,668.2523684169864,4.436707776971161,628.0124696049606,2.903204747941345,2.8089593650074676,29.772858378011733,979.4453125,1700899,35000,20,-1.2517714370077329,0.018286997868855792,0.01480273302394508,1.0,1.0,True,True,True,True,True,True
235,task_0235,Nb252_aff_seq102_Y102F,tier_1,16,8123236,pass,738.961522127036,4.6565972690004855,699.76320115407,2.275669108959846,2.6404295939719304,29.30922637192998,979.2890625,1700930,35000,20,-0.3321363903116321,-0.2703552005822445,0.0031443847159504656,1.0,1.0,True,True,True,True,True,True
236,task_0236,Nb252_aff_seq102_Y102F,tier_1,17,8123237,pass,727.8434564670315,4.481187466997653,688.7099672430195,2.7003734610043466,2.0801309830276296,29.548234898014925,979.2890625,1700967,35000,20,0.2399117250546965,0.15496071039194703,0.14830945944927265,1.0,1.0,True,True,True,True,True,True
237,task_0237,Nb252_aff_seq102_Y102F,tier_1,18,8123238,pass,721.9335949480301,4.66301839100197,682.012326270109,2.391515619936399,2.3655589630361646,30.175757415010594,978.95703125,1700999,35000,20,-0.3801021595357952,-0.3437029942677299,0.017971350617472126,1.0,1.0,True,True,True,True,True,True
238,task_0238,Nb252_aff_seq102_Y102F,tier_1,19,8123239,pass,765.977329847985,4.746945108985528,724.3227361460449,3.014839358977042,3.848139590001665,29.723472415003926,979.1171875,1701006,35000,20,2.669182075337403,2.353115086370579,-0.7859454458433479,0.9166666666666666,0.972972972972973,True,True,True,True,True,True
239,task_0239,Nb252_aff_seq102_Y102F,tier_1,20,8123240,pass,772.327488604933,4.464461921947077,732.2466459709685,2.918578012031503,2.8748014610027894,29.494681127020158,979.8203125,1700991,35000,20,0.24838143227100318,-0.19637427606207325,-0.0697487650711821,1.0,1.0,True,True,True,True,True,True
240,task_0240,Nb252_aff_seq102_Y102I,tier_1,1,8123241,pass,761.4194211479044,4.706168660079129,719.7132451030193,2.345927101909183,3.2721318220719695,31.0562278770376,980.2578125,1700819,35000,20,50.02158144113116,3.130813834075056,0.3195528620330954,1.0,1.0,True,True,True,True,True,True
241,task_0241,Nb252_aff_seq102_Y102I,tier_1,2,8123242,pass,744.724222225952,4.763827157905325,703.1029139509192,2.763340817997232,2.862093406962231,30.906804200960323,982.42578125,1700858,35000,20,4.466558144407145,3.7894004426254497,1.0245826389376091,1.0,0.972972972972973,True,True,True,True,True,True
242,task_0242,Nb252_aff_seq102_Y102I,tier_1,3,8123243,pass,665.0928296979982,4.427826763945632,622.4983063900145,2.789793523028493,4.840768725029193,30.22014766407665,979.94921875,1700938,35000,20,7.724033608432933,5.339846181997913,1.1505862644490819,0.9583333333333334,0.9736842105263158,True,True,True,True,True,True
243,task_0243,Nb252_aff_seq102_Y102I,tier_1,4,8123244,pass,725.0567504290957,4.631159771000966,684.6509185830364,2.8210408620070666,2.711229708045721,29.927657841006294,976.796875,1700923,35000,20,4.1107516798296615,3.22384500545337,-0.014288685011363711,0.9583333333333334,1.0,True,True,True,True,True,True
244,task_0244,Nb252_aff_seq102_Y102I,tier_1,5,8123245,pass,714.9131437459728,4.482961758971214,673.4601206539664,3.122039500041865,4.000489749014378,29.523708407999948,976.16015625,1700919,35000,20,3.6321367366427353,4.345735210074523,1.0467494913152198,0.9615384615384616,0.9487179487179487,True,True,True,True,True,True
245,task_0245,Nb252_aff_seq102_Y102I,tier_1,6,8123246,pass,719.18674938404,4.650226275087334,678.5029709759401,2.5099223100114614,2.5598423359915614,30.635769877932034,979.8203125,1700879,35000,20,3.8944621931048005,4.924587837044385,1.2938790499847297,0.96,1.0,True,True,True,True,True,True
246,task_0246,Nb252_aff_seq102_Y102I,tier_1,7,8123247,pass,685.9752934309654,4.458766898023896,646.1882548279827,1.9617886519990861,3.3403557369019836,29.712796477950178,979.18359375,1700905,35000,20,4.620612240128537,5.201504570837216,1.1637014865188888,1.0,1.0,True,True,True,True,True,True
247,task_0247,Nb252_aff_seq102_Y102I,tier_1,8,8123248,pass,729.2731387480162,4.6629661549814045,689.6960662960773,2.174504727940075,3.240880073979497,29.168461267021485,980.60546875,1700899,35000,20,3.1510455231650667,2.9480471095212835,0.07013189199392045,1.0,1.0,True,True,True,True,True,True
248,task_0248,Nb252_aff_seq102_Y102I,tier_1,9,8123249,pass,739.6197625569766,4.5200351680396125,698.7329283449799,2.5286559629021212,3.718154822010547,29.778463967028074,979.859375,1700973,35000,20,6.974908951971997,4.424907425127927,1.867462702245053,0.96,1.0,True,True,True,True,True,True
249,task_0249,Nb252_aff_seq102_Y102I,tier_1,10,8123250,pass,715.7000530299265,4.665860990993679,673.8676402400015,2.658836625982076,3.9638803760753945,30.2288701380603,977.97265625,1700853,35000,20,4.65777183393601,4.47320290059838,0.8425050407696073,0.9583333333333334,1.0,True,True,True,True,True,True
250,task_0250,Nb252_aff_seq102_Y102I,tier_1,11,8123251,pass,760.9079804529902,4.744366355938837,718.4997561270138,2.7137787949759513,4.164695678977296,30.461929630022496,979.6796875,1700869,35000,20,6.365005111557252,4.235810965534796,0.9149120402083799,0.96,1.0,True,True,True,True,True,True
251,task_0251,Nb252_aff_seq102_Y102I,tier_1,12,8123252,pass,665.068025326007,4.461778371944092,625.1795904409373,2.558638641028665,3.2107802389655262,29.34709123300854,979.67578125,1700955,35000,20,5.115541393785293,4.814891089380623,1.4687261767144175,1.0,1.0,True,True,True,True,True,True
252,task_0252,Nb252_aff_seq102_Y102I,tier_1,13,8123253,pass,734.8268937380053,4.5990049300016835,694.1696884259582,2.477145839948207,3.3087043300038204,29.943814796046354,976.17578125,1700806,35000,20,4.355578824391102,2.356505095553274,0.11027057893863201,0.9130434782608695,1.0,True,True,True,True,True,True
253,task_0253,Nb252_aff_seq102_Y102I,tier_1,14,8123254,pass,769.7106425099773,4.6361205379944295,728.5712897069752,2.774849988054484,3.0021054369863123,30.400336020975374,977.48046875,1700876,35000,20,4.650274856506371,4.545044899467726,0.9966912549753086,0.9583333333333334,1.0,True,True,True,True,True,True
254,task_0254,Nb252_aff_seq102_Y102I,tier_1,15,8123255,pass,712.6978935829829,4.585855170036666,671.2972731499467,2.3901236510137096,4.006252368912101,30.103847377933562,980.33984375,1700784,35000,20,3.364299039373577,3.4604910531697897,0.18440831102044974,1.0,0.9722222222222222,True,True,True,True,True,True
255,task_0255,Nb252_aff_seq102_Y102I,tier_1,16,8123256,pass,749.904591058963,4.74448046204634,708.6095777919982,3.1396399799268693,3.1884596640011296,29.902550676022656,978.0,1700855,35000,20,4.810096551022923,3.9023357006784067,1.172175903300115,0.9583333333333334,1.0,True,True,True,True,True,True
256,task_0256,Nb252_aff_seq102_Y102I,tier_1,17,8123257,pass,710.5985692170216,4.417243022006005,668.9236073339125,3.13722583593335,3.2201035759644583,30.575401232927106,978.7890625,1700890,35000,20,8.680740702552384,3.7807006683377864,1.0379431324586808,0.9583333333333334,1.0,True,True,True,True,True,True
257,task_0257,Nb252_aff_seq102_Y102I,tier_1,18,8123258,pass,726.8062085940037,4.654749226057902,686.141833545058,2.7435666979290545,2.5463270080508664,30.398178512929007,979.7421875,1700921,35000,20,5.706461764034316,3.498505872393551,-0.17219313499719213,1.0,1.0,True,True,True,True,True,True
258,task_0258,Nb252_aff_seq102_Y102I,tier_1,19,8123259,pass,679.8247378619853,4.468856503022835,638.163526725024,2.3240326980594546,3.3438452690606937,31.20483237504959,978.515625,1700851,35000,20,4.422746620609928,3.5352394989042324,0.2140355851301674,0.9583333333333334,0.972972972972973,True,True,True,True,True,True
259,task_0259,Nb252_aff_seq102_Y102I,tier_1,20,8123260,pass,733.2063412099378,4.645041711977683,692.5533677559579,3.3519462749827653,3.2021358381025493,29.136071320041083,978.80859375,1700851,35000,20,2.458274257828407,3.5578172883979278,0.4668871780151438,1.0,0.9459459459459459,True,True,True,True,True,True
260,task_0260,Nb252_aff_seq102_Y102W,tier_1,1,8123261,pass,714.5297673549503,4.567688720999286,673.2996358419769,3.042806837009266,2.9229342399630696,30.379493537009694,978.84375,1701253,35000,20,-0.9101254788026836,-1.6618261402913816,0.7693270539322619,1.0,1.0,True,True,True,True,True,True
261,task_0261,Nb252_aff_seq102_Y102W,tier_1,2,8123262,pass,724.8442441750085,4.646914437995292,684.355897457921,2.22353913099505,2.8125362819992006,30.478032734943554,977.76953125,1701209,35000,20,2.2131893312741227,-0.25899842799707073,1.3455315048570586,1.0,1.0,True,True,True,True,True,True
262,task_0262,Nb252_aff_seq102_Y102W,tier_1,3,8123263,pass,665.1572759990813,4.460418595932424,623.573051930056,2.760174045106396,5.031710155075416,29.022093076026067,980.85546875,1701274,35000,20,-2.0979756371872895,-1.5528500795944353,0.7791187226989873,1.0,1.0,True,True,True,True,True,True
263,task_0263,Nb252_aff_seq102_Y102W,tier_1,4,8123264,pass,766.9761126909871,4.782862586085685,725.1651628309628,3.0978954440215603,4.084745886968449,29.52493884204887,979.88671875,1701258,35000,20,-0.26007788544785626,-1.0261497685983159,0.8065135392607701,1.0,1.0,True,True,True,True,True,True
264,task_0264,Nb252_aff_seq102_Y102W,tier_1,5,8123265,pass,736.260790170054,4.674325934029184,694.8636361839017,2.6157408819999546,3.7253174820216373,30.07473431294784,980.66796875,1701229,35000,20,1.1288734915901273,0.11587323540011596,0.4145882964485601,1.0,1.0,True,True,True,True,True,True
265,task_0265,Nb252_aff_seq102_Y102W,tier_1,6,8123266,pass,746.4287208180176,4.4125656090909615,705.5897826190339,2.433003364945762,3.010078985011205,30.65789382904768,979.5625,1701147,35000,20,0.38287168002932503,1.6122010866930623,0.2692213187482917,1.0,1.0,True,True,True,True,True,True
266,task_0266,Nb252_aff_seq102_Y102W,tier_1,7,8123267,pass,752.4718882830348,4.68381350801792,710.1004192929249,2.832271074061282,4.029083849978633,30.500779622001573,979.90625,1701309,35000,20,-1.1740518286468387,-1.0443010655099414,1.5054524733209647,1.0,0.9736842105263158,True,True,True,True,True,True
267,task_0267,Nb252_aff_seq102_Y102W,tier_1,8,8123268,pass,755.8864687819732,4.769349543028511,713.5728159130085,1.833846617024392,3.837067202082835,31.545303596998565,976.984375,1701303,35000,20,-3.062094325860926,-2.101835085251622,1.2315992303787322,1.0,1.0,True,True,True,True,True,True
268,task_0268,Nb252_aff_seq102_Y102W,tier_1,9,8123269,pass,703.2291927640326,4.424839358078316,661.4550550640561,3.1325697799911723,3.4366785440361127,30.46094781602733,978.171875,1701277,35000,20,-0.6884655192715741,-1.389297115450745,0.906146714402146,1.0,1.0,True,True,True,True,True,True
269,task_0269,Nb252_aff_seq102_Y102W,tier_1,10,8123270,pass,676.2182264749426,4.4615040209610015,633.151790356962,3.5074014290003106,3.6112252740422264,31.16882278502453,978.1953125,1701277,35000,20,-0.2548999674411334,-0.23155830368177988,0.12581655805173853,1.0,1.0,True,True,True,True,True,True
270,task_0270,Nb252_aff_seq102_Y102W,tier_1,11,8123271,pass,724.8797048981069,4.651154246996157,683.8368791060057,3.1664990989957005,2.881219620932825,30.014318141969852,980.36328125,1701258,35000,20,-0.16624104047002675,-1.156787801204544,1.5531036015522606,1.0,1.0,True,True,True,True,True,True
271,task_0271,Nb252_aff_seq102_Y102W,tier_1,12,8123272,pass,762.770976715954,4.672447170014493,719.7510897630127,2.626507546985522,4.061727543012239,31.340187298017554,979.4296875,1701255,35000,20,-2.3170005693822304,-0.8498529296836352,1.0707108950212696,1.0,1.0,True,True,True,True,True,True
272,task_0272,Nb252_aff_seq102_Y102W,tier_1,13,8123273,pass,752.7008070910815,4.490158871980384,710.4374067400349,3.174099739990197,3.664818619028665,30.616989615024067,979.56640625,1701244,35000,20,-1.5443194985450646,-0.03076638940490284,-0.3621238335909496,1.0,0.972972972972973,True,True,True,True,True,True
273,task_0273,Nb252_aff_seq102_Y102W,tier_1,14,8123274,pass,755.9302679579705,4.649242343031801,714.1262447680347,2.6859900569543242,3.1427627799566835,30.99956119095441,978.18359375,1701180,35000,20,-0.6258601832306567,-0.6089785624692041,1.35094035008977,1.0,1.0,True,True,True,True,True,True
274,task_0274,Nb252_aff_seq102_Y102W,tier_1,15,8123275,pass,677.1922761860769,4.478522472083569,634.5412688109791,2.6268020579591393,3.7954082359792665,31.44219755299855,979.7578125,1701226,35000,20,-0.6036634111111994,-0.37249584696164106,0.7605425936113885,1.0,1.0,True,True,True,True,True,True
275,task_0275,Nb252_aff_seq102_Y102W,tier_1,16,8123276,pass,758.3129086829722,4.747762646060437,716.435574449948,2.394687373074703,3.6040880179498345,30.81313568598125,979.06640625,1701246,35000,20,0.19773898734229078,-0.09348755507576811,0.12314942108135263,1.0,1.0,True,True,True,True,True,True
276,task_0276,Nb252_aff_seq102_Y102W,tier_1,17,8123277,pass,702.4786425259663,4.430970289977267,660.6931248100009,2.782446819008328,3.777517035952769,30.478440331993625,979.90625,1701292,35000,20,0.7248214117682323,-0.7929148079612247,0.748948591356454,1.0,1.0,True,True,True,True,True,True
277,task_0277,Nb252_aff_seq102_Y102W,tier_1,18,8123278,pass,680.7370898110094,4.473541646962985,638.4646572110942,2.757301467936486,3.8678651290247217,30.85701835900545,978.7109375,1701324,35000,20,-1.649555544327029,-1.9035234054086345,1.0614236590411927,1.0,1.0,True,True,True,True,True,True
278,task_0278,Nb252_aff_seq102_Y102W,tier_1,19,8123279,pass,753.3746975149261,4.5450320860836655,713.029470724985,2.4230099639389664,2.7981335769873112,30.22640900395345,978.421875,1701227,35000,20,1.3527389693944656,1.2606898387958125,-0.009367674731992182,1.0,1.0,True,True,True,True,True,True
279,task_0279,Nb252_aff_seq102_Y102W,tier_1,20,8123280,pass,729.9180503919488,4.659058303106576,688.5332012349973,2.7844619599636644,2.975634317030199,30.645737229962833,980.08984375,1701225,35000,20,-0.6540738813209828,-1.9043563647449986,-0.012499108881575793,0.9565217391304348,1.0,True,True,True,True,True,True
280,task_0280,Nb252_aff_seq105_E105C,tier_1,1,8123281,pass,695.76199460309,2.8803902389481664,653.2903582209256,2.053466891986318,2.1814769660122693,35.04271848092321,981.3046875,1700610,35000,14,-5.268317648932566,-0.8877027877563677,-0.05472009748892148,1.0,1.0,True,True,True,True,True,True
281,task_0281,Nb252_aff_seq105_E105C,tier_1,2,8123282,pass,687.1406534700654,2.9611146750394255,647.5630046220031,2.1917413829360157,3.378713330021128,30.73126302997116,979.9140625,1700602,35000,14,-0.047400222053056495,-1.871587218094973,-0.28038762570646725,1.0,1.0,True,True,True,True,True,True
282,task_0282,Nb252_aff_seq105_E105C,tier_1,3,8123283,pass,673.2582457690733,2.868471279973164,634.5917773490073,2.2001336390385404,2.539004630059935,30.733125903992914,980.32421875,1700584,35000,14,3.063998618000312,0.3958368071183429,-0.7570742078841164,1.0,1.0,True,True,True,True,True,True
283,task_0283,Nb252_aff_seq105_E105C,tier_1,4,8123284,pass,671.7230216489406,2.8981095879571512,634.2811529670143,2.10161753394641,2.3093235929263756,29.807448524981737,981.87109375,1700607,35000,14,-1.4795608819101176,-0.7933769848742713,-0.1109638105256252,1.0,1.0,True,True,True,True,True,True
284,task_0284,Nb252_aff_seq105_E105C,tier_1,5,8123285,pass,675.9294455279596,2.770599949057214,636.6212923510466,3.240320538985543,2.8961831589695066,30.086479055928066,983.14453125,1700614,35000,14,-2.74455468672312,-0.8274937147643584,-0.10380722544454102,0.9583333333333334,1.0,True,True,True,True,True,True
285,task_0285,Nb252_aff_seq105_E105C,tier_1,6,8123286,pass,670.6507576840231,2.920637956005521,633.4872267750325,2.2196002720156685,2.029756656032987,29.664715865976177,980.8515625,1700621,35000,14,-1.9326532879824185,-0.7829155974256423,-0.12536552967484837,1.0,1.0,True,True,True,True,True,True
286,task_0286,Nb252_aff_seq105_E105C,tier_1,7,8123287,pass,618.9685264150612,2.8239990629954264,581.5725215460407,2.246637262054719,2.8035570529755205,29.214399468968622,983.328125,1700607,35000,14,0.4737656698657702,-0.29304854995980634,-0.2656680929994195,1.0,1.0,True,True,True,True,True,True
287,task_0287,Nb252_aff_seq105_E105C,tier_1,8,8123288,pass,636.3646295201033,2.79482209100388,597.689034856041,2.447642366983928,3.5977098760195076,29.523828187957406,981.4921875,1700587,35000,14,-2.4725502988941344,-1.0374230530142228,-0.14856873709516094,1.0,1.0,True,True,True,True,True,True
288,task_0288,Nb252_aff_seq105_E105C,tier_1,9,8123289,pass,665.1680636249948,2.865292199072428,625.0602715279674,3.1278214789927006,2.5137246410595253,31.274871379020624,982.3515625,1700601,35000,14,-0.2354311256860342,-0.17007999012425046,-0.11887852921669406,1.0,0.9722222222222222,True,True,True,True,True,True
289,task_0289,Nb252_aff_seq105_E105C,tier_1,10,8123290,pass,699.8650857079774,2.7598908949876204,661.6683568729786,2.45915229304228,2.479207101976499,30.180937791941687,983.90234375,1700617,35000,14,-2.212468835512709,-0.43081533048513165,-0.2457462588492234,1.0,1.0,True,True,True,True,True,True
290,task_0290,Nb252_aff_seq105_E105C,tier_1,11,8123291,pass,693.8584791549947,2.8419977559242398,657.081648833002,2.1118452069349587,1.9152941609499976,29.592901288997382,980.7421875,1700589,35000,14,-2.5345887497568356,-1.210885439995053,-0.43124688400633815,0.9583333333333334,1.0,True,True,True,True,True,True
291,task_0291,Nb252_aff_seq105_E105C,tier_1,12,8123292,pass,705.3048360690009,2.8816844848915935,667.540889202035,2.3426806119969115,2.4255806260043755,29.78459881991148,982.64453125,1700630,35000,14,-0.7070708290743823,0.04268148497031632,-0.194540441769405,1.0,1.0,True,True,True,True,True,True
292,task_0292,Nb252_aff_seq105_E105C,tier_1,13,8123293,pass,736.7515017619589,2.9265199321089312,696.4621565910056,2.9340290959225968,3.761832404998131,30.33810218493454,980.0625,1700543,35000,14,-0.07201586970870721,-0.46734568553323186,-0.14558546847970888,1.0,1.0,True,True,True,True,True,True
293,task_0293,Nb252_aff_seq105_E105C,tier_1,14,8123294,pass,687.2490585630294,2.8841782819945365,649.4771811900428,2.125413200003095,2.0461869969731197,30.402897391002625,979.71484375,1700582,35000,14,-1.058162574538244,-0.40683379393178143,-0.08714669232158201,1.0,1.0,True,True,True,True,True,True
294,task_0294,Nb252_aff_seq105_E105C,tier_1,15,8123295,pass,679.1261367249535,2.9702053910586983,640.1115384530276,2.483367191045545,2.245055617997423,30.9855804980034,980.6328125,1700645,35000,14,-0.5425960685838618,-0.1765234768108428,-0.026641592934119274,1.0,1.0,True,True,True,True,True,True
295,task_0295,Nb252_aff_seq105_E105C,tier_1,16,8123296,pass,684.7613959680311,2.932687447988428,648.771222524927,1.9953224280616269,1.491213831002824,29.246312338043936,982.51171875,1700629,35000,14,3.524240591737282,2.840422461017667,-2.10567197052044,0.9583333333333334,1.0,True,True,True,True,True,True
296,task_0296,Nb252_aff_seq105_E105C,tier_1,17,8123297,pass,689.7372423569905,2.7961800700286403,651.3472252920037,3.3270010839914903,1.7078759010182694,30.24269927595742,981.03515625,1700618,35000,14,0.15818883782958437,0.0029610420580610253,-0.29003163148143685,1.0,0.9722222222222222,True,True,True,True,True,True
297,task_0297,Nb252_aff_seq105_E105C,tier_1,18,8123298,pass,683.3030897100689,2.956242282059975,645.7485153650632,1.8695568799739704,1.9373256950639188,30.473489388939925,980.6484375,1700601,35000,14,-1.8786028212526276,-0.46257052208103744,0.014965999653227868,1.0,1.0,True,True,True,True,True,True
298,task_0298,Nb252_aff_seq105_E105C,tier_1,19,8123299,pass,645.418131556944,2.858124005026184,607.5726188740227,2.2766240410273895,2.387946958071552,30.01381640403997,980.66796875,1700592,35000,14,-0.6473614005728905,-0.4435321537885528,-0.11807942763671164,1.0,0.972972972972973,True,True,True,True,True,True
299,task_0299,Nb252_aff_seq105_E105C,tier_1,20,8123300,pass,642.5131955099059,2.790453160996549,605.022953717038,2.588182425010018,1.8993989729788154,29.90371141594369,983.73828125,1700626,35000,14,-1.673450702724267,-0.5054441142856234,-0.09631134351691628,1.0,0.972972972972973,True,True,True,True,True,True
300,task_0300,Nb252_aff_seq105_E105K,tier_1,1,8123301,pass,690.0432910469826,2.892105143982917,652.3886312521063,2.701756007038057,2.3922355830436572,29.34640348702669,979.82421875,1701520,35000,14,-0.566640218751445,-0.6393129085577272,-0.27802935800924544,1.0,0.9736842105263158,True,True,True,True,True,True
301,task_0301,Nb252_aff_seq105_E105K,tier_1,2,8123302,pass,713.41469795804,2.7499524359591305,675.3695717150113,2.842978494009003,2.359137568040751,29.785187162924558,980.7890625,1701555,35000,14,-3.243058344017186,-3.229382619540999,1.7799410919055383,1.0,0.9722222222222222,True,True,True,True,True,True
302,task_0302,Nb252_aff_seq105_E105K,tier_1,3,8123303,pass,671.7628062920412,2.869094686000608,634.645918280934,2.010337551939301,2.2124603459378704,29.703290311037563,981.2890625,1701556,35000,14,-1.2546733342134075,-0.42183966797000494,-0.005884758779604482,1.0,1.0,True,True,True,True,True,True
303,task_0303,Nb252_aff_seq105_E105K,tier_1,4,8123304,pass,686.0335282200249,2.8903533100383356,648.1799042790662,2.259868143009953,2.5717390769859776,29.810480220941827,982.84765625,1701468,35000,14,-0.17102926874048308,0.28635314810985335,-0.12300958799787765,1.0,1.0,True,True,True,True,True,True
304,task_0304,Nb252_aff_seq105_E105K,tier_1,5,8123305,pass,685.5657070910092,2.8723301429999992,648.0476051470032,2.1129205509787425,2.2165410090237856,29.988604743033648,983.4765625,1701541,35000,14,-1.0821000297881938,0.677106798573007,0.18252270278724225,1.0,1.0,True,True,True,True,True,True
305,task_0305,Nb252_aff_seq105_E105K,tier_1,6,8123306,pass,683.6949350070208,2.869649998960085,645.0735865619499,2.392204014933668,2.96371393406298,30.080504357931204,980.37890625,1701475,35000,14,1.783191010980488,0.02336687292454087,0.3494347659481001,1.0,1.0,True,True,True,True,True,True
306,task_0306,Nb252_aff_seq105_E105K,tier_1,7,8123307,pass,734.532558441977,2.9714065060252324,694.3104865599889,3.8226422460284084,2.389149723108858,30.693505350966007,981.71875,1701535,35000,14,0.4830561170318788,0.6741770964589762,-0.38215494837762165,1.0,1.0,True,True,True,True,True,True
307,task_0307,Nb252_aff_seq105_E105K,tier_1,8,8123308,pass,706.9316674299771,2.909251113072969,666.3687170429621,2.7550568099832162,3.971960264025256,30.59713162505068,982.74609375,1701561,35000,14,-6.357516245352713,-6.018036530426514,1.9413839908070507,1.0,0.9722222222222222,True,True,True,True,True,True
308,task_0308,Nb252_aff_seq105_E105K,tier_1,9,8123309,pass,615.1535580620402,2.7662853109650314,577.7715555489995,2.1699903800617903,1.9190822709351778,30.218513329979032,983.4375,1701467,35000,14,1.0041308487761853,-0.12318642621887932,-0.06768163253693515,1.0,1.0,True,True,True,True,True,True
309,task_0309,Nb252_aff_seq105_E105K,tier_1,10,8123310,pass,755.3026506899623,2.8740080600837246,718.2154360370478,1.937969418009743,2.1416945009259507,29.79202696098946,981.0390625,1701445,35000,14,-0.897250007981313,0.06267505352303715,0.051955822698992904,1.0,1.0,True,True,True,True,True,True
310,task_0310,Nb252_aff_seq105_E105K,tier_1,11,8123311,pass,730.1404270390049,2.9022547289496288,689.7495799979661,2.8123836560407653,2.7884606210282072,31.547982287942432,986.04296875,1701514,35000,14,3.4296469973589865,1.4377715049020026,0.5821299618731572,1.0,1.0,True,True,True,True,True,True
311,task_0311,Nb252_aff_seq105_E105K,tier_1,12,8123312,pass,634.0758925770642,2.77572771999985,595.2484657650348,2.446926005068235,2.824201112962328,30.343020290019922,982.37109375,1701490,35000,14,-1.3296615292284741,-0.0508061890284921,-0.4512190494575563,0.9583333333333334,1.0,True,True,True,True,True,True
312,task_0312,Nb252_aff_seq105_E105K,tier_1,13,8123313,pass,684.4301862110151,2.893883815035224,647.2582073339727,2.2477352500427514,1.6919737299904227,30.013938592979684,982.78125,1701549,35000,14,-6.460353242870212,-5.511292706684571,1.9963036825388123,1.0,1.0,True,True,True,True,True,True
313,task_0313,Nb252_aff_seq105_E105K,tier_1,14,8123314,pass,687.2181810240727,2.7710142800351605,649.3507823509863,2.9502485850825906,1.6483472289983183,30.1688462740276,982.0390625,1701541,35000,14,0.22099503175115842,0.4308764719709899,-0.41526679765730634,1.0,0.9722222222222222,True,True,True,True,True,True
314,task_0314,Nb252_aff_seq105_E105K,tier_1,15,8123315,pass,655.1337771899998,2.888317020959221,616.469175906037,2.3929529450833797,2.3997114930534735,30.661644014995545,982.46484375,1701530,35000,14,-1.2625277824025147,-0.36262122664747665,-0.15985031373531555,1.0,0.972972972972973,True,True,True,True,True,True
315,task_0315,Nb252_aff_seq105_E105K,tier_1,16,8123316,pass,700.1344245360233,2.8079369300976396,663.256647551083,2.0709182489663363,2.3955557550070807,29.296121471910737,982.93359375,1701480,35000,14,-0.8730636275464576,-0.3352614157276861,-0.11778667883380578,1.0,1.0,True,True,True,True,True,True
316,task_0316,Nb252_aff_seq105_E105K,tier_1,17,8123317,pass,708.5017433909234,2.9706733329221606,670.2952097660163,2.0241205159109086,2.152685984969139,30.734288791078143,979.6171875,1701504,35000,14,1.495390774111513,-0.8573052231045182,0.228382256610427,1.0,0.972972972972973,True,True,True,True,True,True
317,task_0317,Nb252_aff_seq105_E105K,tier_1,18,8123318,pass,704.2428774889559,2.9564583899918944,663.356479470036,2.9986852479632944,3.611286032013595,30.999176856013946,981.19921875,1701469,35000,14,-0.3385870975967009,0.6268495381475248,-0.06269576440939062,1.0,1.0,True,True,True,True,True,True
318,task_0318,Nb252_aff_seq105_E105K,tier_1,19,8123319,pass,726.3652676870115,3.0060230209492147,686.0022437130101,2.9933261149562895,4.0382405939744785,29.998389409971423,983.171875,1701496,35000,14,-1.2773500414774617,-0.7978173544397293,-0.11358998572575274,0.9583333333333334,1.0,True,True,True,True,True,True
319,task_0319,Nb252_aff_seq105_E105K,tier_1,20,8123320,pass,639.0871483479859,2.772581966011785,601.2563792410074,1.9473600729834288,2.401798604056239,30.39941223198548,980.5859375,1701567,35000,14,0.00689283058085266,-0.7755565766710504,0.20430898262303998,1.0,0.972972972972973,True,True,True,True,True,True
320,task_0320,Nb252_aff_seq105_E105Q,tier_1,1,8123321,pass,745.1186565309763,3.0905389020917937,708.0670431189938,2.0568341449834406,2.4055898849619552,29.174725478049368,979.46875,1701083,35000,14,-0.7656162591092084,-0.7220245064292357,0.1946140676369268,1.0,1.0,True,True,True,True,True,True
321,task_0321,Nb252_aff_seq105_E105Q,tier_1,2,8123322,pass,726.5126555560855,3.125234010978602,688.223589408095,2.229450296028517,2.211634517996572,30.393196770106442,983.63671875,1701093,35000,14,-1.744282935749652,-0.7356973987061366,0.007733842905256694,1.0,1.0,True,True,True,True,True,True
322,task_0322,Nb252_aff_seq105_E105Q,tier_1,3,8123323,pass,734.880841772072,3.1684421279933304,696.8092793420656,2.1362867819843814,1.973816902958788,30.46093879302498,979.65625,1701121,35000,14,-0.3386358917989014,-0.38297595835351217,-0.0867245170816453,1.0,1.0,True,True,True,True,True,True
323,task_0323,Nb252_aff_seq105_E105Q,tier_1,4,8123324,pass,623.1413637930527,2.7843544790521264,586.0406768779503,2.342107650008984,2.6390545800095424,28.78309163299855,982.3984375,1701127,35000,14,-1.1702801234067692,-0.6351633093585889,-0.02674673023487273,1.0,1.0,True,True,True,True,True,True
324,task_0324,Nb252_aff_seq105_E105Q,tier_1,5,8123325,pass,682.0383970950497,2.7630118599627167,643.0371030380484,2.119052737019956,2.5321320510702208,31.272420634981245,983.3046875,1701111,35000,14,1.26142835455056,1.7474495713932328,-1.848680109669509,1.0,1.0,True,True,True,True,True,True
325,task_0325,Nb252_aff_seq105_E105Q,tier_1,6,8123326,pass,681.5635949550197,2.7771749689709395,644.12157875509,1.9833823690423742,1.5761506729759276,30.784868474001996,982.484375,1701043,35000,14,1.9495243759230334,-0.4595247343819864,0.10177148491179366,1.0,1.0,True,True,True,True,True,True
326,task_0326,Nb252_aff_seq105_E105Q,tier_1,7,8123327,pass,679.737626941991,2.876979495980777,640.9052980459528,2.0314950580941513,2.3422063420293853,31.257490143063478,982.19921875,1701158,35000,14,-1.9445890371553105,-0.8246008688645503,0.042719352693524115,1.0,1.0,True,True,True,True,True,True
327,task_0327,Nb252_aff_seq105_E105Q,tier_1,8,8123328,pass,732.500271024066,2.7771346929948777,695.4660673580365,2.3945325419772416,2.2459389090072364,29.301313333096914,984.2109375,1701139,35000,14,2.198298635598917,2.6780214728938176,-0.9513676328543959,1.0,1.0,True,True,True,True,True,True
328,task_0328,Nb252_aff_seq105_E105Q,tier_1,9,8123329,pass,697.877228102996,2.887147731031291,659.069107481977,2.3338778249453753,2.533522527082823,30.71911259193439,979.23046875,1701072,35000,14,-1.6472155287709143,-0.6716555679479654,0.032877631727931345,0.9583333333333334,1.0,True,True,True,True,True,True
329,task_0329,Nb252_aff_seq105_E105Q,tier_1,10,8123330,pass,712.6495000700234,2.9759494139580056,674.3414439409971,2.03978458896745,2.1087297239573672,30.856293013086542,980.84765625,1701139,35000,14,-1.7689971613053785,-1.028000806097424,0.04844776607152923,1.0,1.0,True,True,True,True,True,True
330,task_0330,Nb252_aff_seq105_E105Q,tier_1,11,8123331,pass,689.1752828180324,2.9919004490366206,651.2647877590498,2.4426319720223546,2.8895692829973996,29.257720110937953,984.09375,1701156,35000,14,0.12026333668632105,-0.9691790156554418,-0.00796449808904498,1.0,0.972972972972973,True,True,True,True,True,True
331,task_0331,Nb252_aff_seq105_E105Q,tier_1,12,8123332,pass,635.5506064209621,2.7659125470090657,598.3881981939776,2.1560933459550142,2.2146710560191423,29.676522220950574,981.48046875,1701093,35000,14,-1.8475897839720687,-0.8765486777069924,-0.07163682256110349,1.0,1.0,True,True,True,True,True,True
332,task_0332,Nb252_aff_seq105_E105Q,tier_1,13,8123333,pass,680.8509235170204,2.895835039904341,642.3818647000007,2.360679254983552,2.4469231789698824,30.444395842030644,982.19921875,1701056,35000,14,-0.021865149077825663,-0.37402954749725836,-0.034887450047495605,1.0,1.0,True,True,True,True,True,True
333,task_0333,Nb252_aff_seq105_E105Q,tier_1,14,8123334,pass,686.0544477130752,2.799356159986928,647.5342217870057,2.679293789085932,2.8180609380360693,29.90336909808684,982.83984375,1701079,35000,14,-0.533113591609208,-0.5679702794655554,0.04252966863348817,1.0,1.0,True,True,True,True,True,True
334,task_0334,Nb252_aff_seq105_E105Q,tier_1,15,8123335,pass,640.8383132989984,2.7942291060462594,603.6005140660563,2.2586986359674484,2.127830398036167,29.7418055459857,982.6171875,1701098,35000,14,0.05793407355071167,-0.6174915997257813,0.036742982098388666,1.0,1.0,True,True,True,True,True,True
335,task_0335,Nb252_aff_seq105_E105Q,tier_1,16,8123336,pass,685.5409996680683,2.9122054069302976,646.6104689809727,2.4641411270713434,2.1169270100072026,31.113183040055446,983.1640625,1701108,35000,14,-0.15976341634723212,-0.30155152277205843,0.2143098042831717,1.0,0.972972972972973,True,True,True,True,True,True
336,task_0336,Nb252_aff_seq105_E105Q,tier_1,17,8123337,pass,668.8545539460611,2.7541449149139225,632.8488386630779,1.6154148390050977,1.8341389439301565,29.48237677605357,982.88671875,1701083,35000,14,0.15233803011699365,-0.7493291436888825,0.03437785249193581,0.9583333333333334,1.0,True,True,True,True,True,True
337,task_0337,Nb252_aff_seq105_E105Q,tier_1,18,8123338,pass,681.330396867008,2.785914057982154,644.7022005410399,2.1717610510531813,1.750991032924503,29.594644237076864,980.765625,1701123,35000,14,-1.139908183159605,-0.8360608827605631,-0.012330031562786559,1.0,1.0,True,True,True,True,True,True
338,task_0338,Nb252_aff_seq105_E105Q,tier_1,19,8123339,pass,690.6207684699912,2.902405968052335,650.3073636540212,3.5156349260360003,3.1948559519369155,30.375693046022207,982.375,1701086,35000,14,0.10545492866651784,-0.16815150885969388,0.023641166827580662,1.0,1.0,True,True,True,True,True,True
339,task_0339,Nb252_aff_seq105_E105Q,tier_1,20,8123340,pass,693.9221872319467,2.759287214023061,657.2665533939144,2.162241133977659,2.113855457981117,29.30888689693529,987.421875,1701085,35000,14,-2.1726492716612142,-0.9990292411308559,0.09680302936040874,1.0,1.0,True,True,True,True,True,True
340,task_0340,Nb252_aff_seq107_N107A,tier_1,1,8123341,pass,633.7448916609865,1.4200187550159171,597.2159136820119,2.0592520019272342,2.225387496058829,30.49853159999475,964.8125,1700634,35000,17,0.37033274925920523,-3.4207321578651886,0.5345803901368065,1.0,0.972972972972973,True,True,True,True,True,True
341,task_0341,Nb252_aff_seq107_N107A,tier_1,2,8123342,pass,643.269284820999,1.438100801082328,607.7631565070478,1.914889862993732,1.9417735000606626,29.891837510978803,967.07421875,1700555,35000,17,-2.6923993441683933,-3.200896624538615,0.41342357944262886,1.0,0.9722222222222222,True,True,True,True,True,True
342,task_0342,Nb252_aff_seq107_N107A,tier_1,3,8123343,pass,625.2887045399984,1.4449546500109136,588.0201904919231,1.8808128769742325,2.502023199922405,31.115061133052222,968.66015625,1700553,35000,17,-3.0903417456675015,-3.1608860955729625,0.004835827100855283,1.0,0.9722222222222222,True,True,True,True,True,True
343,task_0343,Nb252_aff_seq107_N107A,tier_1,4,8123344,pass,573.5060710280668,1.3824422899633646,536.8331331129884,1.8942930710036308,2.013792846002616,31.066416658111848,968.08203125,1700561,35000,17,-3.0004844372965067,-3.4712062812637043,0.23386921896321056,1.0,0.9722222222222222,True,True,True,True,True,True
344,task_0344,Nb252_aff_seq107_N107A,tier_1,5,8123345,pass,592.2836926460732,1.4126965560717508,556.855762296007,2.3600815790705383,2.0551550750387833,29.280160719994456,968.79296875,1700544,35000,17,-3.0801557678623226,-4.4116352065352515,-1.0703320721635166,1.0,1.0,True,True,True,True,True,True
345,task_0345,Nb252_aff_seq107_N107A,tier_1,6,8123346,pass,576.2846925050253,1.3850574239622802,542.4662312320434,1.489630393916741,1.772318265051581,28.858579272055067,969.203125,1700583,35000,17,-1.5200777708465694,-3.2381588076397065,0.2965724129594989,1.0,1.0,True,True,True,True,True,True
346,task_0346,Nb252_aff_seq107_N107A,tier_1,7,8123347,pass,607.1471017660806,1.3922126370016485,572.0387750299415,2.2425627820193768,2.03543940896634,29.11270543502178,967.7734375,1700559,35000,17,-2.2365677760100198,-1.4153835664841097,-0.4862474035070363,1.0,0.9722222222222222,True,True,True,True,True,True
347,task_0347,Nb252_aff_seq107_N107A,tier_1,8,8123348,pass,651.4248726220103,1.436137286014855,616.0146971250651,1.8580784840742126,1.7956144900526851,29.9899733599741,969.0390625,1700558,35000,17,-2.209005371680405,-3.207713243833865,0.455666813918409,1.0,1.0,True,True,True,True,True,True
348,task_0348,Nb252_aff_seq107_N107A,tier_1,9,8123349,pass,611.0995249990374,1.4046231970423833,576.0000469019869,2.3847114930395037,1.947198003064841,29.04840787802823,968.8046875,1700611,35000,17,-1.6217654677019482,-3.751042488822577,0.48287106313354755,1.0,0.9459459459459459,True,True,True,True,True,True
349,task_0349,Nb252_aff_seq107_N107A,tier_1,10,8123350,pass,606.6217015919974,1.387940643937327,571.185353509034,1.8639006550656632,1.8817884870804846,29.982617906993255,968.6875,1700538,35000,17,-1.5032742419845135,-0.7450472934537089,-0.22061008856790565,1.0,1.0,True,True,True,True,True,True
350,task_0350,Nb252_aff_seq107_N107A,tier_1,11,8123351,pass,613.6107517619384,1.4226963599212468,577.4346346320817,1.949624686036259,2.0346452749799937,30.445476259919815,966.8203125,1700557,35000,17,-1.9842593525246457,-1.012607685366902,-0.22930537195427547,1.0,1.0,True,True,True,True,True,True
351,task_0351,Nb252_aff_seq107_N107A,tier_1,12,8123352,pass,627.736440437031,1.4096950319362804,593.0307201339165,1.8702696519903839,1.4734864379279315,29.3699039099738,967.72265625,1700521,35000,17,-1.2054503138406858,-1.1950727337389537,0.012888189238623227,1.0,1.0,True,True,True,True,True,True
352,task_0352,Nb252_aff_seq107_N107A,tier_1,13,8123353,pass,629.8789803760592,1.4057031279662624,594.2577771319775,1.76815976400394,1.866578007931821,30.251413427991793,968.890625,1700610,35000,17,-0.9519551866854954,-0.49998258989377575,-0.15931050440973848,1.0,0.972972972972973,True,True,True,True,True,True
353,task_0353,Nb252_aff_seq107_N107A,tier_1,14,8123354,pass,554.7669170099543,1.380420285044238,517.6758900149725,2.0680166069651023,2.552919831010513,30.779586056945845,966.33203125,1700594,35000,17,-1.516786500292028,-0.5623352309300884,-0.34156786337072376,1.0,1.0,True,True,True,True,True,True
354,task_0354,Nb252_aff_seq107_N107A,tier_1,15,8123355,pass,646.9319844229612,1.4216958300676197,610.1511422019685,2.5623142949771136,2.2063167629530653,30.26418876403477,968.94921875,1700563,35000,17,-2.1617124548159836,-1.4380094119446767,-0.46171207344585596,1.0,1.0,True,True,True,True,True,True
355,task_0355,Nb252_aff_seq107_N107A,tier_1,16,8123356,pass,636.2420184009243,1.4554807860404253,600.6458311590832,1.965095198014751,2.2396072319243103,29.6118252070155,967.85546875,1700577,35000,17,-1.070594024415584,-0.11837530900743332,-0.2590943339230769,1.0,0.972972972972973,True,True,True,True,True,True
356,task_0356,Nb252_aff_seq107_N107A,tier_1,17,8123357,pass,625.5664334869944,1.428195402957499,589.2666315259412,1.6166488779708743,2.3760924179805443,30.510970885050483,968.640625,1700555,35000,17,-1.0898610872791892,-1.0268212306754236,-0.26304961570668084,1.0,0.9736842105263158,True,True,True,True,True,True
357,task_0357,Nb252_aff_seq107_N107A,tier_1,18,8123358,pass,580.7957572380546,1.388194535044022,545.1204374820227,1.9379854280268773,2.4314888089429587,29.609282685094513,967.0625,1700530,35000,17,-1.8688325948202191,-0.3816315665444989,-0.3099007419099067,1.0,1.0,True,True,True,True,True,True
358,task_0358,Nb252_aff_seq107_N107A,tier_1,19,8123359,pass,685.0864325859584,1.412826408050023,649.9852493089857,1.9651613130699843,2.1461988940136507,29.239646127913147,967.1484375,1700586,35000,17,-4.906014482708429,-3.969300124196053,-0.2470822694993018,1.0,1.0,True,True,True,True,True,True
359,task_0359,Nb252_aff_seq107_N107A,tier_1,20,8123360,pass,680.7142409379594,1.4228199200006202,645.0749416920589,2.3061545580858365,2.1262251619482413,29.44845389004331,968.93359375,1700546,35000,17,-0.1158641377040226,-0.27419838510300565,-0.2735108205904666,1.0,1.0,True,True,True,True,True,True
360,task_0360,Nb252_aff_seq037_Y37C,tier_2,1,8123361,pass,780.6412822969723,4.114343555062078,740.6943898710888,2.600113989901729,2.717474178993143,30.20516709901858,998.5390625,1700178,35000,22,2.66851379844195,2.804100575059522,-0.3726644307789826,0.9545454545454546,1.0,True,True,True,True,True,True
361,task_0361,Nb252_aff_seq037_Y37C,tier_2,2,8123362,pass,800.4119485249976,3.9061072330223396,760.2218228830025,2.8014075700193644,2.8290912789525464,30.26733530801721,996.07421875,1700146,35000,22,1.9440885459634956,2.508626097771284,-0.27961177149884264,0.9545454545454546,1.0,True,True,True,True,True,True
362,task_0362,Nb252_aff_seq037_Y37C,tier_2,3,8123363,pass,753.2996634430019,3.9136084290221334,713.1091853879625,2.6213103510672227,2.5204691919498146,30.823303446988575,996.00390625,1700139,35000,22,1.592930356022805,3.227941258436317,-0.5203275498101583,0.9545454545454546,1.0,True,True,True,True,True,True
363,task_0363,Nb252_aff_seq037_Y37C,tier_2,4,8123364,pass,785.8428346950095,4.124134821002372,745.4716643770225,2.2299772169208154,3.0603503439342603,30.619965209043585,996.1796875,1700123,35000,22,1.343636995634938,3.277224183279401,-0.5494881591277725,0.9545454545454546,1.0,True,True,True,True,True,True
364,task_0364,Nb252_aff_seq037_Y37C,tier_2,5,8123365,pass,820.8278906230116,4.151578748947941,780.8424113470828,3.0182973300106823,3.0425970900105312,29.45696944196243,1000.10546875,1700094,35000,22,1.66373202991997,3.000460673075537,-0.5180473422922027,0.9545454545454546,1.0,True,True,True,True,True,True
365,task_0365,Nb252_aff_seq037_Y37C,tier_2,6,8123366,pass,816.7646522610448,4.2413630010560155,776.3995438819984,2.917377738049254,2.8702836830634624,30.01843607495539,996.4453125,1700156,35000,22,0.27694359608057084,2.682229165767822,-0.7609859163638326,0.9545454545454546,1.0,True,True,True,True,True,True
366,task_0366,Nb252_aff_seq037_Y37C,tier_2,7,8123367,pass,821.1547261599917,4.066799859981984,781.3453398130368,2.8924525550100952,2.8529111481038854,29.673318383051082,998.3828125,1700082,35000,22,3.0990432807568027,2.2606200372753023,-0.35189597136051987,0.9545454545454546,1.0,True,True,True,True,True,True
367,task_0367,Nb252_aff_seq037_Y37C,tier_2,8,8123368,pass,843.051068927045,4.205209559993818,801.9113175040111,3.056919798022136,2.82457565900404,30.728072548052296,997.6640625,1700098,35000,22,1.9156522986229447,3.0117367252699268,-0.552262713879653,0.9545454545454546,1.0,True,True,True,True,True,True
368,task_0368,Nb252_aff_seq037_Y37C,tier_2,9,8123369,pass,768.490706291981,3.9491286610718817,728.6808330770582,2.694727931986563,2.774947128025815,30.080296795931645,998.95703125,1700129,35000,22,1.1086850190423547,2.2409354594269644,-0.8003439997666995,0.9565217391304348,1.0,True,True,True,True,True,True
369,task_0369,Nb252_aff_seq037_Y37C,tier_2,10,8123370,pass,920.4144474019995,4.38749326497782,881.2541065809783,2.369733461062424,2.885093327029608,29.20011124096345,996.109375,1700128,35000,22,1.6298956378457206,2.994454953888379,-0.4997846238361703,0.9130434782608695,1.0,True,True,True,True,True,True
370,task_0370,Nb252_aff_seq037_Y37C,tier_2,11,8123371,pass,874.7793998369016,4.490390872000717,833.8711129140574,2.4831167940283194,3.0001354839187115,30.61014050792437,997.86328125,1700115,35000,22,1.1256779205928638,2.526569252090539,-0.6769363133903923,0.9545454545454546,1.0,True,True,True,True,True,True
371,task_0371,Nb252_aff_seq037_Y37C,tier_2,12,8123372,pass,869.839982944075,4.468606087029912,827.0513607600005,3.438200814067386,4.50643578695599,30.044260030961595,995.546875,1700142,35000,22,2.975806749125354,2.8017706939049276,-0.23598597826855183,0.9545454545454546,1.0,True,True,True,True,True,True
372,task_0372,Nb252_aff_seq037_Y37C,tier_2,13,8123373,pass,784.0044286209159,4.074754963978194,744.3615754239727,2.40072837297339,2.4847780069103464,30.365168516989797,999.55859375,1700112,35000,22,1.722549721021437,2.5941260918743723,-0.7067239085474277,0.9545454545454546,1.0,True,True,True,True,True,True
373,task_0373,Nb252_aff_seq037_Y37C,tier_2,14,8123374,pass,754.8180779690156,3.9648620079969987,714.5881265019998,2.4095300800399855,2.872071163961664,30.67035254999064,997.375,1700123,35000,22,2.0556625814538165,2.986612362728266,-0.4215424699839154,0.9545454545454546,1.0,True,True,True,True,True,True
374,task_0374,Nb252_aff_seq037_Y37C,tier_2,15,8123375,pass,780.1491261209594,3.895819728029892,739.0388159530703,2.9616742020007223,3.050205509061925,30.879552716971375,999.3984375,1700148,35000,22,2.0972344366714424,2.0974773125223436,-0.6087630638407475,0.9565217391304348,1.0,True,True,True,True,True,True
375,task_0375,Nb252_aff_seq037_Y37C,tier_2,16,8123376,pass,820.1922771580284,4.126521338941529,777.7139453379204,4.167575182043947,4.258766724029556,29.599082856904715,997.93359375,1700122,35000,22,1.299007027572884,1.6045968514905269,-0.02708134573211396,0.9545454545454546,1.0,True,True,True,True,True,True
376,task_0376,Nb252_aff_seq037_Y37C,tier_2,17,8123377,pass,822.4319191100076,4.135429678950459,782.3640870129457,2.866544340038672,2.531918854918331,30.211494821007363,996.69140625,1700119,35000,22,1.591634348650416,2.517561453803495,-0.8020365027031495,0.9130434782608695,1.0,True,True,True,True,True,True
377,task_0377,Nb252_aff_seq037_Y37C,tier_2,18,8123378,pass,839.6072182420176,4.189711217069998,798.2273625400849,2.506754338974133,3.2622067029587924,31.099275794927962,995.265625,1700121,35000,22,1.5646863490738383,3.075480746679432,-0.5651932232783672,0.9545454545454546,1.0,True,True,True,True,True,True
378,task_0378,Nb252_aff_seq037_Y37C,tier_2,19,8123379,pass,836.2254133230308,4.062319518998265,796.7078699750127,2.6007752279983833,2.733036073972471,29.802364668925293,998.73046875,1700139,35000,22,3.248960828261488,2.9979357320639792,-0.5224803327467704,0.9545454545454546,1.0,True,True,True,True,True,True
379,task_0379,Nb252_aff_seq037_Y37C,tier_2,20,8123380,pass,818.7213726460468,4.1975321270292625,778.5368179540383,2.319673597929068,2.892883097054437,30.45118715101853,996.68359375,1700131,35000,22,1.960254647251304,3.032056057848351,-0.6155179242380662,0.9545454545454546,1.0,True,True,True,True,True,True
380,task_0380,Nb252_aff_seq037_Y37G,tier_2,1,8123381,pass,759.8234346129466,3.930811765952967,720.1881856800755,2.041254948009737,2.7147731819422916,30.61836508102715,998.44140625,1699852,35000,22,2.342460538769842,3.0572875412339897,-0.5194988486217156,0.9545454545454546,1.0,True,True,True,True,True,True
381,task_0381,Nb252_aff_seq037_Y37G,tier_2,2,8123382,pass,818.4176206419943,4.142570703988895,779.5151808500523,2.6592113230144605,2.7285885859746486,29.057110536959954,997.2109375,1699764,35000,22,1.7098322249159423,1.7941458148919764,0.00908327614092741,0.9545454545454546,0.972972972972973,True,True,True,True,True,True
382,task_0382,Nb252_aff_seq037_Y37G,tier_2,3,8123383,pass,814.8214201590745,4.131660163984634,774.1972474720096,2.91157616104465,2.7887415828881785,30.46457982202992,997.8359375,1699804,35000,22,3.1575317075379985,2.6228890661236903,-0.7820030370982494,0.9130434782608695,1.0,True,True,True,True,True,True
383,task_0383,Nb252_aff_seq037_Y37G,tier_2,4,8123384,pass,795.922388836043,4.136957451002672,756.8240951569751,2.356328377034515,1.9059346120338887,30.37478460604325,997.984375,1699772,35000,22,1.5803544592478147,2.9651204006260627,-0.30933162753533594,0.9545454545454546,1.0,True,True,True,True,True,True
384,task_0384,Nb252_aff_seq037_Y37G,tier_2,5,8123385,pass,798.4344017589465,4.11225463997107,758.616793844034,2.786110391956754,2.605276976013556,29.99954400397837,997.59765625,1699807,35000,22,-39.377445421187986,3.1638859937616957,-0.5388934376766734,0.9545454545454546,1.0,True,True,True,True,True,True
385,task_0385,Nb252_aff_seq037_Y37G,tier_2,6,8123386,pass,757.7560760990018,3.9774087499827147,718.9546534939436,2.321795854019001,1.9559980359626934,30.231566331000067,997.5,1699832,35000,22,2.4703401362522186,2.707625562066852,-0.8152930336012361,0.9565217391304348,1.0,True,True,True,True,True,True
386,task_0386,Nb252_aff_seq037_Y37G,tier_2,7,8123387,pass,800.2595764190191,4.142304972046986,759.259545510984,2.4537071420345455,2.1707321950234473,31.839784543029964,996.86328125,1699812,35000,22,2.9200349134462726,2.7045560435519462,-0.7605154116508608,0.9545454545454546,1.0,True,True,True,True,True,True
387,task_0387,Nb252_aff_seq037_Y37G,tier_2,8,8123388,pass,786.5977982509648,4.0804348880192265,745.9998638050165,3.0530295750359073,3.223305029096082,29.923882182105444,998.21484375,1699769,35000,22,1.3437715626805016,3.109954581454076,-0.5835702512188234,0.9545454545454546,1.0,True,True,True,True,True,True
388,task_0388,Nb252_aff_seq037_Y37G,tier_2,9,8123389,pass,810.9615805420326,4.057519413996488,771.1244965749793,2.5505487989867106,3.2017431769054383,29.70474552595988,997.4453125,1699767,35000,22,1.62459745846229,2.975588879782137,-0.5660066252646274,0.9545454545454546,1.0,True,True,True,True,True,True
389,task_0389,Nb252_aff_seq037_Y37G,tier_2,10,8123390,pass,835.5419702949002,4.184154098969884,796.5003574449802,2.8372734979493544,2.8702796469442546,28.817069511977024,998.11328125,1699796,35000,22,2.9561825615587054,2.9891931839866004,-0.6318186554569856,0.9565217391304348,1.0,True,True,True,True,True,True
390,task_0390,Nb252_aff_seq037_Y37G,tier_2,11,8123391,pass,825.9431122669484,4.068885587970726,786.2624737959122,2.6672688289545476,2.9398258340079337,29.68232722801622,999.359375,1699772,35000,22,2.054698069292101,3.0523929612017042,-0.7431965043858426,0.9130434782608695,1.0,True,True,True,True,True,True
391,task_0391,Nb252_aff_seq037_Y37G,tier_2,12,8123392,pass,836.7934703460196,4.239722291007638,796.8344135640655,2.3971681050024927,2.4202884340193123,30.574629995971918,996.15234375,1699805,35000,22,1.9848355746613038,2.737974892042729,-0.9122942976253441,0.9565217391304348,1.0,True,True,True,True,True,True
392,task_0392,Nb252_aff_seq037_Y37G,tier_2,13,8123393,pass,745.7579419740941,3.905045922030695,705.8356048220303,2.623032966046594,2.832921762019396,30.243529141065665,996.80078125,1699772,35000,22,2.0201393989961502,3.2025713481488793,-0.5994642762479323,0.9130434782608695,1.0,True,True,True,True,True,True
393,task_0393,Nb252_aff_seq037_Y37G,tier_2,14,8123394,pass,810.3223103150958,4.107028333004564,770.2141311640153,2.640341973048635,2.888692445936613,30.157138653099537,998.3984375,1699760,35000,22,2.0584570547383123,2.882102347736918,-0.6484664014560408,0.9545454545454546,1.0,True,True,True,True,True,True
394,task_0394,Nb252_aff_seq037_Y37G,tier_2,15,8123395,pass,802.9747065990232,4.158332324004732,763.6097144269152,2.568029658985324,2.9855065589072183,29.332479284959845,995.8046875,1699792,35000,22,1.002523775970758,3.153402625242549,-0.5969757111962224,0.9130434782608695,1.0,True,True,True,True,True,True
395,task_0395,Nb252_aff_seq037_Y37G,tier_2,16,8123396,pass,810.2921375110745,4.149397680070251,770.9389221179299,1.9613910280168056,2.694509826018475,30.212811167002656,998.44140625,1699756,35000,22,2.1964234324112226,3.0177203846154015,-0.7285444068404345,0.9545454545454546,1.0,True,True,True,True,True,True
396,task_0396,Nb252_aff_seq037_Y37G,tier_2,17,8123397,pass,748.2950932090171,3.927979058935307,709.170023579034,2.5511412350460887,2.9038396320538595,29.430691122077405,998.07421875,1699820,35000,22,1.6709701700336836,3.2092244293511385,-0.6087627747308026,0.9545454545454546,1.0,True,True,True,True,True,True
397,task_0397,Nb252_aff_seq037_Y37G,tier_2,18,8123398,pass,795.4690047849435,4.063542225048877,757.5220712900627,2.4147203229367733,1.9887622310779989,29.157765722018667,997.7578125,1699792,35000,22,2.250923573457726,2.8152832798016334,-0.3847689368646776,0.9545454545454546,1.0,True,True,True,True,True,True
398,task_0398,Nb252_aff_seq037_Y37G,tier_2,19,8123399,pass,787.5359075079905,4.086986079928465,747.9504180760123,2.886976363020949,3.141807437990792,29.151898383977823,999.37890625,1699783,35000,22,2.7222689184073374,3.290380243190455,-0.40957528590581305,0.9545454545454546,1.0,True,True,True,True,True,True
399,task_0399,Nb252_aff_seq037_Y37G,tier_2,20,8123400,pass,780.2275913920021,4.09693211899139,739.6371313129785,2.9065488219494,2.9888366389786825,30.261485586990602,997.6171875,1699786,35000,22,1.8167329906766554,3.085209811417357,-0.6001565504909081,0.9545454545454546,1.0,True,True,True,True,True,True
400,task_0400,Nb252_aff_seq037_Y37L,tier_2,1,8123401,pass,803.2013735959772,4.196040736977011,763.5898137519835,2.5031137430341914,3.32714223198127,29.27012844302226,998.55859375,1700763,35000,22,0.584626732777906,-0.31396974434311176,-0.4827339837144109,1.0,1.0,True,True,True,True,True,True
401,task_0401,Nb252_aff_seq037_Y37L,tier_2,2,8123402,pass,765.0977585889632,3.915788254002109,726.1475890340516,2.780068916035816,2.645527991000563,29.29412372095976,997.6171875,1700804,35000,22,1.1642312828018362,-0.45141222851539453,-0.7242880482207994,0.9565217391304348,1.0,True,True,True,True,True,True
402,task_0402,Nb252_aff_seq037_Y37L,tier_2,3,8123403,pass,815.7865468630334,4.070915838005021,776.3534452870954,3.288976183044724,2.4310392010957003,29.3206834429875,997.9765625,1700749,35000,22,0.004496986741742148,0.09446944546351688,-0.41763571001288113,1.0,1.0,True,True,True,True,True,True
403,task_0403,Nb252_aff_seq037_Y37L,tier_2,4,8123404,pass,819.3778236709768,4.0747877629473805,778.5361250549322,3.308566002990119,3.2143324590288103,29.919027038034983,997.98046875,1700741,35000,22,-1.0890662922300294,-0.35365214058276706,-0.4751353399038223,1.0,1.0,True,True,True,True,True,True
404,task_0404,Nb252_aff_seq037_Y37L,tier_2,5,8123405,pass,849.4044125890359,4.2349928870098665,810.1798276149202,2.1371981690172106,3.227496856939979,29.28912119497545,998.85546875,1700764,35000,22,-42.15830712386736,0.10914439214397476,-0.24158201882833197,1.0,1.0,True,True,True,True,True,True
405,task_0405,Nb252_aff_seq037_Y37L,tier_2,6,8123406,pass,806.4242119890405,4.118942277971655,766.3379936630372,2.8290050689829513,3.324346472043544,29.49192188202869,998.1015625,1700707,35000,22,0.06485294994922697,-0.507376949130915,-0.25439320517527975,1.0,1.0,True,True,True,True,True,True
406,task_0406,Nb252_aff_seq037_Y37L,tier_2,7,8123407,pass,821.3814283540705,4.112566088908352,780.9017354090465,2.251940537011251,3.1370846070349216,30.649259821046144,996.42578125,1700757,35000,22,-0.7537199498916607,0.35601275002561295,-0.45573933504182307,1.0,1.0,True,True,True,True,True,True
407,task_0407,Nb252_aff_seq037_Y37L,tier_2,8,8123408,pass,816.3168265820714,4.133874067105353,774.2806828930043,3.3091071059461683,3.4977618500124663,30.774099534959532,997.79296875,1700798,35000,22,0.7989811830715894,-0.030128462949321033,-0.6175917882440025,1.0,1.0,True,True,True,True,True,True
408,task_0408,Nb252_aff_seq037_Y37L,tier_2,9,8123409,pass,744.3916391540552,3.894881390966475,704.2091315729776,2.7101744840620086,3.424275040975772,29.847441990976222,997.31640625,1700794,35000,22,-0.5703688570583267,0.043150903024979925,-0.40220098556563144,1.0,1.0,True,True,True,True,True,True
409,task_0409,Nb252_aff_seq037_Y37L,tier_2,10,8123410,pass,780.9051545329858,4.11423626600299,741.2132700000657,2.584375834092498,2.940156918950379,29.72965396696236,998.23046875,1700787,35000,22,-0.1758667933809761,-0.27753316324374566,-0.6806737335498241,1.0,1.0,True,True,True,True,True,True
410,task_0410,Nb252_aff_seq037_Y37L,tier_2,11,8123411,pass,799.0074951269198,3.927810390945524,757.2538429840934,3.6980603290721774,4.155716732959263,29.648701395955868,997.515625,1700771,35000,22,-2.07037909470705,-0.20821566245604117,-0.39371202234460156,1.0,1.0,True,True,True,True,True,True
411,task_0411,Nb252_aff_seq037_Y37L,tier_2,12,8123412,pass,797.3469585869461,4.142794210929424,756.2638661159435,2.8621426559984684,2.8722253720043227,30.861926831072196,999.02734375,1700780,35000,22,0.3041150554460046,0.36705831041582826,-0.22309269872365078,0.9545454545454546,1.0,True,True,True,True,True,True
412,task_0412,Nb252_aff_seq037_Y37L,tier_2,13,8123413,pass,819.770118925022,4.2431119189132005,780.6369013059884,2.553044505068101,2.7566478250082582,29.262417169986293,998.75,1700733,35000,22,0.492423430565168,-0.2058824967900108,-0.2274555832474192,1.0,1.0,True,True,True,True,True,True
413,task_0413,Nb252_aff_seq037_Y37L,tier_2,14,8123414,pass,766.4729023900582,3.932861893088557,727.1086043110117,2.8625549789285287,2.974628277006559,29.27377437800169,996.4453125,1700773,35000,22,1.1507574962296303,0.263949368431625,-0.40885719605650905,1.0,1.0,True,True,True,True,True,True
414,task_0414,Nb252_aff_seq037_Y37L,tier_2,15,8123415,pass,830.9625572420191,4.199395393952727,789.8081849480513,2.652548442943953,3.2769600059837103,30.698138109990396,996.94921875,1700789,35000,22,0.5252650644320056,-0.13598888873713122,-0.4495123765462452,1.0,1.0,True,True,True,True,True,True
415,task_0415,Nb252_aff_seq037_Y37L,tier_2,16,8123416,pass,831.5775170850102,4.180457273032516,791.0537462130887,2.815622612950392,3.2667812480358407,29.940432265982963,998.0703125,1700803,35000,22,-1.144895090813236,0.04874973297275176,-0.49797447367583914,1.0,1.0,True,True,True,True,True,True
416,task_0416,Nb252_aff_seq037_Y37L,tier_2,17,8123417,pass,833.7881310989615,4.246746213990264,792.410118155065,3.432893835939467,2.7736051219981164,30.594948888989165,999.82421875,1700753,35000,22,0.2273015145729005,0.4226779983841169,-0.18567285217321228,1.0,1.0,True,True,True,True,True,True
417,task_0417,Nb252_aff_seq037_Y37L,tier_2,18,8123418,pass,812.0183587319916,4.132150498917326,772.131905584014,3.1579830390401185,3.031893869047053,29.240780671942048,997.3359375,1700705,35000,22,-0.22108911499719852,-0.2791671976782766,-0.1247374045581644,1.0,1.0,True,True,True,True,True,True
418,task_0418,Nb252_aff_seq037_Y37L,tier_2,19,8123419,pass,802.9494883719599,4.167937883990817,761.6954445720185,2.52991771500092,3.6534979350399226,30.57630603807047,997.87109375,1700757,35000,22,0.08407817560384956,-0.045744921838874575,-0.6234103682520313,0.9565217391304348,1.0,True,True,True,True,True,True
419,task_0419,Nb252_aff_seq037_Y37L,tier_2,20,8123420,pass,737.41094551899,3.8883692719973624,698.6379939650651,2.382400364964269,3.092608805047348,29.10578825592529,999.42578125,1700776,35000,22,0.22663306687849172,0.27006358259454544,-0.30163652462666946,1.0,1.0,True,True,True,True,True,True
420,task_0420,Nb252_aff_seq045_R45I,tier_2,1,8123421,pass,879.6759711520281,4.0483104679733515,840.3902552839136,2.511170943034813,2.9810549890389666,29.415642970008776,1003.67578125,1700551,35000,16,-2.935107919402583,-0.5027803483446149,2.0806048880619983,1.0,1.0,True,True,True,True,True,True
421,task_0421,Nb252_aff_seq045_R45I,tier_2,2,8123422,pass,821.7289953719592,3.9766849169973284,783.1736372039886,2.206200619926676,2.3214502569753677,29.732144633075222,1009.05859375,1700587,35000,16,-0.7460899125974265,-1.0998018434103898,1.711425752413163,1.0,1.0,True,True,True,True,True,True
422,task_0422,Nb252_aff_seq045_R45I,tier_2,3,8123423,pass,860.9481290719705,3.8900902770692483,822.1617111440282,2.462489355937578,2.7351469070417807,29.381078654085286,1003.70703125,1700587,35000,16,0.34374574378244915,-2.5642485037014353,0.7701989022307423,1.0,1.0,True,True,True,True,True,True
423,task_0423,Nb252_aff_seq045_R45I,tier_2,4,8123424,pass,830.3434392819181,3.990850633010268,790.128207721049,2.626370958983898,2.8787705120630562,30.40391231200192,1001.2421875,1700592,35000,16,0.10429902288836956,-0.5411870664507745,2.00947073504355,1.0,1.0,True,True,True,True,True,True
424,task_0424,Nb252_aff_seq045_R45I,tier_2,5,8123425,pass,784.0324240429327,3.806995818973519,745.1068365279352,2.241662828018889,2.825956612941809,29.735846722964197,1003.64453125,1700555,35000,16,0.3247193109368709,-2.450892444578429,0.8530247093566246,1.0,1.0,True,True,True,True,True,True
425,task_0425,Nb252_aff_seq045_R45I,tier_2,6,8123426,pass,850.2696463409811,4.102067806990817,809.7781281319913,3.344381458009593,3.355039676069282,29.351405899971724,1004.82421875,1700563,35000,16,-0.5330969029415087,-2.1276826142904355,1.4854174273723544,1.0,1.0,True,True,True,True,True,True
426,task_0426,Nb252_aff_seq045_R45I,tier_2,7,8123427,pass,896.0706659160787,4.058575614937581,857.2180240759626,2.3616593569749966,2.528125780983828,29.576791214058176,1003.78515625,1700564,35000,16,-1.9404301531648116,-1.5313053805021752,1.3939865262138866,1.0,1.0,True,True,True,True,True,True
427,task_0427,Nb252_aff_seq045_R45I,tier_2,8,8123428,pass,880.5187236460624,4.096082278992981,839.7803256540792,2.865513261058368,2.5627628980437294,30.886971732019447,1004.2890625,1700636,35000,16,-0.9443062332006207,-1.7776137495582276,1.4112632839696708,1.0,1.0,True,True,True,True,True,True
428,task_0428,Nb252_aff_seq045_R45I,tier_2,9,8123429,pass,876.7255495330319,4.1071988239418715,836.78821018897,2.754019108018838,2.911474041058682,29.836978984065354,1004.50390625,1700571,35000,16,-1.3623446045922947,-0.8574508087431383,1.787393496597005,1.0,1.0,True,True,True,True,True,True
429,task_0429,Nb252_aff_seq045_R45I,tier_2,10,8123430,pass,859.4095978420228,4.029013609979302,821.0523936270038,2.4533162899315357,2.6374214550014585,28.913447325932793,1003.96875,1700565,35000,16,-0.49060437116213507,0.9833641267376976,1.7269382987474344,1.0,1.0,True,True,True,True,True,True
430,task_0430,Nb252_aff_seq045_R45I,tier_2,11,8123431,pass,776.7188252840424,3.800063389004208,739.0752626779722,2.111729488009587,2.4022247720276937,29.02244678104762,1005.8046875,1700540,35000,16,-2.191086898642311,-1.2905142430703762,1.566613312055619,1.0,1.0,True,True,True,True,True,True
431,task_0431,Nb252_aff_seq045_R45I,tier_2,12,8123432,pass,868.2888133889064,3.9798960329499096,828.8244256209582,2.5632520250510424,2.4149416340515018,30.171784208039753,1002.37109375,1700548,35000,16,-0.9548658247045978,-1.4915720593616015,1.5576157402471011,1.0,1.0,True,True,True,True,True,True
432,task_0432,Nb252_aff_seq045_R45I,tier_2,13,8123433,pass,831.2674485900206,4.039377877954394,792.719280268997,2.186816304922104,2.463898728019558,29.53618302405812,1004.34375,1700567,35000,16,-1.9166335957103229,-0.5052698450147659,2.22447847519091,1.0,1.0,True,True,True,True,True,True
433,task_0433,Nb252_aff_seq045_R45I,tier_2,14,8123434,pass,836.9633361271117,3.9861516959499568,796.8380944060627,2.442728961003013,3.38215001008939,29.994170672027394,1003.9765625,1700545,35000,16,-1.4291885995801294,0.03785781568389268,1.0110725476581166,1.0,1.0,True,True,True,True,True,True
434,task_0434,Nb252_aff_seq045_R45I,tier_2,15,8123435,pass,833.295154788997,3.9455102280480787,794.3396825490054,2.2346449579345062,2.7884976329514757,29.663328583003022,1004.58203125,1700569,35000,16,-0.9864850503919342,-0.6814589916452434,2.3494006862110517,1.0,1.0,True,True,True,True,True,True
435,task_0435,Nb252_aff_seq045_R45I,tier_2,16,8123436,pass,822.2679609970655,4.01537916995585,781.0186619429151,3.3732173379976302,2.957870276994072,30.568105575977825,1001.625,1700576,35000,16,0.8485035968000716,-0.699662926459041,1.5655007882206,1.0,1.0,True,True,True,True,True,True
436,task_0436,Nb252_aff_seq045_R45I,tier_2,17,8123437,pass,787.5782648379682,3.8241332781035453,748.2468487409642,2.1802994400495663,2.4398377150064334,30.556437726016156,1002.5078125,1700577,35000,16,-0.507042990831053,-0.5265574649584721,1.7207258355019874,1.0,1.0,True,True,True,True,True,True
437,task_0437,Nb252_aff_seq045_R45I,tier_2,18,8123438,pass,870.77424878499,4.0983301610685885,831.9699746589176,2.5048079419648275,2.569149520015344,29.31086145399604,1005.80078125,1700567,35000,16,-0.7473662445813716,-1.6537532059774946,1.4926826606440038,1.0,1.0,True,True,True,True,True,True
438,task_0438,Nb252_aff_seq045_R45I,tier_2,19,8123439,pass,875.5029651069781,3.957375110941939,837.5774992860388,2.178143176017329,2.4459580649854615,28.99150955991354,1004.4375,1700569,35000,16,-0.4899039376997507,-0.7382003466666589,2.1869491230912175,1.0,1.0,True,True,True,True,True,True
439,task_0439,Nb252_aff_seq045_R45I,tier_2,20,8123440,pass,864.5612354709301,4.0756527370540425,824.3047130700434,2.5137594710104167,2.164754978963174,30.786988059058785,1007.1796875,1700558,35000,16,-0.8863458992122446,-1.5882991643984923,1.4348731776645636,1.0,1.0,True,True,True,True,True,True
440,task_0440,Nb252_aff_seq045_R45L,tier_2,1,8123441,pass,885.4143571460154,4.116684103966691,846.0633621440502,2.178260914981365,2.8137681389926,29.91145072306972,1004.47265625,1700601,35000,16,-1.1942581042917482,-2.01354357899487,1.0344081175914788,1.0,1.0,True,True,True,True,True,True
441,task_0441,Nb252_aff_seq045_R45L,tier_2,2,8123442,pass,768.5979746980593,3.794774668989703,729.2156813991023,2.9398220049915835,2.7058803000254557,29.618443412007764,1003.30859375,1700594,35000,16,-0.9951578260176461,-2.469095531738816,0.17522948990569276,1.0,1.0,True,True,True,True,True,True
442,task_0442,Nb252_aff_seq045_R45L,tier_2,3,8123443,pass,847.1266554299509,4.05123124003876,808.2189352540299,2.1174514850135893,2.573018686962314,29.84010138094891,1003.53515625,1700555,35000,16,-0.564213518628776,0.5773897044666398,1.2475863224942465,1.0,0.972972972972973,True,True,True,True,True,True
443,task_0443,Nb252_aff_seq045_R45L,tier_2,4,8123444,pass,850.182720122044,4.016633418039419,810.6758750570007,2.391864035045728,2.9211708270013332,29.85605299496092,1004.15625,1700593,35000,16,5.937396728778197,-0.48743310438892706,0.2981969707019516,1.0,1.0,True,True,True,True,True,True
444,task_0444,Nb252_aff_seq045_R45L,tier_2,5,8123445,pass,826.9917091469979,4.048838927061297,786.9764552739216,3.1326383540872484,3.1536199899856,29.356993643101305,1003.140625,1700532,35000,16,0.27830507239991675,-1.9209677324613779,1.003394559367763,1.0,1.0,True,True,True,True,True,True
445,task_0445,Nb252_aff_seq045_R45L,tier_2,6,8123446,pass,824.7135693889577,3.9752747409511358,786.3875625439687,2.087294463068247,3.048718197038397,28.898045251960866,1001.55078125,1700586,35000,16,-1.0770271570799537,-1.154069001019792,1.836307993091463,1.0,1.0,True,True,True,True,True,True
446,task_0446,Nb252_aff_seq045_R45L,tier_2,7,8123447,pass,810.2250641179271,3.885230479063466,771.4061155039817,1.968688286957331,2.9082430000416934,29.739402236999013,1005.2265625,1700526,35000,16,-2.518354508592722,-2.0267649690161704,0.836874429244606,1.0,1.0,True,True,True,True,True,True
447,task_0447,Nb252_aff_seq045_R45L,tier_2,8,8123448,pass,827.7004110369598,4.01200267591048,787.8112951780204,2.07845048699528,2.3910568620776758,31.085617089061998,1004.28515625,1700582,35000,16,0.6572350343122935,0.2506794730152109,0.9795639276503927,1.0,0.972972972972973,True,True,True,True,True,True
448,task_0448,Nb252_aff_seq045_R45L,tier_2,9,8123449,pass,778.0338919310598,3.8131649889983237,737.5318576419959,2.3061069340910763,3.216863089008257,30.84037296893075,1002.203125,1700586,35000,16,-0.5222402478432286,-1.7572986117485385,1.002206627678639,1.0,1.0,True,True,True,True,True,True
449,task_0449,Nb252_aff_seq045_R45L,tier_2,10,8123450,pass,873.0088221080368,4.06958332110662,832.1615659040399,2.874517446034588,3.448909195023589,30.13581805001013,1005.01171875,1700545,35000,16,68.89699042179672,-2.109891723364754,0.8129572114365118,1.0,1.0,True,True,True,True,True,True
450,task_0450,Nb252_aff_seq045_R45L,tier_2,11,8123451,pass,873.4025002649287,3.9483524010283872,834.4917658600025,2.2312095010420308,2.95124397194013,29.453247326076962,1003.50390625,1700529,35000,16,-0.018466467272048703,-0.8146307082259767,2.0948738849977886,1.0,1.0,True,True,True,True,True,True
451,task_0451,Nb252_aff_seq045_R45L,tier_2,12,8123452,pass,888.8043825640343,4.074034588062204,847.9504251970211,2.765404036967084,2.890278432983905,30.792800046037883,1004.58203125,1700565,35000,16,-0.11341739173923315,-0.8307771222151672,0.2692803110837154,1.0,1.0,True,True,True,True,True,True
452,task_0452,Nb252_aff_seq045_R45L,tier_2,13,8123453,pass,775.3369342939695,3.792131586931646,736.9047038820572,1.9823736200341955,2.6626730379648507,29.685858182027005,1003.20703125,1700595,35000,16,0.09315741603558081,-1.8238032999319387,0.8842117817565729,1.0,1.0,True,True,True,True,True,True
453,task_0453,Nb252_aff_seq045_R45L,tier_2,14,8123454,pass,883.562041733996,4.080412767012604,844.2325535920681,2.3752409999724478,2.5073165360372514,30.014735084027052,1003.15234375,1700574,35000,16,-2.7989554824933975,-2.1058765290403727,0.8308839871845102,1.0,1.0,True,True,True,True,True,True
454,task_0454,Nb252_aff_seq045_R45L,tier_2,15,8123455,pass,858.1979656399926,4.028447435004637,818.7879392219475,2.1422613100148737,2.601837483001873,30.312105759978294,1002.37109375,1700541,35000,16,-0.8644776593365577,-2.0063056848303233,0.741770853227564,1.0,1.0,True,True,True,True,True,True
455,task_0455,Nb252_aff_seq045_R45L,tier_2,16,8123456,pass,837.7495233409572,4.025926524074748,797.4288863909896,2.2834249769803137,2.6583988479105756,31.027129156980664,1004.95703125,1700535,35000,16,-1.2124557524276725,-1.7104406745267653,1.2679532794111594,1.0,1.0,True,True,True,True,True,True
456,task_0456,Nb252_aff_seq045_R45L,tier_2,17,8123457,pass,851.6029550859239,3.9725310169160366,811.7644093250856,2.206204588059336,2.9805559189990163,30.356188824982382,1004.44921875,1700530,35000,16,-2.211765073128163,-2.1010886709751446,0.9533949155554744,1.0,1.0,True,True,True,True,True,True
457,task_0457,Nb252_aff_seq045_R45L,tier_2,18,8123458,pass,825.0800031780964,3.974664925946854,785.8550006119767,2.056425288086757,2.648987893946469,30.22494074504357,1002.80078125,1700552,35000,16,-0.10431944899141854,-1.424526353744696,1.5497941012250784,1.0,1.0,True,True,True,True,True,True
458,task_0458,Nb252_aff_seq045_R45L,tier_2,19,8123459,pass,786.9398483249824,3.797716967994347,746.1270377869951,3.377587362076156,2.95911952201277,30.354912499897182,1004.69140625,1700604,35000,16,0.0032648652041871173,-1.5438189582027064,1.050271359068411,1.0,1.0,True,True,True,True,True,True
459,task_0459,Nb252_aff_seq045_R45L,tier_2,20,8123460,pass,821.1941067479784,3.8090957859531045,781.4142941539176,2.4823344100732356,2.3486008510226384,30.824969850014895,1003.93359375,1700592,35000,16,-0.1571721282318208,-1.8304560295714367,1.1286294548084754,1.0,1.0,True,True,True,True,True,True
460,task_0460,Nb252_aff_seq045_R45M,tier_2,1,8123461,pass,822.880429788027,4.012547955964692,782.8994216909632,2.5462377809453756,2.4507067339727655,30.650376350968145,1002.7578125,1700444,35000,16,0.4888801074807816,-0.26792607053754125,-0.026342225154348142,1.0,1.0,True,True,True,True,True,True
461,task_0461,Nb252_aff_seq045_R45M,tier_2,2,8123462,pass,863.2119595650584,4.067550266045146,822.563949993928,3.2457333439961076,3.814496290986426,29.202705219970085,1002.79296875,1700410,35000,16,-2.1190747073023886,-1.9704368589809178,0.5352912414022981,1.0,1.0,True,True,True,True,True,True
462,task_0462,Nb252_aff_seq045_R45M,tier_2,3,8123463,pass,770.0082574229455,3.7925788270076737,731.6863942859927,2.269270413904451,2.530026535037905,29.398329701973125,1004.01171875,1700416,35000,16,-1.4173700339479183,-0.7392173546470815,-0.3629857994918133,1.0,1.0,True,True,True,True,True,True
463,task_0463,Nb252_aff_seq045_R45M,tier_2,4,8123464,pass,891.0872579090064,3.972694737953134,851.756336813909,2.6647714159917086,2.556274954928085,29.810736216953956,1004.296875,1700421,35000,16,-0.9841584949565458,-1.614022525376754,0.6503762221503848,1.0,1.0,True,True,True,True,True,True
464,task_0464,Nb252_aff_seq045_R45M,tier_2,5,8123465,pass,880.3205061180051,4.107278531999327,840.583295607008,2.02099965501111,2.769828054937534,30.514394585043192,1004.234375,1700403,35000,16,-0.6531956168028046,-1.9595047481325452,0.44149410025602265,1.0,1.0,True,True,True,True,True,True
465,task_0465,Nb252_aff_seq045_R45M,tier_2,6,8123466,pass,868.9012325210497,4.05869681306649,830.2254334460013,2.293453114107251,2.8277992870425805,29.16885853104759,1005.13671875,1700360,35000,16,-0.9389204448866622,-1.73165089858135,0.577489883269692,1.0,1.0,True,True,True,True,True,True
466,task_0466,Nb252_aff_seq045_R45M,tier_2,7,8123467,pass,849.5823895469075,4.007213825942017,808.9674606629414,2.4731392730027437,2.91900383902248,30.88894873089157,1002.6171875,1700391,35000,16,-3.459293746154856,-2.586372149896846,0.5952813794497658,1.0,1.0,True,True,True,True,True,True
467,task_0467,Nb252_aff_seq045_R45M,tier_2,8,8123468,pass,865.6005307870219,4.033450846094638,825.3421268500388,2.4941420149989426,2.4952514889882877,30.90841273299884,1004.44921875,1700374,35000,16,0.3823961408781429,-0.254135805747552,-0.00844776720029472,1.0,1.0,True,True,True,True,True,True
468,task_0468,Nb252_aff_seq045_R45M,tier_2,9,8123469,pass,851.1790245419834,4.033116003964096,812.0849440220045,2.6772721270099282,2.590413282974623,29.46905992005486,1003.43359375,1700429,35000,16,0.8124482309550558,-0.20720607280064485,0.03247754217512622,1.0,1.0,True,True,True,True,True,True
469,task_0469,Nb252_aff_seq045_R45M,tier_2,10,8123470,pass,827.9508127759909,3.9753464719979092,789.4436121250037,2.4280859749997035,2.7134395770262927,29.071880665025674,1003.65234375,1700463,35000,16,0.07223380755954167,-0.311104084012058,-0.1440369098110139,1.0,1.0,True,True,True,True,True,True
470,task_0470,Nb252_aff_seq045_R45M,tier_2,11,8123471,pass,814.0784676490584,3.8330358839593828,774.3688238869654,2.874086677096784,2.4195197209483013,30.2589821589645,1004.5390625,1700364,35000,16,-2.4237258718427483,-2.3737472457174675,0.2131457924957374,1.0,1.0,True,True,True,True,True,True
471,task_0471,Nb252_aff_seq045_R45M,tier_2,12,8123472,pass,846.7359900129959,3.7826526820426807,806.8684427279513,2.0462301350198686,3.2198956810170785,30.487779684946872,1003.12890625,1700432,35000,16,0.9888955252113192,-0.23774974901692758,-0.011558830234449147,1.0,1.0,True,True,True,True,True,True
472,task_0472,Nb252_aff_seq045_R45M,tier_2,13,8123473,pass,826.6017210050486,3.982264548074454,785.929692977923,2.174700401024893,2.561729087959975,31.628685906995088,1001.6953125,1700407,35000,16,0.1620916382505584,-0.3231307538962085,-0.04902530468494248,1.0,1.0,True,True,True,True,True,True
473,task_0473,Nb252_aff_seq045_R45M,tier_2,14,8123474,pass,794.7685442640213,3.8357655450236052,756.1064067580737,2.6093322499655187,2.7100112499902025,29.1973008090863,1003.83984375,1700392,35000,16,-1.271841141242362,-1.750515405011413,0.40324931663969465,1.0,1.0,True,True,True,True,True,True
474,task_0474,Nb252_aff_seq045_R45M,tier_2,15,8123475,pass,853.6293163020164,4.052429411909543,813.1737195890164,2.675232621957548,3.05821217992343,30.350729228928685,1005.12890625,1700428,35000,16,43.74313144813789,-1.6942515566269662,0.6398160819280427,1.0,1.0,True,True,True,True,True,True
475,task_0475,Nb252_aff_seq045_R45M,tier_2,16,8123476,pass,896.3961807190208,3.982236464973539,857.8891743989661,2.5793662309879437,2.333288647001609,29.29334185796324,1004.265625,1700432,35000,16,0.32827304413194724,-0.8087217992456601,-0.4126997327006059,1.0,1.0,True,True,True,True,True,True
476,task_0476,Nb252_aff_seq045_R45M,tier_2,17,8123477,pass,904.0590121019632,4.1020194959128276,864.1823283870472,2.099745250074193,2.733959317090921,30.612873415928334,1004.2265625,1700393,35000,16,0.5980243134486614,-0.34406311133993484,-0.053168281165408615,1.0,1.0,True,True,True,True,True,True
477,task_0477,Nb252_aff_seq045_R45M,tier_2,18,8123478,pass,870.0897455579834,4.080844045965932,830.0924911448965,2.1340151380281895,2.6626599529990926,30.795965452911332,1004.6875,1700385,35000,16,-2.1228225453867253,-2.1964853866669216,0.4077344573088766,1.0,1.0,True,True,True,True,True,True
478,task_0478,Nb252_aff_seq045_R45M,tier_2,19,8123479,pass,854.9424241989618,3.9997269680025056,814.4195799650624,2.4080625569913536,2.759145632968284,31.030229830066673,1004.44921875,1700432,35000,16,-0.014811319204625306,-0.38335123951419803,-0.014237108679051147,1.0,1.0,True,True,True,True,True,True
479,task_0479,Nb252_aff_seq045_R45M,tier_2,20,8123480,pass,873.1292544390308,4.023725911974907,832.5262205159524,3.507679413072765,3.6293992430437356,29.11268200504128,1004.42578125,1700408,35000,16,-2.059567392396616,-2.302034471646735,0.2809611503012093,1.0,1.0,True,True,True,True,True,True
480,task_0480,Nb252_aff_seq045_R45Q,tier_2,1,8123481,pass,849.9682239029789,3.9770513960393146,811.6831503959838,2.2361036719521508,2.6439114480745047,29.112025763024576,1004.546875,1700398,35000,16,-1.243651226236409,-0.45227838285951805,0.2770416318163278,1.0,1.0,True,True,True,True,True,True
481,task_0481,Nb252_aff_seq045_R45Q,tier_2,2,8123482,pass,865.71877510997,4.039154042955488,825.3204138999572,2.3885367719922215,2.9178237300366163,30.725155326072127,1004.875,1700440,35000,16,0.6626400624778626,-0.8240126691874394,0.08954895162390741,1.0,1.0,True,True,True,True,True,True
482,task_0482,Nb252_aff_seq045_R45Q,tier_2,3,8123483,pass,789.9657270510215,3.814030307927169,751.1831540899584,2.52826431801077,2.499075921950862,29.621679218951613,1004.41015625,1700418,35000,16,1.1669467486407257,-0.3419962945871191,0.3373931973850297,1.0,1.0,True,True,True,True,True,True
483,task_0483,Nb252_aff_seq045_R45Q,tier_2,4,8123484,pass,819.5247636999702,3.8944305449258536,779.6539829879766,2.680511930026114,2.8386162610258907,30.140362191013992,1004.23046875,1700414,35000,16,1.5215104324025788,-0.51778619466252,0.5006715236604684,1.0,1.0,True,True,True,True,True,True
484,task_0484,Nb252_aff_seq045_R45Q,tier_2,5,8123485,pass,814.168973983964,3.9651296510128304,774.9553610510193,2.3978385240770876,2.683691479964182,29.85227859101724,1001.22265625,1700422,35000,16,0.7147996507454195,1.1075515075374653,0.14065602981559167,1.0,1.0,True,True,True,True,True,True
485,task_0485,Nb252_aff_seq045_R45Q,tier_2,6,8123486,pass,794.233379177982,3.8370762009872124,754.9171815330628,2.524417955079116,2.297353819012642,30.347353433026,1002.42578125,1700427,35000,16,1.9882192586561587,0.8703840044134665,-0.619083589700729,1.0,1.0,True,True,True,True,True,True
486,task_0486,Nb252_aff_seq045_R45Q,tier_2,7,8123487,pass,846.2254984289175,4.065308443969116,807.2515257310588,2.478386375005357,2.563138206023723,29.542778705013916,1003.0,1700396,35000,16,3.3776829649151523,0.7234439619365531,-0.6504391576484743,1.0,1.0,True,True,True,True,True,True
487,task_0487,Nb252_aff_seq045_R45Q,tier_2,8,8123488,pass,879.3405439009657,3.989270234014839,838.0324287000112,2.7095714220777154,3.7542728920234367,30.53199070401024,1003.94921875,1700459,35000,16,-0.39040165682098404,-0.7526732167420107,0.134522479120335,1.0,1.0,True,True,True,True,True,True
488,task_0488,Nb252_aff_seq045_R45Q,tier_2,9,8123489,pass,888.11874484492,3.964503185939975,848.5072733770357,2.273948085028678,2.68692587595433,30.363865775987506,1003.45703125,1700387,35000,16,0.4058827788640542,-0.2506416457393357,0.3645901561667131,1.0,1.0,True,True,True,True,True,True
489,task_0489,Nb252_aff_seq045_R45Q,tier_2,10,8123490,pass,866.6982734699268,4.102772712009028,826.18285182002,2.286565034999512,2.5554111490491778,31.23775026598014,1001.421875,1700448,35000,16,2.02180290528122,0.32830583289792514,-0.6652470788902392,1.0,1.0,True,True,True,True,True,True
490,task_0490,Nb252_aff_seq045_R45Q,tier_2,11,8123491,pass,866.9853163700318,4.008252213941887,827.659769960097,2.768652295926586,2.523074858938344,29.701462589087896,1004.0078125,1700376,35000,16,-0.7633099609433316,-0.74162743820564,0.14130742894809956,1.0,1.0,True,True,True,True,True,True
491,task_0491,Nb252_aff_seq045_R45Q,tier_2,12,8123492,pass,801.3231903589331,3.7866166459862143,762.3383802110329,2.713187023997307,2.6752968250075355,29.484741141088307,1002.75,1700393,35000,16,-0.3841814183654719,-0.6775115103544493,0.14029116388397966,1.0,1.0,True,True,True,True,True,True
492,task_0492,Nb252_aff_seq045_R45Q,tier_2,13,8123493,pass,838.8988315379247,4.048545703990385,798.1716661020182,2.2604754250496626,3.153989874990657,30.940444063046016,1004.00390625,1700421,35000,16,0.8599882421997336,-0.23933353840210714,0.30285832832262827,1.0,1.0,True,True,True,True,True,True
493,task_0493,Nb252_aff_seq045_R45Q,tier_2,14,8123494,pass,814.435522936983,3.9927078710170463,775.6458840260748,2.296457232092507,2.3340106059331447,29.842785737942904,1002.625,1700432,35000,16,1.451989595979171,-0.4619805800124084,0.30853473134055065,1.0,1.0,True,True,True,True,True,True
494,task_0494,Nb252_aff_seq045_R45Q,tier_2,15,8123495,pass,861.9760838450165,4.034022597945295,821.7970779190073,2.853819022071548,2.6583066650200635,30.30547309492249,1005.21484375,1700419,35000,16,-2.741449922399397,-2.086304466644549,0.6668828610554272,1.0,1.0,True,True,True,True,True,True
495,task_0495,Nb252_aff_seq045_R45Q,tier_2,16,8123496,pass,813.677330608014,3.9215867209713906,775.0065798449796,2.357346585020423,2.5810102799441665,29.49684586096555,1004.15625,1700431,35000,16,0.6546775266905343,-0.61275054949121,0.08583625108050086,1.0,1.0,True,True,True,True,True,True
496,task_0496,Nb252_aff_seq045_R45Q,tier_2,17,8123497,pass,829.1022256970173,3.991818607901223,788.7316238459898,2.53532297804486,3.102413831045851,30.418958952999674,1002.9140625,1700381,35000,16,0.0005264986041311204,-0.7753074133515696,0.17718264690174834,1.0,1.0,True,True,True,True,True,True
497,task_0497,Nb252_aff_seq045_R45Q,tier_2,18,8123498,pass,780.5095686929999,3.817702573025599,740.8880627009785,2.707797779003158,2.64536289696116,30.130640960065648,1003.80859375,1700370,35000,16,1.3006514520020573,-0.677782874265958,0.13816777645390133,1.0,1.0,True,True,True,True,True,True
498,task_0498,Nb252_aff_seq045_R45Q,tier_2,19,8123499,pass,867.3079807730392,4.094954705913551,826.6766065669945,2.7684341819258407,3.3001744559733197,30.146729662897997,1002.38671875,1700434,35000,16,0.7433629434746649,-0.7089713537861542,0.10173079972914323,1.0,1.0,True,True,True,True,True,True
499,task_0499,Nb252_aff_seq045_R45Q,tier_2,20,8123500,pass,875.9787781120976,3.860685726045631,837.4050666929688,2.2281303929630667,2.9210142568917945,29.247262963908724,1001.6796875,1700429,35000,16,0.9476162040371605,-0.7991973588973877,0.15842158090971736,1.0,1.0,True,True,True,True,True,True
500,task_0500,Nb252_aff_seq045_R45V,tier_2,1,8123501,pass,866.4533835459733,3.9933281330158934,827.6270836279728,2.1152175309835,2.1404772959649563,30.240649373969063,1004.07421875,1700347,35000,16,-2.6191982589491545,-1.4722239731085551,1.2227980319566107,1.0,1.0,True,True,True,True,True,True
501,task_0501,Nb252_aff_seq045_R45V,tier_2,2,8123502,pass,870.21100578201,4.07296076300554,831.2726565769408,2.133546125027351,2.2265877610770985,30.15893935901113,1000.82421875,1700325,35000,16,-0.8490467387381955,-0.11555962022301003,2.044963874164729,1.0,1.0,True,True,True,True,True,True
502,task_0502,Nb252_aff_seq045_R45V,tier_2,3,8123503,pass,855.3908757149475,3.9904403269756585,815.106569653959,2.373775262036361,2.428333722986281,31.165918909944594,1002.31640625,1700303,35000,16,-3.601248768203334,-2.393627551847146,0.512213442498151,1.0,1.0,True,True,True,True,True,True
503,task_0503,Nb252_aff_seq045_R45V,tier_2,4,8123504,pass,788.4283062060131,3.8080919430358335,750.1800544450525,2.0172237859806046,2.310442458023317,29.799464356037788,1003.65625,1700295,35000,16,-4.4999356124080805,-2.3368891265671863,0.6028015897284753,1.0,1.0,True,True,True,True,True,True
504,task_0504,Nb252_aff_seq045_R45V,tier_2,5,8123505,pass,823.8461050890619,3.9768351759994403,784.2238367800601,2.5322757930262014,2.9048553759930655,29.873897449928336,1004.09375,1700350,35000,16,-3.9283004494618012,-1.9529773741788574,1.0946396433718988,1.0,1.0,True,True,True,True,True,True
505,task_0505,Nb252_aff_seq045_R45V,tier_2,6,8123506,pass,854.4127548830584,4.0229114280082285,812.7861392010236,3.287885651923716,3.2580656559439376,30.73103823501151,1001.87109375,1700312,35000,16,-3.3037525311640934,-2.7663886935492457,0.5437455073479605,1.0,1.0,True,True,True,True,True,True
506,task_0506,Nb252_aff_seq045_R45V,tier_2,7,8123507,pass,860.8131078140577,3.79491490800865,821.1767669729888,2.1612812830135226,2.9000426899874583,30.464758526999503,1002.84375,1700294,35000,16,-1.930956001201821,-1.9797525677142573,0.7342266881304056,1.0,1.0,True,True,True,True,True,True
507,task_0507,Nb252_aff_seq045_R45V,tier_2,8,8123508,pass,846.1836851880653,4.010223407996818,805.5060933919158,2.258904936024919,3.3975480829831213,30.666321896016598,1002.58203125,1700286,35000,16,-3.3128860064337573,-2.154188975319883,0.8248024625475772,1.0,1.0,True,True,True,True,True,True
508,task_0508,Nb252_aff_seq045_R45V,tier_2,9,8123509,pass,846.9755687480792,4.036224058014341,808.020871596993,2.6302417719271034,2.2843075959244743,29.68430115294177,1002.65234375,1700316,35000,16,-48.276440028299305,0.12104115036875385,0.6883072081586441,1.0,1.0,True,True,True,True,True,True
509,task_0509,Nb252_aff_seq045_R45V,tier_2,10,8123510,pass,762.118967582006,3.7860128639731556,723.5421944060363,2.183391888975166,3.0898828249191865,29.203657160978764,1001.69921875,1700303,35000,16,-3.8647400280214015,-2.57797973472411,0.7573189895892867,1.0,1.0,True,True,True,True,True,True
510,task_0510,Nb252_aff_seq045_R45V,tier_2,11,8123511,pass,872.5442200620892,4.073723593959585,832.7524438758846,2.294565531075932,2.6256363519933075,30.466373517992906,1003.9375,1700327,35000,16,-2.3239447285120605,-2.0513320466869516,0.5767313034878043,1.0,1.0,True,True,True,True,True,True
511,task_0511,Nb252_aff_seq045_R45V,tier_2,12,8123512,pass,859.2763134019915,3.8034144800622016,819.4967376419809,2.288441200973466,2.8620478629600257,30.511546637048014,1002.7421875,1700348,35000,16,-1.9791958726068515,-2.2051287515610767,0.6214896628632012,1.0,1.0,True,True,True,True,True,True
512,task_0512,Nb252_aff_seq045_R45V,tier_2,13,8123513,pass,890.4104144970188,3.969412275007926,851.8412573391106,2.123733678017743,2.296182755031623,29.852586221997626,1004.1328125,1700340,35000,16,-2.554476895161031,-0.552261604433582,1.5907787070786554,1.0,1.0,True,True,True,True,True,True
513,task_0513,Nb252_aff_seq045_R45V,tier_2,14,8123514,pass,805.3604056249605,3.8225351640721783,767.3674838519655,2.295382539043203,2.4278798670275137,29.106882603955455,1003.62109375,1700343,35000,16,-3.0536684428913077,-2.7222270637714843,0.5565610097088829,1.0,1.0,True,True,True,True,True,True
514,task_0514,Nb252_aff_seq045_R45V,tier_2,15,8123515,pass,847.0016972569283,4.099384778062813,807.0263004340231,2.4288697520969436,2.7373360859928653,30.364172474946827,1003.56640625,1700369,35000,16,-1.9009376549794297,-2.2940222019640686,0.6884438404978006,1.0,1.0,True,True,True,True,True,True
515,task_0515,Nb252_aff_seq045_R45V,tier_2,16,8123516,pass,877.7649198099971,3.9926751520251855,835.5858384639723,3.660561205004342,3.2084843289339915,30.979934219038114,1002.0703125,1700313,35000,16,2.8559218654588676,0.20720345275825025,2.148380611944912,1.0,1.0,True,True,True,True,True,True
516,task_0516,Nb252_aff_seq045_R45V,tier_2,17,8123517,pass,834.3308710639831,3.956949608051218,794.1473310180008,2.1369763179682195,2.5401071090018377,31.23108628601767,1003.953125,1700311,35000,16,-1.6867477217082296,-0.7472398686586672,1.4455019940011447,1.0,1.0,True,True,True,True,True,True
517,task_0517,Nb252_aff_seq045_R45V,tier_2,18,8123518,pass,920.3933684149524,4.064091551932506,879.8399311370449,2.847341408021748,2.911353455041535,30.370077756000683,1004.5859375,1700343,35000,16,-3.006381117407045,-2.3116371205164796,0.7766857864512637,1.0,1.0,True,True,True,True,True,True
518,task_0518,Nb252_aff_seq045_R45V,tier_2,19,8123519,pass,935.4037643100601,4.049249945092015,894.3940224599792,2.946515019983053,2.561015768093057,31.081054419046268,1003.4765625,1700322,35000,16,-0.46058978433177344,-0.37065109158140785,1.3274428114910037,1.0,1.0,True,True,True,True,True,True
519,task_0519,Nb252_aff_seq045_R45V,tier_2,20,8123520,pass,832.6232888189843,3.880971085978672,793.3361829570495,2.2681964999064803,2.9618683820590377,29.84225890703965,1003.42578125,1700337,35000,16,-0.5634398734274555,-1.8801672196882038,1.1907102770443316,1.0,1.0,True,True,True,True,True,True
520,task_0520,Nb252_aff_seq047_F47K,tier_2,1,8123521,pass,842.4691388258943,3.419651800999418,803.9232482580701,2.083398796035908,2.222230260958895,30.427377650979906,995.03125,1701126,35000,17,0.15886965869299274,-0.401776184004774,-0.27123984140834523,1.0,1.0,True,True,True,True,True,True
521,task_0521,Nb252_aff_seq047_F47K,tier_2,2,8123522,pass,800.8580099890241,3.3134249940048903,763.6196855830494,2.040095502976328,2.3119005319895223,29.23614384699613,995.78125,1701147,35000,17,-0.3192281724922168,-0.5325204484446857,-0.0885910923740596,1.0,1.0,True,True,True,True,True,True
522,task_0522,Nb252_aff_seq047_F47K,tier_2,3,8123523,pass,875.7461063850205,3.5065258169779554,836.7114999749465,2.5325401219306514,2.3623963709687814,30.293948048958555,995.08984375,1701151,35000,17,-0.33901770004968057,-0.9783252710876269,-0.005077776834792047,1.0,1.0,True,True,True,True,True,True
523,task_0523,Nb252_aff_seq047_F47K,tier_2,4,8123524,pass,794.5851017349632,3.3001694900449365,756.7187610720284,2.4413428410189226,2.30290711496491,29.49837289901916,998.19140625,1701155,35000,17,3.0056068068846002,0.3591178137685205,-0.38032376173331883,1.0,0.9736842105263158,True,True,True,True,True,True
524,task_0524,Nb252_aff_seq047_F47K,tier_2,5,8123525,pass,880.3822048830334,3.405752051039599,842.3508904209593,2.6724173800321296,2.5002214739797637,29.117895917966962,996.6328125,1701103,35000,17,1.8270885827627126,-0.8627382306635809,0.10292024241072184,1.0,1.0,True,True,True,True,True,True
525,task_0525,Nb252_aff_seq047_F47K,tier_2,6,8123526,pass,900.9537728830473,3.482103268033825,861.6202217499958,2.695665642968379,2.696275126072578,30.11522025708109,996.28515625,1701124,35000,17,-0.039719637899565896,-1.1076494971068342,-0.0068969385273298656,1.0,1.0,True,True,True,True,True,True
526,task_0526,Nb252_aff_seq047_F47K,tier_2,7,8123527,pass,879.4800249079708,3.5415906809503213,840.263411939959,2.6958547750255093,2.20315086201299,30.43888609309215,994.015625,1701146,35000,17,0.49564013438941856,-0.9688048549733992,0.03605092537391741,0.9545454545454546,1.0,True,True,True,True,True,True
527,task_0527,Nb252_aff_seq047_F47K,tier_2,8,8123528,pass,912.4795556899626,3.7274388660443947,873.383501571021,2.1218973419163376,2.127179257920943,30.756790893967263,996.50390625,1701186,35000,17,2.113632442933863,0.20030025130627394,-0.024446268462131826,1.0,1.0,True,True,True,True,True,True
528,task_0528,Nb252_aff_seq047_F47K,tier_2,9,8123529,pass,829.3430021629902,3.412771387025714,789.0864730640315,3.062130158999935,2.984937873086892,30.45256248000078,994.12890625,1701111,35000,17,0.8324312179923936,-0.9196427186941207,-0.0342582194582306,1.0,1.0,True,True,True,True,True,True
529,task_0529,Nb252_aff_seq047_F47K,tier_2,10,8123530,pass,859.4303603529697,3.315025168005377,820.1306668489706,2.5958517539547756,2.797061517019756,30.271134609007277,996.13671875,1701155,35000,17,-0.24128565660436152,-1.1062506674582977,-0.06034654311244125,0.9545454545454546,1.0,True,True,True,True,True,True
530,task_0530,Nb252_aff_seq047_F47K,tier_2,11,8123531,pass,816.6597699290141,3.4367987520527095,777.141109262011,2.672731667989865,2.8183779750252143,30.270764417015016,995.98046875,1701107,35000,17,-0.39089999803479714,-0.9514198476270508,0.024505659887864795,1.0,1.0,True,True,True,True,True,True
531,task_0531,Nb252_aff_seq047_F47K,tier_2,12,8123532,pass,931.2863528430462,3.7702004000311717,891.7529175949749,2.483283250941895,2.558289685053751,30.39908699609805,995.90234375,1701170,35000,17,0.9488567577653839,-0.9770861297315605,-0.025994972398088123,1.0,1.0,True,True,True,True,True,True
532,task_0532,Nb252_aff_seq047_F47K,tier_2,13,8123533,pass,790.2498887339607,3.2867587020155042,750.4206827660091,2.8067589399870485,1.9681911970255896,31.454788063070737,994.328125,1701154,35000,17,-1.0783511452146968,-0.9524599936094518,-0.002465658758673328,0.9545454545454546,1.0,True,True,True,True,True,True
533,task_0533,Nb252_aff_seq047_F47K,tier_2,14,8123534,pass,901.7097676190315,3.728473716066219,863.2697900990024,2.3908513139467686,2.60456102702301,29.39380263304338,996.7734375,1701192,35000,17,0.6503953735249866,-0.9503367404594627,-0.0034503988711307443,1.0,1.0,True,True,True,True,True,True
534,task_0534,Nb252_aff_seq047_F47K,tier_2,15,8123535,pass,890.1819365029223,3.527066843933426,852.3583909240551,2.3122418370330706,2.3964033849770203,29.264947068993933,996.33984375,1701165,35000,17,-0.516617860765848,-0.9578610998281079,0.014801516096177636,1.0,1.0,True,True,True,True,True,True
535,task_0535,Nb252_aff_seq047_F47K,tier_2,16,8123536,pass,791.1834483830025,3.2850426679942757,750.8194223989267,3.0899079450173303,3.9187387409619987,29.762049286975525,997.4765625,1701131,35000,17,-0.12602823278189135,-0.5310389287867707,-0.26051470393058906,1.0,1.0,True,True,True,True,True,True
536,task_0536,Nb252_aff_seq047_F47K,tier_2,17,8123537,pass,882.3265772680752,3.527673236094415,844.0865883079823,2.369581848033704,2.3294396799756214,29.678937532007694,997.421875,1701104,35000,17,0.47454888543620655,-0.33579647164748394,-0.04290107198814397,1.0,1.0,True,True,True,True,True,True
537,task_0537,Nb252_aff_seq047_F47K,tier_2,18,8123538,pass,849.2148016110295,3.445846952032298,811.7624848869164,2.4381410860223696,2.2444809790467843,29.011185579001904,996.33203125,1701135,35000,17,0.6320408013988867,-1.1716675499280598,0.002355836728185068,1.0,1.0,True,True,True,True,True,True
538,task_0538,Nb252_aff_seq047_F47K,tier_2,19,8123539,pass,888.6436822869582,3.4427716550417244,849.6592625910416,2.340661174035631,2.169547266094014,30.686667851055972,996.4140625,1701167,35000,17,1.775185091099388,0.4587272766376316,-0.2192349259341242,1.0,0.9736842105263158,True,True,True,True,True,True
539,task_0539,Nb252_aff_seq047_F47K,tier_2,20,8123540,pass,863.8831264670007,3.5405277549289167,822.9785411870107,2.8474663390079513,2.684692647890188,31.50659869192168,994.25,1701183,35000,17,3.523330286777309,-0.06263055527217887,-0.24609299469510404,0.9565217391304348,0.9736842105263158,True,True,True,True,True,True
540,task_0540,Nb252_aff_seq047_F47R,tier_2,1,8123541,pass,855.1009249649942,3.45409330597613,813.8961216410389,2.1017296370118856,3.479943839018233,31.837552008917555,995.1328125,1701285,35000,17,-0.4521877653127149,-0.48764747161196453,0.031343832855935005,1.0,1.0,True,True,True,True,True,True
541,task_0541,Nb252_aff_seq047_F47R,tier_2,2,8123542,pass,848.7988106330158,3.2896474049193785,810.1792270210572,2.5817202179459855,2.868927343050018,29.504850349971093,993.984375,1701300,35000,17,1.8004117091243188,-0.7422161515476802,0.03675747940760132,1.0,1.0,True,True,True,True,True,True
542,task_0542,Nb252_aff_seq047_F47R,tier_2,3,8123543,pass,852.1917939640116,3.452456127968617,813.4725437980378,2.111794094904326,2.3304658359847963,30.504906064947136,996.8515625,1701265,35000,17,-1.3925444097405375,-0.7730119905434805,0.006116376721724492,0.9545454545454546,1.0,True,True,True,True,True,True
543,task_0543,Nb252_aff_seq047_F47R,tier_2,4,8123544,pass,787.9434519039933,3.275984436040744,747.4797820390668,2.018976833089255,3.503187647089362,31.33849492506124,993.92578125,1701291,35000,17,-0.5452028407819398,-0.40760283292117094,0.05204135944021715,1.0,1.0,True,True,True,True,True,True
544,task_0544,Nb252_aff_seq047_F47R,tier_2,5,8123545,pass,870.3631802549353,3.4917726540006697,831.61190743302,2.0049087550723925,2.918417515931651,30.0090769889066,996.125,1701314,35000,17,-1.4186548875082394,-0.8101359053006121,0.0354501145407049,1.0,1.0,True,True,True,True,True,True
545,task_0545,Nb252_aff_seq047_F47R,tier_2,6,8123546,pass,857.1510473930975,3.4737692970084026,818.3458075039089,2.2104458370013162,2.6470053140074015,30.13953069690615,994.66015625,1701274,35000,17,1.1056337879595048,-0.7123779818039822,0.020077552589675918,1.0,1.0,True,True,True,True,True,True
546,task_0546,Nb252_aff_seq047_F47R,tier_2,7,8123547,pass,876.0433625160949,3.5134019480319694,837.8499351459322,2.42440690996591,2.6257264129817486,29.285694628953934,995.9765625,1701340,35000,17,-47.889741775299456,-0.6465274646222952,0.06663228426574008,1.0,1.0,True,True,True,True,True,True
547,task_0547,Nb252_aff_seq047_F47R,tier_2,8,8123548,pass,798.0712132500485,3.3041349090635777,759.5727032819996,2.8775814190739766,2.8471406659809873,29.132526589906774,995.1484375,1701276,35000,17,0.3057130493082809,-0.21163780960650058,-0.06645139665338107,1.0,1.0,True,True,True,True,True,True
548,task_0548,Nb252_aff_seq047_F47R,tier_2,9,8123549,pass,879.5391458730446,3.403171668993309,839.5102877630852,2.8534356070449576,2.918806842993945,30.516230611945502,995.83203125,1701272,35000,17,0.5892164576034702,-0.8758747908654101,0.031526106048062275,1.0,1.0,True,True,True,True,True,True
549,task_0549,Nb252_aff_seq047_F47R,tier_2,10,8123550,pass,871.7070848849835,3.519599162042141,833.6096852050396,2.3570512500591576,2.3064281250117347,29.568467995035462,996.84375,1701272,35000,17,-2.1720497084817794,-0.6919820080993873,0.031103005729239186,0.9545454545454546,1.0,True,True,True,True,True,True
550,task_0550,Nb252_aff_seq047_F47R,tier_2,11,8123551,pass,875.4127478239825,3.398215187015012,837.6336209770525,1.833584388019517,2.1455991350812837,30.073135955026373,996.19921875,1701279,35000,17,-0.9774512748363122,-0.20316854193286815,-0.02754893970027439,1.0,1.0,True,True,True,True,True,True
551,task_0551,Nb252_aff_seq047_F47R,tier_2,12,8123552,pass,883.7331839629915,3.52250526600983,845.1732371679973,2.01591019006446,2.6010594490217045,30.09350809000898,996.76171875,1701279,35000,17,1.5336919318611422,-0.8352164784701017,0.05827109647655959,1.0,1.0,True,True,True,True,True,True
552,task_0552,Nb252_aff_seq047_F47R,tier_2,13,8123553,pass,862.8015590980649,3.4484595799585804,823.793508945033,2.702541708946228,2.6637915440369397,29.87566522997804,996.3828125,1701343,35000,17,3.892507849440335,1.974938679439603,-0.3651196163211132,0.9545454545454546,0.9736842105263158,True,True,True,True,True,True
553,task_0553,Nb252_aff_seq047_F47R,tier_2,14,8123554,pass,797.8606051390525,3.306336725014262,758.7420014319941,2.4776528030633926,2.3992416720138863,30.60924228001386,994.84765625,1701272,35000,17,0.15393857309641135,-0.8935060279581251,-0.003866742756585495,1.0,1.0,True,True,True,True,True,True
554,task_0554,Nb252_aff_seq047_F47R,tier_2,15,8123555,pass,839.0819389430108,3.354722704971209,800.1000512819737,2.33472967997659,2.3814586950466037,30.59084046597127,995.87109375,1701319,35000,17,1.4188789693965873,0.015260749021720699,0.0002493129616709666,1.0,1.0,True,True,True,True,True,True
555,task_0555,Nb252_aff_seq047_F47R,tier_2,16,8123556,pass,849.5105276890099,3.472507665050216,809.4219300179975,2.2583347080508247,2.37179422902409,31.64856287802104,996.8046875,1701311,35000,17,-1.5146518599563592,-0.19317677382014153,-0.0029185069005102093,1.0,1.0,True,True,True,True,True,True
556,task_0556,Nb252_aff_seq047_F47R,tier_2,17,8123557,pass,868.5486178760184,3.3317565750330687,829.4376901519718,2.5593117619864643,2.708471422083676,30.16934978403151,996.8359375,1701328,35000,17,-1.1444127606651477,-1.0725152304115966,-0.10266554198054223,0.9565217391304348,1.0,True,True,True,True,True,True
557,task_0557,Nb252_aff_seq047_F47R,tier_2,18,8123558,pass,913.0285598720657,3.4892167799407616,873.0625876979902,2.8132023070938885,2.6487787349615246,30.673873177031055,996.43359375,1701304,35000,17,1.134371654291499,-0.09212897111933671,0.04012102759956804,1.0,1.0,True,True,True,True,True,True
558,task_0558,Nb252_aff_seq047_F47R,tier_2,19,8123559,pass,788.4563380670734,3.292857685009949,751.1431227480061,2.3902759558986872,2.296470714965835,29.012285255012102,996.8203125,1701293,35000,17,-0.4311390220032081,-0.7580759328646849,-0.04000567850141934,1.0,1.0,True,True,True,True,True,True
559,task_0559,Nb252_aff_seq047_F47R,tier_2,20,8123560,pass,868.4725049620029,3.5129326469032094,829.233526439988,2.5260443199658766,2.5422341100638732,30.319384526927024,997.7734375,1701327,35000,17,44.200352588219516,-0.1386009738887708,-0.0034717359179872176,1.0,1.0,True,True,True,True,True,True
560,task_0560,Nb252_aff_seq058_N58W,tier_2,1,8123561,pass,809.9770060890587,3.207661240012385,772.2885214529233,2.121292587951757,2.7188001109752804,29.297498513944447,991.34375,1701821,35000,15,0.6866974769207559,-1.5610969912402624,0.2945977512403033,1.0,1.0,True,True,True,True,True,True
561,task_0561,Nb252_aff_seq058_N58W,tier_2,2,8123562,pass,871.0097951669013,3.14818646106869,832.2260789069114,2.5258008129894733,2.674559812992811,30.089307980961166,994.609375,1701802,35000,15,-2.242342796163996,-1.5526146979173774,0.30049873960906837,1.0,1.0,True,True,True,True,True,True
562,task_0562,Nb252_aff_seq058_N58W,tier_2,3,8123563,pass,781.613587530097,3.044951696996577,742.2928063600557,2.8269471850944683,2.8802225780673325,30.224207823048346,992.6796875,1701813,35000,15,-1.8794750788011356,-1.451701753317991,0.3852606581779163,1.0,1.0,True,True,True,True,True,True
563,task_0563,Nb252_aff_seq058_N58W,tier_2,4,8123564,pass,879.532713341061,3.1683279960416257,839.9114440809935,2.053458499023691,2.7051637979457155,31.345889128977433,994.65625,1701776,35000,15,-1.1190003120708525,0.04422650103059311,0.00886372998223095,1.0,1.0,True,True,True,True,True,True
564,task_0564,Nb252_aff_seq058_N58W,tier_2,5,8123565,pass,959.101891709026,3.168739121989347,921.0221882009646,2.2329865300562233,2.3585620559751987,29.87991563999094,997.80859375,1701873,35000,15,-3.5756813094876065,-4.4897112582105905,0.16152955012799453,1.0,1.0,True,True,True,True,True,True
565,task_0565,Nb252_aff_seq058_N58W,tier_2,6,8123566,pass,876.5569831320317,3.266374632017687,837.6664429989178,2.1283649490214884,2.220361102023162,30.93333126907237,991.58203125,1701765,35000,15,0.15108597507520471,-0.4009739040739788,0.06230424513496402,1.0,1.0,True,True,True,True,True,True
566,task_0566,Nb252_aff_seq058_N58W,tier_2,7,8123567,pass,837.4287920050556,3.1572788970079273,797.5018237980548,2.0535998709965497,3.500392455025576,30.871175930951722,994.80078125,1701849,35000,15,-5.077219657688659,-2.057605707495,0.07050735453723789,0.9545454545454546,1.0,True,True,True,True,True,True
567,task_0567,Nb252_aff_seq058_N58W,tier_2,8,8123568,pass,826.5197224210715,3.12924468703568,788.3069992669625,2.2270734939957038,2.176908796071075,30.31887951702811,995.72265625,1701875,35000,15,0.8991102430987894,-0.7004865604580601,-0.006267410511092919,1.0,1.0,True,True,True,True,True,True
568,task_0568,Nb252_aff_seq058_N58W,tier_2,9,8123569,pass,924.5730713499943,3.379856666084379,883.0890273010591,4.095419941004366,2.9909378939773887,30.66188599902671,993.9453125,1701803,35000,15,1.665474012248069,0.6265608842835917,0.035571810146485916,1.0,1.0,True,True,True,True,True,True
569,task_0569,Nb252_aff_seq058_N58W,tier_2,10,8123570,pass,915.2854461179813,3.4581855459837243,877.2548307799734,2.4548785929800943,2.3361523899948224,29.429382384056225,993.7578125,1701794,35000,15,-1.3061688042654964,-1.3148056872459364,0.020535293499076346,1.0,1.0,True,True,True,True,True,True
570,task_0570,Nb252_aff_seq058_N58W,tier_2,11,8123571,pass,783.6995274059009,3.034142449963838,746.1432087100111,2.0038484079996124,2.6794966580346227,29.528083187993616,994.84765625,1701773,35000,15,-3.1751737626140084,-1.8803015048799665,0.15106808002160577,1.0,1.0,True,True,True,True,True,True
571,task_0571,Nb252_aff_seq058_N58W,tier_2,12,8123572,pass,848.5936717010336,3.2330595430685207,810.7955713069532,2.1876450040144846,2.3178206180455163,29.73052647593431,993.76953125,1701796,35000,15,-1.953832628002374,-1.2284713722215486,0.23313201830644914,1.0,1.0,True,True,True,True,True,True
572,task_0572,Nb252_aff_seq058_N58W,tier_2,13,8123573,pass,810.4781141720014,3.053090555011295,773.2260702300118,1.9193805219838396,2.104787231073715,29.840596582042053,993.90625,1701658,35000,15,0.8012522815332659,0.057317422546177,-0.012308898691522074,1.0,1.0,True,True,True,True,True,True
573,task_0573,Nb252_aff_seq058_N58W,tier_2,14,8123574,pass,840.1820133790607,3.140325039974414,801.1581953280838,2.3889376029837877,2.2896181450923905,30.842260004021227,992.375,1701857,35000,15,-3.0591888542114702,-1.4595165350354904,0.18154957210825273,1.0,1.0,True,True,True,True,True,True
574,task_0574,Nb252_aff_seq058_N58W,tier_2,15,8123575,pass,847.525562464958,3.1320884759770706,809.632657438051,2.2876726400572807,2.4093936920398846,29.704757272964343,994.21875,1701782,35000,15,-0.07549054471354566,-1.229195102644482,0.1293075868628577,1.0,1.0,True,True,True,True,True,True
575,task_0575,Nb252_aff_seq058_N58W,tier_2,16,8123576,pass,842.3729995699832,3.0483483530115336,804.4159012179589,2.210012567928061,2.253102972987108,30.09564422199037,991.0,1701772,35000,15,0.2855395613644305,0.029126248195439075,0.004440292131484114,1.0,1.0,True,True,True,True,True,True
576,task_0576,Nb252_aff_seq058_N58W,tier_2,17,8123577,pass,873.9576271859696,3.1341959160054103,834.9106855649734,2.4339698429685086,2.5137145740445703,30.612242102972232,993.5390625,1701785,35000,15,3.3825016574003257,0.041289916381941794,0.0074322393950083665,1.0,1.0,True,True,True,True,True,True
577,task_0577,Nb252_aff_seq058_N58W,tier_2,18,8123578,pass,892.9484591690125,3.28556537698023,854.5514620210743,2.1857414790429175,2.5707172070397064,29.99430740706157,993.296875,1701831,35000,15,-3.7052317587294965,-2.7793053404768244,0.1172032011264541,1.0,0.972972972972973,True,True,True,True,True,True
578,task_0578,Nb252_aff_seq058_N58W,tier_2,19,8123579,pass,838.4732081069378,3.2035983009263873,799.1638140579453,2.278830355964601,2.9572735980618745,30.522617413895205,993.640625,1701862,35000,15,-1.8533325966585608,-1.596005055652654,0.2158311633171479,1.0,1.0,True,True,True,True,True,True
579,task_0579,Nb252_aff_seq058_N58W,tier_2,20,8123580,pass,835.8688876499655,3.1986660109832883,796.622080947971,2.2670554240467027,2.3303951720008627,31.104190696962178,995.27734375,1701906,35000,15,-0.8799224278346287,-0.7970618022259686,0.06301231612082958,1.0,1.0,True,True,True,True,True,True
580,task_0580,Nb252_aff_seq098_D98C,tier_2,1,8123581,pass,740.4064072270412,3.00610477803275,699.7825225429842,3.4266673929523677,3.109886119957082,30.74133458500728,993.68359375,1700933,35000,20,-1.3935236922524155,-1.5594545193519593,-0.16399278429188868,0.9565217391304348,1.0,True,True,True,True,True,True
581,task_0581,Nb252_aff_seq098_D98C,tier_2,2,8123582,pass,734.0987678909441,3.010976382996887,695.9065137460129,2.34712953097187,3.107291792985052,29.39588653598912,995.8515625,1700870,35000,20,-1.1230711064260959,-1.9805404705181644,0.16143839889440414,1.0,1.0,True,True,True,True,True,True
582,task_0582,Nb252_aff_seq098_D98C,tier_2,3,8123583,pass,692.8897579640616,2.867076948052272,654.3399863149971,3.0370153869735077,3.133612485951744,29.189464433002286,994.46875,1700923,35000,20,1.3584107414042137,0.30512943138819537,0.19813766831424573,1.0,1.0,True,True,True,True,True,True
583,task_0583,Nb252_aff_seq098_D98C,tier_2,4,8123584,pass,764.76751749299,3.0403628239873797,725.607301992015,3.1710061240009964,3.2180179280694574,29.377552572987042,994.91015625,1700968,35000,20,0.18194377681385276,-2.1070782368025505,0.020317459002498595,1.0,1.0,True,True,True,True,True,True
584,task_0584,Nb252_aff_seq098_D98C,tier_2,5,8123585,pass,678.1376979229972,2.8728902640286833,638.7885697169695,3.006507231038995,3.1491402100073174,29.992020912002772,995.84375,1700946,35000,20,-1.4866478030884878,-1.12551156840712,0.3291357919518667,1.0,1.0,True,True,True,True,True,True
585,task_0585,Nb252_aff_seq098_D98C,tier_2,6,8123586,pass,733.5009247320704,2.968668131972663,694.6559947109781,2.8202162029920146,2.902539635077119,29.811428154003806,994.12890625,1700963,35000,20,-1.0584368748388897,-2.1417645753785735,0.05678161326824949,1.0,1.0,True,True,True,True,True,True
586,task_0586,Nb252_aff_seq098_D98C,tier_2,7,8123587,pass,770.946054121945,3.032539792940952,731.7447025910951,2.336744047002867,3.6440154899610206,29.84322689799592,992.484375,1700913,35000,20,-4.161170416581172,-4.306965796784979,0.32478106878754076,0.9565217391304348,1.0,True,True,True,True,True,True
587,task_0587,Nb252_aff_seq098_D98C,tier_2,8,8123588,pass,725.0539002720034,2.855041933944449,686.8567360880552,2.4418866970809177,3.071586794918403,29.492856771918014,994.84375,1700910,35000,20,-2.954983746820517,-2.6222108685321217,0.23797102830801364,1.0,1.0,True,True,True,True,True,True
588,task_0588,Nb252_aff_seq098_D98C,tier_2,9,8123589,pass,734.684874076047,3.0199343619169667,693.075698994915,4.327944196993485,4.082379400962964,29.808186665992253,994.7109375,1701016,35000,20,-0.5409193580439364,-0.2321910817805133,0.2908680331430169,1.0,1.0,True,True,True,True,True,True
589,task_0589,Nb252_aff_seq098_D98C,tier_2,10,8123590,pass,770.223526154994,3.035186526016332,728.0855716109509,3.6938010720768943,4.486374858068302,30.578063194989227,993.2734375,1700961,35000,20,-0.7711647058999915,-1.9276693140542136,0.11373570826620494,1.0,1.0,True,True,True,True,True,True
590,task_0590,Nb252_aff_seq098_D98C,tier_2,11,8123591,pass,746.3255166480085,3.0721771189710125,706.2489954030607,2.4490664100740105,4.001233963062987,30.218345025903545,992.421875,1700934,35000,20,-3.137340034427666,-4.416947591249723,-0.049564927212191634,0.9565217391304348,0.9736842105263158,True,True,True,True,True,True
591,task_0591,Nb252_aff_seq098_D98C,tier_2,12,8123592,pass,744.1713837779826,3.035101899993606,706.214040268911,2.309883950976655,2.1047517829574645,30.15724172210321,994.76171875,1700964,35000,20,-1.4540377603045727,-2.2001031117146397,0.2536487234670588,1.0,1.0,True,True,True,True,True,True
592,task_0592,Nb252_aff_seq098_D98C,tier_2,13,8123593,pass,737.6097231319873,3.032874567899853,698.7948483589571,2.8469924840610474,3.169266673969105,29.416989052901044,994.73046875,1700934,35000,20,-2.0494194591000223,-2.4636936729983177,0.01768700483386354,1.0,1.0,True,True,True,True,True,True
593,task_0593,Nb252_aff_seq098_D98C,tier_2,14,8123594,pass,759.346729978919,3.0421976399375126,719.8700446439907,3.2557282159104943,2.9690865559969097,29.85750950500369,994.86328125,1700982,35000,20,-3.153943318754841,-1.896706130249072,0.13488063213760526,1.0,1.0,True,True,True,True,True,True
594,task_0594,Nb252_aff_seq098_D98C,tier_2,15,8123595,pass,700.3194066809956,2.885071251075715,662.0011980350828,2.667004963965155,2.7817873720778152,29.648332173004746,993.6484375,1700962,35000,20,-0.5988083123489787,-0.634598135298944,0.0017538251013320405,0.9583333333333334,1.0,True,True,True,True,True,True
595,task_0595,Nb252_aff_seq098_D98C,tier_2,16,8123596,pass,757.414083647076,3.0636492050252855,719.2407676749863,3.0322909300448373,2.9596199969528243,28.774769254028797,993.546875,1700884,35000,20,-1.2632536869622868,-2.701139609919281,0.02235433630990613,1.0,1.0,True,True,True,True,True,True
596,task_0596,Nb252_aff_seq098_D98C,tier_2,17,8123597,pass,676.9329122749623,2.8464446829166263,636.5505340610398,4.2636548419250175,2.9853619809728116,29.953645952045918,994.87109375,1701003,35000,20,-0.22235567593673977,-1.4867373958757213,0.4273818092738466,1.0,1.0,True,True,True,True,True,True
597,task_0597,Nb252_aff_seq098_D98C,tier_2,18,8123598,pass,749.7818526929477,3.030957791954279,709.9881386029301,3.0958680019248277,2.8175517179770395,30.500469265971333,994.828125,1700899,35000,20,-2.2330795663580147,-0.8259208364779766,0.21715865640303988,1.0,1.0,True,True,True,True,True,True
598,task_0598,Nb252_aff_seq098_D98C,tier_2,19,8123599,pass,734.126026807935,2.8912794010248035,695.1821948880097,2.2779731820337474,2.7433058250462636,30.690446224994957,993.28515625,1701010,35000,20,-0.9994430591578407,-2.115396812119158,0.01627177190319884,1.0,0.9736842105263158,True,True,True,True,True,True
599,task_0599,Nb252_aff_seq098_D98C,tier_2,20,8123600,pass,783.2696502209874,3.08971583400853,741.9843226260273,4.108225504984148,3.9681819030083716,29.79131141596008,995.41796875,1700931,35000,20,0.5614914834184788,-0.11814212924922174,-0.08846810765107449,0.9583333333333334,1.0,True,True,True,True,True,True
600,task_0600,Nb252_aff_seq098_D98K,tier_2,1,8123601,pass,728.8115362630924,2.986634743050672,689.6173385700677,2.3265924900770187,2.303043127991259,31.259808463044465,993.90625,1701873,35000,20,10.161078401966279,3.5337953937636115,2.0748222797220386,0.9583333333333334,0.9736842105263158,True,True,True,True,True,True
601,task_0601,Nb252_aff_seq098_D98K,tier_2,2,8123602,pass,758.1881940809544,2.962233161088079,717.5657048260327,2.838075304054655,3.3053166440222412,31.163883482920937,994.37890625,1701858,35000,20,-2.090201746076673,-1.583433853981461,0.5314776821860931,1.0,1.0,True,True,True,True,True,True
602,task_0602,Nb252_aff_seq098_D98K,tier_2,3,8123603,pass,781.2981847920455,3.0980999500025064,740.0693239129614,3.784371576970443,3.2464122329838574,30.758644485962577,994.30078125,1701825,35000,20,-1.6396630351054,-0.5557364209368814,0.7143425130273968,1.0,1.0,True,True,True,True,True,True
603,task_0603,Nb252_aff_seq098_D98K,tier_2,4,8123604,pass,754.323399320012,3.0510842179646716,715.0532735550078,2.8247117720311508,2.915471740067005,30.114804176962934,992.03125,1701837,35000,20,-0.23609082090570155,-2.130458000216123,0.34203514748084984,1.0,1.0,True,True,True,True,True,True
604,task_0604,Nb252_aff_seq098_D98K,tier_2,5,8123605,pass,732.665727230953,3.009965491015464,693.9831369359745,2.600025768042542,2.8765393890207633,29.847568108001724,994.19921875,1701856,35000,20,-2.232819673569395,-0.5997348763153241,0.6519846965749494,1.0,1.0,True,True,True,True,True,True
605,task_0605,Nb252_aff_seq098_D98K,tier_2,6,8123606,pass,707.9950532300863,2.89309933304321,668.7641544200014,2.737398504978046,3.0051062939455733,30.26413332601078,995.0546875,1701901,35000,20,7.048968914367151,3.365027293702326,-0.5816181884495464,1.0,1.0,True,True,True,True,True,True
606,task_0606,Nb252_aff_seq098_D98K,tier_2,7,8123607,pass,757.6415956179844,3.057692118920386,718.6667444120394,2.706980051007122,3.445093662943691,29.437603450962342,994.70703125,1701817,35000,20,0.4616033329631932,-1.57117019492226,0.42316924747767715,1.0,1.0,True,True,True,True,True,True
607,task_0607,Nb252_aff_seq098_D98K,tier_2,8,8123608,pass,679.6038404789288,2.873386904015206,640.4271266809665,2.9239567639306188,3.1050150889204815,29.940996462013572,993.13671875,1701830,35000,20,-0.38858280351814756,-0.8581020350475796,-0.667159892040182,1.0,1.0,True,True,True,True,True,True
608,task_0608,Nb252_aff_seq098_D98K,tier_2,9,8123609,pass,768.7401052679634,3.068185426061973,728.769521369948,2.5508478520205244,3.807355504948646,30.197986645973288,994.015625,1701847,35000,20,3.536370297149574,1.0512406911476404,-0.4862266256075678,1.0,1.0,True,True,True,True,True,True
609,task_0609,Nb252_aff_seq098_D98K,tier_2,10,8123610,pass,738.8821457249578,2.993624032009393,698.6468699589605,2.1116401930339634,4.414321011980064,30.370477191056125,993.21484375,1701887,35000,20,-4.1775913292749465,-1.5440091910096498,0.009851870126784235,0.9166666666666666,0.9736842105263158,True,True,True,True,True,True
610,task_0610,Nb252_aff_seq098_D98K,tier_2,11,8123611,pass,721.2592864530161,2.8584209460532293,681.8419808669714,2.24149927101098,2.90250018495135,31.057185069075786,993.8984375,1701833,35000,20,2.1924586352436677,-0.5793780591818489,-0.7131337066407966,0.9565217391304348,1.0,True,True,True,True,True,True
611,task_0611,Nb252_aff_seq098_D98K,tier_2,12,8123612,pass,738.0475561419735,3.2289780949940905,699.0356207110453,2.643566029961221,2.6711314539425075,30.121774473926052,992.515625,1701869,35000,20,-2.5001048019639143,-0.8237102222940109,0.5931235138143371,1.0,1.0,True,True,True,True,True,True
612,task_0612,Nb252_aff_seq098_D98K,tier_2,13,8123613,pass,774.2347215700429,2.965654586092569,736.1827471180586,2.4031625419156626,2.912170135998167,29.417909489013255,995.07421875,1701913,35000,20,-3.7608871980754657,-4.001767184775105,0.5316706052229314,0.9565217391304348,0.9736842105263158,True,True,True,True,True,True
613,task_0613,Nb252_aff_seq098_D98K,tier_2,14,8123614,pass,774.4666399819544,2.9618622289272025,732.5237548639998,3.0880680659320205,4.479205835959874,31.056868723011576,993.75390625,1701864,35000,20,1.1462256732817764,0.3520074314777446,0.6545634275190295,1.0,1.0,True,True,True,True,True,True
614,task_0614,Nb252_aff_seq098_D98K,tier_2,15,8123615,pass,749.9316510120407,2.928374440059997,710.660772440955,2.7767030879622325,3.1437779519474134,30.08106989809312,992.80859375,1701877,35000,20,-2.8280248402991788,-3.7398247644899243,1.3146002870404914,0.9583333333333334,1.0,True,True,True,True,True,True
615,task_0615,Nb252_aff_seq098_D98K,tier_2,16,8123616,pass,739.4620588950347,3.0824676599586383,700.3031496569747,3.0180215180153027,2.741585822077468,29.967287927982397,993.65234375,1701806,35000,20,1.9615375853296655,1.0677559041288873,0.6924945324350169,1.0,1.0,True,True,True,True,True,True
616,task_0616,Nb252_aff_seq098_D98K,tier_2,17,8123617,pass,744.1829545290675,3.027981059974991,704.0890549530741,2.8091946359490976,2.620793204056099,31.297366317012347,993.84375,1701812,35000,20,0.15360598193831265,-0.7085995304651789,1.041138558806658,1.0,1.0,True,True,True,True,True,True
617,task_0617,Nb252_aff_seq098_D98K,tier_2,18,8123618,pass,693.5067737820791,2.8687351269181818,652.3354422959965,3.2484430969925597,4.248766998993233,30.469907626975328,995.609375,1701878,35000,20,-1.6238538902401274,-1.0727701847442574,0.9680010990885748,0.9583333333333334,1.0,True,True,True,True,True,True
618,task_0618,Nb252_aff_seq098_D98K,tier_2,19,8123619,pass,739.3083412719425,3.016409615986049,699.8364596979227,2.676719766110182,3.58324776601512,29.84407121804543,993.296875,1701849,35000,20,7.279631228345579,0.2258073154309841,1.8320607579817967,0.9583333333333334,1.0,True,True,True,True,True,True
619,task_0619,Nb252_aff_seq098_D98K,tier_2,20,8123620,pass,690.9394416218856,2.8504946910543367,650.9318750730017,3.8372212699614465,3.671149192028679,29.32870690303389,994.62890625,1701917,35000,20,-2.4782444419390117,-1.8004562223606229,0.7626804472973241,1.0,1.0,True,True,True,True,True,True
620,task_0620,Nb252_aff_seq098_D98R,tier_2,1,8123621,pass,751.0646217160393,3.0703469910658896,709.8858972180169,3.4603654510574415,3.6264255919959396,30.682112644892186,994.91796875,1702084,35000,20,0.6411625327413049,-1.3063732532229437,1.8895390255824154,0.9583333333333334,1.0,True,True,True,True,True,True
621,task_0621,Nb252_aff_seq098_D98R,tier_2,2,8123622,pass,736.9312614740338,2.9932908799964935,697.1747189399321,3.1776667489903048,3.5870202449150383,29.65262203407474,996.43359375,1702015,35000,20,-2.875450979066727,-1.2406564122223074,2.1988822117450226,1.0,1.0,True,True,True,True,True,True
622,task_0622,Nb252_aff_seq098_D98R,tier_2,3,8123623,pass,734.1011220120126,3.007847278029658,695.3250394060742,2.5053214071085677,2.8894290620228276,30.036868529045023,995.09375,1702007,35000,20,1.9503026024729024,-0.03423486402520837,0.3332972091096629,0.9583333333333334,1.0,True,True,True,True,True,True
623,task_0623,Nb252_aff_seq098_D98R,tier_2,4,8123624,pass,731.6439502310241,3.0549400369636714,690.5419265580131,3.26550318102818,2.9810815799282864,31.456663735909387,993.91796875,1701967,35000,20,-2.237779556441126,-2.150217549777821,0.30932909583448875,1.0,0.9736842105263158,True,True,True,True,True,True
624,task_0624,Nb252_aff_seq098_D98R,tier_2,5,8123625,pass,745.1158222800586,2.8867446680087596,704.3220009629149,2.564128114026971,3.254602876957506,31.735161195974797,995.3984375,1702077,35000,20,-1.1853107346556726,-1.6687483702240797,2.099955798565283,0.9583333333333334,1.0,True,True,True,True,True,True
625,task_0625,Nb252_aff_seq098_D98R,tier_2,6,8123626,pass,775.3348905559396,3.0160273149376735,735.4741269070655,2.484474411001429,3.478775411960669,30.552272350993007,995.20703125,1701994,35000,20,-3.5357196228543444,0.23837877546893083,1.0575637423910997,0.9583333333333334,1.0,True,True,True,True,True,True
626,task_0626,Nb252_aff_seq098_D98R,tier_2,7,8123627,pass,771.7244923359249,3.1066235849866644,731.8483599820174,2.850721206050366,3.145416302024387,30.446473889052868,993.08984375,1702033,35000,20,0.4388135226391796,1.6498419547976084,1.1242821817211137,0.9583333333333334,0.9736842105263158,True,True,True,True,True,True
627,task_0627,Nb252_aff_seq098_D98R,tier_2,8,8123628,pass,690.8373541600304,2.8747836479451507,653.4448267199332,2.3883583440911025,2.398268682998605,29.40135628695134,995.5390625,1702027,35000,20,-2.537786175251995,-1.700264270119419,0.5617164562359029,1.0,0.9736842105263158,True,True,True,True,True,True
628,task_0628,Nb252_aff_seq098_D98R,tier_2,9,8123629,pass,748.023675403092,2.8944302359595895,706.781118436018,3.581403649994172,2.884653443004936,31.537086497992277,994.546875,1701931,35000,20,-2.649000052081817,-1.8489561574601225,0.4371555749664573,1.0,1.0,True,True,True,True,True,True
629,task_0629,Nb252_aff_seq098_D98R,tier_2,10,8123630,pass,751.2752479489427,3.051428460981697,711.2187896439573,2.172905983054079,4.4315036840271205,30.05073417897802,993.21875,1702044,35000,20,-3.7355670943121027,-0.7460422641284623,0.5663768673494225,0.9583333333333334,1.0,True,True,True,True,True,True
630,task_0630,Nb252_aff_seq098_D98R,tier_2,11,8123631,pass,753.3228286659578,3.0204716899897903,713.9236703829374,3.0072683660546318,3.105993142002262,29.90495735197328,994.4765625,1701937,35000,20,0.7950539677190136,-0.13369801148961358,0.5833542259070654,1.0,1.0,True,True,True,True,True,True
631,task_0631,Nb252_aff_seq098_D98R,tier_2,12,8123632,pass,680.5086785709718,2.8509584380080923,641.6132844219683,2.932454369030893,2.9875861699692905,29.80328539700713,993.9921875,1701986,35000,20,1.054960812218269,-0.34975345200277275,0.6304104787346745,0.9583333333333334,1.0,True,True,True,True,True,True
632,task_0632,Nb252_aff_seq098_D98R,tier_2,13,8123633,pass,761.6144112760667,3.0595174379413947,721.2652577110566,2.7608531770529225,3.5997479261131957,30.589954162947834,996.00390625,1701992,35000,20,0.34904172970334457,0.6420428210008282,1.0437766475366992,0.9583333333333334,1.0,True,True,True,True,True,True
633,task_0633,Nb252_aff_seq098_D98R,tier_2,14,8123634,pass,732.6011296309298,2.9825876569375396,694.8728715709876,2.275682837003842,3.043943579075858,29.081225119065493,995.32421875,1702051,35000,20,1.118089972173152,-0.26048685179866027,0.30641063248743095,0.9583333333333334,1.0,True,True,True,True,True,True
634,task_0634,Nb252_aff_seq098_D98R,tier_2,15,8123635,pass,717.922520624008,2.978486960986629,676.6998344279127,2.94910230289679,3.1696061609545723,31.770991322002374,994.47265625,1702031,35000,20,0.5426889752380362,-4.1157409222245604,0.3276552944663038,0.9166666666666666,1.0,True,True,True,True,True,True
635,task_0635,Nb252_aff_seq098_D98R,tier_2,16,8123636,pass,730.132539135986,3.0540055279852822,690.0235269879922,2.8346167800482363,3.5089237480424345,30.375375492032617,994.25390625,1701980,35000,20,1.385395074091889,0.09600341069746321,0.6863400759857612,0.9583333333333334,1.0,True,True,True,True,True,True
636,task_0636,Nb252_aff_seq098_D98R,tier_2,17,8123637,pass,697.810342333978,2.8800911540165544,659.0578389120055,2.8086720519931987,2.6351434419630095,30.096271577989683,995.25,1701890,35000,20,0.024897547255591235,-1.115759222015285,0.6392617805035421,1.0,1.0,True,True,True,True,True,True
637,task_0637,Nb252_aff_seq098_D98R,tier_2,18,8123638,pass,782.0437885209685,3.093197106034495,742.5241171279922,3.70648501010146,2.849106415058486,29.530490110977553,995.70703125,1701953,35000,20,2.120216230674089,1.4906944437415461,0.8610214699094421,1.0,1.0,True,True,True,True,True,True
638,task_0638,Nb252_aff_seq098_D98R,tier_2,19,8123639,pass,746.0403250529198,2.8852437739260495,708.1629622519249,2.0828443069476634,2.4379664509324357,30.1056266319938,992.140625,1701990,35000,20,-2.283363813876008,-1.3135457409871236,0.5241678485254546,1.0,0.9736842105263158,True,True,True,True,True,True
639,task_0639,Nb252_aff_seq098_D98R,tier_2,20,8123640,pass,762.8641833250877,2.9985554760787636,721.2956942290766,3.7338167949346825,4.045023108017631,30.427786672953516,993.75,1702049,35000,20,12.206509943869264,4.839465887051432,3.0747818776951767,1.0,1.0,True,True,True,True,True,True
640,task_0640,Nb252_aff_seq098_D98T,tier_2,1,8123641,pass,755.9884564980166,3.062906455947086,714.5139768440276,2.5058316559297964,4.5296833970351145,31.040483669028617,993.31640625,1701170,35000,20,0.37962696281368835,-1.3732709086595491,0.33724741010195913,0.9565217391304348,0.9736842105263158,True,True,True,True,True,True
641,task_0641,Nb252_aff_seq098_D98T,tier_2,2,8123642,pass,761.342281022924,3.038644570042379,721.2485805030446,2.719622801989317,3.648973731091246,30.345530361053534,992.14453125,1701213,35000,20,0.16656038747606772,-1.0177975427330779,0.018779473131836255,1.0,1.0,True,True,True,True,True,True
642,task_0642,Nb252_aff_seq098_D98T,tier_2,3,8123643,pass,734.6475854169112,3.0311769950203598,696.3475319650024,2.462060621008277,2.5052227339474484,29.950926388963126,994.2265625,1701303,35000,20,-1.9058517043956158,-1.693801058182629,-0.014826286836047586,1.0,1.0,True,True,True,True,True,True
643,task_0643,Nb252_aff_seq098_D98T,tier_2,4,8123644,pass,681.1232736009406,2.858187737991102,641.5480586009799,2.728912028018385,4.135866986005567,29.50357029493898,994.62109375,1701249,35000,20,-0.9339395073253627,-2.2783698889700332,0.39783597473541477,0.9583333333333334,1.0,True,True,True,True,True,True
644,task_0644,Nb252_aff_seq098_D98T,tier_2,5,8123645,pass,769.8279004640644,3.086905969073996,729.586896814988,3.8173709070542827,3.0667598909931257,29.9238987530116,994.63671875,1701195,35000,20,0.623497468826713,-0.5137626383959599,0.10171435313149146,1.0,1.0,True,True,True,True,True,True
645,task_0645,Nb252_aff_seq098_D98T,tier_2,6,8123646,pass,713.5507651590742,2.857143347035162,673.3249777359888,3.480817088042386,2.9249603459611535,30.61420066806022,993.92578125,1701251,35000,20,-1.941152482160419,-1.2574755025672175,0.04962852581527244,1.0,1.0,True,True,True,True,True,True
646,task_0646,Nb252_aff_seq098_D98T,tier_2,7,8123647,pass,736.9539252830436,2.993523554992862,698.8685042130528,2.4195715279784054,2.8102289610542357,29.510887849028222,994.83984375,1701217,35000,20,-1.705484892397294,-1.1552444719045099,0.2080762535566656,1.0,1.0,True,True,True,True,True,True
647,task_0647,Nb252_aff_seq098_D98T,tier_2,8,8123648,pass,745.0837464059005,3.076190837076865,707.4373477539048,2.3209139719838277,2.5947016469435766,29.313314446015283,993.83203125,1701135,35000,20,-1.3425501426572737,-1.3745232494217419,0.054632246161030906,1.0,1.0,True,True,True,True,True,True
648,task_0648,Nb252_aff_seq098_D98T,tier_2,9,8123649,pass,692.985393715091,2.8852905669482425,652.9235956239281,3.016583401011303,2.8449622520711273,30.97229155502282,993.03515625,1701201,35000,20,-0.09065882787109558,-0.9356970355907208,0.32048524486360463,1.0,1.0,True,True,True,True,True,True
649,task_0649,Nb252_aff_seq098_D98T,tier_2,10,8123650,pass,751.0523852820043,3.045309822075069,712.4160640540067,2.6270723580382764,3.3788426959654316,29.232743670931086,995.4921875,1701273,35000,20,-4.056976668951677,-2.8819096461431,0.02086113738685924,0.9583333333333334,0.9736842105263158,True,True,True,True,True,True
650,task_0650,Nb252_aff_seq098_D98T,tier_2,11,8123651,pass,828.0177835689392,3.0643555759452283,787.2856530890567,3.4640547150047496,3.6938924099085853,30.141606085933745,994.87109375,1701246,35000,20,-2.547848725854635,-2.010957074693934,-0.10124573067211884,1.0,1.0,True,True,True,True,True,True
651,task_0651,Nb252_aff_seq098_D98T,tier_2,12,8123652,pass,767.3557950420072,3.016823075013235,726.738269292051,2.486550592002459,3.754267586977221,31.015703749959357,991.96875,1701173,35000,20,-2.3173690198578356,-1.94804689710773,-0.06986120156710385,1.0,1.0,True,True,True,True,True,True
652,task_0652,Nb252_aff_seq098_D98T,tier_2,13,8123653,pass,760.9068832009798,3.0645217340206727,719.6998332710937,2.419236351037398,4.493992568925023,30.882163068046793,992.77734375,1701182,35000,20,-3.6789193207447966,-2.6927909617449473,0.41522870457854566,0.9583333333333334,1.0,True,True,True,True,True,True
653,task_0653,Nb252_aff_seq098_D98T,tier_2,14,8123654,pass,841.6480154739693,3.0822490140562877,802.5093561080284,2.924861907027662,2.7956034688977525,29.981797610991634,993.8203125,1701180,35000,20,-1.579676387147515,-1.3600889248882027,0.170793043058989,1.0,1.0,True,True,True,True,True,True
654,task_0654,Nb252_aff_seq098_D98T,tier_2,15,8123655,pass,680.2448581489734,2.8601734680123627,643.5717954529682,2.1620888649486005,2.17972023494076,29.143006280064583,994.06640625,1701263,35000,20,-1.216226449999283,-0.4037157107567708,0.27410766233891337,1.0,1.0,True,True,True,True,True,True
655,task_0655,Nb252_aff_seq098_D98T,tier_2,16,8123656,pass,851.8001372599974,3.0243536359630525,809.5541736249579,2.9199770590057597,3.106186987948604,32.83423224801663,993.265625,1701173,35000,20,-1.7482516134039656,0.8986000942676213,0.14746997450717458,1.0,1.0,True,True,True,True,True,True
656,task_0656,Nb252_aff_seq098_D98T,tier_2,17,8123657,pass,739.2388747530058,3.0292392019182444,698.8901546760462,4.139717889949679,3.7826466109836474,29.061077310005203,994.85546875,1701202,35000,20,-2.366524337525675,-0.6919279731660026,0.17113455616509654,1.0,1.0,True,True,True,True,True,True
657,task_0657,Nb252_aff_seq098_D98T,tier_2,18,8123658,pass,741.5671467620414,3.078042541979812,701.6506524910219,2.749178486992605,4.534534635022283,29.21968308603391,995.625,1701205,35000,20,-2.6276388099569203,-4.1989573155441775,-0.44802340068023483,1.0,1.0,True,True,True,True,True,True
658,task_0658,Nb252_aff_seq098_D98T,tier_2,19,8123659,pass,728.9557082739193,3.0259240539744496,690.2697917050682,2.81118303805124,2.9597802300704643,29.55068304098677,994.203125,1701199,35000,20,1.0680606155814871,-0.7982458426125305,0.2097992886080533,1.0,1.0,True,True,True,True,True,True
659,task_0659,Nb252_aff_seq098_D98T,tier_2,20,8123660,pass,692.4323240789818,2.8642278719926253,650.0834534619935,4.231418604962528,4.1747753280214965,30.764616083004512,995.72265625,1701238,35000,20,0.5567149825308775,-0.9013947703502794,0.16922818037080134,1.0,1.0,True,True,True,True,True,True
660,task_0660,Nb252_aff_seq098_D98V,tier_2,1,8123661,pass,733.3608592089731,3.0139299569418654,693.2410769660491,3.8034260669955984,3.8969073380576447,29.086383217014372,994.08984375,1701271,35000,20,-0.1946333955376076,-1.2434171967334322,0.099560877004226,1.0,1.0,True,True,True,True,True,True
661,task_0661,Nb252_aff_seq098_D98V,tier_2,2,8123662,pass,738.1867202540161,3.081814876990393,699.2336209840141,3.1026092569809407,1.9101740770274773,30.531956893973984,995.3203125,1701311,35000,20,0.8037552099834784,-1.1015921774703088,0.4314406373855064,1.0,1.0,True,True,True,True,True,True
662,task_0662,Nb252_aff_seq098_D98V,tier_2,3,8123663,pass,705.1861515159253,2.894025643938221,664.9523482349468,2.5472878179280087,4.211277919006534,30.24239403300453,994.84375,1701385,35000,20,0.2222601720586681,-2.1420753347742476,0.15677861434533114,1.0,1.0,True,True,True,True,True,True
663,task_0663,Nb252_aff_seq098_D98V,tier_2,4,8123664,pass,758.4209073460661,3.0294064739719033,717.266263481928,3.9324939199723303,4.52378269599285,29.337387067032978,993.1015625,1701389,35000,20,1.6877921292074802,-1.010658893176867,0.8503567882286838,0.9565217391304348,1.0,True,True,True,True,True,True
664,task_0664,Nb252_aff_seq098_D98V,tier_2,5,8123665,pass,779.9194357850356,3.1218298689927906,741.2737832110142,2.0929663840215653,3.0648222099989653,30.019741725060157,994.87890625,1701364,35000,20,0.0022853057934639764,-1.6919575795335788,0.3900006410629224,0.9166666666666666,1.0,True,True,True,True,True,True
665,task_0665,Nb252_aff_seq098_D98V,tier_2,6,8123666,pass,742.1985679299105,3.232594721019268,702.872991434997,2.6970843160524964,2.350390910054557,30.68864134605974,993.28125,1701362,35000,20,2.0934457319031026,-1.5449212119479654,0.6515398091270121,1.0,1.0,True,True,True,True,True,True
666,task_0666,Nb252_aff_seq098_D98V,tier_2,7,8123667,pass,744.3530948830303,3.003690324956551,705.2596862521023,2.410123387002386,2.5862269749632105,30.728111536009237,992.6953125,1701404,35000,20,-1.2218300711003849,-2.352619849092335,0.041654569670832586,1.0,1.0,True,True,True,True,True,True
667,task_0667,Nb252_aff_seq098_D98V,tier_2,8,8123668,pass,760.6730615429115,3.0458241989836097,721.3369626490166,2.448377909953706,2.8198896910762414,30.580614218022674,996.0,1701329,35000,20,-1.552835701886579,-1.6286648768996628,0.10812475157092294,1.0,1.0,True,True,True,True,True,True
668,task_0668,Nb252_aff_seq098_D98V,tier_2,9,8123669,pass,734.4043096150272,3.041745668044314,695.2741306970129,2.514315550099127,2.9657903930637985,30.291386686032638,995.140625,1701265,35000,20,0.10367560510883322,-1.1688668546692895,0.02922243837899785,0.9583333333333334,1.0,True,True,True,True,True,True
669,task_0669,Nb252_aff_seq098_D98V,tier_2,10,8123670,pass,769.6283951839432,3.0665982350474223,728.8190800639568,2.4158208940643817,4.604129825020209,30.40353916794993,993.765625,1701389,35000,20,-2.36660247286261,-3.3571491594542664,0.5433383041390663,0.9583333333333334,1.0,True,True,True,True,True,True
670,task_0670,Nb252_aff_seq098_D98V,tier_2,11,8123671,pass,724.8434442250291,2.9802076669875532,687.2115847010864,2.4610782969975844,2.607451881049201,29.220125802094117,995.0078125,1701415,35000,20,-1.852213657062066,-3.229500123405046,-0.034288347555488485,1.0,0.9736842105263158,True,True,True,True,True,True
671,task_0671,Nb252_aff_seq098_D98V,tier_2,12,8123672,pass,685.4132095170207,2.8649708869634196,645.6438327919459,2.8585836379788816,3.354454788030125,30.375144336023368,991.02734375,1701300,35000,20,0.3927169812302509,-0.4978643848161255,0.2154923210672166,0.9583333333333334,1.0,True,True,True,True,True,True
672,task_0672,Nb252_aff_seq098_D98V,tier_2,13,8123673,pass,708.5756544539472,2.99200953298714,670.0934656290337,2.374345669988543,3.311306037940085,29.478671530960128,993.5078125,1701345,35000,20,-0.8447079133503621,-3.229122011216006,-0.157511639708261,1.0,1.0,True,True,True,True,True,True
673,task_0673,Nb252_aff_seq098_D98V,tier_2,14,8123674,pass,780.4629155669827,3.090610016020946,741.7626886230428,2.653495777049102,2.360364263993688,30.239779009018093,994.015625,1701264,35000,20,-1.4090176709067919,-1.8520686194748635,0.030572471390538425,1.0,1.0,True,True,True,True,True,True
674,task_0674,Nb252_aff_seq098_D98V,tier_2,15,8123675,pass,680.9072872849647,2.852615165989846,642.1607031449676,2.882443067035638,2.8579301349818707,29.835213956073858,995.11328125,1701302,35000,20,0.5536305724087356,-0.6333696019830342,0.33295932636338677,0.9565217391304348,1.0,True,True,True,True,True,True
675,task_0675,Nb252_aff_seq098_D98V,tier_2,16,8123676,pass,755.2817232820671,3.0287052399944514,716.5178918049205,3.3373969990061596,2.634568856912665,29.416381857008673,995.35546875,1701361,35000,20,9.246569385442456,-0.48803709563931363,0.9389362984099314,0.9583333333333334,1.0,True,True,True,True,True,True
676,task_0676,Nb252_aff_seq098_D98V,tier_2,17,8123677,pass,734.8890136239352,3.031422819942236,695.330474643968,2.958958712988533,3.0483165960758924,30.157395389978774,993.61328125,1701373,35000,20,-1.8346685210321425,-0.7578484004591672,0.14089886797040663,0.9565217391304348,1.0,True,True,True,True,True,True
677,task_0677,Nb252_aff_seq098_D98V,tier_2,18,8123678,pass,761.1210668670246,3.0858217750210315,720.6116090130527,3.214546457049437,3.2193104330217466,30.639571740990505,994.6484375,1701381,35000,20,-0.8201040046295702,-1.83404332265917,-0.015700299045519728,1.0,1.0,True,True,True,True,True,True
678,task_0678,Nb252_aff_seq098_D98V,tier_2,19,8123679,pass,760.5134253530996,3.041903643985279,721.85139678407,2.6527807619422674,3.102981118950993,29.524921803036705,992.984375,1701387,35000,20,-0.6685524903058422,-3.2492929835695463,-0.3183583947503905,1.0,1.0,True,True,True,True,True,True
679,task_0679,Nb252_aff_seq098_D98V,tier_2,20,8123680,pass,759.4255403680727,3.026902056997642,718.2984004979953,2.792918512946926,4.112489728024229,30.839566800976172,994.65234375,1701416,35000,20,-1.9205934871487784,-2.994205607989585,-0.09375364017128973,1.0,1.0,True,True,True,True,True,True
680,task_0680,Nb252_aff_seq101_D101R,tier_2,1,8123681,pass,732.5649797220249,2.0305361290229484,695.05658020603,1.9738749420503154,2.7754107639193535,30.402531521045603,969.4921875,1701897,35000,11,0.3170902865550147,-0.043610453929503024,-0.075009974979654,1.0,1.0,True,True,True,True,True,True
681,task_0681,Nb252_aff_seq101_D101R,tier_2,2,8123682,pass,675.5986164979404,1.9529730750946328,639.4395018020878,1.951556741958484,1.4309687169734389,30.499225893057883,970.72265625,1701958,35000,11,0.5632541518898506,-0.5810291152166656,-0.1674765889993175,1.0,1.0,True,True,True,True,True,True
682,task_0682,Nb252_aff_seq101_D101R,tier_2,3,8123683,pass,711.9119052090682,1.9930863410700113,675.335506442003,2.0891206100350246,1.788919819984585,30.362437834963202,968.79296875,1701964,35000,11,0.22561913630704566,-0.16634775506123844,-0.002772604006466395,1.0,1.0,True,True,True,True,True,True
683,task_0683,Nb252_aff_seq101_D101R,tier_2,4,8123684,pass,749.8626179769635,2.02817142510321,713.1855866459664,2.3442257919814438,1.6345291750039905,30.32439180300571,969.61328125,1701982,35000,11,-0.3125897260655961,-0.3334576524792965,-0.050032213712251306,1.0,1.0,True,True,True,True,True,True
684,task_0684,Nb252_aff_seq101_D101R,tier_2,5,8123685,pass,716.8746758679627,2.024247927009128,678.8695697210496,3.0464925840497017,2.93701561097987,29.65209607500583,969.75,1701977,35000,11,-0.7326930616947607,-0.1251395063357421,0.03276308770566594,1.0,0.972972972972973,True,True,True,True,True,True
685,task_0685,Nb252_aff_seq101_D101R,tier_2,6,8123686,pass,691.767393499962,1.9725079049821943,654.033494401956,2.0685224110493436,2.172613937058486,31.17891027906444,968.58984375,1701922,35000,11,-1.1280742387698979,-0.4571037804891631,-0.12104559296278339,1.0,1.0,True,True,True,True,True,True
686,task_0686,Nb252_aff_seq101_D101R,tier_2,7,8123687,pass,762.7083527270006,2.031581152114086,724.0206879270263,3.7666650960454717,2.966978569049388,29.58647785591893,970.15625,1701973,35000,11,-0.8665013312651126,-0.029450141958960785,0.05088905330542737,1.0,1.0,True,True,True,True,True,True
687,task_0687,Nb252_aff_seq101_D101R,tier_2,8,8123688,pass,728.7823775969446,1.994182154070586,691.1964679619996,2.5461792149581015,2.5938807589700446,30.10424483101815,968.734375,1701933,35000,11,-1.0370533603113472,-0.14726225570753115,-0.015283948875842057,1.0,1.0,True,True,True,True,True,True
688,task_0688,Nb252_aff_seq101_D101R,tier_2,9,8123689,pass,770.3541086380137,1.9817637570668012,733.6525512970984,1.9136268940055743,2.2765453609172255,30.194425479974598,970.140625,1701895,35000,11,-0.6976317475343876,-0.3478533568043929,0.01366689650988917,1.0,0.972972972972973,True,True,True,True,True,True
689,task_0689,Nb252_aff_seq101_D101R,tier_2,10,8123690,pass,747.7852835640078,2.0425044969888404,711.7525206580758,2.1909077210584655,1.4445037259720266,30.014359424938448,966.30078125,1701954,35000,11,-1.0341870641564697,-0.37906606839467827,0.1534219970079338,1.0,1.0,True,True,True,True,True,True
690,task_0690,Nb252_aff_seq101_D101R,tier_2,11,8123691,pass,727.00830988097,2.0025111120194197,691.4847462920006,1.552554477006197,1.8011628780514002,29.84306469000876,968.14453125,1701911,35000,11,-0.29079780885905393,-0.2804879822177213,-0.06355857702044254,1.0,1.0,True,True,True,True,True,True
691,task_0691,Nb252_aff_seq101_D101R,tier_2,12,8123692,pass,742.2925274720183,1.9982966120587662,704.461349094985,2.463677378022112,2.3842203529784456,30.64690176700242,971.02734375,1701929,35000,11,0.14108416931168222,-0.36635846755864065,-0.10013681048335421,1.0,1.0,True,True,True,True,True,True
692,task_0692,Nb252_aff_seq101_D101R,tier_2,13,8123693,pass,683.0717850869987,1.9612510470906273,646.9263249180513,1.8256718149641529,1.7785511550027877,30.25207359797787,969.94921875,1701999,35000,11,0.22981498438883818,-0.06261692352381942,-0.08893294687521092,1.0,0.972972972972973,True,True,True,True,True,True
693,task_0693,Nb252_aff_seq101_D101R,tier_2,14,8123694,pass,709.2323016099399,1.9520524831023067,673.2441347179702,2.0669623740250245,2.1425143459346145,29.501405787072144,969.265625,1701990,35000,11,-0.4270635547952679,-0.3550640562377083,0.02611490417805129,1.0,1.0,True,True,True,True,True,True
694,task_0694,Nb252_aff_seq101_D101R,tier_2,15,8123695,pass,710.67178723705,2.0009270209120587,674.2998115250375,1.9636729779886082,1.9863424149807543,30.063680835068226,969.8671875,1701947,35000,11,0.5060872809967805,-0.3847232740224342,0.18536948789170893,1.0,1.0,True,True,True,True,True,True
695,task_0695,Nb252_aff_seq101_D101R,tier_2,16,8123696,pass,666.4958367820363,1.9974816309986636,629.4683561339043,1.8108715059934184,1.7654624190181494,31.137252029962838,968.4296875,1701930,35000,11,-0.6094658317290396,0.1666329404754805,-0.04054159112039102,1.0,1.0,True,True,True,True,True,True
696,task_0696,Nb252_aff_seq101_D101R,tier_2,17,8123697,pass,758.0888564999914,2.025641201995313,720.5014191910159,3.011736535001546,2.663680830039084,29.5466017780127,970.69140625,1701950,35000,11,-0.605552451661481,-0.14446918321644375,-0.0931747426592473,1.0,1.0,True,True,True,True,True,True
697,task_0697,Nb252_aff_seq101_D101R,tier_2,18,8123698,pass,723.054797986988,2.028907536994666,687.0123407499632,1.4544285840820521,1.9129403550177813,30.316491815960035,969.5390625,1701926,35000,11,0.30454439860261573,-0.25782078858523505,0.01277301280839005,1.0,1.0,True,True,True,True,True,True
698,task_0698,Nb252_aff_seq101_D101R,tier_2,19,8123699,pass,738.5105452199932,2.043451435980387,703.1821420330089,1.8365466899704188,1.5139244279125705,29.595856079948135,971.26953125,1701921,35000,11,-0.3862533391151146,0.07654819681762604,-0.0013308598524357507,1.0,1.0,True,True,True,True,True,True
699,task_0699,Nb252_aff_seq101_D101R,tier_2,20,8123700,pass,737.0673025889555,2.00592319003772,699.9096972360276,2.4578691029455513,2.0219654500251636,30.324147623963654,968.13671875,1701896,35000,11,0.5307782191814567,-0.25827639633705246,-0.07527548352260283,1.0,1.0,True,True,True,True,True,True
700,task_0700,Nb252_aff_seq101_D101W,tier_2,1,8123701,pass,757.1560703179566,2.014376364997588,720.8612783469725,1.860568578937091,1.7984303910052404,30.27466469607316,967.73828125,1701980,35000,11,-2.5553495657006806,-1.8535540148208156,0.5314905984672773,1.0,1.0,True,True,True,True,True,True
701,task_0701,Nb252_aff_seq101_D101W,tier_2,2,8123702,pass,776.9095707579982,2.0539211459690705,740.4256680769613,1.733316348050721,1.9375232449965551,30.419445186969824,969.59375,1701973,35000,11,-3.110881703824248,-2.0074398058970644,0.7905956512610182,1.0,1.0,True,True,True,True,True,True
702,task_0702,Nb252_aff_seq101_D101W,tier_2,3,8123703,pass,745.3890113380039,2.011252013966441,708.6513237319887,1.3869342770194635,1.4101589329075068,31.593291505007073,966.34765625,1701987,35000,11,-1.9554765153175708,-1.847859681281335,0.7523969255329597,1.0,0.972972972972973,True,True,True,True,True,True
703,task_0703,Nb252_aff_seq101_D101W,tier_2,4,8123704,pass,725.9092280120822,2.000129637075588,690.708151384024,1.6701097280019894,1.6221699638990685,29.563666115049273,968.8125,1701944,35000,11,-2.4235762827978533,-1.8608792077512533,0.6921184825738749,1.0,1.0,True,True,True,True,True,True
704,task_0704,Nb252_aff_seq101_D101W,tier_2,5,8123705,pass,674.239414448035,1.9701545449206606,638.0394775900058,2.160731798969209,2.527749390108511,29.214108992018737,973.84375,1702018,35000,11,-1.705645915920229,-2.172207562620798,0.9265922430516085,1.0,1.0,True,True,True,True,True,True
705,task_0705,Nb252_aff_seq101_D101W,tier_2,6,8123706,pass,723.422467692988,1.9516360450070351,688.1052255709656,1.5882268010172993,1.7444727419642732,29.684349341900088,969.33984375,1702026,35000,11,-1.2038997312225774,-2.0241488624536714,0.878129668176026,1.0,1.0,True,True,True,True,True,True
706,task_0706,Nb252_aff_seq101_D101W,tier_2,7,8123707,pass,717.8655939359451,1.9989896309562027,678.4728248310275,2.8138737259432673,2.8960403410019353,31.314906298997812,966.28515625,1701952,35000,11,-1.8468825864190421,-2.1741335311998,0.4932982622016482,1.0,1.0,True,True,True,True,True,True
707,task_0707,Nb252_aff_seq101_D101W,tier_2,8,8123708,pass,668.8212979980744,1.9524830350419506,630.1487424700754,2.4412206129636616,2.591867463896051,31.325061860959977,966.73046875,1701925,35000,11,-2.9407977729473487,-2.582923479759984,1.2288351942504363,1.0,0.972972972972973,True,True,True,True,True,True
708,task_0708,Nb252_aff_seq101_D101W,tier_2,9,8123709,pass,767.0036095930263,2.0400286220246926,729.77559587406,1.9151539219310507,1.8878114639082924,31.03609421895817,969.75,1702003,35000,11,-2.1783303933824527,-2.1048699292507678,0.6087560076665923,1.0,1.0,True,True,True,True,True,True
709,task_0709,Nb252_aff_seq101_D101W,tier_2,10,8123710,pass,722.1866960870102,2.013877323945053,685.9718398379628,1.8196242810226977,2.173968613962643,29.861424425034784,967.99609375,1701963,35000,11,-2.6062290432316786,-2.365636038394058,0.6607010102410573,1.0,1.0,True,True,True,True,True,True
710,task_0710,Nb252_aff_seq101_D101W,tier_2,11,8123711,pass,749.6362537390087,2.028735395986587,712.9028621399775,1.8353066499112174,2.7696253940230235,29.738104135962203,969.82421875,1702033,35000,11,-3.6536172896707058,-3.4959950112341858,0.3634901741953769,1.0,1.0,True,True,True,True,True,True
711,task_0711,Nb252_aff_seq101_D101W,tier_2,12,8123712,pass,738.9371664959472,2.0087641860591248,701.6875471540261,1.9297123849391937,2.0790933079551905,30.88977288606111,968.84375,1701938,35000,11,-1.551769840690099,-1.8858050424774575,0.5822179893308004,1.0,1.0,True,True,True,True,True,True
712,task_0712,Nb252_aff_seq101_D101W,tier_2,13,8123713,pass,739.3278559950413,1.979620318976231,703.3506595660001,2.481746540986933,1.589273507008329,29.56052900303621,970.26953125,1701994,35000,11,-2.3243319160693545,-1.763441382311001,0.9166875999608628,1.0,1.0,True,True,True,True,True,True
713,task_0713,Nb252_aff_seq101_D101W,tier_2,14,8123714,pass,745.6120413799072,2.0224945759400725,708.1385938560124,2.2946483429986984,2.499716904014349,30.29765915905591,970.07421875,1701932,35000,11,-1.3675272200879363,-1.7081380307421057,0.7850709924481674,1.0,1.0,True,True,True,True,True,True
714,task_0714,Nb252_aff_seq101_D101W,tier_2,15,8123715,pass,760.9416832940187,2.065753121045418,723.4641291979933,1.8917946480214596,1.9001558629097417,31.2661428010324,967.98828125,1701946,35000,11,-2.617050664414819,-2.64879099403133,0.6823837275321374,1.0,1.0,True,True,True,True,True,True
715,task_0715,Nb252_aff_seq101_D101W,tier_2,16,8123716,pass,720.8285362309543,1.9879353849682957,682.8292461109813,2.331272221985273,2.430787966004573,30.89563130598981,967.33203125,1701991,35000,11,0.22368229659207373,0.24108492192040387,0.009967043059042169,1.0,1.0,True,True,True,True,True,True
716,task_0716,Nb252_aff_seq101_D101W,tier_2,17,8123717,pass,664.8500896850601,1.9582288430538028,630.434260369977,1.3090268659871072,1.3033988940296695,29.52018724102527,970.17578125,1701906,35000,11,-1.6394886343506414,-1.8506884560640486,0.8925934819273724,1.0,1.0,True,True,True,True,True,True
717,task_0717,Nb252_aff_seq101_D101W,tier_2,18,8123718,pass,664.993416935904,1.942941304994747,628.5425679159816,1.7285967190982774,1.811310639954172,30.62063790706452,969.07421875,1701996,35000,11,-1.3881322157851628,-1.902474194713733,0.6765458315132378,1.0,1.0,True,True,True,True,True,True
718,task_0718,Nb252_aff_seq101_D101W,tier_2,19,8123719,pass,717.4828520340379,1.9836393329314888,680.9850285809953,1.8311291199643165,2.2622790050227195,30.075112735969014,968.578125,1702014,35000,11,-2.485449442447134,-2.6505083564362195,0.922570889661321,1.0,1.0,True,True,True,True,True,True
719,task_0719,Nb252_aff_seq101_D101W,tier_2,20,8123720,pass,730.1703278570203,2.0112224830081686,691.4549164359923,2.53484227694571,1.8843314029509202,31.92126156995073,968.6640625,1701907,35000,11,-1.7209459068162687,-1.7353169957973762,0.6105849378291932,1.0,1.0,True,True,True,True,True,True
720,task_0720,Nb252_aff_seq103_I103W,tier_2,1,8123721,pass,767.4879279340385,3.2058090259088203,727.8349612900056,3.3477288000285625,3.3227096520131454,29.421665193978697,984.7734375,1701353,35000,18,-2.1440849714514343,-5.17555542275511,0.14364801923150416,1.0,1.0,True,True,True,True,True,True
721,task_0721,Nb252_aff_seq103_I103W,tier_2,2,8123722,pass,723.2439655000344,3.1131732820067555,683.6104548629373,3.1641248390078545,3.4663841519504786,29.53779047098942,982.3046875,1701449,35000,18,-2.590258702834774,-2.1359828430307886,0.3009592057872066,1.0,1.0,True,True,True,True,True,True
722,task_0722,Nb252_aff_seq103_I103W,tier_2,3,8123723,pass,723.9550351860235,3.143510330002755,683.762578763999,2.172467131051235,3.8595485530095175,30.67330765898805,983.6015625,1701372,35000,18,0.4716290650454198,-0.14424752388502782,1.30408868013164,1.0,1.0,True,True,True,True,True,True
723,task_0723,Nb252_aff_seq103_I103W,tier_2,4,8123724,pass,769.8884829720482,3.183471418102272,731.3148140039993,2.2961518769152462,2.746605930966325,29.998492099926807,984.26171875,1701418,35000,18,-3.110511383760354,-3.678351838528812,0.3847724760342608,1.0,1.0,True,True,True,True,True,True
724,task_0724,Nb252_aff_seq103_I103W,tier_2,5,8123725,pass,736.2372168509755,3.1488319039344788,697.7573443329893,2.5792614580132067,2.3086145599372685,30.083600192912854,985.84765625,1701380,35000,18,-0.8490197900723615,-1.3404023402865306,-0.4483710358824453,1.0,1.0,True,True,True,True,True,True
725,task_0725,Nb252_aff_seq103_I103W,tier_2,6,8123726,pass,743.5631834459491,3.150485971942544,704.136004063068,3.23885280394461,3.3603355690138415,29.328285548952408,983.375,1701383,35000,18,-1.4027433987013183,-1.516657970095281,0.9263188926569104,1.0,1.0,True,True,True,True,True,True
726,task_0726,Nb252_aff_seq103_I103W,tier_2,7,8123727,pass,765.0426012920216,3.2078518769703805,725.2335419260198,2.73155351402238,2.588222743012011,30.756027108058333,985.20703125,1701381,35000,18,-3.1139112835654714,-4.290071879443772,0.010212849469629859,1.0,1.0,True,True,True,True,True,True
727,task_0727,Nb252_aff_seq103_I103W,tier_2,8,8123728,pass,670.9446775990073,2.9764253050088882,630.8642040230334,3.249366459902376,2.901389842038043,30.608743468998,984.71484375,1701369,35000,18,-3.373547336612944,-4.256955574533208,-0.16207756362292614,1.0,1.0,True,True,True,True,True,True
728,task_0728,Nb252_aff_seq103_I103W,tier_2,9,8123729,pass,735.0116485009203,3.1569492529379204,694.6073772680247,3.6440339479595423,3.3573244269937277,29.883449164102785,982.62890625,1701388,35000,18,-1.3709675972268656,-2.5666891007304713,0.4206744619959899,1.0,1.0,True,True,True,True,True,True
729,task_0729,Nb252_aff_seq103_I103W,tier_2,10,8123730,pass,668.7531113419682,2.96279191900976,629.4572616399964,2.4663843710441142,2.8719980060122907,30.631740926997736,986.0,1701357,35000,18,-2.3120103224652553,-2.0921463724854448,-0.7281830834744643,1.0,1.0,True,True,True,True,True,True
730,task_0730,Nb252_aff_seq103_I103W,tier_2,11,8123731,pass,706.9667673630174,2.9688065180089325,669.0561103959335,2.377987707965076,2.6222994700074196,29.594765475019813,984.62890625,1701380,35000,18,-2.8197629061135103,-3.330630998787953,0.242213443662326,1.0,0.9722222222222222,True,True,True,True,True,True
731,task_0731,Nb252_aff_seq103_I103W,tier_2,12,8123732,pass,719.6396292080171,3.1594895529560745,680.1022731000558,3.5270420670276508,2.830193306086585,29.66156121401582,984.96875,1701403,35000,18,-3.7728387793570164,-2.7229695957996114,-0.05264171295762665,1.0,1.0,True,True,True,True,True,True
732,task_0732,Nb252_aff_seq103_I103W,tier_2,13,8123733,pass,712.9998820030596,3.1201328469906002,673.9641070399666,2.2838760380400345,2.512136470992118,30.77074852201622,984.33984375,1701353,35000,18,-3.965278386915429,-3.7034178372581863,0.1568833997621386,1.0,1.0,True,True,True,True,True,True
733,task_0733,Nb252_aff_seq103_I103W,tier_2,14,8123734,pass,746.2631537890993,3.1819165940396488,708.5112262520706,2.3438903209753335,2.7946684840135276,29.089777544955723,983.01171875,1701298,35000,18,-3.7560062125850777,-2.5720423145278346,-0.27281703788033695,1.0,1.0,True,True,True,True,True,True
734,task_0734,Nb252_aff_seq103_I103W,tier_2,15,8123735,pass,721.5513875089819,3.098886259016581,683.5031765920576,2.357595249079168,2.9309701749589294,29.309925399022177,983.28125,1701429,35000,18,-2.785155578908814,-3.501414776303932,-0.33625280132051394,1.0,1.0,True,True,True,True,True,True
735,task_0735,Nb252_aff_seq103_I103W,tier_2,16,8123736,pass,772.1638579799328,3.10967947402969,733.745004173019,2.522590182023123,2.678258746978827,29.740856369957328,984.00390625,1701385,35000,18,-2.6870951613969964,-3.9961470764157525,0.33080104749283734,1.0,1.0,True,True,True,True,True,True
736,task_0736,Nb252_aff_seq103_I103W,tier_2,17,8123737,pass,751.7464165459387,3.175510036991909,713.1879173759371,2.7940854519838467,2.5131996939890087,29.730521302088164,982.609375,1701380,35000,18,-3.8594461412927217,-3.940026109733637,-0.4471002744793875,1.0,1.0,True,True,True,True,True,True
737,task_0737,Nb252_aff_seq103_I103W,tier_2,18,8123738,pass,670.8870762360748,2.9889959360007197,630.2043202070054,4.000737320049666,3.328515933942981,30.03307077602949,985.6171875,1701412,35000,18,-0.052792421715764704,-0.9757549305563629,0.39738535722158197,1.0,1.0,True,True,True,True,True,True
738,task_0738,Nb252_aff_seq103_I103W,tier_2,19,8123739,pass,718.8342390239704,3.104197649983689,680.4288815830369,2.2181203690124676,2.286026470013894,30.45344250299968,981.2421875,1701405,35000,18,-2.64317080876134,-3.1733714451231663,-0.049095387390671874,1.0,1.0,True,True,True,True,True,True
739,task_0739,Nb252_aff_seq103_I103W,tier_2,20,8123740,pass,761.3985356190242,3.190000428003259,720.5746945670107,2.9418690259335563,3.4942248379811645,30.855392559082247,985.21875,1701485,35000,18,-4.2369962734217665,-4.475891128806751,-0.11651139143228484,1.0,0.9722222222222222,True,True,True,True,True,True
740,task_0740,Nb252_aff_seq104_I104M,tier_2,1,8123741,pass,822.1560197599465,3.0240892469882965,782.091400657082,2.9272463229717687,3.018362673930824,30.7371125780046,988.2890625,1700755,35000,24,0.6362111755952355,2.561478258503797,0.15893446407571865,1.0,0.9714285714285714,True,True,True,True,True,True
741,task_0741,Nb252_aff_seq104_I104M,tier_2,2,8123742,pass,716.2057406740496,2.832053101970814,676.7184937139973,3.172898608027026,3.055674646049738,30.09761005709879,988.015625,1700782,35000,24,-0.3264843196502625,-1.257475807504818,0.4135834987200031,1.0,1.0,True,True,True,True,True,True
742,task_0742,Nb252_aff_seq104_I104M,tier_2,3,8123743,pass,788.1140461750329,2.9492323910817504,747.5025234780042,3.8412960849236697,3.7889334530336782,29.706662773969583,987.77734375,1700762,35000,24,2.373621735265999,2.3087108301756842,-0.39945396579927817,1.0,0.9714285714285714,True,True,True,True,True,True
743,task_0743,Nb252_aff_seq104_I104M,tier_2,4,8123744,pass,760.8463307119673,2.944685990922153,721.5554177509621,2.9459032180020586,2.994822481065057,30.068657574942335,985.859375,1700780,35000,24,0.039246293735175186,-0.867698157353459,0.7774514630314826,1.0,1.0,True,True,True,True,True,True
744,task_0744,Nb252_aff_seq104_I104M,tier_2,5,8123745,pass,778.6625064589316,2.9664061469957232,740.3412598180585,1.7139609250007197,2.7835024379892275,30.530770179932006,987.47265625,1700834,35000,24,-1.226807051929029,-2.079730347836758,0.7263018297138277,1.0,0.9459459459459459,True,True,True,True,True,True
745,task_0745,Nb252_aff_seq104_I104M,tier_2,6,8123746,pass,819.7556997260544,3.078775922069326,780.3018163789529,3.096037555951625,2.5714415090624243,30.387968460912816,989.0859375,1700838,35000,24,0.9071676836944107,0.34129292697140556,1.3097187154573486,1.0,1.0,True,True,True,True,True,True
746,task_0746,Nb252_aff_seq104_I104M,tier_2,7,8123747,pass,796.0626463840017,2.9999835819471627,755.0493027529446,4.258607637020759,4.389273797976784,29.04363574401941,989.171875,1700792,35000,24,1.6654790335375083,-0.8244205313722119,0.7136011483482374,1.0,1.0,True,True,True,True,True,True
747,task_0747,Nb252_aff_seq104_I104M,tier_2,8,8123748,pass,724.1200342599768,2.8561854880535975,684.7336373110302,2.396666815970093,3.50998690596316,30.308693111059256,986.3203125,1700823,35000,24,0.5518914477768817,2.697581752420163,0.004713548012681201,1.0,0.9444444444444444,True,True,True,True,True,True
748,task_0748,Nb252_aff_seq104_I104M,tier_2,9,8123749,pass,825.159984447062,2.9594352199928835,786.2267248199787,3.2650605760281906,3.0440013800980523,29.338390483055264,987.4375,1700795,35000,24,4.524903448923055,3.485938100306484,-0.4436079540068718,1.0,0.9714285714285714,True,True,True,True,True,True
749,task_0749,Nb252_aff_seq104_I104M,tier_2,10,8123750,pass,814.1499497060431,3.021069024922326,772.5405882609775,3.5637667069677263,3.3820677099283785,31.3180550619727,986.015625,1700805,35000,24,-0.25172110846017404,-0.742049925096353,0.9758561891538857,1.0,1.0,True,True,True,True,True,True
750,task_0750,Nb252_aff_seq104_I104M,tier_2,11,8123751,pass,795.5478605560493,2.986495738965459,754.7078948869603,2.9726258739829063,3.1550150589318946,31.40157412609551,987.1953125,1700887,35000,24,0.5506430581838231,-1.0732927495699158,1.6381130755729973,1.0,1.0,True,True,True,True,True,True
751,task_0751,Nb252_aff_seq104_I104M,tier_2,12,8123752,pass,730.6574083219748,2.847911315970123,691.3963393970625,2.735157183953561,2.5936797339236364,30.766614813008346,988.63671875,1700770,35000,24,3.376719705255425,2.3249710803832073,0.00737323550963076,1.0,0.9714285714285714,True,True,True,True,True,True
752,task_0752,Nb252_aff_seq104_I104M,tier_2,13,8123753,pass,807.7146057490027,3.0185298629803583,764.9475779869827,4.205184023012407,4.182018636027351,31.014515041955747,986.2265625,1700760,35000,24,0.8240128835136034,-0.7318852864486871,0.8216816797637723,1.0,1.0,True,True,True,True,True,True
753,task_0753,Nb252_aff_seq104_I104M,tier_2,14,8123754,pass,798.2141625729855,3.0132897280855104,759.7079336839961,2.9673390660900623,2.805425127968192,29.394660335965455,988.06640625,1700797,35000,24,2.035429560355624,2.084772143792023,-0.19484453424707482,1.0,0.9722222222222222,True,True,True,True,True,True
754,task_0754,Nb252_aff_seq104_I104M,tier_2,15,8123755,pass,768.9928109800676,2.8353708499344066,727.7917032700498,3.311620623921044,3.566732696024701,31.133315391023643,989.125,1700743,35000,24,2.5925594573268427,-2.5151424667539004,0.5906661487921454,1.0,1.0,True,True,True,True,True,True
755,task_0755,Nb252_aff_seq104_I104M,tier_2,16,8123756,pass,776.8443414940266,2.9432093929499388,738.5263767190045,2.284359558019787,2.384068646002561,30.368344350950792,987.1796875,1700810,35000,24,2.1816780317834628,-1.4898300595894653,0.6090493876394341,1.0,1.0,True,True,True,True,True,True
756,task_0756,Nb252_aff_seq104_I104M,tier_2,17,8123757,pass,773.1364956400357,2.9628352620638907,734.2404669480165,3.306479721912183,3.035072809900157,29.24538744695019,987.4453125,1700801,35000,24,1.7488303847251814,1.1073406048338086,0.4536620680708019,0.9583333333333334,1.0,True,True,True,True,True,True
757,task_0757,Nb252_aff_seq104_I104M,tier_2,18,8123758,pass,796.8039261410013,3.005889103980735,756.9018617569236,3.2095720910001546,3.176409668987617,30.176705576945096,989.0,1700853,35000,24,0.15350885738234865,-1.1782041414771953,0.5003781489867283,1.0,0.9705882352941176,True,True,True,True,True,True
758,task_0758,Nb252_aff_seq104_I104M,tier_2,19,8123759,pass,732.0642112529604,2.864885677001439,694.0214956640266,2.651309370994568,2.6541602010838687,29.537832778994925,987.7109375,1700828,35000,24,2.395611811229685,2.339096506528861,-0.01982699367508367,1.0,0.9459459459459459,True,True,True,True,True,True
759,task_0759,Nb252_aff_seq104_I104M,tier_2,20,8123760,pass,802.2296496940544,2.983380052028224,760.4440043050563,3.969307087943889,3.9427830670028925,30.5531654630322,987.86328125,1700794,35000,24,0.7799564547232762,-0.46268052691128503,1.1945287301967067,1.0,0.9722222222222222,True,True,True,True,True,True
760,task_0760,Nb252_aff_seq105_E105F,tier_2,1,8123761,pass,668.8936996340053,2.890468087978661,629.4922041259706,2.7978353790240362,2.8149385220604017,30.580070537049323,979.78125,1701427,35000,14,0.3978243128241843,-5.231724264768573,2.541405737043025,1.0,0.9722222222222222,True,True,True,True,True,True
761,task_0761,Nb252_aff_seq105_E105F,tier_2,2,8123762,pass,632.9532694290392,2.764363912981935,595.6077169049531,2.0857823350233957,2.1556367489974946,30.009186872979626,982.7890625,1701401,35000,14,-2.219038662128014,-0.6499335386310463,0.9672800310108727,1.0,0.972972972972973,True,True,True,True,True,True
762,task_0762,Nb252_aff_seq105_E105F,tier_2,3,8123763,pass,718.418362315977,2.989683281048201,680.5183220059844,2.363856280921027,1.8260901840403676,30.38789558899589,981.03125,1701358,35000,14,-1.5675186635694445,-3.145572274209073,2.724664790668456,1.0,0.9714285714285714,True,True,True,True,True,True
763,task_0763,Nb252_aff_seq105_E105F,tier_2,4,8123764,pass,714.3450295339571,2.9389537710230798,676.1206768320408,2.0752036389894783,2.2928485139273107,30.580199907999486,982.5234375,1701357,35000,14,-4.138438842728021,-4.269034830771574,2.7085786924763013,1.0,1.0,True,True,True,True,True,True
764,task_0764,Nb252_aff_seq105_E105F,tier_2,5,8123765,pass,705.5395181329222,2.9811125630512834,667.0853875869652,1.8002705110702664,2.5929056020686403,30.752963590086438,982.27734375,1701338,35000,14,-0.9383042005928246,-0.491679609427095,1.3827457891430583,0.9583333333333334,0.9459459459459459,True,True,True,True,True,True
765,task_0765,Nb252_aff_seq105_E105F,tier_2,6,8123766,pass,702.8402667429764,2.902407421031967,664.168265921995,1.9140738249989226,2.698074077954516,30.83038157003466,981.8828125,1701369,35000,14,-1.832868483734785,-3.069192655497659,2.9693202125805165,1.0,1.0,True,True,True,True,True,True
766,task_0766,Nb252_aff_seq105_E105F,tier_2,7,8123767,pass,654.7058206379879,2.8294747460167855,616.4526640430558,2.2887566110584885,2.333791609038599,30.465939603978768,979.61328125,1701301,35000,14,-0.6267451026960771,-0.12252687494351733,1.3563154868874712,0.9583333333333334,1.0,True,True,True,True,True,True
767,task_0767,Nb252_aff_seq105_E105F,tier_2,8,8123768,pass,676.66861250496,2.8948533369693905,638.4082842540229,1.9620210870634764,2.50621233205311,30.57090200006496,980.75390625,1701348,35000,14,-4.727477485399959,-6.921099434396012,2.99313628248429,1.0,1.0,True,True,True,True,True,True
768,task_0768,Nb252_aff_seq105_E105F,tier_2,9,8123769,pass,673.4350561660249,2.895718449028209,634.2799920979887,2.4054863329511136,2.886260590981692,30.641495005926117,983.72265625,1701426,35000,14,-2.727783270758266,-4.560905501344294,2.0343093800201224,1.0,0.9444444444444444,True,True,True,True,True,True
769,task_0769,Nb252_aff_seq105_E105F,tier_2,10,8123770,pass,717.4391812050017,2.9561997270211577,680.2880893079564,2.0053934529423714,2.2852830820484087,29.584604796022177,983.73046875,1701395,35000,14,-4.834735872871988,-4.92207316456512,2.242957921362592,1.0,0.972972972972973,True,True,True,True,True,True
770,task_0770,Nb252_aff_seq105_E105F,tier_2,11,8123771,pass,656.4232071810402,2.7944968880619854,618.2729137550341,3.044158193981275,2.456750776967965,29.545856507960707,983.32421875,1701366,35000,14,-2.7869114472383103,-4.620411779933605,2.197384540261332,1.0,0.9444444444444444,True,True,True,True,True,True
771,task_0771,Nb252_aff_seq105_E105F,tier_2,12,8123772,pass,638.3592570910696,2.7698182909516618,600.2190225989325,1.837608372909017,2.2845130369532853,30.93587218702305,981.55859375,1701402,35000,14,-4.780854982304334,-4.6973580388510925,2.6529343709425994,1.0,0.972972972972973,True,True,True,True,True,True
772,task_0772,Nb252_aff_seq105_E105F,tier_2,13,8123773,pass,703.752555532963,2.800482285907492,665.3901896029711,2.91323318798095,2.4911991340341046,29.829588318010792,982.63671875,1701353,35000,14,0.11520664789679813,0.09732769653183482,1.2787740451924066,1.0,1.0,True,True,True,True,True,True
773,task_0773,Nb252_aff_seq105_E105F,tier_2,14,8123774,pass,675.9416451940779,2.8988687560195103,637.6301989710191,2.7096819049911574,2.3376116170547903,30.039477815967984,981.12109375,1701439,35000,14,-1.7424626086920512,-2.5771081491367767,2.6504939659739186,1.0,0.9722222222222222,True,True,True,True,True,True
774,task_0774,Nb252_aff_seq105_E105F,tier_2,15,8123775,pass,688.910973808961,2.891690035001375,651.1173821039265,2.3305004430003464,2.3087192840175703,29.91737773793284,982.078125,1701328,35000,14,-2.6428226280931995,-3.4407185241453817,2.281514224417837,1.0,1.0,True,True,True,True,True,True
775,task_0775,Nb252_aff_seq105_E105F,tier_2,16,8123776,pass,709.7269034089986,2.9626840370474383,671.6625843930524,2.192132496042177,2.2680497840046883,30.311761795077473,983.13671875,1701431,35000,14,-2.749689912522342,-4.463151650267605,2.7742059795887997,1.0,0.9722222222222222,True,True,True,True,True,True
776,task_0776,Nb252_aff_seq105_E105F,tier_2,17,8123777,pass,709.3745780790923,2.957917655003257,670.3754680299899,2.282229244010523,2.761160662979819,30.668415186926723,982.046875,1701372,35000,14,-5.575579891838572,-7.168917383935408,2.7557620494340007,1.0,1.0,True,True,True,True,True,True
777,task_0777,Nb252_aff_seq105_E105F,tier_2,18,8123778,pass,684.5012378239771,2.9203263929812238,647.4255190290278,2.613505153916776,1.5392793189967051,29.63885918504093,982.828125,1701378,35000,14,-2.140784083992685,-5.361652695306091,2.4519492857191167,1.0,0.9722222222222222,True,True,True,True,True,True
778,task_0778,Nb252_aff_seq105_E105F,tier_2,19,8123779,pass,678.9160901319701,2.923919194028713,639.743159667938,2.5700442489469424,2.452696867985651,30.911320467013866,982.609375,1701400,35000,14,-5.553545185977896,-5.45492005158269,1.947991287058933,1.0,1.0,True,True,True,True,True,True
779,task_0779,Nb252_aff_seq105_E105F,tier_2,20,8123780,pass,666.6723346089711,2.8918942670570686,628.8985152569367,2.6200983109883964,1.848592650028877,30.07637643907219,982.64453125,1701418,35000,14,-5.612269830076514,-5.393753387436789,2.763886234820532,1.0,0.9459459459459459,True,True,True,True,True,True
780,task_0780,Nb252_aff_seq105_E105L,tier_2,1,8123781,pass,672.8413341520354,2.9387030160287395,633.4474716630066,3.586622843053192,2.5402246130397543,30.011695722001605,982.46484375,1701276,35000,14,-1.1867026290461808,-0.2535834004658142,1.00972034391177,1.0,1.0,True,True,True,True,True,True
781,task_0781,Nb252_aff_seq105_E105L,tier_2,2,8123782,pass,644.8805588030955,2.7538130739703774,607.480735334917,2.1642748409649357,2.4984644500073045,29.624287024023943,982.6953125,1701315,35000,14,-3.6707625136876914,-2.051239168778295,-0.041481573684471584,1.0,1.0,True,True,True,True,True,True
782,task_0782,Nb252_aff_seq105_E105L,tier_2,3,8123783,pass,703.579533507931,2.948696127976291,663.8189124489436,3.854890590067953,2.412351288017817,30.21315317193512,983.20703125,1701272,35000,14,-1.8470755147280897,-0.14125262798016536,1.0083492137375814,1.0,1.0,True,True,True,True,True,True
783,task_0783,Nb252_aff_seq105_E105L,tier_2,4,8123784,pass,621.2447126139887,2.766198059078306,582.4153753459686,2.241744150989689,2.6850337319774553,30.826434476999566,981.21484375,1701317,35000,14,-4.382981721472277,-2.390052890205652,0.7029281802158458,1.0,1.0,True,True,True,True,True,True
784,task_0784,Nb252_aff_seq105_E105L,tier_2,5,8123785,pass,707.0652336380444,2.8323750339914113,669.3502115679439,2.1049963620025665,2.6856943030143157,29.766156408004463,981.54296875,1701294,35000,14,0.23140764880099596,1.4644952311511616,-1.353566519206833,0.9583333333333334,1.0,True,True,True,True,True,True
785,task_0785,Nb252_aff_seq105_E105L,tier_2,6,8123786,pass,713.7418349169893,2.950792882940732,674.7318610170623,2.8868159640114754,2.442592047038488,30.40838871500455,980.98828125,1701302,35000,14,-3.34611959103097,-1.237910698559645,0.39385002970007577,1.0,1.0,True,True,True,True,True,True
786,task_0786,Nb252_aff_seq105_E105L,tier_2,7,8123787,pass,719.0280418869806,2.864178035990335,680.7768515229691,2.1749085689662024,2.9722389980452135,29.89865466405172,981.6484375,1701252,35000,14,-4.638652395908025,-2.285068685568561,1.0968899596955914,1.0,0.9459459459459459,True,True,True,True,True,True
787,task_0787,Nb252_aff_seq105_E105L,tier_2,8,8123788,pass,726.1190358171007,2.9940316129941493,688.0168050620705,2.1151462560519576,2.06787542195525,30.580025118077174,982.0546875,1701264,35000,14,-4.799551594564036,-2.3091664264469216,0.358477439571228,1.0,1.0,True,True,True,True,True,True
788,task_0788,Nb252_aff_seq105_E105L,tier_2,9,8123789,pass,707.2285257310141,2.985082692001015,668.6301804350223,1.7196717800106853,2.5184888620860875,31.04823191894684,983.4765625,1701279,35000,14,-3.6704643342541203,-2.3456799425294292,0.40245906734806525,1.0,1.0,True,True,True,True,True,True
789,task_0789,Nb252_aff_seq105_E105L,tier_2,10,8123790,pass,675.5384688780177,2.7678917408920825,639.0398845169693,2.0101898820139468,2.013271676027216,29.39736662793439,982.28125,1701295,35000,14,-2.0430754214419835,-2.792914102069801,0.21199766715021084,1.0,1.0,True,True,True,True,True,True
790,task_0790,Nb252_aff_seq105_E105L,tier_2,11,8123791,pass,666.2076859130757,2.9391608049627393,627.1480012540706,2.160196931916289,2.815916531952098,30.824504942051135,981.25,1701266,35000,14,-4.468865472965092,-1.7189226594115752,0.2474946879165998,1.0,1.0,True,True,True,True,True,True
791,task_0791,Nb252_aff_seq105_E105L,tier_2,12,8123792,pass,672.6449627178954,2.879101423895918,634.2671520069707,2.0460855399724096,2.0670113309752196,31.05416719301138,987.234375,1701319,35000,14,-1.9023202609772625,-1.8655048453790357,0.771396928782007,0.9583333333333334,1.0,True,True,True,True,True,True
792,task_0792,Nb252_aff_seq105_E105L,tier_2,13,8123793,pass,671.5869020749815,2.9445331890601665,634.3798987619812,2.879849359043874,1.9585892480099574,29.10623942501843,981.4921875,1701292,35000,14,-3.984765811148918,-2.198732523187033,0.43883765551302645,1.0,0.9736842105263158,True,True,True,True,True,True
793,task_0793,Nb252_aff_seq105_E105L,tier_2,14,8123794,pass,632.199813861982,2.7921324049821123,594.4305006490322,2.2967772929696366,2.1597158419899642,30.193789263023064,987.05859375,1701265,35000,14,-1.6471035269918275,-1.9865918422752316,0.17878361510642904,1.0,1.0,True,True,True,True,True,True
794,task_0794,Nb252_aff_seq105_E105L,tier_2,15,8123795,pass,645.7380600590259,2.787924627074972,607.5471424940042,1.9023688390152529,2.4338622930226848,30.754006779985502,981.53125,1701315,35000,14,-2.3022839345770763,-2.3358083629780566,0.5530271617927802,1.0,1.0,True,True,True,True,True,True
795,task_0795,Nb252_aff_seq105_E105L,tier_2,16,8123796,pass,719.7252937350422,2.9631911769974977,681.7171893030172,2.625607293914072,2.5453893640078604,29.53820222604554,982.3046875,1701331,35000,14,0.28220222902319847,1.1054178571264686,-0.7603579273967576,0.9583333333333334,0.9736842105263158,True,True,True,True,True,True
796,task_0796,Nb252_aff_seq105_E105L,tier_2,17,8123797,pass,681.676841328037,2.791074385982938,643.0696119740605,1.9988499940373003,2.6434308040188625,30.846285077976063,982.15625,1701265,35000,14,-0.9543653253641082,-2.4432290812030004,0.4222770196592265,1.0,1.0,True,True,True,True,True,True
797,task_0797,Nb252_aff_seq105_E105L,tier_2,18,8123798,pass,703.5793795319041,2.9120005409931764,665.3265911940252,2.29126865696162,2.8308097149711102,29.89763744198717,982.41796875,1701239,35000,14,-4.164678961573998,-2.660916659354001,0.1788030597953778,1.0,0.9473684210526315,True,True,True,True,True,True
798,task_0798,Nb252_aff_seq105_E105L,tier_2,19,8123799,pass,704.3416336430237,2.874586492893286,667.0800212700851,1.867916014045477,2.404606271069497,29.78638017096091,982.19140625,1701256,35000,14,-3.3637337182389615,-1.9162749843220155,0.7103122802256046,1.0,1.0,True,True,True,True,True,True
799,task_0799,Nb252_aff_seq105_E105L,tier_2,20,8123800,pass,721.1610275090206,2.955276246997528,682.9074846700532,2.0338988850126043,2.3957714019343257,30.54817743296735,984.04296875,1701233,35000,14,-2.6547340250430125,-2.222553746212128,0.7061191884995104,1.0,1.0,True,True,True,True,True,True
800,task_0800,Nb252_aff_seq105_E105W,tier_2,1,8123801,pass,694.5656050229445,2.97869677899871,656.0765001060208,2.3542770410422236,2.20652180199977,30.623337466968223,983.875,1701734,35000,14,-2.7317247248385,-5.071738319592342,1.8297655139056594,1.0,0.9714285714285714,True,True,True,True,True,True
801,task_0801,Nb252_aff_seq105_E105W,tier_2,2,8123802,pass,684.1853544410551,2.9478268399834633,647.1644342030631,1.8595727040665224,1.7958741700276732,30.082247880054638,982.3046875,1701645,35000,14,-0.46624207976879006,0.6622026819738238,1.2684968828167733,1.0,1.0,True,True,True,True,True,True
802,task_0802,Nb252_aff_seq105_E105W,tier_2,3,8123803,pass,662.0624877630034,2.7847903430229053,623.4516824989114,2.510623096022755,2.7336843740195036,30.265463146031834,983.76953125,1701722,35000,14,1.4983683590374994,-1.9455425676630256,0.7930181089378969,1.0,1.0,True,True,True,True,True,True
803,task_0803,Nb252_aff_seq105_E105W,tier_2,4,8123804,pass,682.2392133730464,2.9152141120284796,643.4156315759756,1.8310901749646291,2.7517908720765263,31.000334511045367,983.3203125,1701711,35000,14,-4.3810474591469415,-5.5015694563578705,1.9058000129562132,1.0,1.0,True,True,True,True,True,True
804,task_0804,Nb252_aff_seq105_E105W,tier_2,5,8123805,pass,674.8644048190909,2.895571691915393,638.0627338549821,2.3367029840592295,2.019588701077737,29.223357458016835,982.0234375,1701698,35000,14,2.505869873685981,0.5317253151892203,1.4165101752216245,0.9583333333333334,1.0,True,True,True,True,True,True
805,task_0805,Nb252_aff_seq105_E105W,tier_2,6,8123806,pass,620.4036489019636,2.7296628849580884,582.1296528100502,1.8739404579391703,2.404873020015657,30.951183177996427,983.76953125,1701686,35000,14,-4.366508869869165,-7.163221703112882,2.3345739607660754,1.0,0.972972972972973,True,True,True,True,True,True
806,task_0806,Nb252_aff_seq105_E105W,tier_2,7,8123807,pass,641.4920494899852,2.7877286929870024,604.1495509699453,2.0105356740532443,2.618359297979623,29.608325161971152,980.48828125,1701716,35000,14,2.446297181466093,1.534865944998586,1.9292092392505467,1.0,1.0,True,True,True,True,True,True
807,task_0807,Nb252_aff_seq105_E105W,tier_2,8,8123808,pass,719.9542795630405,3.002397255040705,681.5391101019923,2.3386464389041066,2.530368303996511,30.221084470977075,983.50390625,1701750,35000,14,1.8055823907432114,-2.668598441369568,0.8551281506341581,1.0,0.972972972972973,True,True,True,True,True,True
808,task_0808,Nb252_aff_seq105_E105W,tier_2,9,8123809,pass,696.1138842970831,2.8105326530057937,660.1564131199848,0.562678617076017,2.2121479919878766,30.049447444966063,981.30859375,1701709,35000,14,-9.820723483155518,-8.900031456763827,2.249041115667662,1.0,0.9722222222222222,True,True,True,True,True,True
809,task_0809,Nb252_aff_seq105_E105W,tier_2,10,8123810,pass,697.5632741689915,2.8999936969485134,658.7987850470236,1.9413461160147563,2.173465852974914,31.42483231902588,981.08203125,1701704,35000,14,-0.9514111752426402,-2.774973443093515,1.8728852216797307,1.0,1.0,True,True,True,True,True,True
810,task_0810,Nb252_aff_seq105_E105W,tier_2,11,8123811,pass,693.0676991200307,2.9548845100216568,655.8681129689794,1.9609083300456405,2.044921641005203,29.901325062965043,982.9375,1701668,35000,14,1.3233210208204582,1.4164395583923692,1.9798357383362628,1.0,1.0,True,True,True,True,True,True
811,task_0811,Nb252_aff_seq105_E105W,tier_2,12,8123812,pass,699.4033357369481,2.8639491280773655,660.3543428279227,2.1323947879718617,2.984099757974036,30.750575124984607,981.76953125,1701667,35000,14,-3.8100936364082827,-4.236637244452581,2.071871612027234,1.0,1.0,True,True,True,True,True,True
812,task_0812,Nb252_aff_seq105_E105W,tier_2,13,8123813,pass,674.7471300920006,2.869139142916538,637.8333438989939,2.2495188069297,2.2930188949685544,29.192173963063397,986.12109375,1701745,35000,14,-6.000156404377776,-7.837813860171394,1.117906925348965,1.0,0.9722222222222222,True,True,True,True,True,True
813,task_0813,Nb252_aff_seq105_E105W,tier_2,14,8123814,pass,697.5468076909892,2.997476199059747,659.47661754,2.947980406926945,1.9258450150955468,29.86655207700096,983.25390625,1701722,35000,14,-1.3038866731390613,-4.3254993184144155,1.9152514430993541,1.0,0.9714285714285714,True,True,True,True,True,True
814,task_0814,Nb252_aff_seq105_E105W,tier_2,15,8123815,pass,689.3814820050029,2.9216450940584764,650.9896087560337,2.065002979012206,2.3448330429382622,30.73761571198702,981.2109375,1701726,35000,14,1.4092137688170396,-5.2275497676302365,2.3441635176012348,1.0,0.9722222222222222,True,True,True,True,True,True
815,task_0815,Nb252_aff_seq105_E105W,tier_2,16,8123816,pass,660.7924372539856,2.8674336690455675,622.8635222549783,2.404475596966222,2.1240742929512635,30.206721624010243,981.62109375,1701681,35000,14,-5.213262762156035,-8.781342358284931,2.419115774366677,1.0,1.0,True,True,True,True,True,True
816,task_0816,Nb252_aff_seq105_E105W,tier_2,17,8123817,pass,678.6118205630919,2.9003667109645903,640.5646956759738,2.684090224909596,2.9792751210043207,29.166315581998788,982.9609375,1701700,35000,14,-0.580771537623832,-5.697582057930134,2.13632729561132,1.0,1.0,True,True,True,True,True,True
817,task_0817,Nb252_aff_seq105_E105W,tier_2,18,8123818,pass,627.0901256969664,2.7297301990911365,588.7243371859659,2.1400204580277205,2.320248657022603,30.860366013948806,985.84375,1701661,35000,14,-5.133125082799893,-8.886122465161677,2.654689184971108,1.0,0.9722222222222222,True,True,True,True,True,True
818,task_0818,Nb252_aff_seq105_E105W,tier_2,19,8123819,pass,626.9349068489391,2.8130214019911364,586.7047035680152,2.470808102050796,3.1529947069939226,31.477063130936585,981.67578125,1701700,35000,14,3.205440987704094,0.21877819769828477,1.559902392144668,1.0,1.0,True,True,True,True,True,True
819,task_0819,Nb252_aff_seq105_E105W,tier_2,20,8123820,pass,704.400672995951,2.968718335032463,666.7767797629349,2.0280890809372067,2.0346526090288535,30.277938122977503,982.21484375,1701711,35000,14,-3.04562706770497,-5.914420205425273,2.0819948496008784,1.0,1.0,True,True,True,True,True,True
820,task_0820,Nb252_aff_seq105_E105Y,tier_2,1,8123821,pass,722.9775849280413,2.7734784820349887,685.6690143119777,2.76597204990685,2.242625950020738,29.198801381979138,982.82421875,1701406,35000,14,0.10322783792770451,-1.1077630273957055,1.057263613926164,1.0,1.0,True,True,True,True,True,True
821,task_0821,Nb252_aff_seq105_E105Y,tier_2,2,8123822,pass,701.7330125679728,2.9030729070072994,663.9270548159257,2.4577283340040594,1.9608144379453734,30.14940688200295,981.21484375,1701482,35000,14,-2.8214093228388037,-5.013012148290201,2.4389266791299136,1.0,0.9722222222222222,True,True,True,True,True,True
822,task_0822,Nb252_aff_seq105_E105Y,tier_2,3,8123823,pass,717.8386869929964,2.980854662018828,678.9838101010537,2.084536447073333,3.107459056074731,30.357473929063417,983.4296875,1701445,35000,14,-1.9500288815422664,0.009049450898103828,1.130782626766905,1.0,0.9459459459459459,True,True,True,True,True,True
823,task_0823,Nb252_aff_seq105_E105Y,tier_2,4,8123824,pass,652.7828031850513,2.8145530848996714,614.2914783910383,2.560824131942354,2.247583635034971,30.558862064033747,983.19921875,1701463,35000,14,-3.229243116285602,-3.473522014379199,2.8834043268751905,1.0,1.0,True,True,True,True,True,True
824,task_0824,Nb252_aff_seq105_E105Y,tier_2,5,8123825,pass,708.4230948539916,2.869369694031775,669.9252500460716,2.4245873199542984,2.329786831047386,30.54367004695814,982.7265625,1701448,35000,14,-4.893068858564902,-4.795343323380749,2.7922065770095266,1.0,1.0,True,True,True,True,True,True
825,task_0825,Nb252_aff_seq105_E105Y,tier_2,6,8123826,pass,683.6577103849268,2.902344238013029,644.641492281924,2.4804063520859927,2.1634030849672854,31.138495931983925,981.140625,1701479,35000,14,-2.539701319458004,-1.4789069232977994,0.6644603196035632,1.0,1.0,True,True,True,True,True,True
826,task_0826,Nb252_aff_seq105_E105Y,tier_2,7,8123827,pass,722.8020197700243,2.989689123001881,684.2855327220168,2.082587215001695,2.88934265403077,30.21391687297728,982.77734375,1701440,35000,14,0.3870098994986506,0.6423958444053568,1.479842099422246,0.9583333333333334,0.972972972972973,True,True,True,True,True,True
827,task_0827,Nb252_aff_seq105_E105Y,tier_2,8,8123828,pass,694.6481874330202,2.903937959927134,654.8398461840115,2.4696116459090263,3.539832517039031,30.567546294885688,983.19921875,1701463,35000,14,0.24526376060873645,-1.1622325244944989,0.8750574899143757,1.0,1.0,True,True,True,True,True,True
828,task_0828,Nb252_aff_seq105_E105Y,tier_2,9,8123829,pass,637.8834056128981,2.763327058055438,599.907882909989,2.6356856969650835,2.805916878976859,29.461743419989944,983.07421875,1701468,35000,14,-4.11228334867053,-4.482175362857333,2.230740887250402,1.0,0.9714285714285714,True,True,True,True,True,True
829,task_0829,Nb252_aff_seq105_E105Y,tier_2,10,8123830,pass,678.9515138699207,2.8797830829862505,641.6851907569217,1.9114803930278867,2.148635179968551,29.996156670036726,983.75,1701483,35000,14,-0.897651901053905,-1.5230610027015388,0.8616194176336371,1.0,0.972972972972973,True,True,True,True,True,True
830,task_0830,Nb252_aff_seq105_E105Y,tier_2,11,8123831,pass,625.8535344010452,2.77473537705373,587.7723072719527,1.9518028780585155,2.329510702053085,30.697627002955414,981.3046875,1701474,35000,14,-5.681329454617867,-4.752880951089438,2.5559695618657408,1.0,1.0,True,True,True,True,True,True
831,task_0831,Nb252_aff_seq105_E105Y,tier_2,12,8123832,pass,691.8785415770253,2.9481080630794168,652.3753829130437,2.420996963046491,3.0156503800535575,30.774251008057036,981.66796875,1701445,35000,14,1.9862471348716895,1.5141169594822088,2.6015263616521374,1.0,1.0,True,True,True,True,True,True
832,task_0832,Nb252_aff_seq105_E105Y,tier_2,13,8123833,pass,664.5591148630483,2.7956713730236515,628.0204545509769,1.8847165739862248,2.118698569945991,29.402812022017315,983.00390625,1701478,35000,14,0.4415762090360431,-1.8622971117292622,1.0618696822278793,1.0,1.0,True,True,True,True,True,True
833,task_0833,Nb252_aff_seq105_E105Y,tier_2,14,8123834,pass,692.4520385729847,2.983234104933217,653.2187830409966,2.3146008260082453,2.541057348018512,31.06885050609708,981.56640625,1701455,35000,14,-4.336729610467728,-6.2301028574598405,2.3416081634964705,1.0,1.0,True,True,True,True,True,True
834,task_0834,Nb252_aff_seq105_E105Y,tier_2,15,8123835,pass,656.1637823049678,2.8702389559475705,618.0109363520751,2.179700321983546,2.3521142840618268,30.43518941104412,983.5234375,1701479,35000,14,-3.5388391403281503,-4.423935030458978,2.473360178491774,1.0,1.0,True,True,True,True,True,True
835,task_0835,Nb252_aff_seq105_E105Y,tier_2,16,8123836,pass,710.848114799941,2.956074208021164,672.8376291220775,2.1607464349363,2.705160747980699,29.851237334078178,982.328125,1701467,35000,14,1.2980242882582615,-0.006082673985119413,1.2510861165896259,0.9583333333333334,1.0,True,True,True,True,True,True
836,task_0836,Nb252_aff_seq105_E105Y,tier_2,17,8123837,pass,665.8165455020498,2.9035658970242366,626.8058637549402,2.212794548016973,2.6069092740071937,30.956292629940435,979.55078125,1701408,35000,14,-5.57902089818532,-4.4737235378603515,2.966403067848592,1.0,1.0,True,True,True,True,True,True
837,task_0837,Nb252_aff_seq105_E105Y,tier_2,18,8123838,pass,714.1227796369931,2.880582370911725,675.5730023840442,2.0915599879808724,2.532895207987167,30.72391779499594,982.51171875,1701498,35000,14,-5.035993383195034,-6.032009247260731,2.2627055691664317,1.0,0.972972972972973,True,True,True,True,True,True
838,task_0838,Nb252_aff_seq105_E105Y,tier_2,19,8123839,pass,689.1552242969628,2.9684187779203057,651.5990562139777,2.5394349889829755,2.1401851620757952,29.553839077008888,983.30859375,1701480,35000,14,-4.02273556269688,-5.057423731122583,2.805463297753846,1.0,0.9722222222222222,True,True,True,True,True,True
839,task_0839,Nb252_aff_seq105_E105Y,tier_2,20,8123840,pass,701.0947546960087,2.980198428966105,663.2297715990571,2.5751664210110903,2.2435513209784403,29.733911176910624,983.12109375,1701472,35000,14,-5.641736687957518,-4.007565687971436,2.9310038362329642,1.0,1.0,True,True,True,True,True,True
840,task_0840,Nb252_aff_seq108_V108W,tier_2,1,8123841,pass,616.5222635930404,1.8969684049952775,579.1775392229902,2.6366288400022313,2.1295356469927356,30.370076559949666,970.5625,1701652,35000,16,3.1435821675042916,0.7024769611971919,0.09647181637404856,1.0,0.9722222222222222,True,True,True,True,True,True
841,task_0841,Nb252_aff_seq108_V108W,tier_2,2,8123842,pass,613.1550224110251,1.9395731119439006,575.8484284500591,1.8348359719384462,2.0354466239223257,31.174620664096437,967.6484375,1701576,35000,16,5.127486816365661,0.8580861402860904,0.40667961565891275,1.0,1.0,True,True,True,True,True,True
842,task_0842,Nb252_aff_seq108_V108W,tier_2,3,8123843,pass,649.9886375200003,1.9917097840225324,613.6641375360778,1.6422652929322794,1.8585823589237407,30.479938578093424,967.01953125,1701619,35000,16,1.8169156821479646,0.703374614476715,0.48337088357857994,1.0,1.0,True,True,True,True,True,True
843,task_0843,Nb252_aff_seq108_V108W,tier_2,4,8123844,pass,672.7742605640087,2.023917985963635,638.3523926109774,1.3444317519897595,1.5797754890518263,29.14485165697988,969.625,1701585,35000,16,-2.5352232907467283,-2.4105576029225375,1.0619974954696474,1.0,1.0,True,True,True,True,True,True
844,task_0844,Nb252_aff_seq108_V108W,tier_2,5,8123845,pass,660.516231519985,1.9901509889168665,621.6247705069836,2.194931182079017,2.765695604030043,31.604074427043088,969.10546875,1701612,35000,16,1.039033709696355,0.7947136111882003,0.3393822914051583,1.0,1.0,True,True,True,True,True,True
845,task_0845,Nb252_aff_seq108_V108W,tier_2,6,8123846,pass,669.0983794840286,2.0012203600490466,632.6740768109448,2.3689597150078043,1.8194991459604353,29.900509976083413,970.76953125,1701594,35000,16,2.7306198820721193,0.6457928795972663,1.2842127058010817,1.0,1.0,True,True,True,True,True,True
846,task_0846,Nb252_aff_seq108_V108W,tier_2,7,8123847,pass,672.5606726669939,1.9799206890165806,635.2142063219799,2.4911606030073017,1.812145707081072,30.710678059025668,969.79296875,1701594,35000,16,0.33307090808324347,0.3438559792729734,0.44013238734508775,1.0,1.0,True,True,True,True,True,True
847,task_0847,Nb252_aff_seq108_V108W,tier_2,8,8123848,pass,659.5722780550132,2.002416989998892,622.9334631368984,1.8802747270092368,2.478575798915699,29.92806146806106,969.00390625,1701579,35000,16,-1.440140678930561,-0.22995597578926663,-0.41775850431758244,1.0,1.0,True,True,True,True,True,True
848,task_0848,Nb252_aff_seq108_V108W,tier_2,9,8123849,pass,659.9231509530218,2.036745251971297,622.0530462859897,2.150536951958202,2.239405657048337,31.107400908018462,968.31640625,1701646,35000,16,-0.7951127334541752,0.2547292407549264,0.46813669574532923,1.0,1.0,True,True,True,True,True,True
849,task_0849,Nb252_aff_seq108_V108W,tier_2,10,8123850,pass,646.6301190688973,1.98945003002882,610.7837971270783,1.7025857149856165,2.04912719107233,29.784042101935484,968.953125,1701613,35000,16,3.3426550085078475,-1.8281498340504356,0.4632635177765785,1.0,1.0,True,True,True,True,True,True
850,task_0850,Nb252_aff_seq108_V108W,tier_2,11,8123851,pass,692.4046086909948,1.9862632500007749,655.9636395809939,2.1764533730456606,2.6027818539878353,29.31905308109708,968.30078125,1701576,35000,16,2.0125638568646878,0.23929894691532638,0.4923348149054192,1.0,1.0,True,True,True,True,True,True
851,task_0851,Nb252_aff_seq108_V108W,tier_2,12,8123852,pass,701.384075880982,2.0542768150335178,664.6040038649226,2.0607086770469323,2.519356917939149,29.817963208071887,969.5703125,1701576,35000,16,1.7776562675535956,-0.7169173106527182,0.32888014673912735,1.0,0.9722222222222222,True,True,True,True,True,True
852,task_0852,Nb252_aff_seq108_V108W,tier_2,13,8123853,pass,611.6141750349198,1.8933516879333183,573.6418694530148,2.371003770036623,2.4068893390940502,30.98112675198354,968.95703125,1701572,35000,16,1.3464853487453752,-2.133702276338184,0.42331771204276336,1.0,1.0,True,True,True,True,True,True
853,task_0853,Nb252_aff_seq108_V108W,tier_2,14,8123854,pass,607.7666833249386,1.9450918789952993,570.5605229780776,1.906403402914293,2.1074535759398714,30.933825249085203,970.953125,1701593,35000,16,4.011898046211741,0.6055897782146644,0.3980422391426437,1.0,1.0,True,True,True,True,True,True
854,task_0854,Nb252_aff_seq108_V108W,tier_2,15,8123855,pass,658.1010772320442,1.994151117047295,620.6727735799504,2.6189509120304137,2.976160187041387,29.512321977992542,969.59375,1701584,35000,16,-2.5940180316728174,-2.2767808633893054,0.8970883069094633,1.0,1.0,True,True,True,True,True,True
855,task_0855,Nb252_aff_seq108_V108W,tier_2,16,8123856,pass,676.1668605550658,2.0307022309862077,638.7885466160951,1.9836268960498273,2.4935932140797377,30.535216705990024,971.33984375,1701560,35000,16,1.059785791083641,-0.7406718454673751,0.3676214345925466,1.0,1.0,True,True,True,True,True,True
856,task_0856,Nb252_aff_seq108_V108W,tier_2,17,8123857,pass,679.9085543970577,2.003820532001555,643.6746839409461,2.062666911049746,2.1950711850076914,29.62782704702113,970.5859375,1701543,35000,16,-1.614477797253528,-1.7121911453813112,0.5611190520477969,1.0,1.0,True,True,True,True,True,True
857,task_0857,Nb252_aff_seq108_V108W,tier_2,18,8123858,pass,679.9162249369547,2.0115185579052195,643.6052690430079,1.9911932600662112,1.972037097089924,30.014970444026403,967.859375,1701613,35000,16,0.020893105528330125,-0.7612089521370535,1.0278782757258291,1.0,0.9722222222222222,True,True,True,True,True,True
858,task_0858,Nb252_aff_seq108_V108W,tier_2,19,8123859,pass,634.4245807559928,2.004173837020062,597.3266391779762,2.1151882469421253,2.2026375320274383,30.456282175029628,971.18359375,1701565,35000,16,1.353368416838407,-0.4217882368491246,0.2246272874158457,1.0,1.0,True,True,True,True,True,True
859,task_0859,Nb252_aff_seq108_V108W,tier_2,20,8123860,pass,649.890735071036,2.0069290020037442,613.8325280540157,1.567128699971363,1.8825309249805287,30.268172475043684,969.41015625,1701600,35000,16,1.4033312005475977,-0.043871036462718394,0.35623920024355016,1.0,1.0,True,True,True,True,True,True
860,task_0860,Nb252_aff_seq108_V108Y,tier_2,1,8123861,pass,686.3686566109536,2.0309075539698824,649.2018795339391,2.4475427800789475,2.5275932089425623,29.762897785985842,969.7265625,1701336,35000,16,-1.0263866251270883,-1.5873211963908744,0.5950878085859017,1.0,1.0,True,True,True,True,True,True
861,task_0861,Nb252_aff_seq108_V108Y,tier_2,2,8123862,pass,654.5578908490716,1.9965427899733186,617.2087292120559,2.575708241900429,3.0303183179348707,29.404325926094316,971.03125,1701360,35000,16,0.20748282227145864,-1.8582259253721674,0.2230424921878864,1.0,1.0,True,True,True,True,True,True
862,task_0862,Nb252_aff_seq108_V108Y,tier_2,3,8123863,pass,611.9181796080666,1.8924027839675546,574.6796131699812,1.828176731010899,2.1780126739759,31.021055330056697,969.44921875,1701335,35000,16,-0.4175423416076569,3.0186136112361908,0.6457484109706577,1.0,1.0,True,True,True,True,True,True
863,task_0863,Nb252_aff_seq108_V108Y,tier_2,4,8123864,pass,619.7408704370027,1.9407562799751759,581.4735360570485,1.8566020989092067,3.1848765648901463,30.930549083044752,968.10546875,1701369,35000,16,2.3393458115660337,-2.278492101868025,0.6379134503938175,1.0,1.0,True,True,True,True,True,True
864,task_0864,Nb252_aff_seq108_V108Y,tier_2,5,8123865,pass,689.8091700449586,1.990136294043623,651.5479356680298,2.469457653001882,3.1493110310984775,30.318183828960173,971.22265625,1701358,35000,16,-0.8478208324021352,-2.0707627892854674,0.5025012003697462,1.0,1.0,True,True,True,True,True,True
865,task_0865,Nb252_aff_seq108_V108Y,tier_2,6,8123866,pass,702.7405792310601,2.054663813090883,665.0271806929959,2.720977775985375,2.3338710860116407,30.199160363990813,971.03125,1701329,35000,16,-1.141042112169714,-0.44040065009413354,0.6456441508401625,1.0,1.0,True,True,True,True,True,True
866,task_0866,Nb252_aff_seq108_V108Y,tier_2,7,8123867,pass,652.3184716070537,2.038535534986295,614.7509848750196,2.5084168320754543,2.827189191011712,29.868347987998277,970.609375,1701350,35000,16,1.786863076878376,0.24264390722422036,1.1227020387480238,1.0,1.0,True,True,True,True,True,True
867,task_0867,Nb252_aff_seq108_V108Y,tier_2,8,8123868,pass,682.7234341200674,2.0290615370031446,645.9956325640669,2.2060909710125998,1.847628672956489,30.32629337592516,970.3984375,1701360,35000,16,3.050124814539913,-0.651126606301446,1.2372430610147767,1.0,1.0,True,True,True,True,True,True
868,task_0868,Nb252_aff_seq108_V108Y,tier_2,9,8123869,pass,661.6069163969951,1.9833077020011842,624.9030981550459,1.9775582590373233,1.6443223260575905,30.76127201493364,971.546875,1701385,35000,16,0.9513553897744487,-0.5674324003916809,1.6057612153629819,1.0,0.9722222222222222,True,True,True,True,True,True
869,task_0869,Nb252_aff_seq108_V108Y,tier_2,10,8123870,pass,636.2660180870444,1.9897494480246678,599.4166234880686,2.2731527460273355,2.5450465760659426,29.708233935991302,970.35546875,1701378,35000,16,0.18736629370380342,-0.48959433844073885,1.723340266335363,1.0,1.0,True,True,True,True,True,True
870,task_0870,Nb252_aff_seq108_V108Y,tier_2,11,8123871,pass,701.0167956380174,1.969239669968374,664.6000652879011,1.7546158529585227,2.010069084004499,30.360680697020143,966.66015625,1701360,35000,16,-2.058153529530273,-1.9329614466584673,0.03293308415703322,1.0,1.0,True,True,True,True,True,True
871,task_0871,Nb252_aff_seq108_V108Y,tier_2,12,8123872,pass,686.5156774549978,2.1162281080614775,648.8757411650149,2.067333154962398,3.131113443057984,29.99702915607486,968.07421875,1701370,35000,16,-0.5565780211506421,0.1780291607222324,0.7302549124322013,1.0,1.0,True,True,True,True,True,True
872,task_0872,Nb252_aff_seq108_V108Y,tier_2,13,8123873,pass,617.1601676529972,1.90896677703131,580.6578619059874,1.849274025997147,1.8743639520835131,30.55290526500903,970.29296875,1701306,35000,16,0.7979709467994098,-0.7299185028206807,0.9067402763807486,1.0,1.0,True,True,True,True,True,True
873,task_0873,Nb252_aff_seq108_V108Y,tier_2,14,8123874,pass,630.1822761520743,1.951980978017673,592.0049134999281,2.4519171320134774,2.41467151499819,31.023911735974252,969.578125,1701402,35000,16,-1.6405725827194146,-0.554751156428992,0.41819744808633885,1.0,0.972972972972973,True,True,True,True,True,True
874,task_0874,Nb252_aff_seq108_V108Y,tier_2,15,8123875,pass,637.9682976650074,2.0099267410114408,601.5485862629721,1.8493872220860794,2.0232823690166697,30.216971635934897,970.2578125,1701381,35000,16,1.6844429942932493,-0.2726114725091975,0.9482725654431867,1.0,1.0,True,True,True,True,True,True
875,task_0875,Nb252_aff_seq108_V108Y,tier_2,16,8123876,pass,669.9160157520091,2.020009284024127,631.9251927169971,1.8952142980415374,2.6817015369888395,31.066110303043388,968.88671875,1701355,35000,16,0.22658933302591322,0.2691472595055444,1.4766522544725156,1.0,1.0,True,True,True,True,True,True
876,task_0876,Nb252_aff_seq108_V108Y,tier_2,17,8123877,pass,689.5295717749977,2.0337249470176175,653.0291522019543,1.977892127004452,2.313320574001409,29.850219636922702,968.859375,1701380,35000,16,-0.15704521994871357,-1.3652192638019756,0.9909778750213469,1.0,1.0,True,True,True,True,True,True
877,task_0877,Nb252_aff_seq108_V108Y,tier_2,18,8123878,pass,704.6587033899268,2.0535361509537324,668.0340259660734,1.7426102469908074,3.323800998972729,29.17828846606426,970.43359375,1701380,35000,16,-0.4607558241013976,1.622231031204791,0.0378005547414233,1.0,0.9722222222222222,True,True,True,True,True,True
878,task_0878,Nb252_aff_seq108_V108Y,tier_2,19,8123879,pass,648.1182015540544,2.000840275082737,611.673806073959,2.0385882989503443,1.9408826640574262,30.141247533028945,969.0546875,1701386,35000,16,-0.3488268371911545,-1.7324631920424594,1.1802602870061918,1.0,1.0,True,True,True,True,True,True
879,task_0879,Nb252_aff_seq108_V108Y,tier_2,20,8123880,pass,658.921137769008,2.000998037052341,622.5075949339662,1.655303906998597,1.9080141040030867,30.526739177061245,972.08984375,1701349,35000,16,0.008730416324965518,-0.6744928583366345,0.32311377500288074,1.0,1.0,True,True,True,True,True,True
880,task_0880,Nb252_aff_seq114_S114L,tier_2,1,8123881,pass,656.0491555449553,4.176808109972626,616.05454873899,2.987670426024124,2.9813185799866915,29.53342282900121,1003.3515625,1701688,35000,21,-5.502304988009882,-2.1980787110588977,0.44825723958316743,0.9545454545454546,0.9736842105263158,True,True,True,True,True,True
881,task_0881,Nb252_aff_seq114_S114L,tier_2,2,8123882,pass,702.2349120160798,4.246521027991548,660.4700041729957,3.4857974329497665,2.9573846670100465,30.738475320045836,1002.81640625,1701594,35000,21,-5.1355020548381844,-2.494123647294046,1.3878804901507173,1.0,1.0,True,True,True,True,True,True
882,task_0882,Nb252_aff_seq114_S114L,tier_2,3,8123883,pass,626.8753458400024,3.835792792029679,586.0520144660259,2.781916729058139,4.069880550028756,29.82197887392249,1004.9609375,1701663,35000,21,-5.67458553790857,-2.4808445391023213,1.0493116000196139,1.0,1.0,True,True,True,True,True,True
883,task_0883,Nb252_aff_seq114_S114L,tier_2,4,8123884,pass,633.7991487350082,3.9401994850486517,592.0139869980048,4.111905951984227,2.824030418996699,30.59614205302205,1003.99609375,1701632,35000,21,-4.7190242946113585,-2.8410725538129924,-0.06910665631689739,1.0,0.9736842105263158,True,True,True,True,True,True
884,task_0884,Nb252_aff_seq114_S114L,tier_2,5,8123885,pass,665.4264188780217,3.9709769278997555,622.1195823679445,3.6812746989307925,4.900942591018975,30.424444383010268,1004.06640625,1701624,35000,21,0.11802443039823629,0.23031292138662707,1.092372994514001,1.0,0.972972972972973,True,True,True,True,True,True
885,task_0885,Nb252_aff_seq114_S114L,tier_2,6,8123886,pass,675.2913851500489,4.158636107924394,634.817382600042,2.4875806809868664,2.9085731849772856,30.588318457943387,1003.8671875,1701661,35000,21,-2.314648000399643,-3.5973556071608073,1.5027307289915335,1.0,1.0,True,True,True,True,True,True
886,task_0886,Nb252_aff_seq114_S114L,tier_2,7,8123887,pass,688.1047560899751,4.209238215931691,647.1013258600142,3.4406867019133642,2.3618140059988946,30.66771063907072,1002.51953125,1701652,35000,21,7.4490392713397,0.504228692246258,0.550468109814215,0.9565217391304348,0.972972972972973,True,True,True,True,True,True
887,task_0887,Nb252_aff_seq114_S114L,tier_2,8,8123888,pass,703.8246051900787,4.243492714012973,662.0329763269983,2.8794228159822524,3.636819484992884,30.679929185076617,1004.72265625,1701650,35000,21,-1.2892878317052805,-1.0005333614163163,1.67548608459418,1.0,1.0,True,True,True,True,True,True
888,task_0888,Nb252_aff_seq114_S114L,tier_2,9,8123889,pass,690.4240796680097,4.243971853982657,648.6001811129972,2.860781284980476,4.782591336057521,29.60089421097655,1008.28515625,1701691,35000,21,3.9360432221350266,1.438481746037084,1.89412716134742,0.9565217391304348,0.972972972972973,True,True,True,True,True,True
889,task_0889,Nb252_aff_seq114_S114L,tier_2,10,8123890,pass,671.6658067309763,4.184028799063526,629.4529664610745,3.3045342499390244,4.700482688960619,29.69463345000986,1004.87109375,1701582,35000,21,-1.1216094514390988,-2.4928290488903,0.9986022717672753,1.0,1.0,True,True,True,True,True,True
890,task_0890,Nb252_aff_seq114_S114L,tier_2,11,8123891,pass,706.7211427720031,4.241324928007089,664.6541950260289,3.240414701984264,3.8435495729791,30.420444436953403,1003.828125,1701689,35000,21,2.3648276896027483,0.5459282975292012,1.2487710696901821,0.9583333333333334,1.0,True,True,True,True,True,True
891,task_0891,Nb252_aff_seq114_S114L,tier_2,12,8123892,pass,679.1104128470179,4.162588824052364,637.8876388670178,3.5837163280230016,3.7253297469578683,29.43004127696622,1001.69140625,1701636,35000,21,1.4715753680621901,1.2737880310087917,0.4768034367444045,1.0,0.972972972972973,True,True,True,True,True,True
892,task_0892,Nb252_aff_seq114_S114L,tier_2,13,8123893,pass,636.7567352759652,4.112722028046846,595.5639260839671,2.345333853038028,4.187868929002434,30.236361454008147,1004.46484375,1701576,35000,21,-4.563947460720328,-1.7419771089566325,0.490525222285374,0.9565217391304348,1.0,True,True,True,True,True,True
893,task_0893,Nb252_aff_seq114_S114L,tier_2,14,8123894,pass,616.5677254260518,3.883923754096031,575.7261281840038,2.6814681129762903,3.0372286200290546,30.92683042504359,1002.71875,1701680,35000,21,-3.324868965093458,-0.8930730759821159,1.3706129320781706,0.9583333333333334,1.0,True,True,True,True,True,True
894,task_0894,Nb252_aff_seq114_S114L,tier_2,15,8123895,pass,665.5563429039903,4.262942205066793,625.6423092370387,2.7052840129472315,2.783365975948982,29.83025665394962,1003.49609375,1701623,35000,21,2.904045829869233,-0.036684075177035425,0.38975929935769216,1.0,0.972972972972973,True,True,True,True,True,True
895,task_0895,Nb252_aff_seq114_S114L,tier_2,16,8123896,pass,607.6116486479295,3.9300022330135107,567.3118849939201,2.9561285210074857,2.6270226440392435,30.47919244808145,1003.69140625,1701687,35000,21,-1.1702035352178655,-1.9255622527569614,1.214889340981042,1.0,1.0,True,True,True,True,True,True
896,task_0896,Nb252_aff_seq114_S114L,tier_2,17,8123897,pass,695.9472969110357,4.221650411025621,655.1611378969392,2.4739143970655277,3.001382822985761,30.771568582043983,1002.04296875,1701707,35000,21,-3.0679997372687353,-1.259639543359583,1.2264044317298968,0.9166666666666666,1.0,True,True,True,True,True,True
897,task_0897,Nb252_aff_seq114_S114L,tier_2,18,8123898,pass,645.1028770789271,4.197465630015358,603.3472783329198,3.9055413228925318,3.166835507028736,30.172909507062286,1002.9921875,1701709,35000,21,-3.8616867998980524,-0.9587083802587415,-1.7980967003894754,0.9583333333333334,1.0,True,True,True,True,True,True
898,task_0898,Nb252_aff_seq114_S114L,tier_2,19,8123899,pass,662.0801544410642,4.205569370999001,620.8975711259991,2.7282922150334343,2.7843014770187438,31.151331669068895,1002.109375,1701620,35000,21,-4.1252070021064355,-1.8672077807156455,1.550623451340325,1.0,1.0,True,True,True,True,True,True
899,task_0899,Nb252_aff_seq114_S114L,tier_2,20,8123900,pass,634.6922042650403,4.274336310918443,591.0297696599737,4.274687105906196,3.3793810619972646,31.424618885968812,1002.6796875,1701544,35000,21,-4.454569477035307,-2.919838073719987,1.5473628645620856,1.0,1.0,True,True,True,True,True,True
900,task_0900,Nb252_aff_seq114_S114M,tier_2,1,8123901,pass,691.1856666529784,4.229634169954807,649.6330818679417,2.6755879090633243,3.670890256995335,30.660834720009007,999.14453125,1701503,35000,21,-3.7523184303580592,-1.7171431892925,1.040071142550083,1.0,1.0,True,True,True,True,True,True
901,task_0901,Nb252_aff_seq114_S114M,tier_2,2,8123902,pass,661.8640767870238,4.190870388993062,620.6120803819504,3.7252165930112824,2.8563120160251856,30.141527886036783,1001.75,1701505,35000,21,-4.4512719799857905,-2.840394503236041,-0.03917403342469328,1.0,1.0,True,True,True,True,True,True
902,task_0902,Nb252_aff_seq114_S114M,tier_2,3,8123903,pass,683.9288979029516,4.22990189504344,642.9970102430088,3.1839351700618863,2.950819432036951,30.26304486603476,999.71484375,1701502,35000,21,-1.5129297237958212,-2.3676004808988296,1.2285795997351094,1.0,1.0,True,True,True,True,True,True
903,task_0903,Nb252_aff_seq114_S114M,tier_2,4,8123904,pass,696.5586944050156,4.206583313993178,653.2943161879666,4.005496051046066,3.3335652200039476,31.379942459985614,1002.07421875,1701506,35000,21,-5.876916210445927,-5.766322267424627,0.21301108996984297,1.0,1.0,True,True,True,True,True,True
904,task_0904,Nb252_aff_seq114_S114M,tier_2,5,8123905,pass,709.9925755569711,4.241276318905875,668.5907054300187,2.9250103069934994,3.7406939970096573,30.16579904500395,999.7734375,1701484,35000,21,-3.651892209896289,-0.1876817234485486,0.2642534618632517,0.9565217391304348,1.0,True,True,True,True,True,True
905,task_0905,Nb252_aff_seq114_S114M,tier_2,6,8123906,pass,683.8116226269631,4.189305037027225,641.097361037042,2.912385686999187,3.5392773100174963,31.748580940067768,1003.1640625,1701488,35000,21,-3.2829449208359165,-2.1780469286383664,1.1257875997432372,1.0,1.0,True,True,True,True,True,True
906,task_0906,Nb252_aff_seq114_S114M,tier_2,7,8123907,pass,688.6697482609889,4.230131088057533,646.2620741219725,2.8912581250770018,3.4594915059860796,31.50895218097139,1002.3203125,1701454,35000,21,-4.386756463475024,-2.8729896165733635,0.8786264062359237,1.0,1.0,True,True,True,True,True,True
907,task_0907,Nb252_aff_seq114_S114M,tier_2,8,8123908,pass,674.4989484730177,4.1326228270772845,633.3858110459987,3.1305194130400196,3.2472615860169753,30.26592322695069,1004.6875,1701457,35000,21,-4.68108089116663,-2.7421222518757276,0.8968742154279106,1.0,1.0,True,True,True,True,True,True
908,task_0908,Nb252_aff_seq114_S114M,tier_2,9,8123909,pass,628.8303029090166,3.934229759965092,586.9447590300115,4.014196251053363,2.5096271210350096,31.12103274499532,1003.99609375,1701541,35000,21,-2.996380756801784,-2.6252225694839524,0.2717790707293446,1.0,1.0,True,True,True,True,True,True
909,task_0909,Nb252_aff_seq114_S114M,tier_2,10,8123910,pass,663.6753057489404,4.159491598024033,623.2653930929955,2.976438872050494,2.7258216879563406,30.25003008591011,1004.21484375,1701538,35000,21,-4.585341536297449,-2.367477253632856,0.7819895631392662,1.0,1.0,True,True,True,True,True,True
910,task_0910,Nb252_aff_seq114_S114M,tier_2,11,8123911,pass,632.7673014249885,3.951728352927603,593.5381651489297,2.7039054330671206,2.642572848009877,29.61925385799259,1002.14453125,1701494,35000,21,-5.067451327527294,-2.2824838938854413,-0.01332724448387168,1.0,1.0,True,True,True,True,True,True
911,task_0911,Nb252_aff_seq114_S114M,tier_2,12,8123912,pass,668.1329584029736,4.138382722972892,627.8956887649838,2.6860371839720756,2.8961966829374433,30.203253667103127,1004.79296875,1701487,35000,21,-6.500918876055891,-4.954969075964982,0.42405223737967646,1.0,1.0,True,True,True,True,True,True
912,task_0912,Nb252_aff_seq114_S114M,tier_2,13,8123913,pass,638.604010851006,3.931352910003625,598.076191621949,2.645113772014156,3.1668008039705455,30.444252606015652,1003.3984375,1701472,35000,21,-70.28933824025819,-0.9487661901698203,0.28354755126656883,1.0,1.0,True,True,True,True,True,True
913,task_0913,Nb252_aff_seq114_S114M,tier_2,14,8123914,pass,645.1305189640261,3.922809417010285,604.6161650919821,3.2402331000193954,3.428723304066807,29.609361362992786,1004.2890625,1701456,35000,21,-4.210694499935585,-3.4271046445899884,1.2701381038130073,1.0,1.0,True,True,True,True,True,True
914,task_0914,Nb252_aff_seq114_S114M,tier_2,15,8123915,pass,695.0453944050241,4.2537263330304995,655.4007023890736,2.7047963509103283,2.7760526440106332,29.59825155197177,1005.4453125,1701511,35000,21,-5.5566907830509535,-2.7890095063982017,0.00132853915976483,1.0,1.0,True,True,True,True,True,True
915,task_0915,Nb252_aff_seq114_S114M,tier_2,16,8123916,pass,684.4154072569218,3.9221138180000708,645.1983896859456,2.6202396120643243,3.1972684940556064,29.16691717901267,1005.72265625,1701551,35000,21,-6.342327911812731,-5.649689291111429,0.7294897961757627,1.0,1.0,True,True,True,True,True,True
916,task_0916,Nb252_aff_seq114_S114M,tier_2,17,8123917,pass,695.6921235210029,4.03103105397895,653.9187006730353,3.436848096898757,3.186131714959629,30.792231753934175,1003.01171875,1701487,35000,21,-2.5354896504637736,-2.8968256975727087,-0.05210213994360302,0.9523809523809523,1.0,True,True,True,True,True,True
917,task_0917,Nb252_aff_seq114_S114M,tier_2,18,8123918,pass,687.8819981679553,4.146442948956974,647.633590004989,2.5777092950884253,2.7619357419898733,30.445547888986766,1001.8359375,1701495,35000,21,-6.31116141843097,-5.022431698991156,0.46848012672239037,1.0,1.0,True,True,True,True,True,True
918,task_0918,Nb252_aff_seq114_S114M,tier_2,19,8123919,pass,699.6521859529894,4.440528920036741,660.5526882390259,2.239296013955027,2.552983241970651,29.544145662919618,1003.71875,1701545,35000,21,-3.017557126583881,-2.44660308613733,0.9769292990237197,1.0,1.0,True,True,True,True,True,True
919,task_0919,Nb252_aff_seq114_S114M,tier_2,20,8123920,pass,678.8333229850978,3.906208605039865,638.2826386990491,3.208464280003682,3.447297746082768,29.668678921065293,1003.0234375,1701505,35000,21,-4.156072070328094,-3.455813343796052,0.10946220189287459,1.0,1.0,True,True,True,True,True,True
920,task_0920,Nb252_aff_seq114_S114T,tier_2,1,8123921,pass,683.7210245280294,4.037376472027972,642.6881783390418,2.9442958410363644,3.2877343979198486,30.43277881096583,1003.35546875,1701261,35000,21,-0.9263262722262198,-0.2953991366301665,1.4500061721314523,1.0,1.0,True,True,True,True,True,True
921,task_0921,Nb252_aff_seq114_S114T,tier_2,2,8123922,pass,686.6515468310099,4.119432342005894,645.5702481060289,2.5266747350106016,3.047225455986336,31.06328947294969,1002.4296875,1701234,35000,21,-0.8483007185379847,-0.02965547406508051,1.1799057728060873,1.0,1.0,True,True,True,True,True,True
922,task_0922,Nb252_aff_seq114_S114T,tier_2,3,8123923,pass,665.9927669499302,4.166065397090279,622.9761043890612,2.972841990995221,3.9151435379171744,31.635459997924045,1001.2578125,1701245,35000,21,-1.1078605801741332,-1.2178889770671333,0.5936150245639809,1.0,1.0,True,True,True,True,True,True
923,task_0923,Nb252_aff_seq114_S114T,tier_2,4,8123924,pass,706.160518625984,4.295655412017368,663.7196375851054,3.6726171310292557,4.188943050918169,29.961148544913158,1001.296875,1701264,35000,21,-1.8573661916914261,0.6135120258124545,0.43322364980291894,1.0,1.0,True,True,True,True,True,True
924,task_0924,Nb252_aff_seq114_S114T,tier_2,5,8123925,pass,665.4721783510176,4.263727104989812,621.5123406070052,4.608308474998921,4.159276915015653,30.58330633805599,1002.6328125,1701249,35000,21,-0.35376607189363085,0.10830641772270155,1.119404149335267,0.9565217391304348,1.0,True,True,True,True,True,True
925,task_0925,Nb252_aff_seq114_S114T,tier_2,6,8123926,pass,603.0240426950622,4.104911066940986,563.2762372959405,2.319650881923735,2.615548835019581,30.405062249978073,1006.56640625,1701298,35000,21,0.8682701216054056,0.15663784462897468,0.8807582141259829,1.0,1.0,True,True,True,True,True,True
926,task_0926,Nb252_aff_seq114_S114T,tier_2,7,8123927,pass,664.7270256000338,3.794035065919161,623.1837098150281,3.429737964994274,3.5822036609752104,30.430441286065616,1004.5859375,1701204,35000,21,-2.4174804828494416,-1.2987743231200142,0.45591635649962825,1.0,1.0,True,True,True,True,True,True
927,task_0927,Nb252_aff_seq114_S114T,tier_2,8,8123928,pass,705.0981963609811,3.981119727017358,663.309706193977,3.557270018965937,3.9292677119374275,30.002468132064678,1004.734375,1701288,35000,21,-1.1655139844176006,-1.4620031708257102,0.7790303582900506,1.0,1.0,True,True,True,True,True,True
928,task_0928,Nb252_aff_seq114_S114T,tier_2,9,8123929,pass,715.079595300951,4.114832062041387,672.716833380051,2.7918335589347407,3.5869875139323995,31.531244718004018,1002.5625,1701295,35000,21,-2.202584169759973,-1.109041838234802,0.8925113154611886,1.0,1.0,True,True,True,True,True,True
929,task_0929,Nb252_aff_seq114_S114T,tier_2,10,8123930,pass,703.8767294269055,3.992287185974419,663.6798341280082,2.723920212010853,3.0550042109098285,30.109864619909786,1001.38671875,1701289,35000,21,-2.4962007238240744,-0.3650303595170499,0.10931030817407361,1.0,1.0,True,True,True,True,True,True
930,task_0930,Nb252_aff_seq114_S114T,tier_2,11,8123931,pass,672.6657713040477,4.056847731000744,633.2713572239736,2.337157455040142,2.5876226880354807,30.07947964500636,1002.4140625,1701240,35000,21,0.0941073152480385,-0.320514419305411,-0.16744348262583486,1.0,1.0,True,True,True,True,True,True
931,task_0931,Nb252_aff_seq114_S114T,tier_2,12,8123932,pass,670.1799969209824,4.159117295057513,628.9037639040034,2.7935378450201824,2.704280895064585,31.274498653016053,1002.94921875,1701198,35000,21,-0.41216197276054345,0.2092660014063341,0.8298993317915979,1.0,1.0,True,True,True,True,True,True
932,task_0932,Nb252_aff_seq114_S114T,tier_2,13,8123933,pass,693.1258980650455,4.159299320075661,648.361361104995,4.695578194921836,4.924120262963697,30.67169839690905,1002.4140625,1701223,35000,21,0.7226841414461092,-1.0180574603302972,0.9841487035633811,1.0,1.0,True,True,True,True,True,True
933,task_0933,Nb252_aff_seq114_S114T,tier_2,14,8123934,pass,697.0890803269576,4.247091741999611,657.3865763499634,2.328885814989917,2.5855316639645025,30.190053783007897,1001.97265625,1701286,35000,21,1.0888824072188186,-0.2690644401405393,0.7182335675010272,1.0,1.0,True,True,True,True,True,True
934,task_0934,Nb252_aff_seq114_S114T,tier_2,15,8123935,pass,704.2705559500027,4.252823191112839,662.3672123309225,3.0727245840243995,3.7626046540681273,30.484267282066867,1002.76171875,1701189,35000,21,-1.3471186251719018,-0.47643505595999613,0.729364856564537,1.0,1.0,True,True,True,True,True,True
935,task_0935,Nb252_aff_seq114_S114T,tier_2,16,8123936,pass,693.434743099031,4.308298193034716,653.0307749090716,2.674854947021231,3.7000784499105066,29.38578036497347,1004.546875,1701259,35000,21,-0.7854002036930865,0.9047490062274903,0.6194006086808592,1.0,1.0,True,True,True,True,True,True
936,task_0936,Nb252_aff_seq114_S114T,tier_2,17,8123937,pass,606.4473317440134,3.828772162902169,566.7890498309862,2.212159079965204,3.207254615961574,30.100932852947153,1003.46484375,1701178,35000,21,-0.5337700594345165,-0.9269919879886714,0.893944186597377,1.0,1.0,True,True,True,True,True,True
937,task_0937,Nb252_aff_seq114_S114T,tier_2,18,8123938,pass,677.9863604679704,4.267216757056303,636.7665075859986,3.291345183039084,3.601828180020675,29.73724463302642,1004.23046875,1701314,35000,21,1.3821003526917934,1.5371233885089168,0.7041990662497781,1.0,1.0,True,True,True,True,True,True
938,task_0938,Nb252_aff_seq114_S114T,tier_2,19,8123939,pass,666.7040611830307,3.815243583987467,624.9462557740044,3.7248682930367067,3.421794011024758,30.478553293971345,1002.17578125,1701289,35000,21,0.14372385288254463,-0.7725039801555766,0.6894910415470221,1.0,1.0,True,True,True,True,True,True
939,task_0939,Nb252_aff_seq114_S114T,tier_2,20,8123940,pass,655.4816087489016,4.14362559793517,614.52507070906,2.561577860964462,2.8851904519833624,31.039422806934454,1000.64453125,1701162,35000,21,0.8729325497001241,-0.1755422019827506,0.6539592489585431,1.0,1.0,True,True,True,True,True,True
940,task_0940,Nb252_aff_seq116_W116M,tier_2,1,8123941,pass,754.5704137940193,3.5632580999517813,712.91431169305,3.967528517008759,3.5040596299804747,30.295396525994875,995.6640625,1700503,35000,22,-1.3961227702487804,-2.0722608014877295,0.5859838624257279,1.0,1.0,True,True,True,True,True,True
941,task_0941,Nb252_aff_seq116_W116M,tier_2,2,8123942,pass,774.2724340539426,3.3543073690962046,732.2844219109975,3.7013894580304623,3.738807743997313,30.844276556978002,998.78125,1700517,35000,22,-2.394119230167405,-1.5275105004184155,0.4152348126527805,1.0,1.0,True,True,True,True,True,True
942,task_0942,Nb252_aff_seq116_W116M,tier_2,3,8123943,pass,788.7242095239926,3.5722633830737323,747.2078845959622,4.15014743397478,2.936821718001738,30.467100005946122,996.1875,1700456,35000,22,-1.6783524114924262,-2.000730207388983,0.1495759767427316,1.0,1.0,True,True,True,True,True,True
943,task_0943,Nb252_aff_seq116_W116M,tier_2,4,8123944,pass,786.2766532219248,3.59295789396856,745.5541123329895,2.9545590960187837,2.9452574689639732,30.87373691506218,996.33203125,1700487,35000,22,-1.0324412515126369,-1.3407247498384294,0.9763815564345713,1.0,1.0,True,True,True,True,True,True
944,task_0944,Nb252_aff_seq116_W116M,tier_2,5,8123945,pass,789.125585816917,3.628031628089957,747.7364852509927,3.6229171219747514,3.5105439570033923,30.285778371966444,996.46484375,1700496,35000,22,-3.5498878833874414,-2.290836919735426,0.5671800109362266,1.0,1.0,True,True,True,True,True,True
945,task_0945,Nb252_aff_seq116_W116M,tier_2,6,8123946,pass,808.1793700349517,3.6075905149336904,764.2424336050171,5.282331416965462,3.783415831043385,30.90770470793359,997.5625,1700441,35000,22,-3.0940118319509793,-0.9149433006066516,0.7318823567649417,1.0,1.0,True,True,True,True,True,True
946,task_0946,Nb252_aff_seq116_W116M,tier_2,7,8123947,pass,776.1462670919718,3.6449133150745183,733.984061982017,4.476683415938169,3.965940476045944,29.725517501938157,996.59375,1700478,35000,22,1.8900737043928189,1.8394694052956595,-0.6712336065300626,1.0,1.0,True,True,True,True,True,True
947,task_0947,Nb252_aff_seq116_W116M,tier_2,8,8123948,pass,779.4670980490046,3.620078878942877,739.43733904697,3.6186230139574036,3.2289501960622147,29.22631967801135,998.06640625,1700509,35000,22,-5.485214372287146,-2.716111086769388,0.23116008964206358,1.0,1.0,True,True,True,True,True,True
948,task_0948,Nb252_aff_seq116_W116M,tier_2,9,8123949,pass,687.4780463719508,3.317210347042419,648.5088284380035,3.189671429921873,3.131195693043992,29.017483767936938,998.9609375,1700452,35000,22,-1.2654656278526772,-1.9295800869942639,1.025793034326849,1.0,1.0,True,True,True,True,True,True
949,task_0949,Nb252_aff_seq116_W116M,tier_2,10,8123950,pass,788.1448159170104,3.631759552983567,747.367955744965,3.3986467270879075,3.0720562810311094,30.207578864065,998.95703125,1700471,35000,22,-3.518468757120786,-2.5749599456847534,0.46128983339801977,1.0,1.0,True,True,True,True,True,True
950,task_0950,Nb252_aff_seq116_W116M,tier_2,11,8123951,pass,751.8452774510952,3.450147313065827,713.2507804790512,3.3982273599831387,2.261430114042014,29.152471314999275,998.03125,1700485,35000,22,3.9954850984509562,2.460860389450417,-0.3589839865370301,1.0,1.0,True,True,True,True,True,True
951,task_0951,Nb252_aff_seq116_W116M,tier_2,12,8123952,pass,739.3909846210154,3.512095240992494,698.6647129509365,3.633816387038678,3.0623662270372733,30.176802453934215,997.015625,1700456,35000,22,-3.368049863621252,-2.2857210222442603,0.32514618279090257,1.0,1.0,True,True,True,True,True,True
952,task_0952,Nb252_aff_seq116_W116M,tier_2,13,8123953,pass,742.1879576230422,3.5169590909499675,700.2883415929973,3.467807097011246,4.561471174005419,30.000483514973894,997.26953125,1700539,35000,22,-2.8509824683755483,-2.5014865091695953,0.24923856885611073,1.0,1.0,True,True,True,True,True,True
953,task_0953,Nb252_aff_seq116_W116M,tier_2,14,8123954,pass,784.2159214030253,3.5343838810222223,743.59750936809,3.1776158440625295,2.9470950760878623,30.61805018701125,998.4921875,1700410,35000,22,0.8369656951450679,1.4037357561158927,-0.28824167077839036,1.0,1.0,True,True,True,True,True,True
954,task_0954,Nb252_aff_seq116_W116M,tier_2,15,8123955,pass,790.8005925361067,3.3905326509848237,750.2769884889713,3.4227961540455,3.1166124659357592,30.255487949005328,996.12890625,1700460,35000,22,2.9677389793334896,1.9206706537011513,-0.419769463692063,1.0,1.0,True,True,True,True,True,True
955,task_0955,Nb252_aff_seq116_W116M,tier_2,16,8123956,pass,773.0281100460561,3.565503100049682,732.2527067670599,3.4743304159492254,3.251295688911341,30.150963064050302,997.80859375,1700521,35000,22,0.02652230624681806,-2.0374180849977392,0.6343774662616362,1.0,1.0,True,True,True,True,True,True
956,task_0956,Nb252_aff_seq116_W116M,tier_2,17,8123957,pass,788.8559220589232,3.528504810994491,746.3356196490349,4.197353105992079,3.2109681440051645,31.262683084933087,997.5234375,1700448,35000,22,-0.9268222185080504,-2.700393759530755,-0.49268508035254754,1.0,1.0,True,True,True,True,True,True
957,task_0957,Nb252_aff_seq116_W116M,tier_2,18,8123958,pass,784.1365155290114,3.6239360539475456,742.0220839719987,3.716683594044298,3.5100422160467133,30.940088634961285,997.20703125,1700517,35000,22,1.9510048180756598,1.981754793738304,0.18601190817912538,1.0,1.0,True,True,True,True,True,True
958,task_0958,Nb252_aff_seq116_W116M,tier_2,19,8123959,pass,790.8109363589901,3.6423096579965204,751.2750371119473,2.8109682518988848,2.9225771649507806,29.834832830005325,998.41796875,1700519,35000,22,45.340037993827025,-2.5961043609311503,0.05532520147165343,1.0,1.0,True,True,True,True,True,True
959,task_0959,Nb252_aff_seq116_W116M,tier_2,20,8123960,pass,684.9717889650492,3.3441278550308198,645.2021876079962,2.8802433849778026,2.791478513041511,30.447436025948264,998.68359375,1700416,35000,22,2.5975636067607866,2.678188132269483,-0.21021815778328445,1.0,1.0,True,True,True,True,True,True
960,task_0960,Nb252_aff_seq033_D33N,tier_3,1,8123961,pass,795.0024228940019,4.716019370011054,753.4349089399911,3.6099500660784543,2.3577009279979393,30.56499566603452,1000.76171875,1701072,35000,23,-0.6376952894457304,-1.4165698453176248,-0.14546310155969877,1.0,1.0,True,True,True,True,True,True
961,task_0961,Nb252_aff_seq033_D33N,tier_3,2,8123962,pass,790.0438237970229,4.699172371998429,748.5794457159936,3.7361353350570425,3.2521308839786798,29.43322793894913,998.28515625,1701102,35000,23,4.534955433368509,1.877919864796624,-0.05107544475544401,1.0,1.0,True,True,True,True,True,True
962,task_0962,Nb252_aff_seq033_D33N,tier_3,3,8123963,pass,773.9823273550719,4.597525276010856,733.3499288479798,2.834590595914051,2.8141338280402124,29.840932168997824,998.48828125,1701118,35000,23,-1.7606545355895378,-3.7477319449503455,0.22780882537023928,1.0,1.0,True,True,True,True,True,True
963,task_0963,Nb252_aff_seq033_D33N,tier_3,4,8123964,pass,768.5457897289889,4.563269690959714,726.5571973409969,4.262090438976884,2.774546343018301,30.064579841913655,999.51171875,1701092,35000,23,-0.2762269306090843,-1.5464264949955435,0.1274206534063076,1.0,1.0,True,True,True,True,True,True
964,task_0964,Nb252_aff_seq033_D33N,tier_3,5,8123965,pass,773.1906676170183,4.5593954370124266,730.8803383059567,5.082276786095463,2.1968841559719294,30.133387373993173,1000.81640625,1701101,35000,23,1.1830243621292311,-0.481110008443963,-0.07856053380646699,1.0,1.0,True,True,True,True,True,True
965,task_0965,Nb252_aff_seq033_D33N,tier_3,6,8123966,pass,802.1965480629588,4.589348979992792,761.0567288249731,4.164801463950425,2.4917842639843,29.50948539399542,999.6484375,1701079,35000,23,0.2685147276316684,-0.9119802025046226,0.01038187228664711,1.0,1.0,True,True,True,True,True,True
966,task_0966,Nb252_aff_seq033_D33N,tier_3,7,8123967,pass,812.752810947015,4.355785832973197,770.0183266729582,3.0518480809405446,4.16721751994919,30.82502244890202,999.421875,1701055,35000,23,-1.5054858630769559,-3.05075110121102,0.029964117728120243,1.0,1.0,True,True,True,True,True,True
967,task_0967,Nb252_aff_seq033_D33N,tier_3,8,8123968,pass,807.2948927620891,4.63586794200819,764.7669936540769,2.5029823529766873,3.703535750042647,31.33380381204188,999.03515625,1701118,35000,23,-3.8563113809265133,-3.559733096169552,0.09691901225838961,0.9565217391304348,1.0,True,True,True,True,True,True
968,task_0968,Nb252_aff_seq033_D33N,tier_3,9,8123969,pass,797.0457533269655,4.690191550063901,755.6350572840311,2.9438258429290727,3.2037391390185803,30.23223197204061,997.87109375,1701088,35000,23,1.33204073422894,-0.5187853991366751,0.3142537941885273,1.0,1.0,True,True,True,True,True,True
969,task_0969,Nb252_aff_seq033_D33N,tier_3,10,8123970,pass,793.78148740693,4.570624978048727,751.5529072619975,3.418677133973688,3.8937500700121745,29.993912537931465,997.78125,1701098,35000,23,1.443635447200677,-0.39579817776306925,0.46547669340349174,1.0,1.0,True,True,True,True,True,True
970,task_0970,Nb252_aff_seq033_D33N,tier_3,11,8123971,pass,848.732611084939,4.724673705990426,808.817146077985,2.409213201957755,3.0224737839307636,29.412998059997335,999.75390625,1701048,35000,23,-0.14950039701437845,0.34370321893415223,0.22564037609318888,1.0,1.0,True,True,True,True,True,True
971,task_0971,Nb252_aff_seq033_D33N,tier_3,12,8123972,pass,730.3541648009559,4.301756885019131,688.2299875119934,4.0120854310225695,4.290593301993795,29.184840535977855,999.52734375,1701164,35000,23,2.138080598448539,0.21071993150039248,0.0874156483659263,1.0,1.0,True,True,True,True,True,True
972,task_0972,Nb252_aff_seq033_D33N,tier_3,13,8123973,pass,814.2520136210369,4.7182227009907365,770.6062523490982,5.804669595090672,2.4592485170578584,30.32507625001017,1000.36328125,1701102,35000,23,2.8854665273441924,2.5235829383705806,0.10706957121671934,1.0,1.0,True,True,True,True,True,True
973,task_0973,Nb252_aff_seq033_D33N,tier_3,14,8123974,pass,755.8453773789806,4.468527449993417,715.3316229810007,3.5904269840102643,2.0713592700194567,30.045101118041202,998.859375,1701067,35000,23,-1.7529101580626616,-2.780647633466245,0.08670069485026843,1.0,1.0,True,True,True,True,True,True
974,task_0974,Nb252_aff_seq033_D33N,tier_3,15,8123975,pass,804.4522532679839,4.686941819963977,763.0424887019908,2.8778156890766695,3.4397336980327964,30.077475136960857,1000.375,1701091,35000,23,-0.25872889660786313,-1.0699615909005615,0.24294675533898769,1.0,1.0,True,True,True,True,True,True
975,task_0975,Nb252_aff_seq033_D33N,tier_3,16,8123976,pass,767.3674291359494,4.60248678503558,727.0237987140426,2.0033749099820852,2.3440434689400718,31.060386011959054,1000.56640625,1701170,35000,23,3.9586267929270775,-0.9154951713978647,0.3193491735358762,1.0,1.0,True,True,True,True,True,True
976,task_0976,Nb252_aff_seq033_D33N,tier_3,17,8123977,pass,771.9017028609524,4.602308823959902,731.052424325957,2.6429717070423067,2.654292873106897,30.615432302001864,1000.4375,1701105,35000,23,-0.5840062052513986,-3.4923632940624003,0.03550966672093736,1.0,1.0,True,True,True,True,True,True
977,task_0977,Nb252_aff_seq033_D33N,tier_3,18,8123978,pass,810.9988609889988,4.562293452094309,771.6727264240617,2.272027795086615,2.989941962994635,29.16097936592996,1004.76171875,1701038,35000,23,-1.380259628905037,-1.2617750098496714,0.17060117558242638,1.0,1.0,True,True,True,True,True,True
978,task_0978,Nb252_aff_seq033_D33N,tier_3,19,8123979,pass,797.3674654989736,4.414628914906643,754.1277937750565,3.9150098810205236,3.4267070300411433,31.1411353739677,998.47265625,1701131,35000,23,1.6635697660144615,-1.237601243520615,0.2651064535978449,1.0,1.0,True,True,True,True,True,True
979,task_0979,Nb252_aff_seq033_D33N,tier_3,20,8123980,pass,798.9122150440235,4.6861279889708385,756.8112318520434,3.596103304065764,2.1259415150852874,31.336511963047087,998.87109375,1701039,35000,23,2.3792489387441833,1.3802430814227762,0.27669975108600653,1.0,1.0,True,True,True,True,True,True
980,task_0980,Nb252_aff_seq115_Y115F,tier_3,1,8123981,pass,681.6510285040131,3.223737180000171,640.6917173860129,3.047618714044802,3.7550251520005986,30.47070972796064,995.09375,1700945,35000,24,0.3779485652961512,-0.20577184600813325,-0.10279939643929126,0.9583333333333334,1.0,True,True,True,True,True,True
981,task_0981,Nb252_aff_seq115_Y115F,tier_3,2,8123982,pass,677.7456427729921,3.2631485029123724,637.0001196879894,3.510318633983843,3.367766755982302,30.243137842975557,993.5390625,1700925,35000,24,-0.1620100535727147,-0.07914563718230738,-0.006445255380437942,1.0,1.0,True,True,True,True,True,True
982,task_0982,Nb252_aff_seq115_Y115F,tier_3,3,8123983,pass,669.248066834989,3.2858575760619715,629.2866118669044,2.8197286789072677,3.1621231350582093,30.33668868301902,993.87890625,1700925,35000,24,-1.7167454811243488,-0.2774526700401907,-0.09868991025764728,1.0,1.0,True,True,True,True,True,True
983,task_0983,Nb252_aff_seq115_Y115F,tier_3,4,8123984,pass,588.0800724480068,2.9894992760382593,549.5379528389312,3.3013357769232243,2.6468566610710695,29.169241757015698,997.71875,1700952,35000,24,-0.34114488028529877,-0.18745514354878878,-0.08797670994411888,1.0,1.0,True,True,True,True,True,True
984,task_0984,Nb252_aff_seq115_Y115F,tier_3,5,8123985,pass,678.8589104800485,3.29456652502995,638.4012509660097,3.552063346025534,3.508639555075206,29.779439285979606,997.703125,1700856,35000,24,46.72166082358035,-0.06599946746742091,-0.07375928978190416,1.0,1.0,True,True,True,True,True,True
985,task_0985,Nb252_aff_seq115_Y115F,tier_3,6,8123986,pass,652.6365854809992,3.133135713986121,612.132628989988,3.375622597988695,3.3126056879991665,30.349726237007417,994.68359375,1701013,35000,24,0.5857506230924514,-0.2157830001181651,-0.0333821753610799,1.0,1.0,True,True,True,True,True,True
986,task_0986,Nb252_aff_seq115_Y115F,tier_3,7,8123987,pass,644.1894618009683,3.200649105012417,604.3240112160565,3.091112217050977,3.224289395962842,29.997394615900703,997.57421875,1700937,35000,24,0.11131778834891293,0.03243322293802464,-0.07380724911183734,1.0,1.0,True,True,True,True,True,True
987,task_0987,Nb252_aff_seq115_Y115F,tier_3,8,8123988,pass,668.0699591330485,3.260593284969218,628.7525075050071,3.308264671941288,2.97516232507769,29.43080196599476,997.859375,1700879,35000,24,-0.7630243511318326,-0.23173675710468444,-0.07304074441954,1.0,1.0,True,True,True,True,True,True
988,task_0988,Nb252_aff_seq115_Y115F,tier_3,9,8123989,pass,651.7710909300949,3.23056773992721,610.3544968690258,3.5327280779602006,3.4706818929407746,30.8166394069558,996.84765625,1700967,35000,24,1.8519811682822933,-0.029558482351674797,-0.0434338470639446,1.0,1.0,True,True,True,True,True,True
989,task_0989,Nb252_aff_seq115_Y115F,tier_3,10,8123990,pass,699.1764737729682,3.245821930002421,659.6888219690882,2.913224151940085,2.8806696989340708,30.096715193009004,997.46875,1700987,35000,24,0.5175993151001421,-0.3319919220430876,-0.040478167057631964,1.0,1.0,True,True,True,True,True,True
990,task_0990,Nb252_aff_seq115_Y115F,tier_3,11,8123991,pass,667.743307539029,3.2957520589698106,627.7851171770599,2.743944464949891,2.8591961320489645,30.703783188015223,995.84765625,1700929,35000,24,0.8705855244886607,-0.6457767264093945,-0.35977620711353353,1.0,1.0,True,True,True,True,True,True
991,task_0991,Nb252_aff_seq115_Y115F,tier_3,12,8123992,pass,605.5430594830541,3.019653538009152,567.442337770015,2.750886593014002,2.396294430946,29.61144126590807,996.3359375,1700960,35000,24,0.2536468673882837,0.041008397790335493,-0.055485055615324796,1.0,1.0,True,True,True,True,True,True
992,task_0992,Nb252_aff_seq115_Y115F,tier_3,13,8123993,pass,681.8619455670705,3.259129627957009,642.0592866009101,2.846375835943036,3.384342021890916,29.98256717005279,997.48046875,1700966,35000,24,-0.4104100604274663,-0.07139215983848146,-0.08892912762326688,1.0,1.0,True,True,True,True,True,True
993,task_0993,Nb252_aff_seq115_Y115F,tier_3,14,8123994,pass,683.5031936799642,3.230245878919959,644.5828928330448,2.6516673209844157,2.671049745986238,30.030891938949935,996.33984375,1700983,35000,24,-0.6761432922531867,-0.29306761088405153,-0.08922390803745373,1.0,1.0,True,True,True,True,True,True
994,task_0994,Nb252_aff_seq115_Y115F,tier_3,15,8123995,pass,703.5278758240165,3.303532731020823,662.6276264589978,2.9064368129475042,2.8751270909560844,31.472473299014382,995.96875,1700991,35000,24,-0.2778558362210788,-0.2921874740416541,-0.17752936847155,1.0,1.0,True,True,True,True,True,True
995,task_0995,Nb252_aff_seq115_Y115F,tier_3,16,8123996,pass,657.5625011689262,3.32014159404207,617.9155612869654,2.53927630209364,2.477057354990393,30.981959493015893,995.546875,1700978,35000,24,-1.352760108825521,-0.13047795885000824,-0.12322027273236102,1.0,1.0,True,True,True,True,True,True
996,task_0996,Nb252_aff_seq115_Y115F,tier_3,17,8123997,pass,637.8193392849062,3.3102504489943385,597.4156578290276,3.159560770029202,3.1186371960211545,30.483472666004673,996.890625,1700949,35000,24,0.16333816503993148,-0.06696001189025935,-0.04335110185432711,1.0,1.0,True,True,True,True,True,True
997,task_0997,Nb252_aff_seq115_Y115F,tier_3,18,8123998,pass,609.7273684610846,3.1303086559055373,570.6130892770598,2.522653972962871,2.2053366280160844,30.957283846102655,996.31640625,1700943,35000,24,0.4879164674294998,-0.20881935753882885,-0.10497391883001939,0.9583333333333334,1.0,True,True,True,True,True,True
998,task_0998,Nb252_aff_seq115_Y115F,tier_3,19,8123999,pass,612.6147217110265,3.2587765969801694,572.929469619994,3.1647566010942683,3.0694898130604997,29.88201406400185,996.7890625,1700962,35000,24,-0.675299769437629,-0.23931862568856843,-0.05271154509512854,1.0,1.0,True,True,True,True,True,True
999,task_0999,Nb252_aff_seq115_Y115F,tier_3,20,8124000,pass,610.3088367789751,3.282899160985835,572.7343484390294,2.557778856018558,2.4107776400633156,29.022934725042433,997.5546875,1700953,35000,24,-0.2939550951706451,-0.017921518293420036,-0.03127901880817774,1.0,1.0,True,True,True,True,True,True
