candidate_id,mutation_reported_label,mutation_numbering_label,mutation_source_auth_label,sequence_index_1based,wt_residue,mutant_residue,region,prepared_contact_sensitive,replicate,seed,wt_control_id,mutant_total_score,mutant_dG_separated,mutant_cross_interface_energy,mutant_interface_fa_atr,mutant_interface_fa_rep,mutant_vhh_contact_count,mutant_receptor_epitope_count,mutant_vhh_contact_retention,mutant_receptor_epitope_retention,mutant_interface_ca_rmsd,mutant_minimum_interchain_distance,mutant_vhh_contact_auth_positions,mutant_receptor_contact_auth_positions,paired_wt_vhh_contact_count,paired_wt_receptor_epitope_count,candidate_vs_paired_wt_vhh_contact_retention,candidate_vs_paired_wt_receptor_epitope_retention,delta_dG_separated,delta_cross_interface_energy,delta_interface_fa_rep,mutant_mapping_pass,mutant_breaks_pass,mutant_disulfide_pass,mutant_finite_metrics,mutant_runtime_valid,status
Nb252_aff_seq033_D33A,Nb252 reported_seq D33A,Nb252 IMGT 38 D>A,Nb252 chain C auth 33 D>A,33,D,A,CDR1,False,1,8112101,Nb252_WT_rep01_seed8112101,423.473213884561,-71.8546999247094,-95.35911271647376,-119.65200078175731,16.502564397180084,24,37,0.9166666666666666,0.8918918918918919,0.04330813468858388,2.3174776763106406,33;37;45;47;50;53;58;98;100;102;103;104;105;106;107;108;109;110;111;112;113;114;115;116,33;40;44;82;86;89;90;93;96;97;98;99;101;102;105;106;109;110;172;174;177;178;179;180;181;182;269;277;278;279;290;293;294;297;298;301;302,24,37,1.0,1.0,2.720737234669514,1.1641617025736082,0.3169362405756857,True,True,True,True,True,pass
Nb252_aff_seq033_D33A,Nb252 reported_seq D33A,Nb252 IMGT 38 D>A,Nb252 chain C auth 33 D>A,33,D,A,CDR1,False,2,8112102,Nb252_WT_rep02_seed8112102,423.473213884561,-71.8546999247094,-95.35911271647376,-119.65200078175731,16.502564397180084,24,37,0.9166666666666666,0.8918918918918919,0.04330813468858388,2.3174776763106406,33;37;45;47;50;53;58;98;100;102;103;104;105;106;107;108;109;110;111;112;113;114;115;116,33;40;44;82;86;89;90;93;96;97;98;99;101;102;105;106;109;110;172;174;177;178;179;180;181;182;269;277;278;279;290;293;294;297;298;301;302,24,37,1.0,1.0,2.6098913082457784,1.1641617025736082,0.3169362405756857,True,True,True,True,True,pass
Nb252_aff_seq033_D33A,Nb252 reported_seq D33A,Nb252 IMGT 38 D>A,Nb252 chain C auth 33 D>A,33,D,A,CDR1,False,3,8112103,Nb252_WT_rep03_seed8112103,423.473213884561,-73.26859788341949,-95.35911271647376,-119.65200078175731,16.502564397180084,24,37,0.9166666666666666,0.8918918918918919,0.04330813468858388,2.3174776763106406,33;37;45;47;50;53;58;98;100;102;103;104;105;106;107;108;109;110;111;112;113;114;115;116,33;40;44;82;86;89;90;93;96;97;98;99;101;102;105;106;109;110;172;174;177;178;179;180;181;182;269;277;278;279;290;293;294;297;298;301;302,24,37,1.0,1.0,1.1959933495356836,1.1641617025736082,0.3169362405756857,True,True,True,True,True,pass
Nb252_aff_seq033_D33C,Nb252 reported_seq D33C,Nb252 IMGT 38 D>C,Nb252 chain C auth 33 D>C,33,D,C,CDR1,False,1,8112101,Nb252_WT_rep01_seed8112101,424.6465375532101,-73.69287680509956,-95.68596765655589,-120.90429985085504,16.348720700190775,24,37,0.9166666666666666,0.8918918918918919,0.04356099113612153,2.320791465304812,33;37;45;47;50;53;58;98;100;102;103;104;105;106;107;108;109;110;111;112;113;114;115;116,33;40;44;82;86;89;90;93;96;97;98;99;101;102;105;106;109;110;172;174;177;178;179;180;181;182;269;277;278;279;290;293;294;297;298;301;302,24,37,1.0,1.0,0.8825603542793488,0.8373067624914796,0.1630925435863766,True,True,True,True,True,pass
Nb252_aff_seq033_D33C,Nb252 reported_seq D33C,Nb252 IMGT 38 D>C,Nb252 chain C auth 33 D>C,33,D,C,CDR1,False,2,8112102,Nb252_WT_rep02_seed8112102,424.6465375532101,-73.58781069192332,-95.68596765655589,-120.90429985085504,16.348720700190775,24,37,0.9166666666666666,0.8918918918918919,0.04356099113612153,2.320791465304812,33;37;45;47;50;53;58;98;100;102;103;104;105;106;107;108;109;110;111;112;113;114;115;116,33;40;44;82;86;89;90;93;96;97;98;99;101;102;105;106;109;110;172;174;177;178;179;180;181;182;269;277;278;279;290;293;294;297;298;301;302,24,37,1.0,1.0,0.8767805410318488,0.8373067624914796,0.1630925435863766,True,True,True,True,True,pass
Nb252_aff_seq033_D33C,Nb252 reported_seq D33C,Nb252 IMGT 38 D>C,Nb252 chain C auth 33 D>C,33,D,C,CDR1,False,3,8112103,Nb252_WT_rep03_seed8112103,424.6465375532101,-72.27586695207322,-95.68596765655589,-120.90429985085504,16.348720700190775,24,37,0.9166666666666666,0.8918918918918919,0.04356099113612153,2.320791465304812,33;37;45;47;50;53;58;98;100;102;103;104;105;106;107;108;109;110;111;112;113;114;115;116,33;40;44;82;86;89;90;93;96;97;98;99;101;102;105;106;109;110;172;174;177;178;179;180;181;182;269;277;278;279;290;293;294;297;298;301;302,24,37,1.0,1.0,2.1887242808819565,0.8373067624914796,0.1630925435863766,True,True,True,True,True,pass
Nb252_aff_seq033_D33E,Nb252 reported_seq D33E,Nb252 IMGT 38 D>E,Nb252 chain C auth 33 D>E,33,D,E,CDR1,False,1,8112101,Nb252_WT_rep01_seed8112101,431.4276883744383,-67.13912173371921,-93.88341180983574,-121.67674883428428,16.88253745295237,23,38,0.9166666666666666,0.918918918918919,0.04356418851981464,2.3041334868942296,33;37;45;47;53;58;98;100;102;103;104;105;106;107;108;109;110;111;112;113;114;115;116,33;37;40;44;82;86;89;90;93;96;97;98;99;101;102;105;106;109;110;172;174;177;178;179;180;181;182;269;277;278;279;290;293;294;297;298;301;302,24,37,0.9583333333333334,1.0,7.4363154256597,2.639862609211633,0.6969092963479717,True,True,True,True,True,pass
Nb252_aff_seq033_D33E,Nb252 reported_seq D33E,Nb252 IMGT 38 D>E,Nb252 chain C auth 33 D>E,33,D,E,CDR1,False,2,8112102,Nb252_WT_rep02_seed8112102,431.4276883744383,-68.104964108187,-93.88341180983574,-121.67674883428428,16.88253745295237,23,38,0.9166666666666666,0.918918918918919,0.04356418851981464,2.3041334868942296,33;37;45;47;53;58;98;100;102;103;104;105;106;107;108;109;110;111;112;113;114;115;116,33;37;40;44;82;86;89;90;93;96;97;98;99;101;102;105;106;109;110;172;174;177;178;179;180;181;182;269;277;278;279;290;293;294;297;298;301;302,24,37,0.9583333333333334,1.0,6.359627124768167,2.639862609211633,0.6969092963479717,True,True,True,True,True,pass
Nb252_aff_seq033_D33E,Nb252 reported_seq D33E,Nb252 IMGT 38 D>E,Nb252 chain C auth 33 D>E,33,D,E,CDR1,False,3,8112103,Nb252_WT_rep03_seed8112103,431.4276883744383,-68.51182544392077,-93.88341180983574,-121.67674883428428,16.88253745295237,23,38,0.9166666666666666,0.918918918918919,0.04356418851981464,2.3041334868942296,33;37;45;47;53;58;98;100;102;103;104;105;106;107;108;109;110;111;112;113;114;115;116,33;37;40;44;82;86;89;90;93;96;97;98;99;101;102;105;106;109;110;172;174;177;178;179;180;181;182;269;277;278;279;290;293;294;297;298;301;302,24,37,0.9583333333333334,1.0,5.952765789034402,2.639862609211633,0.6969092963479717,True,True,True,True,True,pass
Nb252_aff_seq033_D33F,Nb252 reported_seq D33F,Nb252 IMGT 38 D>F,Nb252 chain C auth 33 D>F,33,D,F,CDR1,False,1,8112101,Nb252_WT_rep01_seed8112101,424.44454511960987,-75.02613453921697,-96.41883376013651,-123.2550008873497,18.154471163772833,24,37,0.9166666666666666,0.8918918918918919,0.04428200603382446,2.3211523040401727,33;37;45;47;50;53;58;98;100;102;103;104;105;106;107;108;109;110;111;112;113;114;115;116,33;40;44;82;86;89;90;93;96;97;98;99;101;102;105;106;109;110;172;174;177;178;179;180;181;182;269;277;278;279;290;293;294;297;298;301;302,24,37,1.0,1.0,-0.45069737983806135,0.1044406589108604,1.9688430071684344,True,True,True,True,True,pass
Nb252_aff_seq033_D33F,Nb252 reported_seq D33F,Nb252 IMGT 38 D>F,Nb252 chain C auth 33 D>F,33,D,F,CDR1,False,2,8112102,Nb252_WT_rep02_seed8112102,424.44454511960987,-72.30917869532266,-96.41883376013651,-123.2550008873497,18.154471163772833,24,37,0.9166666666666666,0.8918918918918919,0.04428200603382446,2.3211523040401727,33;37;45;47;50;53;58;98;100;102;103;104;105;106;107;108;109;110;111;112;113;114;115;116,33;40;44;82;86;89;90;93;96;97;98;99;101;102;105;106;109;110;172;174;177;178;179;180;181;182;269;277;278;279;290;293;294;297;298;301;302,24,37,1.0,1.0,2.1554125376325146,0.1044406589108604,1.9688430071684344,True,True,True,True,True,pass
Nb252_aff_seq033_D33F,Nb252 reported_seq D33F,Nb252 IMGT 38 D>F,Nb252 chain C auth 33 D>F,33,D,F,CDR1,False,3,8112103,Nb252_WT_rep03_seed8112103,424.44454511960987,-73.22024214639237,-96.41883376013651,-123.2550008873497,18.154471163772833,24,37,0.9166666666666666,0.8918918918918919,0.04428200603382446,2.3211523040401727,33;37;45;47;50;53;58;98;100;102;103;104;105;106;107;108;109;110;111;112;113;114;115;116,33;40;44;82;86;89;90;93;96;97;98;99;101;102;105;106;109;110;172;174;177;178;179;180;181;182;269;277;278;279;290;293;294;297;298;301;302,24,37,1.0,1.0,1.2443490865628064,0.1044406589108604,1.9688430071684344,True,True,True,True,True,pass
Nb252_aff_seq033_D33G,Nb252 reported_seq D33G,Nb252 IMGT 38 D>G,Nb252 chain C auth 33 D>G,33,D,G,CDR1,False,1,8112101,Nb252_WT_rep01_seed8112101,425.4266041609212,-71.65592742903436,-95.0448636210082,-118.92214579957351,16.48427547809025,23,37,0.875,0.8918918918918919,0.04353529316839357,2.3100450060883224,37;45;47;50;53;58;98;100;102;103;104;105;106;107;108;109;110;111;112;113;114;115;116,33;40;44;82;86;89;90;93;96;97;98;99;101;102;105;106;109;110;172;174;177;178;179;180;181;182;269;277;278;279;290;293;294;297;298;301;302,24,37,0.9583333333333334,1.0,2.9195097303445436,1.4784107980391639,0.29864732148585205,True,True,True,True,True,pass
Nb252_aff_seq033_D33G,Nb252 reported_seq D33G,Nb252 IMGT 38 D>G,Nb252 chain C auth 33 D>G,33,D,G,CDR1,False,2,8112102,Nb252_WT_rep02_seed8112102,425.4266041609212,-73.50070878076616,-95.0448636210082,-118.92214579957351,16.48427547809025,23,37,0.875,0.8918918918918919,0.04353529316839357,2.3100450060883224,37;45;47;50;53;58;98;100;102;103;104;105;106;107;108;109;110;111;112;113;114;115;116,33;40;44;82;86;89;90;93;96;97;98;99;101;102;105;106;109;110;172;174;177;178;179;180;181;182;269;277;278;279;290;293;294;297;298;301;302,24,37,0.9583333333333334,1.0,0.9638824521890115,1.4784107980391639,0.29864732148585205,True,True,True,True,True,pass
Nb252_aff_seq033_D33G,Nb252 reported_seq D33G,Nb252 IMGT 38 D>G,Nb252 chain C auth 33 D>G,33,D,G,CDR1,False,3,8112103,Nb252_WT_rep03_seed8112103,425.4266041609212,-73.07039020193088,-95.0448636210082,-118.92214579957351,16.48427547809025,23,37,0.875,0.8918918918918919,0.04353529316839357,2.3100450060883224,37;45;47;50;53;58;98;100;102;103;104;105;106;107;108;109;110;111;112;113;114;115;116,33;40;44;82;86;89;90;93;96;97;98;99;101;102;105;106;109;110;172;174;177;178;179;180;181;182;269;277;278;279;290;293;294;297;298;301;302,24,37,0.9583333333333334,1.0,1.394201031024295,1.4784107980391639,0.29864732148585205,True,True,True,True,True,pass
Nb252_aff_seq033_D33H,Nb252 reported_seq D33H,Nb252 IMGT 38 D>H,Nb252 chain C auth 33 D>H,33,D,H,CDR1,False,1,8112101,Nb252_WT_rep01_seed8112101,429.00145551095727,-73.09311792763879,-97.2225871695996,-121.25208871940812,16.649099418678063,24,37,0.9166666666666666,0.8918918918918919,0.04326207143110725,2.308487656024945,33;37;45;47;50;53;58;98;100;102;103;104;105;106;107;108;109;110;111;112;113;114;115;116,33;40;44;82;86;89;90;93;96;97;98;99;101;102;105;106;109;110;172;174;177;178;179;180;181;182;269;277;278;279;290;293;294;297;298;301;302,24,37,1.0,1.0,1.4823192317401208,-0.6993127505522381,0.4634712620736643,True,True,True,True,True,pass
Nb252_aff_seq033_D33H,Nb252 reported_seq D33H,Nb252 IMGT 38 D>H,Nb252 chain C auth 33 D>H,33,D,H,CDR1,False,2,8112102,Nb252_WT_rep02_seed8112102,425.7949586523267,-72.13971924189678,-97.23848005266652,-122.87060496944322,18.255057995059246,24,37,0.9166666666666666,0.8918918918918919,0.04354074522602308,2.3162674689066933,33;37;45;47;50;53;58;98;100;102;103;104;105;106;107;108;109;110;111;112;113;114;115;116,33;40;44;82;86;89;90;93;96;97;98;99;101;102;105;106;109;110;172;174;177;178;179;180;181;182;269;277;278;279;290;293;294;297;298;301;302,24,37,1.0,1.0,2.3248719910583873,-0.7152056336191492,2.069429838454848,True,True,True,True,True,pass
Nb252_aff_seq033_D33H,Nb252 reported_seq D33H,Nb252 IMGT 38 D>H,Nb252 chain C auth 33 D>H,33,D,H,CDR1,False,3,8112103,Nb252_WT_rep03_seed8112103,425.7949586523267,-73.03465048350523,-97.23848005266652,-122.87060496944322,18.255057995059246,24,37,0.9166666666666666,0.8918918918918919,0.04354074522602308,2.3162674689066933,33;37;45;47;50;53;58;98;100;102;103;104;105;106;107;108;109;110;111;112;113;114;115;116,33;40;44;82;86;89;90;93;96;97;98;99;101;102;105;106;109;110;172;174;177;178;179;180;181;182;269;277;278;279;290;293;294;297;298;301;302,24,37,1.0,1.0,1.4299407494499405,-0.7152056336191492,2.069429838454848,True,True,True,True,True,pass
Nb252_aff_seq033_D33I,Nb252 reported_seq D33I,Nb252 IMGT 38 D>I,Nb252 chain C auth 33 D>I,33,D,I,CDR1,False,1,8112101,Nb252_WT_rep01_seed8112101,425.3336702752216,-73.31081571530797,-95.86991593661907,-122.46578527771258,18.023538516088575,24,37,0.9166666666666666,0.8918918918918919,0.04400461318587855,2.3191777236215287,33;37;45;47;50;53;58;98;100;102;103;104;105;106;107;108;109;110;111;112;113;114;115;116,33;40;44;82;86;89;90;93;96;97;98;99;101;102;105;106;109;110;172;174;177;178;179;180;181;182;269;277;278;279;290;293;294;297;298;301;302,24,37,1.0,1.0,1.26462144407094,0.6533584824283025,1.8379103594841766,True,True,True,True,True,pass
Nb252_aff_seq033_D33I,Nb252 reported_seq D33I,Nb252 IMGT 38 D>I,Nb252 chain C auth 33 D>I,33,D,I,CDR1,False,2,8112102,Nb252_WT_rep02_seed8112102,425.3336702752216,-74.70020075787488,-95.86991593661907,-122.46578527771258,18.023538516088575,24,37,0.9166666666666666,0.8918918918918919,0.04400461318587855,2.3191777236215287,33;37;45;47;50;53;58;98;100;102;103;104;105;106;107;108;109;110;111;112;113;114;115;116,33;40;44;82;86;89;90;93;96;97;98;99;101;102;105;106;109;110;172;174;177;178;179;180;181;182;269;277;278;279;290;293;294;297;298;301;302,24,37,1.0,1.0,-0.23560952491970966,0.6533584824283025,1.8379103594841766,True,True,True,True,True,pass
Nb252_aff_seq033_D33I,Nb252 reported_seq D33I,Nb252 IMGT 38 D>I,Nb252 chain C auth 33 D>I,33,D,I,CDR1,False,3,8112103,Nb252_WT_rep03_seed8112103,425.3336702752216,-72.39856862021122,-95.86991593661907,-122.46578527771258,18.023538516088575,24,37,0.9166666666666666,0.8918918918918919,0.04400461318587855,2.3191777236215287,33;37;45;47;50;53;58;98;100;102;103;104;105;106;107;108;109;110;111;112;113;114;115;116,33;40;44;82;86;89;90;93;96;97;98;99;101;102;105;106;109;110;172;174;177;178;179;180;181;182;269;277;278;279;290;293;294;297;298;301;302,24,37,1.0,1.0,2.06602261274395,0.6533584824283025,1.8379103594841766,True,True,True,True,True,pass
Nb252_aff_seq033_D33K,Nb252 reported_seq D33K,Nb252 IMGT 38 D>K,Nb252 chain C auth 33 D>K,33,D,K,CDR1,False,1,8112101,Nb252_WT_rep01_seed8112101,428.2804671338007,-70.75578376361432,-93.06657731096855,-124.12725449048617,17.571611690105126,24,37,0.9166666666666666,0.8918918918918919,0.04436535266629684,2.3165551612708106,33;37;45;47;50;53;58;98;100;102;103;104;105;106;107;108;109;110;111;112;113;114;115;116,33;40;44;82;86;89;90;93;96;97;98;99;101;102;105;106;109;110;172;174;177;178;179;180;181;182;269;277;278;279;290;293;294;297;298;301;302,24,37,1.0,1.0,3.8196533957645897,3.4566971080788136,1.3859835335007276,True,True,True,True,True,pass
Nb252_aff_seq033_D33K,Nb252 reported_seq D33K,Nb252 IMGT 38 D>K,Nb252 chain C auth 33 D>K,33,D,K,CDR1,False,2,8112102,Nb252_WT_rep02_seed8112102,428.2804671338007,-69.38999943813877,-93.06657731096855,-124.12725449048617,17.571611690105126,24,37,0.9166666666666666,0.8918918918918919,0.04436535266629684,2.3165551612708106,33;37;45;47;50;53;58;98;100;102;103;104;105;106;107;108;109;110;111;112;113;114;115;116,33;40;44;82;86;89;90;93;96;97;98;99;101;102;105;106;109;110;172;174;177;178;179;180;181;182;269;277;278;279;290;293;294;297;298;301;302,24,37,1.0,1.0,5.074591794816399,3.4566971080788136,1.3859835335007276,True,True,True,True,True,pass
Nb252_aff_seq033_D33K,Nb252 reported_seq D33K,Nb252 IMGT 38 D>K,Nb252 chain C auth 33 D>K,33,D,K,CDR1,False,3,8112103,Nb252_WT_rep03_seed8112103,428.2804671338007,-69.38999943813877,-93.06657731096855,-124.12725449048617,17.571611690105126,24,37,0.9166666666666666,0.8918918918918919,0.04436535266629684,2.3165551612708106,33;37;45;47;50;53;58;98;100;102;103;104;105;106;107;108;109;110;111;112;113;114;115;116,33;40;44;82;86;89;90;93;96;97;98;99;101;102;105;106;109;110;172;174;177;178;179;180;181;182;269;277;278;279;290;293;294;297;298;301;302,24,37,1.0,1.0,5.074591794816399,3.4566971080788136,1.3859835335007276,True,True,True,True,True,pass
Nb252_aff_seq033_D33L,Nb252 reported_seq D33L,Nb252 IMGT 38 D>L,Nb252 chain C auth 33 D>L,33,D,L,CDR1,False,1,8112101,Nb252_WT_rep01_seed8112101,427.40905569481714,-72.76190023769271,-95.47752866834968,-122.61096007050894,18.45693522522728,24,37,0.9166666666666666,0.8918918918918919,0.04505996629629377,2.3086767505905943,33;37;45;47;50;53;58;98;100;102;103;104;105;106;107;108;109;110;111;112;113;114;115;116,33;40;44;82;86;89;90;93;96;97;98;99;101;102;105;106;109;110;172;174;177;178;179;180;181;182;269;277;278;279;290;293;294;297;298;301;302,24,37,1.0,1.0,1.8135369216861932,1.0457457506976908,2.271307068622882,True,True,True,True,True,pass
Nb252_aff_seq033_D33L,Nb252 reported_seq D33L,Nb252 IMGT 38 D>L,Nb252 chain C auth 33 D>L,33,D,L,CDR1,False,2,8112102,Nb252_WT_rep02_seed8112102,427.40905569481714,-73.68529057384609,-95.47752866834968,-122.61096007050894,18.45693522522728,24,37,0.9166666666666666,0.8918918918918919,0.04505996629629377,2.3086767505905943,33;37;45;47;50;53;58;98;100;102;103;104;105;106;107;108;109;110;111;112;113;114;115;116,33;40;44;82;86;89;90;93;96;97;98;99;101;102;105;106;109;110;172;174;177;178;179;180;181;182;269;277;278;279;290;293;294;297;298;301;302,24,37,1.0,1.0,0.779300659109083,1.0457457506976908,2.271307068622882,True,True,True,True,True,pass
Nb252_aff_seq033_D33L,Nb252 reported_seq D33L,Nb252 IMGT 38 D>L,Nb252 chain C auth 33 D>L,33,D,L,CDR1,False,3,8112103,Nb252_WT_rep03_seed8112103,427.40905569481714,-72.76190023769271,-95.47752866834968,-122.61096007050894,18.45693522522728,24,37,0.9166666666666666,0.8918918918918919,0.04505996629629377,2.3086767505905943,33;37;45;47;50;53;58;98;100;102;103;104;105;106;107;108;109;110;111;112;113;114;115;116,33;40;44;82;86;89;90;93;96;97;98;99;101;102;105;106;109;110;172;174;177;178;179;180;181;182;269;277;278;279;290;293;294;297;298;301;302,24,37,1.0,1.0,1.7026909952624578,1.0457457506976908,2.271307068622882,True,True,True,True,True,pass
Nb252_aff_seq033_D33M,Nb252 reported_seq D33M,Nb252 IMGT 38 D>M,Nb252 chain C auth 33 D>M,33,D,M,CDR1,False,1,8112101,Nb252_WT_rep01_seed8112101,428.0163060464183,-72.43780183942147,-95.96466213951565,-124.16029922710031,19.330826690648557,24,37,0.9166666666666666,0.8918918918918919,0.04422620653046464,2.3066305258380564,33;37;45;47;50;53;58;98;100;102;103;104;105;106;107;108;109;110;111;112;113;114;115;116,33;40;44;82;86;89;90;93;96;97;98;99;101;102;105;106;109;110;172;174;177;178;179;180;181;182;269;277;278;279;290;293;294;297;298;301;302,24,37,1.0,1.0,2.1376353199574396,0.5586122795317152,3.145198534044159,True,True,True,True,True,pass
Nb252_aff_seq033_D33M,Nb252 reported_seq D33M,Nb252 IMGT 38 D>M,Nb252 chain C auth 33 D>M,33,D,M,CDR1,False,2,8112102,Nb252_WT_rep02_seed8112102,428.0163060464183,-72.43780183942147,-95.96466213951565,-124.16029922710031,19.330826690648557,24,37,0.9166666666666666,0.8918918918918919,0.04422620653046464,2.3066305258380564,33;37;45;47;50;53;58;98;100;102;103;104;105;106;107;108;109;110;111;112;113;114;115;116,33;40;44;82;86;89;90;93;96;97;98;99;101;102;105;106;109;110;172;174;177;178;179;180;181;182;269;277;278;279;290;293;294;297;298;301;302,24,37,1.0,1.0,2.0267893935337042,0.5586122795317152,3.145198534044159,True,True,True,True,True,pass
Nb252_aff_seq033_D33M,Nb252 reported_seq D33M,Nb252 IMGT 38 D>M,Nb252 chain C auth 33 D>M,33,D,M,CDR1,False,3,8112103,Nb252_WT_rep03_seed8112103,428.0163060464183,-72.43780183942147,-95.96466213951565,-124.16029922710031,19.330826690648557,24,37,0.9166666666666666,0.8918918918918919,0.04422620653046464,2.3066305258380564,33;37;45;47;50;53;58;98;100;102;103;104;105;106;107;108;109;110;111;112;113;114;115;116,33;40;44;82;86;89;90;93;96;97;98;99;101;102;105;106;109;110;172;174;177;178;179;180;181;182;269;277;278;279;290;293;294;297;298;301;302,24,37,1.0,1.0,2.0267893935337042,0.5586122795317152,3.145198534044159,True,True,True,True,True,pass
Nb252_aff_seq033_D33N,Nb252 reported_seq D33N,Nb252 IMGT 38 D>N,Nb252 chain C auth 33 D>N,33,D,N,CDR1,False,1,8112101,Nb252_WT_rep01_seed8112101,423.3059030716545,-75.39877001665258,-97.85508751067167,-121.20158093146854,16.505400825493574,24,37,0.9166666666666666,0.8918918918918919,0.043436069507241264,2.3195897366749243,33;37;45;47;50;53;58;98;100;102;103;104;105;106;107;108;109;110;111;112;113;114;115;116,33;40;44;82;86;89;90;93;96;97;98;99;101;102;105;106;109;110;172;174;177;178;179;180;181;182;269;277;278;279;290;293;294;297;298;301;302,24,37,1.0,1.0,-0.8233328572736696,-1.3318130916242978,0.31977266888917555,True,True,True,True,True,pass
Nb252_aff_seq033_D33N,Nb252 reported_seq D33N,Nb252 IMGT 38 D>N,Nb252 chain C auth 33 D>N,33,D,N,CDR1,False,2,8112102,Nb252_WT_rep02_seed8112102,423.3059030716545,-74.50061815254941,-97.85508751067167,-121.20158093146854,16.505400825493574,24,37,0.9166666666666666,0.8918918918918919,0.043436069507241264,2.3195897366749243,33;37;45;47;50;53;58;98;100;102;103;104;105;106;107;108;109;110;111;112;113;114;115;116,33;40;44;82;86;89;90;93;96;97;98;99;101;102;105;106;109;110;172;174;177;178;179;180;181;182;269;277;278;279;290;293;294;297;298;301;302,24,37,1.0,1.0,-0.036026919594235096,-1.3318130916242978,0.31977266888917555,True,True,True,True,True,pass
Nb252_aff_seq033_D33N,Nb252 reported_seq D33N,Nb252 IMGT 38 D>N,Nb252 chain C auth 33 D>N,33,D,N,CDR1,False,3,8112103,Nb252_WT_rep03_seed8112103,423.3059030716545,-73.07859243317785,-97.85508751067167,-121.20158093146854,16.505400825493574,24,37,0.9166666666666666,0.8918918918918919,0.043436069507241264,2.3195897366749243,33;37;45;47;50;53;58;98;100;102;103;104;105;106;107;108;109;110;111;112;113;114;115;116,33;40;44;82;86;89;90;93;96;97;98;99;101;102;105;106;109;110;172;174;177;178;179;180;181;182;269;277;278;279;290;293;294;297;298;301;302,24,37,1.0,1.0,1.385998799777326,-1.3318130916242978,0.31977266888917555,True,True,True,True,True,pass
Nb252_aff_seq033_D33P,Nb252 reported_seq D33P,Nb252 IMGT 38 D>P,Nb252 chain C auth 33 D>P,33,D,P,CDR1,False,1,8112101,Nb252_WT_rep01_seed8112101,421.7588096877905,-71.90128899708805,-93.83712485447005,-120.56153990890851,16.488870636918534,24,37,0.9166666666666666,0.8918918918918919,0.04380804030759469,2.3251169756160555,33;37;45;47;50;53;58;98;100;102;103;104;105;106;107;108;109;110;111;112;113;114;115;116,33;40;44;82;86;89;90;93;96;97;98;99;101;102;105;106;109;110;172;174;177;178;179;180;181;182;269;277;278;279;290;293;294;297;298;301;302,24,37,1.0,1.0,2.6741481622908623,2.6861495645773203,0.30324248031413603,True,True,True,True,True,pass
Nb252_aff_seq033_D33P,Nb252 reported_seq D33P,Nb252 IMGT 38 D>P,Nb252 chain C auth 33 D>P,33,D,P,CDR1,False,2,8112102,Nb252_WT_rep02_seed8112102,421.7588096877905,-71.93238672640427,-93.83712485447005,-120.56153990890851,16.488870636918534,24,37,0.9166666666666666,0.8918918918918919,0.04380804030759469,2.3251169756160555,33;37;45;47;50;53;58;98;100;102;103;104;105;106;107;108;109;110;111;112;113;114;115;116,33;40;44;82;86;89;90;93;96;97;98;99;101;102;105;106;109;110;172;174;177;178;179;180;181;182;269;277;278;279;290;293;294;297;298;301;302,24,37,1.0,1.0,2.5322045065508973,2.6861495645773203,0.30324248031413603,True,True,True,True,True,pass
Nb252_aff_seq033_D33P,Nb252 reported_seq D33P,Nb252 IMGT 38 D>P,Nb252 chain C auth 33 D>P,33,D,P,CDR1,False,3,8112103,Nb252_WT_rep03_seed8112103,421.7588096877905,-71.90128899708805,-93.83712485447005,-120.56153990890851,16.488870636918534,24,37,0.9166666666666666,0.8918918918918919,0.04380804030759469,2.3251169756160555,33;37;45;47;50;53;58;98;100;102;103;104;105;106;107;108;109;110;111;112;113;114;115;116,33;40;44;82;86;89;90;93;96;97;98;99;101;102;105;106;109;110;172;174;177;178;179;180;181;182;269;277;278;279;290;293;294;297;298;301;302,24,37,1.0,1.0,2.563302235867127,2.6861495645773203,0.30324248031413603,True,True,True,True,True,pass
Nb252_aff_seq033_D33Q,Nb252 reported_seq D33Q,Nb252 IMGT 38 D>Q,Nb252 chain C auth 33 D>Q,33,D,Q,CDR1,False,1,8112101,Nb252_WT_rep01_seed8112101,427.52320841872097,-71.00072052851937,-97.72459785135027,-122.59354333346133,16.796016576283243,23,37,0.9166666666666666,0.8918918918918919,0.04447881616247363,2.31023309918235,33;37;45;47;53;58;98;100;102;103;104;105;106;107;108;109;110;111;112;113;114;115;116,33;40;44;82;86;89;90;93;96;97;98;99;101;102;105;106;109;110;172;174;177;178;179;180;181;182;269;277;278;279;290;293;294;297;298;301;302,24,37,0.9583333333333334,1.0,3.574716630859541,-1.2013234323028996,0.6103884196788449,True,True,True,True,True,pass
Nb252_aff_seq033_D33Q,Nb252 reported_seq D33Q,Nb252 IMGT 38 D>Q,Nb252 chain C auth 33 D>Q,33,D,Q,CDR1,False,2,8112102,Nb252_WT_rep02_seed8112102,427.52320841872097,-71.31769646947004,-97.72459785135027,-122.59354333346133,16.796016576283243,23,37,0.9166666666666666,0.8918918918918919,0.04447881616247363,2.31023309918235,33;37;45;47;53;58;98;100;102;103;104;105;106;107;108;109;110;111;112;113;114;115;116,33;40;44;82;86;89;90;93;96;97;98;99;101;102;105;106;109;110;172;174;177;178;179;180;181;182;269;277;278;279;290;293;294;297;298;301;302,24,37,0.9583333333333334,1.0,3.146894763485136,-1.2013234323028996,0.6103884196788449,True,True,True,True,True,pass
Nb252_aff_seq033_D33Q,Nb252 reported_seq D33Q,Nb252 IMGT 38 D>Q,Nb252 chain C auth 33 D>Q,33,D,Q,CDR1,False,3,8112103,Nb252_WT_rep03_seed8112103,427.52320841872097,-70.07948713625177,-97.72459785135027,-122.59354333346133,16.796016576283243,23,37,0.9166666666666666,0.8918918918918919,0.04447881616247363,2.31023309918235,33;37;45;47;53;58;98;100;102;103;104;105;106;107;108;109;110;111;112;113;114;115;116,33;40;44;82;86;89;90;93;96;97;98;99;101;102;105;106;109;110;172;174;177;178;179;180;181;182;269;277;278;279;290;293;294;297;298;301;302,24,37,0.9583333333333334,1.0,4.385104096703401,-1.2013234323028996,0.6103884196788449,True,True,True,True,True,pass
Nb252_aff_seq033_D33R,Nb252 reported_seq D33R,Nb252 IMGT 38 D>R,Nb252 chain C auth 33 D>R,33,D,R,CDR1,False,1,8112101,Nb252_WT_rep01_seed8112101,431.69389315737897,-69.04274519262106,-92.62926214167798,-128.48967760548226,19.791129804181608,24,38,0.9166666666666666,0.918918918918919,0.0418808762047623,2.3175873214348073,33;37;45;47;50;53;58;98;100;102;103;104;105;106;107;108;109;110;111;112;113;114;115;116,33;37;40;44;82;86;89;90;93;96;97;98;99;101;102;105;106;109;110;172;174;177;178;179;180;181;182;269;277;278;279;290;293;294;297;298;301;302,24,37,1.0,1.0,5.532691966757852,3.8940122773693844,3.60550164757721,True,True,True,True,True,pass
Nb252_aff_seq033_D33R,Nb252 reported_seq D33R,Nb252 IMGT 38 D>R,Nb252 chain C auth 33 D>R,33,D,R,CDR1,False,2,8112102,Nb252_WT_rep02_seed8112102,432.8724135627659,-67.02869624081984,-95.78611007246332,-121.5613286408521,17.531999888992885,23,37,0.9166666666666666,0.8918918918918919,0.04653965819432648,2.3218463268480827,33;37;45;47;53;58;98;100;102;103;104;105;106;107;108;109;110;111;112;113;114;115;116,33;40;44;82;86;89;90;93;96;97;98;99;101;102;105;106;109;110;172;174;177;178;179;180;181;182;269;277;278;279;290;293;294;297;298;301;302,24,37,0.9583333333333334,1.0,7.4358949921353314,0.737164346584052,1.3463717323884872,True,True,True,True,True,pass
Nb252_aff_seq033_D33R,Nb252 reported_seq D33R,Nb252 IMGT 38 D>R,Nb252 chain C auth 33 D>R,33,D,R,CDR1,False,3,8112103,Nb252_WT_rep03_seed8112103,431.69389315737897,-69.99537328589179,-92.62926214167798,-128.48967760548226,19.791129804181608,24,38,0.9166666666666666,0.918918918918919,0.0418808762047623,2.3175873214348073,33;37;45;47;50;53;58;98;100;102;103;104;105;106;107;108;109;110;111;112;113;114;115;116,33;37;40;44;82;86;89;90;93;96;97;98;99;101;102;105;106;109;110;172;174;177;178;179;180;181;182;269;277;278;279;290;293;294;297;298;301;302,24,37,1.0,1.0,4.469217947063385,3.8940122773693844,3.60550164757721,True,True,True,True,True,pass
Nb252_aff_seq033_D33S,Nb252 reported_seq D33S,Nb252 IMGT 38 D>S,Nb252 chain C auth 33 D>S,33,D,S,CDR1,False,1,8112101,Nb252_WT_rep01_seed8112101,431.7949096997577,-68.12296810752241,-90.73714836545567,-120.35309626960085,18.259817947176792,23,38,0.875,0.918918918918919,0.041162531873864996,2.311176135726873,33;37;45;47;50;53;58;98;100;102;104;105;106;107;108;109;110;111;112;113;114;115;116,33;37;40;44;82;86;89;90;93;96;97;98;99;101;102;105;106;109;110;172;174;177;178;179;180;181;182;269;277;278;279;290;293;294;297;298;301;302,24,37,0.9583333333333334,1.0,6.452469051856497,5.786126053591701,2.074189790572394,True,True,True,True,True,pass
Nb252_aff_seq033_D33S,Nb252 reported_seq D33S,Nb252 IMGT 38 D>S,Nb252 chain C auth 33 D>S,33,D,S,CDR1,False,2,8112102,Nb252_WT_rep02_seed8112102,431.7949096997577,-67.24750326349158,-90.73714836545567,-120.35309626960085,18.259817947176792,23,38,0.875,0.918918918918919,0.041162531873864996,2.311176135726873,33;37;45;47;50;53;58;98;100;102;104;105;106;107;108;109;110;111;112;113;114;115;116,33;37;40;44;82;86;89;90;93;96;97;98;99;101;102;105;106;109;110;172;174;177;178;179;180;181;182;269;277;278;279;290;293;294;297;298;301;302,24,37,0.9583333333333334,1.0,7.217087969463591,5.786126053591701,2.074189790572394,True,True,True,True,True,pass
Nb252_aff_seq033_D33S,Nb252 reported_seq D33S,Nb252 IMGT 38 D>S,Nb252 chain C auth 33 D>S,33,D,S,CDR1,False,3,8112103,Nb252_WT_rep03_seed8112103,431.7949096997577,-67.8973540938191,-90.73714836545567,-120.35309626960085,18.259817947176792,23,38,0.875,0.918918918918919,0.041162531873864996,2.311176135726873,33;37;45;47;50;53;58;98;100;102;104;105;106;107;108;109;110;111;112;113;114;115;116,33;37;40;44;82;86;89;90;93;96;97;98;99;101;102;105;106;109;110;172;174;177;178;179;180;181;182;269;277;278;279;290;293;294;297;298;301;302,24,37,0.9583333333333334,1.0,6.567237139136068,5.786126053591701,2.074189790572394,True,True,True,True,True,pass
Nb252_aff_seq033_D33T,Nb252 reported_seq D33T,Nb252 IMGT 38 D>T,Nb252 chain C auth 33 D>T,33,D,T,CDR1,False,1,8112101,Nb252_WT_rep01_seed8112101,428.5469795819679,-69.86430375411851,-94.82325225475361,-120.80576187731512,17.87768590368223,24,38,0.9166666666666666,0.918918918918919,0.0416556840056104,2.3200495803053776,33;37;45;47;50;53;58;98;100;102;103;104;105;106;107;108;109;110;111;112;113;114;115;116,33;37;40;44;82;86;89;90;93;96;97;98;99;101;102;105;106;109;110;172;174;177;178;179;180;181;182;269;277;278;279;290;293;294;297;298;301;302,24,37,1.0,1.0,4.711133405260398,1.700022164293756,1.6920577470778326,True,True,True,True,True,pass
Nb252_aff_seq033_D33T,Nb252 reported_seq D33T,Nb252 IMGT 38 D>T,Nb252 chain C auth 33 D>T,33,D,T,CDR1,False,2,8112102,Nb252_WT_rep02_seed8112102,428.5469795819679,-71.95134546949026,-94.82325225475361,-120.80576187731512,17.87768590368223,24,38,0.9166666666666666,0.918918918918919,0.0416556840056104,2.3200495803053776,33;37;45;47;50;53;58;98;100;102;103;104;105;106;107;108;109;110;111;112;113;114;115;116,33;37;40;44;82;86;89;90;93;96;97;98;99;101;102;105;106;109;110;172;174;177;178;179;180;181;182;269;277;278;279;290;293;294;297;298;301;302,24,37,1.0,1.0,2.5132457634649086,1.700022164293756,1.6920577470778326,True,True,True,True,True,pass
Nb252_aff_seq033_D33T,Nb252 reported_seq D33T,Nb252 IMGT 38 D>T,Nb252 chain C auth 33 D>T,33,D,T,CDR1,False,3,8112103,Nb252_WT_rep03_seed8112103,428.5469795819679,-71.24351182802462,-94.82325225475361,-120.80576187731512,17.87768590368223,24,38,0.9166666666666666,0.918918918918919,0.0416556840056104,2.3200495803053776,33;37;45;47;50;53;58;98;100;102;103;104;105;106;107;108;109;110;111;112;113;114;115;116,33;37;40;44;82;86;89;90;93;96;97;98;99;101;102;105;106;109;110;172;174;177;178;179;180;181;182;269;277;278;279;290;293;294;297;298;301;302,24,37,1.0,1.0,3.221079404930549,1.700022164293756,1.6920577470778326,True,True,True,True,True,pass
Nb252_aff_seq033_D33V,Nb252 reported_seq D33V,Nb252 IMGT 38 D>V,Nb252 chain C auth 33 D>V,33,D,V,CDR1,False,1,8112101,Nb252_WT_rep01_seed8112101,423.52783795889223,-74.50577995586985,-98.2235534331048,-121.00949125606851,16.58699901425344,24,37,0.9166666666666666,0.8918918918918919,0.042933425441415575,2.3170925036004246,33;37;45;47;50;53;58;98;100;102;103;104;105;106;107;108;109;110;111;112;113;114;115;116,33;40;44;82;86;89;90;93;96;97;98;99;101;102;105;106;109;110;172;174;177;178;179;180;181;182;269;277;278;279;290;293;294;297;298;301;302,24,37,1.0,1.0,0.06965720350905258,-1.700279014057429,0.40137085764904157,True,True,True,True,True,pass
Nb252_aff_seq033_D33V,Nb252 reported_seq D33V,Nb252 IMGT 38 D>V,Nb252 chain C auth 33 D>V,33,D,V,CDR1,False,2,8112102,Nb252_WT_rep02_seed8112102,423.52783795889223,-73.32416966110742,-98.2235534331048,-121.00949125606851,16.58699901425344,24,37,0.9166666666666666,0.8918918918918919,0.042933425441415575,2.3170925036004246,33;37;45;47;50;53;58;98;100;102;103;104;105;106;107;108;109;110;111;112;113;114;115;116,33;40;44;82;86;89;90;93;96;97;98;99;101;102;105;106;109;110;172;174;177;178;179;180;181;182;269;277;278;279;290;293;294;297;298;301;302,24,37,1.0,1.0,1.140421571847753,-1.700279014057429,0.40137085764904157,True,True,True,True,True,pass
Nb252_aff_seq033_D33V,Nb252 reported_seq D33V,Nb252 IMGT 38 D>V,Nb252 chain C auth 33 D>V,33,D,V,CDR1,False,3,8112103,Nb252_WT_rep03_seed8112103,423.52783795889223,-74.23748507222666,-98.2235534331048,-121.00949125606851,16.58699901425344,24,37,0.9166666666666666,0.8918918918918919,0.042933425441415575,2.3170925036004246,33;37;45;47;50;53;58;98;100;102;103;104;105;106;107;108;109;110;111;112;113;114;115;116,33;40;44;82;86;89;90;93;96;97;98;99;101;102;105;106;109;110;172;174;177;178;179;180;181;182;269;277;278;279;290;293;294;297;298;301;302,24,37,1.0,1.0,0.22710616072851053,-1.700279014057429,0.40137085764904157,True,True,True,True,True,pass
Nb252_aff_seq033_D33W,Nb252 reported_seq D33W,Nb252 IMGT 38 D>W,Nb252 chain C auth 33 D>W,33,D,W,CDR1,False,1,8112101,Nb252_WT_rep01_seed8112101,427.77595858732514,-74.76610757485196,-98.0043294090094,-125.27829576701379,18.985179543472405,24,37,0.9166666666666666,0.8918918918918919,0.04394588715564456,2.3179017068294514,33;37;45;47;50;53;58;98;100;102;103;104;105;106;107;108;109;110;111;112;113;114;115;116,33;40;44;82;86;89;90;93;96;97;98;99;101;102;105;106;109;110;172;174;177;178;179;180;181;182;269;277;278;279;290;293;294;297;298;301;302,24,37,1.0,1.0,-0.19067041547305053,-1.4810549899620327,2.799551386868007,True,True,True,True,True,pass
Nb252_aff_seq033_D33W,Nb252 reported_seq D33W,Nb252 IMGT 38 D>W,Nb252 chain C auth 33 D>W,33,D,W,CDR1,False,2,8112102,Nb252_WT_rep02_seed8112102,427.77595858732514,-74.76610757485196,-98.0043294090094,-125.27829576701379,18.985179543472405,24,37,0.9166666666666666,0.8918918918918919,0.04394588715564456,2.3179017068294514,33;37;45;47;50;53;58;98;100;102;103;104;105;106;107;108;109;110;111;112;113;114;115;116,33;40;44;82;86;89;90;93;96;97;98;99;101;102;105;106;109;110;172;174;177;178;179;180;181;182;269;277;278;279;290;293;294;297;298;301;302,24,37,1.0,1.0,-0.3015163418967859,-1.4810549899620327,2.799551386868007,True,True,True,True,True,pass
Nb252_aff_seq033_D33W,Nb252 reported_seq D33W,Nb252 IMGT 38 D>W,Nb252 chain C auth 33 D>W,33,D,W,CDR1,False,3,8112103,Nb252_WT_rep03_seed8112103,427.77595858732514,-73.81077559069206,-98.0043294090094,-125.27829576701379,18.985179543472405,24,37,0.9166666666666666,0.8918918918918919,0.04394588715564456,2.3179017068294514,33;37;45;47;50;53;58;98;100;102;103;104;105;106;107;108;109;110;111;112;113;114;115;116,33;40;44;82;86;89;90;93;96;97;98;99;101;102;105;106;109;110;172;174;177;178;179;180;181;182;269;277;278;279;290;293;294;297;298;301;302,24,37,1.0,1.0,0.6538156422631118,-1.4810549899620327,2.799551386868007,True,True,True,True,True,pass
Nb252_aff_seq033_D33Y,Nb252 reported_seq D33Y,Nb252 IMGT 38 D>Y,Nb252 chain C auth 33 D>Y,33,D,Y,CDR1,False,1,8112101,Nb252_WT_rep01_seed8112101,425.2839296106965,-73.2203849592633,-96.35259865718011,-123.59674002391345,18.28583804967627,24,37,0.9166666666666666,0.8918918918918919,0.04400388367236588,2.317170853490287,33;37;45;47;50;53;58;98;100;102;103;104;105;106;107;108;109;110;111;112;113;114;115;116,33;40;44;82;86;89;90;93;96;97;98;99;101;102;105;106;109;110;172;174;177;178;179;180;181;182;269;277;278;279;290;293;294;297;298;301;302,24,37,1.0,1.0,1.3550522001156082,0.1706757618672583,2.1002098930718702,True,True,True,True,True,pass
Nb252_aff_seq033_D33Y,Nb252 reported_seq D33Y,Nb252 IMGT 38 D>Y,Nb252 chain C auth 33 D>Y,33,D,Y,CDR1,False,2,8112102,Nb252_WT_rep02_seed8112102,425.2839296106965,-72.56128209161733,-96.35259865718011,-123.59674002391345,18.28583804967627,24,37,0.9166666666666666,0.8918918918918919,0.04400388367236588,2.317170853490287,33;37;45;47;50;53;58;98;100;102;103;104;105;106;107;108;109;110;111;112;113;114;115;116,33;40;44;82;86;89;90;93;96;97;98;99;101;102;105;106;109;110;172;174;177;178;179;180;181;182;269;277;278;279;290;293;294;297;298;301;302,24,37,1.0,1.0,1.903309141337843,0.1706757618672583,2.1002098930718702,True,True,True,True,True,pass
Nb252_aff_seq033_D33Y,Nb252 reported_seq D33Y,Nb252 IMGT 38 D>Y,Nb252 chain C auth 33 D>Y,33,D,Y,CDR1,False,3,8112103,Nb252_WT_rep03_seed8112103,425.2839296106965,-73.2203849592633,-96.35259865718011,-123.59674002391345,18.28583804967627,24,37,0.9166666666666666,0.8918918918918919,0.04400388367236588,2.317170853490287,33;37;45;47;50;53;58;98;100;102;103;104;105;106;107;108;109;110;111;112;113;114;115;116,33;40;44;82;86;89;90;93;96;97;98;99;101;102;105;106;109;110;172;174;177;178;179;180;181;182;269;277;278;279;290;293;294;297;298;301;302,24,37,1.0,1.0,1.2442062736918729,0.1706757618672583,2.1002098930718702,True,True,True,True,True,pass
Nb252_aff_seq037_Y37A,Nb252 reported_seq Y37A,Nb252 IMGT 42 Y>A,Nb252 chain C auth 37 Y>A,37,Y,A,FR2,False,1,8112101,Nb252_WT_rep01_seed8112101,419.50204375909186,-78.54181992954102,-95.99025436033901,-120.70798194958586,15.952450208813328,24,37,0.875,0.8918918918918919,0.04525785764858304,2.3572501916839115,33;45;47;50;53;58;96;98;100;102;103;104;105;106;107;108;109;110;111;112;113;114;115;116,33;40;44;82;86;89;90;93;96;97;98;99;101;102;105;106;109;110;172;174;177;178;179;180;181;182;269;277;278;279;290;293;294;297;298;301;302,24,37,0.9583333333333334,1.0,-3.966382770162113,0.5330200587083596,-0.23317794779107004,True,True,True,True,True,pass
Nb252_aff_seq037_Y37A,Nb252 reported_seq Y37A,Nb252 IMGT 42 Y>A,Nb252 chain C auth 37 Y>A,37,Y,A,FR2,False,2,8112102,Nb252_WT_rep02_seed8112102,419.22660654752247,-78.73314512010643,-96.05023554391603,-120.57877886992337,15.77167279826659,24,37,0.875,0.8918918918918919,0.045233897794942995,2.3366858488889735,33;45;47;50;53;58;96;98;100;102;103;104;105;106;107;108;109;110;111;112;113;114;115;116,33;40;44;82;86;89;90;93;96;97;98;99;101;102;105;106;109;110;172;174;177;178;179;180;181;182;269;277;278;279;290;293;294;297;298;301;302,24,37,0.9583333333333334,1.0,-4.268553887151256,0.473038875131337,-0.41395535833780883,True,True,True,True,True,pass
Nb252_aff_seq037_Y37A,Nb252 reported_seq Y37A,Nb252 IMGT 42 Y>A,Nb252 chain C auth 37 Y>A,37,Y,A,FR2,False,3,8112103,Nb252_WT_rep03_seed8112103,419.22660654752247,-77.84484798387564,-96.05023554391603,-120.57877886992337,15.77167279826659,24,37,0.875,0.8918918918918919,0.045233897794942995,2.3366858488889735,33;45;47;50;53;58;96;98;100;102;103;104;105;106;107;108;109;110;111;112;113;114;115;116,33;40;44;82;86;89;90;93;96;97;98;99;101;102;105;106;109;110;172;174;177;178;179;180;181;182;269;277;278;279;290;293;294;297;298;301;302,24,37,0.9583333333333334,1.0,-3.3802567509204664,0.473038875131337,-0.41395535833780883,True,True,True,True,True,pass
Nb252_aff_seq037_Y37C,Nb252 reported_seq Y37C,Nb252 IMGT 42 Y>C,Nb252 chain C auth 37 Y>C,37,Y,C,FR2,False,1,8112101,Nb252_WT_rep01_seed8112101,420.8655030200322,-78.36053199910316,-96.85401913865796,-121.35664963910551,16.039259751595594,24,37,0.875,0.8918918918918919,0.04515010567245051,2.313145175547846,33;45;47;50;53;58;96;98;100;102;103;104;105;106;107;108;109;110;111;112;113;114;115;116,33;40;44;82;86;89;90;93;96;97;98;99;101;102;105;106;109;110;172;174;177;178;179;180;181;182;269;277;278;279;290;293;294;297;298;301;302,24,37,0.9583333333333334,1.0,-3.785094839724252,-0.3307447196105926,-0.1463684050088041,True,True,True,True,True,pass
Nb252_aff_seq037_Y37C,Nb252 reported_seq Y37C,Nb252 IMGT 42 Y>C,Nb252 chain C auth 37 Y>C,37,Y,C,FR2,False,2,8112102,Nb252_WT_rep02_seed8112102,420.6457829253935,-79.02906777144256,-97.1947745646363,-121.44731862552308,16.014605018471354,24,37,0.875,0.8918918918918919,0.04524629061089697,2.3226957258443113,33;45;47;50;53;58;96;98;100;102;103;104;105;106;107;108;109;110;111;112;113;114;115;116,33;40;44;82;86;89;90;93;96;97;98;99;101;102;105;106;109;110;172;174;177;178;179;180;181;182;269;277;278;279;290;293;294;297;298;301;302,24,37,0.9583333333333334,1.0,-4.5644765384873836,-0.6715001455889364,-0.17102313813304448,True,True,True,True,True,pass
Nb252_aff_seq037_Y37C,Nb252 reported_seq Y37C,Nb252 IMGT 42 Y>C,Nb252 chain C auth 37 Y>C,37,Y,C,FR2,False,3,8112103,Nb252_WT_rep03_seed8112103,420.8655030200322,-78.36053199910316,-96.85401913865796,-121.35664963910551,16.039259751595594,24,37,0.875,0.8918918918918919,0.04515010567245051,2.313145175547846,33;45;47;50;53;58;96;98;100;102;103;104;105;106;107;108;109;110;111;112;113;114;115;116,33;40;44;82;86;89;90;93;96;97;98;99;101;102;105;106;109;110;172;174;177;178;179;180;181;182;269;277;278;279;290;293;294;297;298;301;302,24,37,0.9583333333333334,1.0,-3.8959407661479872,-0.3307447196105926,-0.1463684050088041,True,True,True,True,True,pass
Nb252_aff_seq037_Y37D,Nb252 reported_seq Y37D,Nb252 IMGT 42 Y>D,Nb252 chain C auth 37 Y>D,37,Y,D,FR2,False,1,8112101,Nb252_WT_rep01_seed8112101,423.5595108038041,-77.82835706664525,-95.28943444671938,-121.39934422550363,16.085380867178504,24,37,0.875,0.8918918918918919,0.045272606216986776,2.3129722625749363,33;45;47;50;53;58;96;98;100;102;103;104;105;106;107;108;109;110;111;112;113;114;115;116,33;40;44;82;86;89;90;93;96;97;98;99;101;102;105;106;109;110;172;174;177;178;179;180;181;182;269;277;278;279;290;293;294;297;298;301;302,24,37,0.9583333333333334,1.0,-3.252919907266346,1.233839972327985,-0.10024728942589434,True,True,True,True,True,pass
Nb252_aff_seq037_Y37D,Nb252 reported_seq Y37D,Nb252 IMGT 42 Y>D,Nb252 chain C auth 37 Y>D,37,Y,D,FR2,False,2,8112102,Nb252_WT_rep02_seed8112102,423.5595108038041,-76.92587469911518,-95.28943444671938,-121.39934422550363,16.085380867178504,24,37,0.875,0.8918918918918919,0.045272606216986776,2.3129722625749363,33;45;47;50;53;58;96;98;100;102;103;104;105;106;107;108;109;110;111;112;113;114;115;116,33;40;44;82;86;89;90;93;96;97;98;99;101;102;105;106;109;110;172;174;177;178;179;180;181;182;269;277;278;279;290;293;294;297;298;301;302,24,37,0.9583333333333334,1.0,-2.461283466160012,1.233839972327985,-0.10024728942589434,True,True,True,True,True,pass
Nb252_aff_seq037_Y37D,Nb252 reported_seq Y37D,Nb252 IMGT 42 Y>D,Nb252 chain C auth 37 Y>D,37,Y,D,FR2,False,3,8112103,Nb252_WT_rep03_seed8112103,423.8909295432718,-77.0000404962247,-95.13837328026935,-121.31570151833016,16.156159959140417,24,37,0.875,0.8918918918918919,0.04501776947905858,2.299353766258998,33;45;47;50;53;58;96;98;100;102;103;104;105;106;107;108;109;110;111;112;113;114;115;116,33;40;44;82;86;89;90;93;96;97;98;99;101;102;105;106;109;110;172;174;177;178;179;180;181;182;269;277;278;279;290;293;294;297;298;301;302,24,37,0.9583333333333334,1.0,-2.535449263269527,1.3849011387780195,-0.029468197463980772,True,True,True,True,True,pass
Nb252_aff_seq037_Y37E,Nb252 reported_seq Y37E,Nb252 IMGT 42 Y>E,Nb252 chain C auth 37 Y>E,37,Y,E,FR2,False,1,8112101,Nb252_WT_rep01_seed8112101,425.30970434149657,-79.82031425811942,-95.53546616962726,-122.1634653041251,16.125336573962265,25,37,0.9166666666666666,0.8918918918918919,0.04462881756401966,2.311281738631837,33;37;45;47;50;53;58;96;98;100;102;103;104;105;106;107;108;109;110;111;112;113;114;115;116,33;40;44;82;86;89;90;93;96;97;98;99;101;102;105;106;109;110;172;174;177;178;179;180;181;182;269;277;278;279;290;293;294;297;298;301;302,24,37,1.0,1.0,-5.244877098740517,0.9878082494201124,-0.06029158264213308,True,True,True,True,True,pass
Nb252_aff_seq037_Y37E,Nb252 reported_seq Y37E,Nb252 IMGT 42 Y>E,Nb252 chain C auth 37 Y>E,37,Y,E,FR2,False,2,8112102,Nb252_WT_rep02_seed8112102,425.30970434149657,-78.17596597535567,-95.53546616962726,-122.1634653041251,16.125336573962265,25,37,0.9166666666666666,0.8918918918918919,0.04462881756401966,2.311281738631837,33;37;45;47;50;53;58;96;98;100;102;103;104;105;106;107;108;109;110;111;112;113;114;115;116,33;40;44;82;86;89;90;93;96;97;98;99;101;102;105;106;109;110;172;174;177;178;179;180;181;182;269;277;278;279;290;293;294;297;298;301;302,24,37,1.0,1.0,-3.711374742400494,0.9878082494201124,-0.06029158264213308,True,True,True,True,True,pass
Nb252_aff_seq037_Y37E,Nb252 reported_seq Y37E,Nb252 IMGT 42 Y>E,Nb252 chain C auth 37 Y>E,37,Y,E,FR2,False,3,8112103,Nb252_WT_rep03_seed8112103,425.62612211374784,-79.72887183464144,-95.20973262248687,-121.97446811264147,16.10688789468541,25,37,0.9166666666666666,0.8918918918918919,0.04354904222578074,2.315650338874844,33;37;45;47;50;53;58;96;98;100;102;103;104;105;106;107;108;109;110;111;112;113;114;115;116,33;40;44;82;86;89;90;93;96;97;98;99;101;102;105;106;109;110;172;174;177;178;179;180;181;182;269;277;278;279;290;293;294;297;298;301;302,24,37,1.0,1.0,-5.264280601686266,1.3135417965605,-0.07874026191898764,True,True,True,True,True,pass
Nb252_aff_seq037_Y37F,Nb252 reported_seq Y37F,Nb252 IMGT 42 Y>F,Nb252 chain C auth 37 Y>F,37,Y,F,FR2,False,1,8112101,Nb252_WT_rep01_seed8112101,421.32315276147386,-74.92535480625122,-96.8967451719811,-120.2574489713891,15.925983056849729,24,37,0.9166666666666666,0.8918918918918919,0.04375742164487586,2.318533776933689,33;37;45;47;50;53;58;98;100;102;103;104;105;106;107;108;109;110;111;112;113;114;115;116,33;40;44;82;86;89;90;93;96;97;98;99;101;102;105;106;109;110;172;174;177;178;179;180;181;182;269;277;278;279;290;293;294;297;298;301;302,24,37,1.0,1.0,-0.3499176468723135,-0.3734707529337271,-0.2596450997546693,True,True,True,True,True,pass
Nb252_aff_seq037_Y37F,Nb252 reported_seq Y37F,Nb252 IMGT 42 Y>F,Nb252 chain C auth 37 Y>F,37,Y,F,FR2,False,2,8112102,Nb252_WT_rep02_seed8112102,421.32315276147386,-74.63523400202041,-96.8967451719811,-120.2574489713891,15.925983056849729,24,37,0.9166666666666666,0.8918918918918919,0.04375742164487586,2.318533776933689,33;37;45;47;50;53;58;98;100;102;103;104;105;106;107;108;109;110;111;112;113;114;115;116,33;40;44;82;86;89;90;93;96;97;98;99;101;102;105;106;109;110;172;174;177;178;179;180;181;182;269;277;278;279;290;293;294;297;298;301;302,24,37,1.0,1.0,-0.170642769065239,-0.3734707529337271,-0.2596450997546693,True,True,True,True,True,pass
Nb252_aff_seq037_Y37F,Nb252 reported_seq Y37F,Nb252 IMGT 42 Y>F,Nb252 chain C auth 37 Y>F,37,Y,F,FR2,False,3,8112103,Nb252_WT_rep03_seed8112103,421.32315276147386,-73.72709027423025,-96.8967451719811,-120.2574489713891,15.925983056849729,24,37,0.9166666666666666,0.8918918918918919,0.04375742164487586,2.318533776933689,33;37;45;47;50;53;58;98;100;102;103;104;105;106;107;108;109;110;111;112;113;114;115;116,33;40;44;82;86;89;90;93;96;97;98;99;101;102;105;106;109;110;172;174;177;178;179;180;181;182;269;277;278;279;290;293;294;297;298;301;302,24,37,1.0,1.0,0.7375009587249224,-0.3734707529337271,-0.2596450997546693,True,True,True,True,True,pass
Nb252_aff_seq037_Y37G,Nb252 reported_seq Y37G,Nb252 IMGT 42 Y>G,Nb252 chain C auth 37 Y>G,37,Y,G,FR2,False,1,8112101,Nb252_WT_rep01_seed8112101,421.91316402178705,-79.21557919342052,-97.03563300078997,-120.0490459529642,15.479453629370036,24,37,0.875,0.8918918918918919,0.04519300523357441,2.557627267519046,33;45;47;50;53;58;96;98;100;102;103;104;105;106;107;108;109;110;111;112;113;114;115;116,33;40;44;82;86;89;90;93;96;97;98;99;101;102;105;106;109;110;172;174;177;178;179;180;181;182;269;277;278;279;290;293;294;297;298;301;302,24,37,0.9583333333333334,1.0,-4.640142034041617,-0.5123585817426033,-0.7061745272343618,True,True,True,True,True,pass
Nb252_aff_seq037_Y37G,Nb252 reported_seq Y37G,Nb252 IMGT 42 Y>G,Nb252 chain C auth 37 Y>G,37,Y,G,FR2,False,2,8112102,Nb252_WT_rep02_seed8112102,421.8059021742725,-79.7065565666702,-96.91246561318047,-120.01439064625532,15.371007153380415,24,37,0.875,0.8918918918918919,0.044962337445845615,2.528264345917618,33;45;47;50;53;58;96;98;100;102;103;104;105;106;107;108;109;110;111;112;113;114;115;116,33;40;44;82;86;89;90;93;96;97;98;99;101;102;105;106;109;110;172;174;177;178;179;180;181;182;269;277;278;279;290;293;294;297;298;301;302,24,37,0.9583333333333334,1.0,-5.241965333715029,-0.38919119413310455,-0.8146210032239836,True,True,True,True,True,pass
Nb252_aff_seq037_Y37G,Nb252 reported_seq Y37G,Nb252 IMGT 42 Y>G,Nb252 chain C auth 37 Y>G,37,Y,G,FR2,False,3,8112103,Nb252_WT_rep03_seed8112103,421.8059021742725,-79.31167216307324,-96.91246561318047,-120.01439064625532,15.371007153380415,24,37,0.875,0.8918918918918919,0.044962337445845615,2.528264345917618,33;45;47;50;53;58;96;98;100;102;103;104;105;106;107;108;109;110;111;112;113;114;115;116,33;40;44;82;86;89;90;93;96;97;98;99;101;102;105;106;109;110;172;174;177;178;179;180;181;182;269;277;278;279;290;293;294;297;298;301;302,24,37,0.9583333333333334,1.0,-4.847080930118068,-0.38919119413310455,-0.8146210032239836,True,True,True,True,True,pass
Nb252_aff_seq037_Y37H,Nb252 reported_seq Y37H,Nb252 IMGT 42 Y>H,Nb252 chain C auth 37 Y>H,37,Y,H,FR2,False,1,8112101,Nb252_WT_rep01_seed8112101,425.06750701840815,-75.18085848547992,-94.96626286307423,-119.11621991906453,15.610797026468916,23,37,0.875,0.8918918918918919,0.04396987763015966,2.30904146415671,33;45;47;50;53;58;98;100;102;103;104;105;106;107;108;109;110;111;112;113;114;115;116,33;40;44;82;86;89;90;93;96;97;98;99;101;102;105;106;109;110;172;174;177;178;179;180;181;182;269;277;278;279;290;293;294;297;298;301;302,24,37,0.9583333333333334,1.0,-0.6054213261010091,1.5570115559731335,-0.5748311301354825,True,True,True,True,True,pass
Nb252_aff_seq037_Y37H,Nb252 reported_seq Y37H,Nb252 IMGT 42 Y>H,Nb252 chain C auth 37 Y>H,37,Y,H,FR2,False,2,8112102,Nb252_WT_rep02_seed8112102,419.5056934730833,-79.18940478718457,-96.34463310509602,-123.33301220484914,16.59694583886963,24,37,0.875,0.8918918918918919,0.0436859517003918,2.3150836758631943,33;37;45;50;53;58;96;98;100;102;103;104;105;106;107;108;109;110;111;112;113;114;115;116,33;40;44;82;86;89;90;93;96;97;98;99;101;102;105;106;109;110;172;174;177;178;179;180;181;182;269;277;278;279;290;293;294;297;298;301;302,24,37,0.9583333333333334,1.0,-4.724813554229399,0.17864131395134564,0.41131768226523135,True,True,True,True,True,pass
Nb252_aff_seq037_Y37H,Nb252 reported_seq Y37H,Nb252 IMGT 42 Y>H,Nb252 chain C auth 37 Y>H,37,Y,H,FR2,False,3,8112103,Nb252_WT_rep03_seed8112103,419.5056934730833,-78.27211636130141,-96.34463310509602,-123.33301220484914,16.59694583886963,24,37,0.875,0.8918918918918919,0.0436859517003918,2.3150836758631943,33;37;45;50;53;58;96;98;100;102;103;104;105;106;107;108;109;110;111;112;113;114;115;116,33;40;44;82;86;89;90;93;96;97;98;99;101;102;105;106;109;110;172;174;177;178;179;180;181;182;269;277;278;279;290;293;294;297;298;301;302,24,37,0.9583333333333334,1.0,-3.807525128346242,0.17864131395134564,0.41131768226523135,True,True,True,True,True,pass
Nb252_aff_seq037_Y37I,Nb252 reported_seq Y37I,Nb252 IMGT 42 Y>I,Nb252 chain C auth 37 Y>I,37,Y,I,FR2,False,1,8112101,Nb252_WT_rep01_seed8112101,429.87987552881464,-78.20183636743565,-95.89003932370984,-121.61443134530415,16.630659425459616,24,38,0.875,0.918918918918919,0.045011093994409106,2.2991654164668724,33;45;47;50;53;58;96;98;100;102;103;104;105;106;107;108;109;110;111;112;113;114;115;116,33;37;40;44;82;86;89;90;93;96;97;98;99;101;102;105;106;109;110;172;174;177;178;179;180;181;182;269;277;278;279;290;293;294;297;298;301;302,24,37,0.9583333333333334,1.0,-3.626399208056739,0.6332350953375254,0.4450312688552174,True,True,True,True,True,pass
Nb252_aff_seq037_Y37I,Nb252 reported_seq Y37I,Nb252 IMGT 42 Y>I,Nb252 chain C auth 37 Y>I,37,Y,I,FR2,False,2,8112102,Nb252_WT_rep02_seed8112102,427.98124817860804,-79.21683246654453,-98.41635231525274,-123.28483171598135,16.257543008627582,25,37,0.9166666666666666,0.8918918918918919,0.0454661811376447,2.364919931283135,33;37;45;47;50;53;58;96;98;100;102;103;104;105;106;107;108;109;110;111;112;113;114;115;116,33;40;44;82;86;89;90;93;96;97;98;99;101;102;105;106;109;110;172;174;177;178;179;180;181;182;269;277;278;279;290;293;294;297;298;301;302,24,37,1.0,1.0,-4.752241233589359,-1.8930778962053694,0.07191485202318404,True,True,True,True,True,pass
Nb252_aff_seq037_Y37I,Nb252 reported_seq Y37I,Nb252 IMGT 42 Y>I,Nb252 chain C auth 37 Y>I,37,Y,I,FR2,False,3,8112103,Nb252_WT_rep03_seed8112103,428.67485386408185,-79.69468737105655,-98.25951353824559,-123.35381854980413,16.359601887737,25,38,0.9166666666666666,0.918918918918919,0.04508083090921996,2.376735487066432,33;37;45;47;50;53;58;96;98;100;102;103;104;105;106;107;108;109;110;111;112;113;114;115;116,33;37;40;44;82;86;89;90;93;96;97;98;99;101;102;105;106;109;110;172;174;177;178;179;180;181;182;269;277;278;279;290;293;294;297;298;301;302,24,37,1.0,1.0,-5.2300961381013735,-1.736239119198217,0.17397373113260173,True,True,True,True,True,pass
Nb252_aff_seq037_Y37K,Nb252 reported_seq Y37K,Nb252 IMGT 42 Y>K,Nb252 chain C auth 37 Y>K,37,Y,K,FR2,False,1,8112101,Nb252_WT_rep01_seed8112101,439.74468084143405,-70.31882064479606,-99.56475252351946,-123.41520779656682,15.767897201058808,25,37,0.9166666666666666,0.8918918918918919,0.046779112680948885,2.572451744521006,33;37;45;47;50;53;58;96;98;100;102;103;104;105;106;107;108;109;110;111;112;113;114;115;116,33;40;44;82;86;89;90;93;96;97;98;99;101;102;105;106;109;110;172;174;177;178;179;180;181;182;269;277;278;279;290;293;294;297;298;301;302,24,37,1.0,1.0,4.256616514582845,-3.041478104472091,-0.4177309555455899,True,True,True,True,True,pass
Nb252_aff_seq037_Y37K,Nb252 reported_seq Y37K,Nb252 IMGT 42 Y>K,Nb252 chain C auth 37 Y>K,37,Y,K,FR2,False,2,8112102,Nb252_WT_rep02_seed8112102,438.79740600574655,-66.82505496014312,-97.1640156142152,-122.35632754417588,16.084355731889758,25,37,0.9166666666666666,0.8918918918918919,0.04456663588991446,2.285855170376342,33;37;45;47;50;53;58;96;98;100;102;103;104;105;106;107;108;109;110;111;112;113;114;115;116,33;40;44;82;86;89;90;93;96;97;98;99;101;102;105;106;109;110;172;174;177;178;179;180;181;182;269;277;278;279;290;293;294;297;298;301;302,24,37,1.0,1.0,7.639536272812052,-0.6407411951678341,-0.10127242471464015,True,True,True,True,True,pass
Nb252_aff_seq037_Y37K,Nb252 reported_seq Y37K,Nb252 IMGT 42 Y>K,Nb252 chain C auth 37 Y>K,37,Y,K,FR2,False,3,8112103,Nb252_WT_rep03_seed8112103,438.79740600574655,-66.82505496014312,-97.1640156142152,-122.35632754417588,16.084355731889758,25,37,0.9166666666666666,0.8918918918918919,0.04456663588991446,2.285855170376342,33;37;45;47;50;53;58;96;98;100;102;103;104;105;106;107;108;109;110;111;112;113;114;115;116,33;40;44;82;86;89;90;93;96;97;98;99;101;102;105;106;109;110;172;174;177;178;179;180;181;182;269;277;278;279;290;293;294;297;298;301;302,24,37,1.0,1.0,7.639536272812052,-0.6407411951678341,-0.10127242471464015,True,True,True,True,True,pass
Nb252_aff_seq037_Y37L,Nb252 reported_seq Y37L,Nb252 IMGT 42 Y>L,Nb252 chain C auth 37 Y>L,37,Y,L,FR2,False,1,8112101,Nb252_WT_rep01_seed8112101,421.4653911336083,-79.10755337740665,-96.84901656385506,-122.85639958930142,17.590108145941493,25,37,0.9166666666666666,0.8918918918918919,0.044678121764238424,2.24397416344009,33;37;45;47;50;53;58;96;98;100;102;103;104;105;106;107;108;109;110;111;112;113;114;115;116,33;40;44;82;86;89;90;93;96;97;98;99;101;102;105;106;109;110;172;174;177;178;179;180;181;182;269;277;278;279;290;293;294;297;298;301;302,24,37,1.0,1.0,-4.532116218027738,-0.32574214480769115,1.4044799893370943,True,True,True,True,True,pass
Nb252_aff_seq037_Y37L,Nb252 reported_seq Y37L,Nb252 IMGT 42 Y>L,Nb252 chain C auth 37 Y>L,37,Y,L,FR2,False,2,8112102,Nb252_WT_rep02_seed8112102,421.4653911336083,-80.58423103732486,-96.84901656385506,-122.85639958930142,17.590108145941493,25,37,0.9166666666666666,0.8918918918918919,0.044678121764238424,2.24397416344009,33;37;45;47;50;53;58;96;98;100;102;103;104;105;106;107;108;109;110;111;112;113;114;115;116,33;40;44;82;86;89;90;93;96;97;98;99;101;102;105;106;109;110;172;174;177;178;179;180;181;182;269;277;278;279;290;293;294;297;298;301;302,24,37,1.0,1.0,-6.119639804369683,-0.32574214480769115,1.4044799893370943,True,True,True,True,True,pass
Nb252_aff_seq037_Y37L,Nb252 reported_seq Y37L,Nb252 IMGT 42 Y>L,Nb252 chain C auth 37 Y>L,37,Y,L,FR2,False,3,8112103,Nb252_WT_rep03_seed8112103,421.4653911336083,-79.51072249284465,-96.84901656385506,-122.85639958930142,17.590108145941493,25,37,0.9166666666666666,0.8918918918918919,0.044678121764238424,2.24397416344009,33;37;45;47;50;53;58;96;98;100;102;103;104;105;106;107;108;109;110;111;112;113;114;115;116,33;40;44;82;86;89;90;93;96;97;98;99;101;102;105;106;109;110;172;174;177;178;179;180;181;182;269;277;278;279;290;293;294;297;298;301;302,24,37,1.0,1.0,-5.046131259889478,-0.32574214480769115,1.4044799893370943,True,True,True,True,True,pass
Nb252_aff_seq037_Y37M,Nb252 reported_seq Y37M,Nb252 IMGT 42 Y>M,Nb252 chain C auth 37 Y>M,37,Y,M,FR2,False,1,8112101,Nb252_WT_rep01_seed8112101,429.75326396851176,-74.6128256392123,-94.59104021758827,-117.2732729910718,15.080569777083223,23,37,0.875,0.8918918918918919,0.04530626764673579,2.339492219067757,33;45;47;50;53;58;98;100;102;103;104;105;106;107;108;109;110;111;112;113;114;115;116,33;40;44;82;86;89;90;93;96;97;98;99;101;102;105;106;109;110;172;174;177;178;179;180;181;182;269;277;278;279;290;293;294;297;298;301;302,24,37,0.9583333333333334,1.0,-0.037388479833396104,1.9322342014590959,-1.105058379521175,True,True,True,True,True,pass
Nb252_aff_seq037_Y37M,Nb252 reported_seq Y37M,Nb252 IMGT 42 Y>M,Nb252 chain C auth 37 Y>M,37,Y,M,FR2,False,2,8112102,Nb252_WT_rep02_seed8112102,425.75701465891734,-73.193697957138,-94.38651718671338,-117.65745731882897,15.380146577648556,23,37,0.875,0.8918918918918919,0.04491370410849729,2.338899901038142,33;45;47;50;53;58;98;100;102;103;104;105;106;107;108;109;110;111;112;113;114;115;116,33;40;44;82;86;89;90;93;96;97;98;99;101;102;105;106;109;110;172;174;177;178;179;180;181;182;269;277;278;279;290;293;294;297;298;301;302,24,37,0.9583333333333334,1.0,1.2708932758171727,2.1367572323339914,-0.8054815789558418,True,True,True,True,True,pass
Nb252_aff_seq037_Y37M,Nb252 reported_seq Y37M,Nb252 IMGT 42 Y>M,Nb252 chain C auth 37 Y>M,37,Y,M,FR2,False,3,8112103,Nb252_WT_rep03_seed8112103,425.75701465891734,-74.69864867574245,-94.38651718671338,-117.65745731882897,15.380146577648556,23,37,0.875,0.8918918918918919,0.04491370410849729,2.338899901038142,33;45;47;50;53;58;98;100;102;103;104;105;106;107;108;109;110;111;112;113;114;115;116,33;40;44;82;86;89;90;93;96;97;98;99;101;102;105;106;109;110;172;174;177;178;179;180;181;182;269;277;278;279;290;293;294;297;298;301;302,24,37,0.9583333333333334,1.0,-0.23405744278727525,2.1367572323339914,-0.8054815789558418,True,True,True,True,True,pass
Nb252_aff_seq037_Y37N,Nb252 reported_seq Y37N,Nb252 IMGT 42 Y>N,Nb252 chain C auth 37 Y>N,37,Y,N,FR2,False,1,8112101,Nb252_WT_rep01_seed8112101,421.5566986403563,-77.8893074163193,-96.12193224981776,-121.47583492602058,15.835236589511522,24,37,0.875,0.8918918918918919,0.044178005468678935,2.3194685073729855,33;45;47;50;53;58;96;98;100;102;103;104;105;106;107;108;109;110;111;112;113;114;115;116,33;40;44;82;86;89;90;93;96;97;98;99;101;102;105;106;109;110;172;174;177;178;179;180;181;182;269;277;278;279;290;293;294;297;298;301;302,24,37,0.9583333333333334,1.0,-3.3138702569403904,0.40134216922960775,-0.3503915670928759,True,True,True,True,True,pass
Nb252_aff_seq037_Y37N,Nb252 reported_seq Y37N,Nb252 IMGT 42 Y>N,Nb252 chain C auth 37 Y>N,37,Y,N,FR2,False,2,8112102,Nb252_WT_rep02_seed8112102,422.6419953936628,-77.68236567752257,-95.80004206022987,-121.74538565645723,16.304822286492755,24,37,0.875,0.8918918918918919,0.04399774813227627,2.3203505625418575,33;45;47;50;53;58;96;98;100;102;103;104;105;106;107;108;109;110;111;112;113;114;115;116,33;40;44;82;86;89;90;93;96;97;98;99;101;102;105;106;109;110;172;174;177;178;179;180;181;182;269;277;278;279;290;293;294;297;298;301;302,24,37,0.9583333333333334,1.0,-3.2177744445673966,0.7232323588174978,0.11919412988835631,True,True,True,True,True,pass
Nb252_aff_seq037_Y37N,Nb252 reported_seq Y37N,Nb252 IMGT 42 Y>N,Nb252 chain C auth 37 Y>N,37,Y,N,FR2,False,3,8112103,Nb252_WT_rep03_seed8112103,425.67757539916823,-80.18627521022171,-97.51640304175658,-122.36761173900283,15.835645694857035,24,37,0.875,0.8918918918918919,0.045142118546132065,2.5529235870084706,33;45;47;50;53;58;96;98;100;102;103;104;105;106;107;108;109;110;111;112;113;114;115;116,33;40;44;82;86;89;90;93;96;97;98;99;101;102;105;106;109;110;172;174;177;178;179;180;181;182;269;277;278;279;290;293;294;297;298;301;302,24,37,0.9583333333333334,1.0,-5.721683977266537,-0.9931286227092073,-0.3499824617473628,True,True,True,True,True,pass
Nb252_aff_seq037_Y37P,Nb252 reported_seq Y37P,Nb252 IMGT 42 Y>P,Nb252 chain C auth 37 Y>P,37,Y,P,FR2,False,1,8112101,Nb252_WT_rep01_seed8112101,466.44254887048965,-75.30042030823165,-91.62039983360282,-121.6576186335758,18.19386658623982,23,38,0.8333333333333334,0.918918918918919,0.05563577408831906,2.2701237373166894,33;45;50;53;58;96;98;100;102;103;104;105;106;107;108;109;110;111;112;113;114;115;116,33;37;40;44;82;86;89;90;93;96;97;98;99;101;102;105;106;109;110;172;174;177;178;179;180;181;182;269;277;278;279;290;293;294;297;298;301;302,24,37,0.9166666666666666,1.0,-0.7249831488527434,4.90287458544455,2.0082384296354228,True,True,True,True,True,pass
Nb252_aff_seq037_Y37P,Nb252 reported_seq Y37P,Nb252 IMGT 42 Y>P,Nb252 chain C auth 37 Y>P,37,Y,P,FR2,False,2,8112102,Nb252_WT_rep02_seed8112102,466.32733928672536,-73.35146897102214,-91.85076211689056,-121.59954410449318,17.92850669260505,23,38,0.8333333333333334,0.918918918918919,0.05564232997134796,2.294972158987637,33;45;50;53;58;96;98;100;102;103;104;105;106;107;108;109;110;111;112;113;114;115;116,33;37;40;44;82;86;89;90;93;96;97;98;99;101;102;105;106;109;110;172;174;177;178;179;180;181;182;269;277;278;279;290;293;294;297;298;301;302,24,37,0.9166666666666666,1.0,1.1131222619330288,4.672512302156804,1.742878536000653,True,True,True,True,True,pass
Nb252_aff_seq037_Y37P,Nb252 reported_seq Y37P,Nb252 IMGT 42 Y>P,Nb252 chain C auth 37 Y>P,37,Y,P,FR2,False,3,8112103,Nb252_WT_rep03_seed8112103,466.44254887048965,-74.40041840136132,-91.62039983360282,-121.6576186335758,18.19386658623982,23,38,0.8333333333333334,0.918918918918919,0.05563577408831906,2.2701237373166894,33;45;50;53;58;96;98;100;102;103;104;105;106;107;108;109;110;111;112;113;114;115;116,33;37;40;44;82;86;89;90;93;96;97;98;99;101;102;105;106;109;110;172;174;177;178;179;180;181;182;269;277;278;279;290;293;294;297;298;301;302,24,37,0.9166666666666666,1.0,0.06417283159385079,4.90287458544455,2.0082384296354228,True,True,True,True,True,pass
Nb252_aff_seq037_Y37Q,Nb252 reported_seq Y37Q,Nb252 IMGT 42 Y>Q,Nb252 chain C auth 37 Y>Q,37,Y,Q,FR2,False,1,8112101,Nb252_WT_rep01_seed8112101,421.9328004677585,-78.87236511285221,-96.03039766815088,-122.22897700214595,16.383335146581686,25,37,0.9166666666666666,0.8918918918918919,0.04401026976498426,2.3182237986872933,33;37;45;47;50;53;58;96;98;100;102;103;104;105;106;107;108;109;110;111;112;113;114;115;116,33;40;44;82;86;89;90;93;96;97;98;99;101;102;105;106;109;110;172;174;177;178;179;180;181;182;269;277;278;279;290;293;294;297;298;301;302,24,37,1.0,1.0,-4.2969279534733005,0.4928767508964853,0.19770698997728786,True,True,True,True,True,pass
Nb252_aff_seq037_Y37Q,Nb252 reported_seq Y37Q,Nb252 IMGT 42 Y>Q,Nb252 chain C auth 37 Y>Q,37,Y,Q,FR2,False,2,8112102,Nb252_WT_rep02_seed8112102,421.9328004677585,-77.97020167455855,-96.03039766815088,-122.22897700214595,16.383335146581686,25,37,0.9166666666666666,0.8918918918918919,0.04401026976498426,2.3182237986872933,33;37;45;47;50;53;58;96;98;100;102;103;104;105;106;107;108;109;110;111;112;113;114;115;116,33;40;44;82;86;89;90;93;96;97;98;99;101;102;105;106;109;110;172;174;177;178;179;180;181;182;269;277;278;279;290;293;294;297;298;301;302,24,37,1.0,1.0,-3.5056104416033804,0.4928767508964853,0.19770698997728786,True,True,True,True,True,pass
Nb252_aff_seq037_Y37Q,Nb252 reported_seq Y37Q,Nb252 IMGT 42 Y>Q,Nb252 chain C auth 37 Y>Q,37,Y,Q,FR2,False,3,8112103,Nb252_WT_rep03_seed8112103,421.9328004677585,-83.94022041123048,-96.03039766815088,-122.22897700214595,16.383335146581686,25,37,0.9166666666666666,0.8918918918918919,0.04401026976498426,2.3182237986872933,33;37;45;47;50;53;58;96;98;100;102;103;104;105;106;107;108;109;110;111;112;113;114;115;116,33;40;44;82;86;89;90;93;96;97;98;99;101;102;105;106;109;110;172;174;177;178;179;180;181;182;269;277;278;279;290;293;294;297;298;301;302,24,37,1.0,1.0,-9.475629178275312,0.4928767508964853,0.19770698997728786,True,True,True,True,True,pass
Nb252_aff_seq037_Y37R,Nb252 reported_seq Y37R,Nb252 IMGT 42 Y>R,Nb252 chain C auth 37 Y>R,37,Y,R,FR2,False,1,8112101,Nb252_WT_rep01_seed8112101,429.036553687504,-75.497233570258,-95.63013848926187,-123.94966914689836,17.974646464249002,25,37,0.9166666666666666,0.8918918918918919,0.046547652820075114,2.2422650875296206,33;37;45;47;50;53;58;96;98;100;102;103;104;105;106;107;108;109;110;111;112;113;114;115;116,33;40;44;82;86;89;90;93;96;97;98;99;101;102;105;106;109;110;172;174;177;178;179;180;181;182;269;277;278;279;290;293;294;297;298;301;302,24,37,1.0,1.0,-0.9217964108790966,0.893135929785501,1.7890183076446036,True,True,True,True,True,pass
Nb252_aff_seq037_Y37R,Nb252 reported_seq Y37R,Nb252 IMGT 42 Y>R,Nb252 chain C auth 37 Y>R,37,Y,R,FR2,False,2,8112102,Nb252_WT_rep02_seed8112102,429.036553687504,-75.76898464997225,-95.63013848926187,-123.94966914689836,17.974646464249002,25,37,0.9166666666666666,0.8918918918918919,0.046547652820075114,2.2422650875296206,33;37;45;47;50;53;58;96;98;100;102;103;104;105;106;107;108;109;110;111;112;113;114;115;116,33;40;44;82;86;89;90;93;96;97;98;99;101;102;105;106;109;110;172;174;177;178;179;180;181;182;269;277;278;279;290;293;294;297;298;301;302,24,37,1.0,1.0,-1.3043934170170814,0.893135929785501,1.7890183076446036,True,True,True,True,True,pass
Nb252_aff_seq037_Y37R,Nb252 reported_seq Y37R,Nb252 IMGT 42 Y>R,Nb252 chain C auth 37 Y>R,37,Y,R,FR2,False,3,8112103,Nb252_WT_rep03_seed8112103,432.16257579344165,-74.1350251979415,-94.88408454606078,-119.26165634751612,15.659805000864786,24,37,0.9166666666666666,0.8918918918918919,0.04414788960876382,2.3364291479979262,33;37;45;47;50;53;58;98;100;102;103;104;105;106;107;108;109;110;111;112;113;114;115;116,33;40;44;82;86;89;90;93;96;97;98;99;101;102;105;106;109;110;172;174;177;178;179;180;181;182;269;277;278;279;290;293;294;297;298;301;302,24,37,1.0,1.0,0.32956603501367,1.6391898729865915,-0.5258231557396122,True,True,True,True,True,pass
Nb252_aff_seq037_Y37S,Nb252 reported_seq Y37S,Nb252 IMGT 42 Y>S,Nb252 chain C auth 37 Y>S,37,Y,S,FR2,False,1,8112101,Nb252_WT_rep01_seed8112101,420.8537733387902,-77.8432318462381,-96.10864805507649,-120.8688801398275,15.91278688108474,24,37,0.875,0.8918918918918919,0.044644181114998446,2.318015956916076,33;45;47;50;53;58;96;98;100;102;103;104;105;106;107;108;109;110;111;112;113;114;115;116,33;40;44;82;86;89;90;93;96;97;98;99;101;102;105;106;109;110;172;174;177;178;179;180;181;182;269;277;278;279;290;293;294;297;298;301;302,24,37,0.9583333333333334,1.0,-3.2677946868591903,0.41462636397088204,-0.2728412755196583,True,True,True,True,True,pass
Nb252_aff_seq037_Y37S,Nb252 reported_seq Y37S,Nb252 IMGT 42 Y>S,Nb252 chain C auth 37 Y>S,37,Y,S,FR2,False,2,8112102,Nb252_WT_rep02_seed8112102,420.8537733387902,-78.7617652194229,-96.10864805507649,-120.8688801398275,15.91278688108474,24,37,0.875,0.8918918918918919,0.044644181114998446,2.318015956916076,33;45;47;50;53;58;96;98;100;102;103;104;105;106;107;108;109;110;111;112;113;114;115;116,33;40;44;82;86;89;90;93;96;97;98;99;101;102;105;106;109;110;172;174;177;178;179;180;181;182;269;277;278;279;290;293;294;297;298;301;302,24,37,0.9583333333333334,1.0,-4.297173986467726,0.41462636397088204,-0.2728412755196583,True,True,True,True,True,pass
Nb252_aff_seq037_Y37S,Nb252 reported_seq Y37S,Nb252 IMGT 42 Y>S,Nb252 chain C auth 37 Y>S,37,Y,S,FR2,False,3,8112103,Nb252_WT_rep03_seed8112103,420.8537733387902,-130.34451825239677,-96.10864805507649,-120.8688801398275,15.91278688108474,24,37,0.875,0.8918918918918919,0.044644181114998446,2.318015956916076,33;45;47;50;53;58;96;98;100;102;103;104;105;106;107;108;109;110;111;112;113;114;115;116,33;40;44;82;86;89;90;93;96;97;98;99;101;102;105;106;109;110;172;174;177;178;179;180;181;182;269;277;278;279;290;293;294;297;298;301;302,24,37,0.9583333333333334,1.0,-55.879927019441595,0.41462636397088204,-0.2728412755196583,True,True,True,True,True,pass
Nb252_aff_seq037_Y37T,Nb252 reported_seq Y37T,Nb252 IMGT 42 Y>T,Nb252 chain C auth 37 Y>T,37,Y,T,FR2,False,1,8112101,Nb252_WT_rep01_seed8112101,422.35197196370257,-79.87964641758839,-95.83431519942515,-121.97114881898129,17.334947113316954,24,37,0.875,0.8918918918918919,0.045758404682215974,2.2444359504255575,33;45;47;50;53;58;96;98;100;102;103;104;105;106;107;108;109;110;111;112;113;114;115;116,33;40;44;82;86;89;90;93;96;97;98;99;101;102;105;106;109;110;172;174;177;178;179;180;181;182;269;277;278;279;290;293;294;297;298;301;302,24,37,0.9583333333333334,1.0,-5.304209258209482,0.6889592196222196,1.1493189567125555,True,True,True,True,True,pass
Nb252_aff_seq037_Y37T,Nb252 reported_seq Y37T,Nb252 IMGT 42 Y>T,Nb252 chain C auth 37 Y>T,37,Y,T,FR2,False,2,8112102,Nb252_WT_rep02_seed8112102,422.35197196370257,-77.38062702443113,-95.83431519942515,-121.97114881898129,17.334947113316954,24,37,0.875,0.8918918918918919,0.045758404682215974,2.2444359504255575,33;45;47;50;53;58;96;98;100;102;103;104;105;106;107;108;109;110;111;112;113;114;115;116,33;40;44;82;86;89;90;93;96;97;98;99;101;102;105;106;109;110;172;174;177;178;179;180;181;182;269;277;278;279;290;293;294;297;298;301;302,24,37,0.9583333333333334,1.0,-2.916035791475963,0.6889592196222196,1.1493189567125555,True,True,True,True,True,pass
Nb252_aff_seq037_Y37T,Nb252 reported_seq Y37T,Nb252 IMGT 42 Y>T,Nb252 chain C auth 37 Y>T,37,Y,T,FR2,False,3,8112103,Nb252_WT_rep03_seed8112103,426.23696954296463,-78.58310903674254,-98.45304905677565,-122.12954485917037,16.03231964001682,24,37,0.875,0.8918918918918919,0.04507396875786187,2.539410614157013,33;45;47;50;53;58;96;98;100;102;103;104;105;106;107;108;109;110;111;112;113;114;115;116,33;40;44;82;86;89;90;93;96;97;98;99;101;102;105;106;109;110;172;174;177;178;179;180;181;182;269;277;278;279;290;293;294;297;298;301;302,24,37,0.9583333333333334,1.0,-4.11851780378737,-1.9297746377282863,-0.15330851658757894,True,True,True,True,True,pass
Nb252_aff_seq037_Y37V,Nb252 reported_seq Y37V,Nb252 IMGT 42 Y>V,Nb252 chain C auth 37 Y>V,37,Y,V,FR2,False,1,8112101,Nb252_WT_rep01_seed8112101,426.5562862960261,-76.76476542785315,-95.62504433339271,-122.5992110463876,18.35954821573131,24,37,0.875,0.8918918918918919,0.04955801034685523,2.224233115168248,33;45;47;50;53;58;96;98;100;102;103;104;105;106;107;108;109;110;111;112;113;114;115;116,33;40;44;82;86;89;90;93;96;97;98;99;101;102;105;106;109;110;172;174;177;178;179;180;181;182;269;277;278;279;290;293;294;297;298;301;302,24,37,0.9583333333333334,1.0,-2.1893282684742417,0.8982300856546601,2.1739200591269103,True,True,True,True,True,pass
Nb252_aff_seq037_Y37V,Nb252 reported_seq Y37V,Nb252 IMGT 42 Y>V,Nb252 chain C auth 37 Y>V,37,Y,V,FR2,False,2,8112102,Nb252_WT_rep02_seed8112102,426.5562862960261,-77.80175051683227,-95.62504433339271,-122.5992110463876,18.35954821573131,24,37,0.875,0.8918918918918919,0.04955801034685523,2.224233115168248,33;45;47;50;53;58;96;98;100;102;103;104;105;106;107;108;109;110;111;112;113;114;115;116,33;40;44;82;86;89;90;93;96;97;98;99;101;102;105;106;109;110;172;174;177;178;179;180;181;182;269;277;278;279;290;293;294;297;298;301;302,24,37,0.9583333333333334,1.0,-3.3371592838770994,0.8982300856546601,2.1739200591269103,True,True,True,True,True,pass
Nb252_aff_seq037_Y37V,Nb252 reported_seq Y37V,Nb252 IMGT 42 Y>V,Nb252 chain C auth 37 Y>V,37,Y,V,FR2,False,3,8112103,Nb252_WT_rep03_seed8112103,426.5562862960261,-76.34439641784854,-95.62504433339271,-122.5992110463876,18.35954821573131,24,37,0.875,0.8918918918918919,0.04955801034685523,2.224233115168248,33;45;47;50;53;58;96;98;100;102;103;104;105;106;107;108;109;110;111;112;113;114;115;116,33;40;44;82;86;89;90;93;96;97;98;99;101;102;105;106;109;110;172;174;177;178;179;180;181;182;269;277;278;279;290;293;294;297;298;301;302,24,37,0.9583333333333334,1.0,-1.879805184893371,0.8982300856546601,2.1739200591269103,True,True,True,True,True,pass
Nb252_aff_seq037_Y37W,Nb252 reported_seq Y37W,Nb252 IMGT 42 Y>W,Nb252 chain C auth 37 Y>W,37,Y,W,FR2,False,1,8112101,Nb252_WT_rep01_seed8112101,423.9229508697348,-73.6761155605156,-96.21576701747153,-121.27710870461205,15.983015446775035,24,37,0.9166666666666666,0.8918918918918919,0.04457206908506531,2.3118074848142887,33;37;45;47;50;53;58;98;100;102;103;104;105;106;107;108;109;110;111;112;113;114;115;116,33;40;44;82;86;89;90;93;96;97;98;99;101;102;105;106;109;110;172;174;177;178;179;180;181;182;269;277;278;279;290;293;294;297;298;301;302,24,37,1.0,1.0,0.8993215988633096,0.30750740157583323,-0.20261270982936352,True,True,True,True,True,pass
Nb252_aff_seq037_Y37W,Nb252 reported_seq Y37W,Nb252 IMGT 42 Y>W,Nb252 chain C auth 37 Y>W,37,Y,W,FR2,False,2,8112102,Nb252_WT_rep02_seed8112102,423.9229508697348,-74.18581288692042,-96.21576701747153,-121.27710870461205,15.983015446775035,24,37,0.9166666666666666,0.8918918918918919,0.04457206908506531,2.3118074848142887,33;37;45;47;50;53;58;98;100;102;103;104;105;106;107;108;109;110;111;112;113;114;115;116,33;40;44;82;86;89;90;93;96;97;98;99;101;102;105;106;109;110;172;174;177;178;179;180;181;182;269;277;278;279;290;293;294;297;298;301;302,24,37,1.0,1.0,0.2787783460347555,0.30750740157583323,-0.20261270982936352,True,True,True,True,True,pass
Nb252_aff_seq037_Y37W,Nb252 reported_seq Y37W,Nb252 IMGT 42 Y>W,Nb252 chain C auth 37 Y>W,37,Y,W,FR2,False,3,8112103,Nb252_WT_rep03_seed8112103,423.9229508697348,-74.18581288692042,-96.21576701747153,-121.27710870461205,15.983015446775035,24,37,0.9166666666666666,0.8918918918918919,0.04457206908506531,2.3118074848142887,33;37;45;47;50;53;58;98;100;102;103;104;105;106;107;108;109;110;111;112;113;114;115;116,33;40;44;82;86;89;90;93;96;97;98;99;101;102;105;106;109;110;172;174;177;178;179;180;181;182;269;277;278;279;290;293;294;297;298;301;302,24,37,1.0,1.0,0.2787783460347555,0.30750740157583323,-0.20261270982936352,True,True,True,True,True,pass
Nb252_aff_seq045_R45A,Nb252 reported_seq R45A,Nb252 IMGT 50 R>A,Nb252 chain C auth 45 R>A,45,R,A,FR2,False,1,8112101,Nb252_WT_rep01_seed8112101,422.4508756972043,-76.34549621394058,-97.89223699940746,-119.02030698669286,16.03693963733029,24,37,0.9166666666666666,0.8918918918918919,0.04447020514603537,2.5714116909465217,33;37;45;47;50;53;58;98;100;102;103;104;105;106;107;108;109;110;111;112;113;114;115;116,33;40;44;82;86;89;90;93;96;97;98;99;101;102;105;106;109;110;172;174;177;178;179;180;181;182;269;277;278;279;290;293;294;297;298;301;302,24,37,1.0,1.0,-1.7700590545616706,-1.3689625803600904,-0.14868851927410986,True,True,True,True,True,pass
Nb252_aff_seq045_R45A,Nb252 reported_seq R45A,Nb252 IMGT 50 R>A,Nb252 chain C auth 45 R>A,45,R,A,FR2,False,2,8112102,Nb252_WT_rep02_seed8112102,422.4508756972043,-77.83065799456449,-97.89223699940746,-119.02030698669286,16.03693963733029,24,37,0.9166666666666666,0.8918918918918919,0.04447020514603537,2.5714116909465217,33;37;45;47;50;53;58;98;100;102;103;104;105;106;107;108;109;110;111;112;113;114;115;116,33;40;44;82;86;89;90;93;96;97;98;99;101;102;105;106;109;110;172;174;177;178;179;180;181;182;269;277;278;279;290;293;294;297;298;301;302,24,37,1.0,1.0,-3.366066761609318,-1.3689625803600904,-0.14868851927410986,True,True,True,True,True,pass
Nb252_aff_seq045_R45A,Nb252 reported_seq R45A,Nb252 IMGT 50 R>A,Nb252 chain C auth 45 R>A,45,R,A,FR2,False,3,8112103,Nb252_WT_rep03_seed8112103,422.4508756972043,-75.42071746163458,-97.89223699940746,-119.02030698669286,16.03693963733029,24,37,0.9166666666666666,0.8918918918918919,0.04447020514603537,2.5714116909465217,33;37;45;47;50;53;58;98;100;102;103;104;105;106;107;108;109;110;111;112;113;114;115;116,33;40;44;82;86;89;90;93;96;97;98;99;101;102;105;106;109;110;172;174;177;178;179;180;181;182;269;277;278;279;290;293;294;297;298;301;302,24,37,1.0,1.0,-0.956126228679409,-1.3689625803600904,-0.14868851927410986,True,True,True,True,True,pass
Nb252_aff_seq045_R45C,Nb252 reported_seq R45C,Nb252 IMGT 50 R>C,Nb252 chain C auth 45 R>C,45,R,C,FR2,False,1,8112101,Nb252_WT_rep01_seed8112101,422.8171107578076,-77.39485198932022,-98.41491890067805,-119.52817768651293,15.881820575462653,24,37,0.9166666666666666,0.8918918918918919,0.043942668052224354,2.557476933665504,33;37;45;47;50;53;58;98;100;102;103;104;105;106;107;108;109;110;111;112;113;114;115;116,33;40;44;82;86;89;90;93;96;97;98;99;101;102;105;106;109;110;172;174;177;178;179;180;181;182;269;277;278;279;290;293;294;297;298;301;302,24,37,1.0,1.0,-2.8194148299413087,-1.8916444816306779,-0.30380758114174533,True,True,True,True,True,pass
Nb252_aff_seq045_R45C,Nb252 reported_seq R45C,Nb252 IMGT 50 R>C,Nb252 chain C auth 45 R>C,45,R,C,FR2,False,2,8112102,Nb252_WT_rep02_seed8112102,422.8171107578076,-77.00817445838408,-98.41491890067805,-119.52817768651293,15.881820575462653,24,37,0.9166666666666666,0.8918918918918919,0.043942668052224354,2.557476933665504,33;37;45;47;50;53;58;98;100;102;103;104;105;106;107;108;109;110;111;112;113;114;115;116,33;40;44;82;86;89;90;93;96;97;98;99;101;102;105;106;109;110;172;174;177;178;179;180;181;182;269;277;278;279;290;293;294;297;298;301;302,24,37,1.0,1.0,-2.543583225428904,-1.8916444816306779,-0.30380758114174533,True,True,True,True,True,pass
Nb252_aff_seq045_R45C,Nb252 reported_seq R45C,Nb252 IMGT 50 R>C,Nb252 chain C auth 45 R>C,45,R,C,FR2,False,3,8112103,Nb252_WT_rep03_seed8112103,422.8171107578076,-76.4987067320813,-98.41491890067805,-119.52817768651293,15.881820575462653,24,37,0.9166666666666666,0.8918918918918919,0.043942668052224354,2.557476933665504,33;37;45;47;50;53;58;98;100;102;103;104;105;106;107;108;109;110;111;112;113;114;115;116,33;40;44;82;86;89;90;93;96;97;98;99;101;102;105;106;109;110;172;174;177;178;179;180;181;182;269;277;278;279;290;293;294;297;298;301;302,24,37,1.0,1.0,-2.0341154991261305,-1.8916444816306779,-0.30380758114174533,True,True,True,True,True,pass
Nb252_aff_seq045_R45D,Nb252 reported_seq R45D,Nb252 IMGT 50 R>D,Nb252 chain C auth 45 R>D,45,R,D,FR2,False,1,8112101,Nb252_WT_rep01_seed8112101,426.3153674211578,-75.19378158684145,-97.3759539710505,-119.16243676368723,15.691460106950325,24,37,0.9166666666666666,0.8918918918918919,0.04475359425057617,2.5592827883930065,33;37;45;47;50;53;58;98;100;102;103;104;105;106;107;108;109;110;111;112;113;114;115;116,33;40;44;82;86;89;90;93;96;97;98;99;101;102;105;106;109;110;172;174;177;178;179;180;181;182;269;277;278;279;290;293;294;297;298;301;302,24,37,1.0,1.0,-0.6183444274625458,-0.8526795520031385,-0.494168049654073,True,True,True,True,True,pass
Nb252_aff_seq045_R45D,Nb252 reported_seq R45D,Nb252 IMGT 50 R>D,Nb252 chain C auth 45 R>D,45,R,D,FR2,False,2,8112102,Nb252_WT_rep02_seed8112102,426.3153674211578,-75.19378158684145,-97.3759539710505,-119.16243676368723,15.691460106950325,24,37,0.9166666666666666,0.8918918918918919,0.04475359425057617,2.5592827883930065,33;37;45;47;50;53;58;98;100;102;103;104;105;106;107;108;109;110;111;112;113;114;115;116,33;40;44;82;86;89;90;93;96;97;98;99;101;102;105;106;109;110;172;174;177;178;179;180;181;182;269;277;278;279;290;293;294;297;298;301;302,24,37,1.0,1.0,-0.7291903538862812,-0.8526795520031385,-0.494168049654073,True,True,True,True,True,pass
Nb252_aff_seq045_R45D,Nb252 reported_seq R45D,Nb252 IMGT 50 R>D,Nb252 chain C auth 45 R>D,45,R,D,FR2,False,3,8112103,Nb252_WT_rep03_seed8112103,426.3153674211578,-75.19378158684145,-97.3759539710505,-119.16243676368723,15.691460106950325,24,37,0.9166666666666666,0.8918918918918919,0.04475359425057617,2.5592827883930065,33;37;45;47;50;53;58;98;100;102;103;104;105;106;107;108;109;110;111;112;113;114;115;116,33;40;44;82;86;89;90;93;96;97;98;99;101;102;105;106;109;110;172;174;177;178;179;180;181;182;269;277;278;279;290;293;294;297;298;301;302,24,37,1.0,1.0,-0.7291903538862812,-0.8526795520031385,-0.494168049654073,True,True,True,True,True,pass
Nb252_aff_seq045_R45E,Nb252 reported_seq R45E,Nb252 IMGT 50 R>E,Nb252 chain C auth 45 R>E,45,R,E,FR2,False,1,8112101,Nb252_WT_rep01_seed8112101,426.112558591075,-74.6200614937207,-96.79575814648885,-121.40540955874539,16.48973347846581,24,37,0.9166666666666666,0.8918918918918919,0.04394605364093205,2.306483128033706,33;37;45;47;50;53;58;98;100;102;103;104;105;106;107;108;109;110;111;112;113;114;115;116,33;40;44;82;86;89;90;93;96;97;98;99;101;102;105;106;109;110;172;174;177;178;179;180;181;182;269;277;278;279;290;293;294;297;298;301;302,24,37,1.0,1.0,-0.04462433434179047,-0.2724837274414824,0.30410532186141026,True,True,True,True,True,pass
Nb252_aff_seq045_R45E,Nb252 reported_seq R45E,Nb252 IMGT 50 R>E,Nb252 chain C auth 45 R>E,45,R,E,FR2,False,2,8112102,Nb252_WT_rep02_seed8112102,426.112558591075,-74.6200614937207,-96.79575814648885,-121.40540955874539,16.48973347846581,24,37,0.9166666666666666,0.8918918918918919,0.04394605364093205,2.306483128033706,33;37;45;47;50;53;58;98;100;102;103;104;105;106;107;108;109;110;111;112;113;114;115;116,33;40;44;82;86;89;90;93;96;97;98;99;101;102;105;106;109;110;172;174;177;178;179;180;181;182;269;277;278;279;290;293;294;297;298;301;302,24,37,1.0,1.0,-0.15547026076552584,-0.2724837274414824,0.30410532186141026,True,True,True,True,True,pass
Nb252_aff_seq045_R45E,Nb252 reported_seq R45E,Nb252 IMGT 50 R>E,Nb252 chain C auth 45 R>E,45,R,E,FR2,False,3,8112103,Nb252_WT_rep03_seed8112103,426.112558591075,-74.22877487469083,-96.79575814648885,-121.40540955874539,16.48973347846581,24,37,0.9166666666666666,0.8918918918918919,0.04394605364093205,2.306483128033706,33;37;45;47;50;53;58;98;100;102;103;104;105;106;107;108;109;110;111;112;113;114;115;116,33;40;44;82;86;89;90;93;96;97;98;99;101;102;105;106;109;110;172;174;177;178;179;180;181;182;269;277;278;279;290;293;294;297;298;301;302,24,37,1.0,1.0,0.23581635826434422,-0.2724837274414824,0.30410532186141026,True,True,True,True,True,pass
Nb252_aff_seq045_R45F,Nb252 reported_seq R45F,Nb252 IMGT 50 R>F,Nb252 chain C auth 45 R>F,45,R,F,FR2,False,1,8112101,Nb252_WT_rep01_seed8112101,446.4443743924186,-61.00840745400001,-95.42290209463127,-121.8215699586016,19.106326283499456,24,38,0.9166666666666666,0.918918918918919,0.05868507405365098,2.267369445598669,33;37;45;47;50;53;58;98;100;102;103;104;105;106;107;108;109;110;111;112;113;114;115;116,33;37;40;44;82;86;89;90;93;96;97;98;99;101;102;105;106;109;110;172;174;177;178;179;180;181;182;269;277;278;279;290;293;294;297;298;301;302,24,37,1.0,1.0,13.5670297053789,1.1003723244160994,2.920698126895058,True,True,True,True,True,pass
Nb252_aff_seq045_R45F,Nb252 reported_seq R45F,Nb252 IMGT 50 R>F,Nb252 chain C auth 45 R>F,45,R,F,FR2,False,2,8112102,Nb252_WT_rep02_seed8112102,446.4443743924186,-61.92231724493354,-95.42290209463127,-121.8215699586016,19.106326283499456,24,38,0.9166666666666666,0.918918918918919,0.05868507405365098,2.267369445598669,33;37;45;47;50;53;58;98;100;102;103;104;105;106;107;108;109;110;111;112;113;114;115;116,33;37;40;44;82;86;89;90;93;96;97;98;99;101;102;105;106;109;110;172;174;177;178;179;180;181;182;269;277;278;279;290;293;294;297;298;301;302,24,37,1.0,1.0,12.542273988021634,1.1003723244160994,2.920698126895058,True,True,True,True,True,pass
Nb252_aff_seq045_R45F,Nb252 reported_seq R45F,Nb252 IMGT 50 R>F,Nb252 chain C auth 45 R>F,45,R,F,FR2,False,3,8112103,Nb252_WT_rep03_seed8112103,446.4443743924186,-62.05707245881945,-95.42290209463127,-121.8215699586016,19.106326283499456,24,38,0.9166666666666666,0.918918918918919,0.05868507405365098,2.267369445598669,33;37;45;47;50;53;58;98;100;102;103;104;105;106;107;108;109;110;111;112;113;114;115;116,33;37;40;44;82;86;89;90;93;96;97;98;99;101;102;105;106;109;110;172;174;177;178;179;180;181;182;269;277;278;279;290;293;294;297;298;301;302,24,37,1.0,1.0,12.407518774135724,1.1003723244160994,2.920698126895058,True,True,True,True,True,pass
Nb252_aff_seq045_R45G,Nb252 reported_seq R45G,Nb252 IMGT 50 R>G,Nb252 chain C auth 45 R>G,45,R,G,FR2,False,1,8112101,Nb252_WT_rep01_seed8112101,425.85377364591864,-76.75457501601477,-96.85692394605638,-118.24541211938882,15.833622903510424,24,37,0.9166666666666666,0.8918918918918919,0.04507809608601504,2.5719973476673896,33;37;45;47;50;53;58;98;100;102;103;104;105;106;107;108;109;110;111;112;113;114;115;116,33;40;44;82;86;89;90;93;96;97;98;99;101;102;105;106;109;110;172;174;177;178;179;180;181;182;269;277;278;279;290;293;294;297;298;301;302,24,37,1.0,1.0,-2.1791378566358617,-0.3336495270090154,-0.35200525309397435,True,True,True,True,True,pass
Nb252_aff_seq045_R45G,Nb252 reported_seq R45G,Nb252 IMGT 50 R>G,Nb252 chain C auth 45 R>G,45,R,G,FR2,False,2,8112102,Nb252_WT_rep02_seed8112102,425.85377364591864,-74.36716424858275,-96.85692394605638,-118.24541211938882,15.833622903510424,24,37,0.9166666666666666,0.8918918918918919,0.04507809608601504,2.5719973476673896,33;37;45;47;50;53;58;98;100;102;103;104;105;106;107;108;109;110;111;112;113;114;115;116,33;40;44;82;86;89;90;93;96;97;98;99;101;102;105;106;109;110;172;174;177;178;179;180;181;182;269;277;278;279;290;293;294;297;298;301;302,24,37,1.0,1.0,0.0974269843724187,-0.3336495270090154,-0.35200525309397435,True,True,True,True,True,pass
Nb252_aff_seq045_R45G,Nb252 reported_seq R45G,Nb252 IMGT 50 R>G,Nb252 chain C auth 45 R>G,45,R,G,FR2,False,3,8112103,Nb252_WT_rep03_seed8112103,425.85377364591864,-74.78050505155,-96.85692394605638,-118.24541211938882,15.833622903510424,24,37,0.9166666666666666,0.8918918918918919,0.04507809608601504,2.5719973476673896,33;37;45;47;50;53;58;98;100;102;103;104;105;106;107;108;109;110;111;112;113;114;115;116,33;40;44;82;86;89;90;93;96;97;98;99;101;102;105;106;109;110;172;174;177;178;179;180;181;182;269;277;278;279;290;293;294;297;298;301;302,24,37,1.0,1.0,-0.31591381859482226,-0.3336495270090154,-0.35200525309397435,True,True,True,True,True,pass
Nb252_aff_seq045_R45H,Nb252 reported_seq R45H,Nb252 IMGT 50 R>H,Nb252 chain C auth 45 R>H,45,R,H,FR2,False,1,8112101,Nb252_WT_rep01_seed8112101,439.0291776574127,-73.59199571266277,-96.50472399093735,-121.17582455446059,17.296977213444876,24,37,0.9166666666666666,0.8918918918918919,0.05018055498050744,2.281410468374994,33;37;45;47;50;53;58;98;100;102;103;104;105;106;107;108;109;110;111;112;113;114;115;116,33;40;44;82;86;89;90;93;96;97;98;99;101;102;105;106;109;110;172;174;177;178;179;180;181;182;269;277;278;279;290;293;294;297;298;301;302,24,37,1.0,1.0,0.9834414467161423,0.018550428110017947,1.1113490568404778,True,True,True,True,True,pass
Nb252_aff_seq045_R45H,Nb252 reported_seq R45H,Nb252 IMGT 50 R>H,Nb252 chain C auth 45 R>H,45,R,H,FR2,False,2,8112102,Nb252_WT_rep02_seed8112102,439.0291776574127,-73.87242518290418,-96.50472399093735,-121.17582455446059,17.296977213444876,24,37,0.9166666666666666,0.8918918918918919,0.05018055498050744,2.281410468374994,33;37;45;47;50;53;58;98;100;102;103;104;105;106;107;108;109;110;111;112;113;114;115;116,33;40;44;82;86;89;90;93;96;97;98;99;101;102;105;106;109;110;172;174;177;178;179;180;181;182;269;277;278;279;290;293;294;297;298;301;302,24,37,1.0,1.0,0.5921660500509915,0.018550428110017947,1.1113490568404778,True,True,True,True,True,pass
Nb252_aff_seq045_R45H,Nb252 reported_seq R45H,Nb252 IMGT 50 R>H,Nb252 chain C auth 45 R>H,45,R,H,FR2,False,3,8112103,Nb252_WT_rep03_seed8112103,439.0291776574127,-75.21317773578687,-96.50472399093735,-121.17582455446059,17.296977213444876,24,37,0.9166666666666666,0.8918918918918919,0.05018055498050744,2.281410468374994,33;37;45;47;50;53;58;98;100;102;103;104;105;106;107;108;109;110;111;112;113;114;115;116,33;40;44;82;86;89;90;93;96;97;98;99;101;102;105;106;109;110;172;174;177;178;179;180;181;182;269;277;278;279;290;293;294;297;298;301;302,24,37,1.0,1.0,-0.7485865028316994,0.018550428110017947,1.1113490568404778,True,True,True,True,True,pass
Nb252_aff_seq045_R45I,Nb252 reported_seq R45I,Nb252 IMGT 50 R>I,Nb252 chain C auth 45 R>I,45,R,I,FR2,False,1,8112101,Nb252_WT_rep01_seed8112101,419.70335890717547,-77.08639002809451,-98.28837000842984,-120.50227776822128,16.79100035735943,24,37,0.9166666666666666,0.8918918918918919,0.044413722458155495,2.3334833278685236,33;37;45;47;50;53;58;98;100;102;103;104;105;106;107;108;109;110;111;112;113;114;115;116,33;40;44;82;86;89;90;93;96;97;98;99;101;102;105;106;109;110;172;174;177;178;179;180;181;182;269;277;278;279;290;293;294;297;298;301;302,24,37,1.0,1.0,-2.5109528687156057,-1.7650955893824687,0.6053722007550313,True,True,True,True,True,pass
Nb252_aff_seq045_R45I,Nb252 reported_seq R45I,Nb252 IMGT 50 R>I,Nb252 chain C auth 45 R>I,45,R,I,FR2,False,2,8112102,Nb252_WT_rep02_seed8112102,419.70335890717547,-77.49872595563562,-98.28837000842984,-120.50227776822128,16.79100035735943,24,37,0.9166666666666666,0.8918918918918919,0.044413722458155495,2.3334833278685236,33;37;45;47;50;53;58;98;100;102;103;104;105;106;107;108;109;110;111;112;113;114;115;116,33;40;44;82;86;89;90;93;96;97;98;99;101;102;105;106;109;110;172;174;177;178;179;180;181;182;269;277;278;279;290;293;294;297;298;301;302,24,37,1.0,1.0,-3.0341347226804487,-1.7650955893824687,0.6053722007550313,True,True,True,True,True,pass
Nb252_aff_seq045_R45I,Nb252 reported_seq R45I,Nb252 IMGT 50 R>I,Nb252 chain C auth 45 R>I,45,R,I,FR2,False,3,8112103,Nb252_WT_rep03_seed8112103,419.70335890717547,-76.17041765007667,-98.28837000842984,-120.50227776822128,16.79100035735943,24,37,0.9166666666666666,0.8918918918918919,0.044413722458155495,2.3334833278685236,33;37;45;47;50;53;58;98;100;102;103;104;105;106;107;108;109;110;111;112;113;114;115;116,33;40;44;82;86;89;90;93;96;97;98;99;101;102;105;106;109;110;172;174;177;178;179;180;181;182;269;277;278;279;290;293;294;297;298;301;302,24,37,1.0,1.0,-1.7058264171215,-1.7650955893824687,0.6053722007550313,True,True,True,True,True,pass
Nb252_aff_seq045_R45K,Nb252 reported_seq R45K,Nb252 IMGT 50 R>K,Nb252 chain C auth 45 R>K,45,R,K,FR2,False,1,8112101,Nb252_WT_rep01_seed8112101,426.2646838782113,-73.43797652114739,-95.17207827647854,-120.12868434416264,16.256572467146654,24,37,0.9166666666666666,0.8918918918918919,0.04388501848215724,2.2948439223899793,33;37;45;47;50;53;58;98;100;102;103;104;105;106;107;108;109;110;111;112;113;114;115;116,33;40;44;82;86;89;90;93;96;97;98;99;101;102;105;106;109;110;172;174;177;178;179;180;181;182;269;277;278;279;290;293;294;297;298;301;302,24,37,1.0,1.0,1.1374606382315164,1.3511961425688241,0.0709443105422558,True,True,True,True,True,pass
Nb252_aff_seq045_R45K,Nb252 reported_seq R45K,Nb252 IMGT 50 R>K,Nb252 chain C auth 45 R>K,45,R,K,FR2,False,2,8112102,Nb252_WT_rep02_seed8112102,426.2646838782113,-72.8138961822562,-95.17207827647854,-120.12868434416264,16.256572467146654,24,37,0.9166666666666666,0.8918918918918919,0.04388501848215724,2.2948439223899793,33;37;45;47;50;53;58;98;100;102;103;104;105;106;107;108;109;110;111;112;113;114;115;116,33;40;44;82;86;89;90;93;96;97;98;99;101;102;105;106;109;110;172;174;177;178;179;180;181;182;269;277;278;279;290;293;294;297;298;301;302,24,37,1.0,1.0,1.650695050698971,1.3511961425688241,0.0709443105422558,True,True,True,True,True,pass
Nb252_aff_seq045_R45K,Nb252 reported_seq R45K,Nb252 IMGT 50 R>K,Nb252 chain C auth 45 R>K,45,R,K,FR2,False,3,8112103,Nb252_WT_rep03_seed8112103,426.2646838782113,-73.43797652114739,-95.17207827647854,-120.12868434416264,16.256572467146654,24,37,0.9166666666666666,0.8918918918918919,0.04388501848215724,2.2948439223899793,33;37;45;47;50;53;58;98;100;102;103;104;105;106;107;108;109;110;111;112;113;114;115;116,33;40;44;82;86;89;90;93;96;97;98;99;101;102;105;106;109;110;172;174;177;178;179;180;181;182;269;277;278;279;290;293;294;297;298;301;302,24,37,1.0,1.0,1.026614711807781,1.3511961425688241,0.0709443105422558,True,True,True,True,True,pass
Nb252_aff_seq045_R45L,Nb252 reported_seq R45L,Nb252 IMGT 50 R>L,Nb252 chain C auth 45 R>L,45,R,L,FR2,False,1,8112101,Nb252_WT_rep01_seed8112101,421.94923902925444,-75.24089987788193,-97.1366413264286,-120.19134730576879,16.993420779962648,23,37,0.875,0.8918918918918919,0.044267612234550606,2.3096485519516254,33;37;45;50;53;58;98;100;102;103;104;105;106;107;108;109;110;111;112;113;114;115;116,33;40;44;82;86;89;90;93;96;97;98;99;101;102;105;106;109;110;172;174;177;178;179;180;181;182;269;277;278;279;290;293;294;297;298;301;302,24,37,0.9583333333333334,1.0,-0.6654627185030222,-0.6133669073812342,0.8077926233582495,True,True,True,True,True,pass
Nb252_aff_seq045_R45L,Nb252 reported_seq R45L,Nb252 IMGT 50 R>L,Nb252 chain C auth 45 R>L,45,R,L,FR2,False,2,8112102,Nb252_WT_rep02_seed8112102,421.94923902925444,-76.23747312709224,-97.1366413264286,-120.19134730576879,16.993420779962648,23,37,0.875,0.8918918918918919,0.044267612234550606,2.3096485519516254,33;37;45;50;53;58;98;100;102;103;104;105;106;107;108;109;110;111;112;113;114;115;116,33;40;44;82;86;89;90;93;96;97;98;99;101;102;105;106;109;110;172;174;177;178;179;180;181;182;269;277;278;279;290;293;294;297;298;301;302,24,37,0.9583333333333334,1.0,-1.7728818941370719,-0.6133669073812342,0.8077926233582495,True,True,True,True,True,pass
Nb252_aff_seq045_R45L,Nb252 reported_seq R45L,Nb252 IMGT 50 R>L,Nb252 chain C auth 45 R>L,45,R,L,FR2,False,3,8112103,Nb252_WT_rep03_seed8112103,421.94923902925444,-78.06965816418295,-97.1366413264286,-120.19134730576879,16.993420779962648,23,37,0.875,0.8918918918918919,0.044267612234550606,2.3096485519516254,33;37;45;50;53;58;98;100;102;103;104;105;106;107;108;109;110;111;112;113;114;115;116,33;40;44;82;86;89;90;93;96;97;98;99;101;102;105;106;109;110;172;174;177;178;179;180;181;182;269;277;278;279;290;293;294;297;298;301;302,24,37,0.9583333333333334,1.0,-3.605066931227782,-0.6133669073812342,0.8077926233582495,True,True,True,True,True,pass
Nb252_aff_seq045_R45M,Nb252 reported_seq R45M,Nb252 IMGT 50 R>M,Nb252 chain C auth 45 R>M,45,R,M,FR2,False,1,8112101,Nb252_WT_rep01_seed8112101,420.34624062259667,-76.52086292196742,-98.57008614260528,-122.0131095214794,17.09823474629812,24,37,0.9166666666666666,0.8918918918918919,0.04402330887306172,2.306296408005794,33;37;45;47;50;53;58;98;100;102;103;104;105;106;107;108;109;110;111;112;113;114;115;116,33;40;44;82;86;89;90;93;96;97;98;99;101;102;105;106;109;110;172;174;177;178;179;180;181;182;269;277;278;279;290;293;294;297;298;301;302,24,37,1.0,1.0,-1.9454257625885134,-2.0468117235579086,0.9126065896937234,True,True,True,True,True,pass
Nb252_aff_seq045_R45M,Nb252 reported_seq R45M,Nb252 IMGT 50 R>M,Nb252 chain C auth 45 R>M,45,R,M,FR2,False,2,8112102,Nb252_WT_rep02_seed8112102,420.34624062259667,-75.602580559626,-98.57008614260528,-122.0131095214794,17.09823474629812,24,37,0.9166666666666666,0.8918918918918919,0.04402330887306172,2.306296408005794,33;37;45;47;50;53;58;98;100;102;103;104;105;106;107;108;109;110;111;112;113;114;115;116,33;40;44;82;86;89;90;93;96;97;98;99;101;102;105;106;109;110;172;174;177;178;179;180;181;182;269;277;278;279;290;293;294;297;298;301;302,24,37,1.0,1.0,-1.1379893266708336,-2.0468117235579086,0.9126065896937234,True,True,True,True,True,pass
Nb252_aff_seq045_R45M,Nb252 reported_seq R45M,Nb252 IMGT 50 R>M,Nb252 chain C auth 45 R>M,45,R,M,FR2,False,3,8112103,Nb252_WT_rep03_seed8112103,420.34624062259667,-78.4394213030593,-98.57008614260528,-122.0131095214794,17.09823474629812,24,37,0.9166666666666666,0.8918918918918919,0.04402330887306172,2.306296408005794,33;37;45;47;50;53;58;98;100;102;103;104;105;106;107;108;109;110;111;112;113;114;115;116,33;40;44;82;86;89;90;93;96;97;98;99;101;102;105;106;109;110;172;174;177;178;179;180;181;182;269;277;278;279;290;293;294;297;298;301;302,24,37,1.0,1.0,-3.974830070104133,-2.0468117235579086,0.9126065896937234,True,True,True,True,True,pass
Nb252_aff_seq045_R45N,Nb252 reported_seq R45N,Nb252 IMGT 50 R>N,Nb252 chain C auth 45 R>N,45,R,N,FR2,False,1,8112101,Nb252_WT_rep01_seed8112101,423.3600268575914,-76.74823795580608,-98.10061606647369,-119.67639374521865,15.760938441596561,24,37,0.9166666666666666,0.8918918918918919,0.0447161093908929,2.5462753946431027,33;37;45;47;50;53;58;98;100;102;103;104;105;106;107;108;109;110;111;112;113;114;115;116,33;40;44;82;86;89;90;93;96;97;98;99;101;102;105;106;109;110;172;174;177;178;179;180;181;182;269;277;278;279;290;293;294;297;298;301;302,24,37,1.0,1.0,-2.1728007964271683,-1.5773416474263229,-0.4246897150078368,True,True,True,True,True,pass
Nb252_aff_seq045_R45N,Nb252 reported_seq R45N,Nb252 IMGT 50 R>N,Nb252 chain C auth 45 R>N,45,R,N,FR2,False,2,8112102,Nb252_WT_rep02_seed8112102,423.3600268575914,-76.74823795580608,-98.10061606647369,-119.67639374521865,15.760938441596561,24,37,0.9166666666666666,0.8918918918918919,0.0447161093908929,2.5462753946431027,33;37;45;47;50;53;58;98;100;102;103;104;105;106;107;108;109;110;111;112;113;114;115;116,33;40;44;82;86;89;90;93;96;97;98;99;101;102;105;106;109;110;172;174;177;178;179;180;181;182;269;277;278;279;290;293;294;297;298;301;302,24,37,1.0,1.0,-2.2836467228509036,-1.5773416474263229,-0.4246897150078368,True,True,True,True,True,pass
Nb252_aff_seq045_R45N,Nb252 reported_seq R45N,Nb252 IMGT 50 R>N,Nb252 chain C auth 45 R>N,45,R,N,FR2,False,3,8112103,Nb252_WT_rep03_seed8112103,423.3600268575914,-76.74823795580608,-98.10061606647369,-119.67639374521865,15.760938441596561,24,37,0.9166666666666666,0.8918918918918919,0.0447161093908929,2.5462753946431027,33;37;45;47;50;53;58;98;100;102;103;104;105;106;107;108;109;110;111;112;113;114;115;116,33;40;44;82;86;89;90;93;96;97;98;99;101;102;105;106;109;110;172;174;177;178;179;180;181;182;269;277;278;279;290;293;294;297;298;301;302,24,37,1.0,1.0,-2.2836467228509036,-1.5773416474263229,-0.4246897150078368,True,True,True,True,True,pass
Nb252_aff_seq045_R45P,Nb252 reported_seq R45P,Nb252 IMGT 50 R>P,Nb252 chain C auth 45 R>P,45,R,P,FR2,False,1,8112101,Nb252_WT_rep01_seed8112101,418.85111700563095,-76.28051409010754,-97.8439562997791,-119.55294080931338,16.050521790768524,24,37,0.9166666666666666,0.8918918918918919,0.044250314931329096,2.575250059684842,33;37;45;47;50;53;58;98;100;102;103;104;105;106;107;108;109;110;111;112;113;114;115;116,33;40;44;82;86;89;90;93;96;97;98;99;101;102;105;106;109;110;172;174;177;178;179;180;181;182;269;277;278;279;290;293;294;297;298;301;302,24,37,1.0,1.0,-1.7050769307286373,-1.3206818807317262,-0.135106365835874,True,True,True,True,True,pass
Nb252_aff_seq045_R45P,Nb252 reported_seq R45P,Nb252 IMGT 50 R>P,Nb252 chain C auth 45 R>P,45,R,P,FR2,False,2,8112102,Nb252_WT_rep02_seed8112102,418.85111700563095,-75.85486603396714,-97.8439562997791,-119.55294080931338,16.050521790768524,24,37,0.9166666666666666,0.8918918918918919,0.044250314931329096,2.575250059684842,33;37;45;47;50;53;58;98;100;102;103;104;105;106;107;108;109;110;111;112;113;114;115;116,33;40;44;82;86;89;90;93;96;97;98;99;101;102;105;106;109;110;172;174;177;178;179;180;181;182;269;277;278;279;290;293;294;297;298;301;302,24,37,1.0,1.0,-1.3902748010119694,-1.3206818807317262,-0.135106365835874,True,True,True,True,True,pass
Nb252_aff_seq045_R45P,Nb252 reported_seq R45P,Nb252 IMGT 50 R>P,Nb252 chain C auth 45 R>P,45,R,P,FR2,False,3,8112103,Nb252_WT_rep03_seed8112103,418.85111700563095,-75.37247413405191,-97.8439562997791,-119.55294080931338,16.050521790768524,24,37,0.9166666666666666,0.8918918918918919,0.044250314931329096,2.575250059684842,33;37;45;47;50;53;58;98;100;102;103;104;105;106;107;108;109;110;111;112;113;114;115;116,33;40;44;82;86;89;90;93;96;97;98;99;101;102;105;106;109;110;172;174;177;178;179;180;181;182;269;277;278;279;290;293;294;297;298;301;302,24,37,1.0,1.0,-0.9078829010967411,-1.3206818807317262,-0.135106365835874,True,True,True,True,True,pass
Nb252_aff_seq045_R45Q,Nb252 reported_seq R45Q,Nb252 IMGT 50 R>Q,Nb252 chain C auth 45 R>Q,45,R,Q,FR2,False,1,8112101,Nb252_WT_rep01_seed8112101,423.7406531151157,-76.03558037535026,-97.68070074046057,-121.96800136020337,16.787179726664608,24,37,0.9166666666666666,0.8918918918918919,0.04405528472999017,2.2936288762021926,33;37;45;47;50;53;58;98;100;102;103;104;105;106;107;108;109;110;111;112;113;114;115;116,33;40;44;82;86;89;90;93;96;97;98;99;101;102;105;106;109;110;172;174;177;178;179;180;181;182;269;277;278;279;290;293;294;297;298;301;302,24,37,1.0,1.0,-1.4601432159713568,-1.1574263214131975,0.6015515700602094,True,True,True,True,True,pass
Nb252_aff_seq045_R45Q,Nb252 reported_seq R45Q,Nb252 IMGT 50 R>Q,Nb252 chain C auth 45 R>Q,45,R,Q,FR2,False,2,8112102,Nb252_WT_rep02_seed8112102,423.7406531151157,-75.62654653188838,-97.68070074046057,-121.96800136020337,16.787179726664608,24,37,0.9166666666666666,0.8918918918918919,0.04405528472999017,2.2936288762021926,33;37;45;47;50;53;58;98;100;102;103;104;105;106;107;108;109;110;111;112;113;114;115;116,33;40;44;82;86;89;90;93;96;97;98;99;101;102;105;106;109;110;172;174;177;178;179;180;181;182;269;277;278;279;290;293;294;297;298;301;302,24,37,1.0,1.0,-1.1619552989332078,-1.1574263214131975,0.6015515700602094,True,True,True,True,True,pass
Nb252_aff_seq045_R45Q,Nb252 reported_seq R45Q,Nb252 IMGT 50 R>Q,Nb252 chain C auth 45 R>Q,45,R,Q,FR2,False,3,8112103,Nb252_WT_rep03_seed8112103,423.7406531151157,-74.7027565768575,-97.68070074046057,-121.96800136020337,16.787179726664608,24,37,0.9166666666666666,0.8918918918918919,0.04405528472999017,2.2936288762021926,33;37;45;47;50;53;58;98;100;102;103;104;105;106;107;108;109;110;111;112;113;114;115;116,33;40;44;82;86;89;90;93;96;97;98;99;101;102;105;106;109;110;172;174;177;178;179;180;181;182;269;277;278;279;290;293;294;297;298;301;302,24,37,1.0,1.0,-0.2381653439023239,-1.1574263214131975,0.6015515700602094,True,True,True,True,True,pass
Nb252_aff_seq045_R45S,Nb252 reported_seq R45S,Nb252 IMGT 50 R>S,Nb252 chain C auth 45 R>S,45,R,S,FR2,False,1,8112101,Nb252_WT_rep01_seed8112101,423.9789567281368,-77.00265268719835,-97.13835730128953,-118.99367125593398,16.120974950130574,24,37,0.9166666666666666,0.8918918918918919,0.04411498677620546,2.5749491739470187,33;37;45;47;50;53;58;98;100;102;103;104;105;106;107;108;109;110;111;112;113;114;115;116,33;40;44;82;86;89;90;93;96;97;98;99;101;102;105;106;109;110;172;174;177;178;179;180;181;182;269;277;278;279;290;293;294;297;298;301;302,24,37,1.0,1.0,-2.427215527819442,-0.615082882242163,-0.06465320647382455,True,True,True,True,True,pass
Nb252_aff_seq045_R45S,Nb252 reported_seq R45S,Nb252 IMGT 50 R>S,Nb252 chain C auth 45 R>S,45,R,S,FR2,False,2,8112102,Nb252_WT_rep02_seed8112102,423.9789567281368,-74.84478166778786,-97.13835730128953,-118.99367125593398,16.120974950130574,24,37,0.9166666666666666,0.8918918918918919,0.04411498677620546,2.5749491739470187,33;37;45;47;50;53;58;98;100;102;103;104;105;106;107;108;109;110;111;112;113;114;115;116,33;40;44;82;86;89;90;93;96;97;98;99;101;102;105;106;109;110;172;174;177;178;179;180;181;182;269;277;278;279;290;293;294;297;298;301;302,24,37,1.0,1.0,-0.38019043483268433,-0.615082882242163,-0.06465320647382455,True,True,True,True,True,pass
Nb252_aff_seq045_R45S,Nb252 reported_seq R45S,Nb252 IMGT 50 R>S,Nb252 chain C auth 45 R>S,45,R,S,FR2,False,3,8112103,Nb252_WT_rep03_seed8112103,423.9789567281368,-75.90291216476436,-97.13835730128953,-118.99367125593398,16.120974950130574,24,37,0.9166666666666666,0.8918918918918919,0.04411498677620546,2.5749491739470187,33;37;45;47;50;53;58;98;100;102;103;104;105;106;107;108;109;110;111;112;113;114;115;116,33;40;44;82;86;89;90;93;96;97;98;99;101;102;105;106;109;110;172;174;177;178;179;180;181;182;269;277;278;279;290;293;294;297;298;301;302,24,37,1.0,1.0,-1.4383209318091872,-0.615082882242163,-0.06465320647382455,True,True,True,True,True,pass
Nb252_aff_seq045_R45T,Nb252 reported_seq R45T,Nb252 IMGT 50 R>T,Nb252 chain C auth 45 R>T,45,R,T,FR2,False,1,8112101,Nb252_WT_rep01_seed8112101,421.6367291852128,-77.52819728885908,-98.37675395768974,-119.58746028065619,15.928610912193319,24,37,0.9166666666666666,0.8918918918918919,0.0440683052785174,2.5665651222699277,33;37;45;47;50;53;58;98;100;102;103;104;105;106;107;108;109;110;111;112;113;114;115;116,33;40;44;82;86;89;90;93;96;97;98;99;101;102;105;106;109;110;172;174;177;178;179;180;181;182;269;277;278;279;290;293;294;297;298;301;302,24,37,1.0,1.0,-2.9527601294801684,-1.8534795386423752,-0.2570172444110792,True,True,True,True,True,pass
Nb252_aff_seq045_R45T,Nb252 reported_seq R45T,Nb252 IMGT 50 R>T,Nb252 chain C auth 45 R>T,45,R,T,FR2,False,2,8112102,Nb252_WT_rep02_seed8112102,421.6367291852128,-78.44468074866728,-98.37675395768974,-119.58746028065619,15.928610912193319,24,37,0.9166666666666666,0.8918918918918919,0.0440683052785174,2.5665651222699277,33;37;45;47;50;53;58;98;100;102;103;104;105;106;107;108;109;110;111;112;113;114;115;116,33;40;44;82;86;89;90;93;96;97;98;99;101;102;105;106;109;110;172;174;177;178;179;180;181;182;269;277;278;279;290;293;294;297;298;301;302,24,37,1.0,1.0,-3.980089515712109,-1.8534795386423752,-0.2570172444110792,True,True,True,True,True,pass
Nb252_aff_seq045_R45T,Nb252 reported_seq R45T,Nb252 IMGT 50 R>T,Nb252 chain C auth 45 R>T,45,R,T,FR2,False,3,8112103,Nb252_WT_rep03_seed8112103,421.6367291852128,-76.94671647855904,-98.37675395768974,-119.58746028065619,15.928610912193319,24,37,0.9166666666666666,0.8918918918918919,0.0440683052785174,2.5665651222699277,33;37;45;47;50;53;58;98;100;102;103;104;105;106;107;108;109;110;111;112;113;114;115;116,33;40;44;82;86;89;90;93;96;97;98;99;101;102;105;106;109;110;172;174;177;178;179;180;181;182;269;277;278;279;290;293;294;297;298;301;302,24,37,1.0,1.0,-2.482125245603868,-1.8534795386423752,-0.2570172444110792,True,True,True,True,True,pass
Nb252_aff_seq045_R45V,Nb252 reported_seq R45V,Nb252 IMGT 50 R>V,Nb252 chain C auth 45 R>V,45,R,V,FR2,False,1,8112101,Nb252_WT_rep01_seed8112101,421.2553363176364,-77.228902667787,-98.25788219884367,-119.63271399784968,16.86699109418463,23,37,0.875,0.8918918918918919,0.04470199612183328,2.5798248920557385,33;37;45;50;53;58;98;100;102;103;104;105;106;107;108;109;110;111;112;113;114;115;116,33;40;44;82;86;89;90;93;96;97;98;99;101;102;105;106;109;110;172;174;177;178;179;180;181;182;269;277;278;279;290;293;294;297;298;301;302,24,37,0.9583333333333334,1.0,-2.6534655084080896,-1.7346077797963062,0.6813629375802321,True,True,True,True,True,pass
Nb252_aff_seq045_R45V,Nb252 reported_seq R45V,Nb252 IMGT 50 R>V,Nb252 chain C auth 45 R>V,45,R,V,FR2,False,2,8112102,Nb252_WT_rep02_seed8112102,421.2553363176364,-76.30839689534241,-98.25788219884367,-119.63271399784968,16.86699109418463,23,37,0.875,0.8918918918918919,0.04470199612183328,2.5798248920557385,33;37;45;50;53;58;98;100;102;103;104;105;106;107;108;109;110;111;112;113;114;115;116,33;40;44;82;86;89;90;93;96;97;98;99;101;102;105;106;109;110;172;174;177;178;179;180;181;182;269;277;278;279;290;293;294;297;298;301;302,24,37,0.9583333333333334,1.0,-1.8438056623872399,-1.7346077797963062,0.6813629375802321,True,True,True,True,True,pass
Nb252_aff_seq045_R45V,Nb252 reported_seq R45V,Nb252 IMGT 50 R>V,Nb252 chain C auth 45 R>V,45,R,V,FR2,False,3,8112103,Nb252_WT_rep03_seed8112103,421.2553363176364,-77.228902667787,-98.25788219884367,-119.63271399784968,16.86699109418463,23,37,0.875,0.8918918918918919,0.04470199612183328,2.5798248920557385,33;37;45;50;53;58;98;100;102;103;104;105;106;107;108;109;110;111;112;113;114;115;116,33;40;44;82;86;89;90;93;96;97;98;99;101;102;105;106;109;110;172;174;177;178;179;180;181;182;269;277;278;279;290;293;294;297;298;301;302,24,37,0.9583333333333334,1.0,-2.764311434831825,-1.7346077797963062,0.6813629375802321,True,True,True,True,True,pass
Nb252_aff_seq045_R45W,Nb252 reported_seq R45W,Nb252 IMGT 50 R>W,Nb252 chain C auth 45 R>W,45,R,W,FR2,False,1,8112101,Nb252_WT_rep01_seed8112101,426.6697287414403,-75.52284300893018,-96.91959757589838,-120.704033496777,16.50794386289138,24,38,0.9166666666666666,0.918918918918919,0.044679782982753595,2.4010053593457514,33;37;45;47;50;53;58;98;100;102;103;104;105;106;107;108;109;110;111;112;113;114;115;116,33;37;40;44;82;86;89;90;93;96;97;98;99;101;102;105;106;109;110;172;174;177;178;179;180;181;182;269;277;278;279;290;293;294;297;298;301;302,24,37,1.0,1.0,-0.9474058495512736,-0.39632315685101105,0.32231570628698236,True,True,True,True,True,pass
Nb252_aff_seq045_R45W,Nb252 reported_seq R45W,Nb252 IMGT 50 R>W,Nb252 chain C auth 45 R>W,45,R,W,FR2,False,2,8112102,Nb252_WT_rep02_seed8112102,426.6697287414403,-77.12202789871583,-96.91959757589838,-120.704033496777,16.50794386289138,24,38,0.9166666666666666,0.918918918918919,0.044679782982753595,2.4010053593457514,33;37;45;47;50;53;58;98;100;102;103;104;105;106;107;108;109;110;111;112;113;114;115;116,33;37;40;44;82;86;89;90;93;96;97;98;99;101;102;105;106;109;110;172;174;177;178;179;180;181;182;269;277;278;279;290;293;294;297;298;301;302,24,37,1.0,1.0,-2.657436665760656,-0.39632315685101105,0.32231570628698236,True,True,True,True,True,pass
Nb252_aff_seq045_R45W,Nb252 reported_seq R45W,Nb252 IMGT 50 R>W,Nb252 chain C auth 45 R>W,45,R,W,FR2,False,3,8112103,Nb252_WT_rep03_seed8112103,426.6697287414403,-74.32051223693497,-96.91959757589838,-120.704033496777,16.50794386289138,24,38,0.9166666666666666,0.918918918918919,0.044679782982753595,2.4010053593457514,33;37;45;47;50;53;58;98;100;102;103;104;105;106;107;108;109;110;111;112;113;114;115;116,33;37;40;44;82;86;89;90;93;96;97;98;99;101;102;105;106;109;110;172;174;177;178;179;180;181;182;269;277;278;279;290;293;294;297;298;301;302,24,37,1.0,1.0,0.14407899602019825,-0.39632315685101105,0.32231570628698236,True,True,True,True,True,pass
Nb252_aff_seq045_R45Y,Nb252 reported_seq R45Y,Nb252 IMGT 50 R>Y,Nb252 chain C auth 45 R>Y,45,R,Y,FR2,False,1,8112101,Nb252_WT_rep01_seed8112101,453.67284373565695,-53.928006473863604,-92.4775765059239,-121.86042370739568,21.162039035269,24,38,0.9166666666666666,0.918918918918919,0.06762826564319771,2.2181287549421533,33;37;45;47;50;53;58;98;100;102;103;104;105;106;107;108;109;110;111;112;113;114;115;116,33;37;40;44;82;86;89;90;93;96;97;98;99;101;102;105;106;109;110;172;174;177;178;179;180;181;182;269;277;278;279;290;293;294;297;298;301;302,24,37,1.0,1.0,20.647430685515303,4.045697913123462,4.976410878664602,True,True,True,True,True,pass
Nb252_aff_seq045_R45Y,Nb252 reported_seq R45Y,Nb252 IMGT 50 R>Y,Nb252 chain C auth 45 R>Y,45,R,Y,FR2,False,2,8112102,Nb252_WT_rep02_seed8112102,453.67284373565695,-55.28139944629362,-92.4775765059239,-121.86042370739568,21.162039035269,24,38,0.9166666666666666,0.918918918918919,0.06762826564319771,2.2181287549421533,33;37;45;47;50;53;58;98;100;102;103;104;105;106;107;108;109;110;111;112;113;114;115;116,33;37;40;44;82;86;89;90;93;96;97;98;99;101;102;105;106;109;110;172;174;177;178;179;180;181;182;269;277;278;279;290;293;294;297;298;301;302,24,37,1.0,1.0,19.183191786661553,4.045697913123462,4.976410878664602,True,True,True,True,True,pass
Nb252_aff_seq045_R45Y,Nb252 reported_seq R45Y,Nb252 IMGT 50 R>Y,Nb252 chain C auth 45 R>Y,45,R,Y,FR2,False,3,8112103,Nb252_WT_rep03_seed8112103,453.67284373565695,-54.374279867850134,-92.4775765059239,-121.86042370739568,21.162039035269,24,38,0.9166666666666666,0.918918918918919,0.06762826564319771,2.2181287549421533,33;37;45;47;50;53;58;98;100;102;103;104;105;106;107;108;109;110;111;112;113;114;115;116,33;37;40;44;82;86;89;90;93;96;97;98;99;101;102;105;106;109;110;172;174;177;178;179;180;181;182;269;277;278;279;290;293;294;297;298;301;302,24,37,1.0,1.0,20.090311365105038,4.045697913123462,4.976410878664602,True,True,True,True,True,pass
Nb252_aff_seq046_E46A,Nb252 reported_seq E46A,Nb252 IMGT 51 E>A,Nb252 chain C auth 46 E>A,46,E,A,FR2,True,1,8112101,Nb252_WT_rep01_seed8112101,424.49205307723923,-74.31937157170807,-96.52680597506418,-120.95130172764954,16.216058803772384,24,37,0.9166666666666666,0.8918918918918919,0.0440170373480793,2.3126035323059413,33;37;45;47;50;53;58;98;100;102;103;104;105;106;107;108;109;110;111;112;113;114;115;116,33;40;44;82;86;89;90;93;96;97;98;99;101;102;105;106;109;110;172;174;177;178;179;180;181;182;269;277;278;279;290;293;294;297;298;301;302,24,37,1.0,1.0,0.25606558767083243,-0.0035315560168101,0.030430647167985825,True,True,True,True,True,pass
Nb252_aff_seq046_E46A,Nb252 reported_seq E46A,Nb252 IMGT 51 E>A,Nb252 chain C auth 46 E>A,46,E,A,FR2,True,2,8112102,Nb252_WT_rep02_seed8112102,424.49205307723923,-74.59096783184248,-96.52680597506418,-120.95130172764954,16.216058803772384,24,37,0.9166666666666666,0.8918918918918919,0.0440170373480793,2.3126035323059413,33;37;45;47;50;53;58;98;100;102;103;104;105;106;107;108;109;110;111;112;113;114;115;116,33;40;44;82;86;89;90;93;96;97;98;99;101;102;105;106;109;110;172;174;177;178;179;180;181;182;269;277;278;279;290;293;294;297;298;301;302,24,37,1.0,1.0,-0.12637659888730468,-0.0035315560168101,0.030430647167985825,True,True,True,True,True,pass
Nb252_aff_seq046_E46A,Nb252 reported_seq E46A,Nb252 IMGT 51 E>A,Nb252 chain C auth 46 E>A,46,E,A,FR2,True,3,8112103,Nb252_WT_rep03_seed8112103,424.49205307723923,-74.71915379086829,-96.52680597506418,-120.95130172764954,16.216058803772384,24,37,0.9166666666666666,0.8918918918918919,0.0440170373480793,2.3126035323059413,33;37;45;47;50;53;58;98;100;102;103;104;105;106;107;108;109;110;111;112;113;114;115;116,33;40;44;82;86;89;90;93;96;97;98;99;101;102;105;106;109;110;172;174;177;178;179;180;181;182;269;277;278;279;290;293;294;297;298;301;302,24,37,1.0,1.0,-0.2545625579131183,-0.0035315560168101,0.030430647167985825,True,True,True,True,True,pass
Nb252_aff_seq046_E46C,Nb252 reported_seq E46C,Nb252 IMGT 51 E>C,Nb252 chain C auth 46 E>C,46,E,C,FR2,True,1,8112101,Nb252_WT_rep01_seed8112101,424.6711548509012,-74.40153577925582,-96.57243411135525,-120.85802123250437,16.149836032259326,24,37,0.9166666666666666,0.8918918918918919,0.044370282626817185,2.3161010664523465,33;37;45;47;50;53;58;98;100;102;103;104;105;106;107;108;109;110;111;112;113;114;115;116,33;40;44;82;86;89;90;93;96;97;98;99;101;102;105;106;109;110;172;174;177;178;179;180;181;182;269;277;278;279;290;293;294;297;298;301;302,24,37,1.0,1.0,0.17390138012308398,-0.04915969230788164,-0.03579212434507184,True,True,True,True,True,pass
Nb252_aff_seq046_E46C,Nb252 reported_seq E46C,Nb252 IMGT 51 E>C,Nb252 chain C auth 46 E>C,46,E,C,FR2,True,2,8112102,Nb252_WT_rep02_seed8112102,424.6711548509012,-74.81045941485957,-96.57243411135525,-120.85802123250437,16.149836032259326,24,37,0.9166666666666666,0.8918918918918919,0.044370282626817185,2.3161010664523465,33;37;45;47;50;53;58;98;100;102;103;104;105;106;107;108;109;110;111;112;113;114;115;116,33;40;44;82;86;89;90;93;96;97;98;99;101;102;105;106;109;110;172;174;177;178;179;180;181;182;269;277;278;279;290;293;294;297;298;301;302,24,37,1.0,1.0,-0.34586818190439317,-0.04915969230788164,-0.03579212434507184,True,True,True,True,True,pass
Nb252_aff_seq046_E46C,Nb252 reported_seq E46C,Nb252 IMGT 51 E>C,Nb252 chain C auth 46 E>C,46,E,C,FR2,True,3,8112103,Nb252_WT_rep03_seed8112103,424.6711548509012,-73.87245905663872,-96.57243411135525,-120.85802123250437,16.149836032259326,24,37,0.9166666666666666,0.8918918918918919,0.044370282626817185,2.3161010664523465,33;37;45;47;50;53;58;98;100;102;103;104;105;106;107;108;109;110;111;112;113;114;115;116,33;40;44;82;86;89;90;93;96;97;98;99;101;102;105;106;109;110;172;174;177;178;179;180;181;182;269;277;278;279;290;293;294;297;298;301;302,24,37,1.0,1.0,0.5921321763164542,-0.04915969230788164,-0.03579212434507184,True,True,True,True,True,pass
Nb252_aff_seq046_E46D,Nb252 reported_seq E46D,Nb252 IMGT 51 E>D,Nb252 chain C auth 46 E>D,46,E,D,FR2,True,1,8112101,Nb252_WT_rep01_seed8112101,423.9392816850472,-76.02361260825478,-96.75523312333003,-120.63716602817195,16.010391153641987,24,37,0.9166666666666666,0.8918918918918919,0.04447733292863203,2.3142661120900136,33;37;45;47;50;53;58;98;100;102;103;104;105;106;107;108;109;110;111;112;113;114;115;116,33;40;44;82;86;89;90;93;96;97;98;99;101;102;105;106;109;110;172;174;177;178;179;180;181;182;269;277;278;279;290;293;294;297;298;301;302,24,37,1.0,1.0,-1.4481754488758725,-0.2319587042826612,-0.17523700296241174,True,True,True,True,True,pass
Nb252_aff_seq046_E46D,Nb252 reported_seq E46D,Nb252 IMGT 51 E>D,Nb252 chain C auth 46 E>D,46,E,D,FR2,True,2,8112102,Nb252_WT_rep02_seed8112102,423.9392816850472,-76.44640474834114,-96.75523312333003,-120.63716602817195,16.010391153641987,24,37,0.9166666666666666,0.8918918918918919,0.04447733292863203,2.3142661120900136,33;37;45;47;50;53;58;98;100;102;103;104;105;106;107;108;109;110;111;112;113;114;115;116,33;40;44;82;86;89;90;93;96;97;98;99;101;102;105;106;109;110;172;174;177;178;179;180;181;182;269;277;278;279;290;293;294;297;298;301;302,24,37,1.0,1.0,-1.9818135153859657,-0.2319587042826612,-0.17523700296241174,True,True,True,True,True,pass
Nb252_aff_seq046_E46D,Nb252 reported_seq E46D,Nb252 IMGT 51 E>D,Nb252 chain C auth 46 E>D,46,E,D,FR2,True,3,8112103,Nb252_WT_rep03_seed8112103,423.9392816850472,-75.10813255034833,-96.75523312333003,-120.63716602817195,16.010391153641987,24,37,0.9166666666666666,0.8918918918918919,0.04447733292863203,2.3142661120900136,33;37;45;47;50;53;58;98;100;102;103;104;105;106;107;108;109;110;111;112;113;114;115;116,33;40;44;82;86;89;90;93;96;97;98;99;101;102;105;106;109;110;172;174;177;178;179;180;181;182;269;277;278;279;290;293;294;297;298;301;302,24,37,1.0,1.0,-0.6435413173931579,-0.2319587042826612,-0.17523700296241174,True,True,True,True,True,pass
Nb252_aff_seq046_E46F,Nb252 reported_seq E46F,Nb252 IMGT 51 E>F,Nb252 chain C auth 46 E>F,46,E,F,FR2,True,1,8112101,Nb252_WT_rep01_seed8112101,424.080406619854,-75.89281491037082,-96.48216772444471,-120.68778314875556,16.01154918016948,24,37,0.9166666666666666,0.8918918918918919,0.04528960742742762,2.318612708537361,33;37;45;47;50;53;58;98;100;102;103;104;105;106;107;108;109;110;111;112;113;114;115;116,33;40;44;82;86;89;90;93;96;97;98;99;101;102;105;106;109;110;172;174;177;178;179;180;181;182;269;277;278;279;290;293;294;297;298;301;302,24,37,1.0,1.0,-1.3173777509919091,0.04110669460266081,-0.17407897643491665,True,True,True,True,True,pass
Nb252_aff_seq046_E46F,Nb252 reported_seq E46F,Nb252 IMGT 51 E>F,Nb252 chain C auth 46 E>F,46,E,F,FR2,True,2,8112102,Nb252_WT_rep02_seed8112102,424.080406619854,-74.80888726950343,-96.48216772444471,-120.68778314875556,16.01154918016948,24,37,0.9166666666666666,0.8918918918918919,0.04528960742742762,2.318612708537361,33;37;45;47;50;53;58;98;100;102;103;104;105;106;107;108;109;110;111;112;113;114;115;116,33;40;44;82;86;89;90;93;96;97;98;99;101;102;105;106;109;110;172;174;177;178;179;180;181;182;269;277;278;279;290;293;294;297;298;301;302,24,37,1.0,1.0,-0.3442960365482577,0.04110669460266081,-0.17407897643491665,True,True,True,True,True,pass
Nb252_aff_seq046_E46F,Nb252 reported_seq E46F,Nb252 IMGT 51 E>F,Nb252 chain C auth 46 E>F,46,E,F,FR2,True,3,8112103,Nb252_WT_rep03_seed8112103,424.080406619854,-74.415812140443,-96.48216772444471,-120.68778314875556,16.01154918016948,24,37,0.9166666666666666,0.8918918918918919,0.04528960742742762,2.318612708537361,33;37;45;47;50;53;58;98;100;102;103;104;105;106;107;108;109;110;111;112;113;114;115;116,33;40;44;82;86;89;90;93;96;97;98;99;101;102;105;106;109;110;172;174;177;178;179;180;181;182;269;277;278;279;290;293;294;297;298;301;302,24,37,1.0,1.0,0.04877909251217716,0.04110669460266081,-0.17407897643491665,True,True,True,True,True,pass
Nb252_aff_seq046_E46G,Nb252 reported_seq E46G,Nb252 IMGT 51 E>G,Nb252 chain C auth 46 E>G,46,E,G,FR2,True,1,8112101,Nb252_WT_rep01_seed8112101,426.4324016118589,-75.64033173100785,-96.31256230066086,-120.90700060425141,16.35447063860317,24,37,0.9166666666666666,0.8918918918918919,0.04431161136211774,2.307856848322835,33;37;45;47;50;53;58;98;100;102;103;104;105;106;107;108;109;110;111;112;113;114;115;116,33;40;44;82;86;89;90;93;96;97;98;99;101;102;105;106;109;110;172;174;177;178;179;180;181;182;269;277;278;279;290;293;294;297;298;301;302,24,37,1.0,1.0,-1.0648945716289404,0.21071211838651038,0.16884248199877305,True,True,True,True,True,pass
Nb252_aff_seq046_E46G,Nb252 reported_seq E46G,Nb252 IMGT 51 E>G,Nb252 chain C auth 46 E>G,46,E,G,FR2,True,2,8112102,Nb252_WT_rep02_seed8112102,426.4324016118589,-76.027333460806,-96.31256230066086,-120.90700060425141,16.35447063860317,24,37,0.9166666666666666,0.8918918918918919,0.04431161136211774,2.307856848322835,33;37;45;47;50;53;58;98;100;102;103;104;105;106;107;108;109;110;111;112;113;114;115;116,33;40;44;82;86;89;90;93;96;97;98;99;101;102;105;106;109;110;172;174;177;178;179;180;181;182;269;277;278;279;290;293;294;297;298;301;302,24,37,1.0,1.0,-1.5627422278508334,0.21071211838651038,0.16884248199877305,True,True,True,True,True,pass
Nb252_aff_seq046_E46G,Nb252 reported_seq E46G,Nb252 IMGT 51 E>G,Nb252 chain C auth 46 E>G,46,E,G,FR2,True,3,8112103,Nb252_WT_rep03_seed8112103,426.4324016118589,-73.19183082940441,-96.31256230066086,-120.90700060425141,16.35447063860317,24,37,0.9166666666666666,0.8918918918918919,0.04431161136211774,2.307856848322835,33;37;45;47;50;53;58;98;100;102;103;104;105;106;107;108;109;110;111;112;113;114;115;116,33;40;44;82;86;89;90;93;96;97;98;99;101;102;105;106;109;110;172;174;177;178;179;180;181;182;269;277;278;279;290;293;294;297;298;301;302,24,37,1.0,1.0,1.2727604035507625,0.21071211838651038,0.16884248199877305,True,True,True,True,True,pass
Nb252_aff_seq046_E46H,Nb252 reported_seq E46H,Nb252 IMGT 51 E>H,Nb252 chain C auth 46 E>H,46,E,H,FR2,True,1,8112101,Nb252_WT_rep01_seed8112101,424.31435156319014,-74.27686010738398,-96.48799024088218,-120.9323078228191,16.278883412486124,24,37,0.9166666666666666,0.8918918918918919,0.044161537972587143,2.312389711662829,33;37;45;47;50;53;58;98;100;102;103;104;105;106;107;108;109;110;111;112;113;114;115;116,33;40;44;82;86;89;90;93;96;97;98;99;101;102;105;106;109;110;172;174;177;178;179;180;181;182;269;277;278;279;290;293;294;297;298;301;302,24,37,1.0,1.0,0.29857705199492557,0.0352841781651847,0.09325525588172567,True,True,True,True,True,pass
Nb252_aff_seq046_E46H,Nb252 reported_seq E46H,Nb252 IMGT 51 E>H,Nb252 chain C auth 46 E>H,46,E,H,FR2,True,2,8112102,Nb252_WT_rep02_seed8112102,424.31435156319014,-74.27686010738398,-96.48799024088218,-120.9323078228191,16.278883412486124,24,37,0.9166666666666666,0.8918918918918919,0.044161537972587143,2.312389711662829,33;37;45;47;50;53;58;98;100;102;103;104;105;106;107;108;109;110;111;112;113;114;115;116,33;40;44;82;86;89;90;93;96;97;98;99;101;102;105;106;109;110;172;174;177;178;179;180;181;182;269;277;278;279;290;293;294;297;298;301;302,24,37,1.0,1.0,0.1877311255711902,0.0352841781651847,0.09325525588172567,True,True,True,True,True,pass
Nb252_aff_seq046_E46H,Nb252 reported_seq E46H,Nb252 IMGT 51 E>H,Nb252 chain C auth 46 E>H,46,E,H,FR2,True,3,8112103,Nb252_WT_rep03_seed8112103,424.31435156319014,-74.27686482853142,-96.48799024088218,-120.9323078228191,16.278883412486124,24,37,0.9166666666666666,0.8918918918918919,0.044161537972587143,2.312389711662829,33;37;45;47;50;53;58;98;100;102;103;104;105;106;107;108;109;110;111;112;113;114;115;116,33;40;44;82;86;89;90;93;96;97;98;99;101;102;105;106;109;110;172;174;177;178;179;180;181;182;269;277;278;279;290;293;294;297;298;301;302,24,37,1.0,1.0,0.18772640442375632,0.0352841781651847,0.09325525588172567,True,True,True,True,True,pass
Nb252_aff_seq046_E46I,Nb252 reported_seq E46I,Nb252 IMGT 51 E>I,Nb252 chain C auth 46 E>I,46,E,I,FR2,True,1,8112101,Nb252_WT_rep01_seed8112101,423.25565134267276,-73.82100893427207,-96.54245732494459,-120.77050400196121,16.02771247275135,24,37,0.9166666666666666,0.8918918918918919,0.0440721642399683,2.3171547116572566,33;37;45;47;50;53;58;98;100;102;103;104;105;106;107;108;109;110;111;112;113;114;115;116,33;40;44;82;86;89;90;93;96;97;98;99;101;102;105;106;109;110;172;174;177;178;179;180;181;182;269;277;278;279;290;293;294;297;298;301;302,24,37,1.0,1.0,0.7544282251068353,-0.0191829058972246,-0.157915683853048,True,True,True,True,True,pass
Nb252_aff_seq046_E46I,Nb252 reported_seq E46I,Nb252 IMGT 51 E>I,Nb252 chain C auth 46 E>I,46,E,I,FR2,True,2,8112102,Nb252_WT_rep02_seed8112102,423.25565134267276,-74.37457131845258,-96.54245732494459,-120.77050400196121,16.02771247275135,24,37,0.9166666666666666,0.8918918918918919,0.0440721642399683,2.3171547116572566,33;37;45;47;50;53;58;98;100;102;103;104;105;106;107;108;109;110;111;112;113;114;115;116,33;40;44;82;86;89;90;93;96;97;98;99;101;102;105;106;109;110;172;174;177;178;179;180;181;182;269;277;278;279;290;293;294;297;298;301;302,24,37,1.0,1.0,0.09001991450259084,-0.0191829058972246,-0.157915683853048,True,True,True,True,True,pass
Nb252_aff_seq046_E46I,Nb252 reported_seq E46I,Nb252 IMGT 51 E>I,Nb252 chain C auth 46 E>I,46,E,I,FR2,True,3,8112103,Nb252_WT_rep03_seed8112103,423.25565134267276,-74.37457131845258,-96.54245732494459,-120.77050400196121,16.02771247275135,24,37,0.9166666666666666,0.8918918918918919,0.0440721642399683,2.3171547116572566,33;37;45;47;50;53;58;98;100;102;103;104;105;106;107;108;109;110;111;112;113;114;115;116,33;40;44;82;86;89;90;93;96;97;98;99;101;102;105;106;109;110;172;174;177;178;179;180;181;182;269;277;278;279;290;293;294;297;298;301;302,24,37,1.0,1.0,0.09001991450259084,-0.0191829058972246,-0.157915683853048,True,True,True,True,True,pass
Nb252_aff_seq046_E46K,Nb252 reported_seq E46K,Nb252 IMGT 51 E>K,Nb252 chain C auth 46 E>K,46,E,K,FR2,True,1,8112101,Nb252_WT_rep01_seed8112101,423.20713434174553,-74.95455121340564,-96.4003169615532,-120.87291059324434,16.257630864857692,24,37,0.9166666666666666,0.8918918918918919,0.04426501072093135,2.316216057830254,33;37;45;47;50;53;58;98;100;102;103;104;105;106;107;108;109;110;111;112;113;114;115;116,33;40;44;82;86;89;90;93;96;97;98;99;101;102;105;106;109;110;172;174;177;178;179;180;181;182;269;277;278;279;290;293;294;297;298;301;302,24,37,1.0,1.0,-0.37911405402672926,0.12295745749416653,0.07200270825329369,True,True,True,True,True,pass
Nb252_aff_seq046_E46K,Nb252 reported_seq E46K,Nb252 IMGT 51 E>K,Nb252 chain C auth 46 E>K,46,E,K,FR2,True,2,8112102,Nb252_WT_rep02_seed8112102,423.20713434174553,-74.14025548630747,-96.4003169615532,-120.87291059324434,16.257630864857692,24,37,0.9166666666666666,0.8918918918918919,0.04426501072093135,2.316216057830254,33;37;45;47;50;53;58;98;100;102;103;104;105;106;107;108;109;110;111;112;113;114;115;116,33;40;44;82;86;89;90;93;96;97;98;99;101;102;105;106;109;110;172;174;177;178;179;180;181;182;269;277;278;279;290;293;294;297;298;301;302,24,37,1.0,1.0,0.32433574664770504,0.12295745749416653,0.07200270825329369,True,True,True,True,True,pass
Nb252_aff_seq046_E46K,Nb252 reported_seq E46K,Nb252 IMGT 51 E>K,Nb252 chain C auth 46 E>K,46,E,K,FR2,True,3,8112103,Nb252_WT_rep03_seed8112103,423.20713434174553,-74.14025548630747,-96.4003169615532,-120.87291059324434,16.257630864857692,24,37,0.9166666666666666,0.8918918918918919,0.04426501072093135,2.316216057830254,33;37;45;47;50;53;58;98;100;102;103;104;105;106;107;108;109;110;111;112;113;114;115;116,33;40;44;82;86;89;90;93;96;97;98;99;101;102;105;106;109;110;172;174;177;178;179;180;181;182;269;277;278;279;290;293;294;297;298;301;302,24,37,1.0,1.0,0.32433574664770504,0.12295745749416653,0.07200270825329369,True,True,True,True,True,pass
Nb252_aff_seq046_E46L,Nb252 reported_seq E46L,Nb252 IMGT 51 E>L,Nb252 chain C auth 46 E>L,46,E,L,FR2,True,1,8112101,Nb252_WT_rep01_seed8112101,423.9131446488185,-74.73882277691541,-96.32165497104609,-120.83136767230089,16.265428624942878,24,37,0.9166666666666666,0.8918918918918919,0.044887292309896853,2.3155712761285723,33;37;45;47;50;53;58;98;100;102;103;104;105;106;107;108;109;110;111;112;113;114;115;116,33;40;44;82;86;89;90;93;96;97;98;99;101;102;105;106;109;110;172;174;177;178;179;180;181;182;269;277;278;279;290;293;294;297;298;301;302,24,37,1.0,1.0,-0.16338561753650538,0.2016194480012814,0.07980046833847965,True,True,True,True,True,pass
Nb252_aff_seq046_E46L,Nb252 reported_seq E46L,Nb252 IMGT 51 E>L,Nb252 chain C auth 46 E>L,46,E,L,FR2,True,2,8112102,Nb252_WT_rep02_seed8112102,423.9131446488185,-74.19460516559275,-96.32165497104609,-120.83136767230089,16.265428624942878,24,37,0.9166666666666666,0.8918918918918919,0.044887292309896853,2.3155712761285723,33;37;45;47;50;53;58;98;100;102;103;104;105;106;107;108;109;110;111;112;113;114;115;116,33;40;44;82;86;89;90;93;96;97;98;99;101;102;105;106;109;110;172;174;177;178;179;180;181;182;269;277;278;279;290;293;294;297;298;301;302,24,37,1.0,1.0,0.26998606736242436,0.2016194480012814,0.07980046833847965,True,True,True,True,True,pass
Nb252_aff_seq046_E46L,Nb252 reported_seq E46L,Nb252 IMGT 51 E>L,Nb252 chain C auth 46 E>L,46,E,L,FR2,True,3,8112103,Nb252_WT_rep03_seed8112103,423.9131446488185,-74.61529861889653,-96.32165497104609,-120.83136767230089,16.265428624942878,24,37,0.9166666666666666,0.8918918918918919,0.044887292309896853,2.3155712761285723,33;37;45;47;50;53;58;98;100;102;103;104;105;106;107;108;109;110;111;112;113;114;115;116,33;40;44;82;86;89;90;93;96;97;98;99;101;102;105;106;109;110;172;174;177;178;179;180;181;182;269;277;278;279;290;293;294;297;298;301;302,24,37,1.0,1.0,-0.15070738594135946,0.2016194480012814,0.07980046833847965,True,True,True,True,True,pass
Nb252_aff_seq046_E46M,Nb252 reported_seq E46M,Nb252 IMGT 51 E>M,Nb252 chain C auth 46 E>M,46,E,M,FR2,True,1,8112101,Nb252_WT_rep01_seed8112101,423.030784334895,-74.68167044219422,-96.5199969218093,-120.81679637746609,16.114559922757156,24,37,0.9166666666666666,0.8918918918918919,0.044382175120365415,2.3174837248628615,33;37;45;47;50;53;58;98;100;102;103;104;105;106;107;108;109;110;111;112;113;114;115;116,33;40;44;82;86;89;90;93;96;97;98;99;101;102;105;106;109;110;172;174;177;178;179;180;181;182;269;277;278;279;290;293;294;297;298;301;302,24,37,1.0,1.0,-0.1062332828153103,0.003277497238073579,-0.07106823384724237,True,True,True,True,True,pass
Nb252_aff_seq046_E46M,Nb252 reported_seq E46M,Nb252 IMGT 51 E>M,Nb252 chain C auth 46 E>M,46,E,M,FR2,True,2,8112102,Nb252_WT_rep02_seed8112102,423.030784334895,-74.40177605447434,-96.5199969218093,-120.81679637746609,16.114559922757156,24,37,0.9166666666666666,0.8918918918918919,0.044382175120365415,2.3174837248628615,33;37;45;47;50;53;58;98;100;102;103;104;105;106;107;108;109;110;111;112;113;114;115;116,33;40;44;82;86;89;90;93;96;97;98;99;101;102;105;106;109;110;172;174;177;178;179;180;181;182;269;277;278;279;290;293;294;297;298;301;302,24,37,1.0,1.0,0.0628151784808324,0.003277497238073579,-0.07106823384724237,True,True,True,True,True,pass
Nb252_aff_seq046_E46M,Nb252 reported_seq E46M,Nb252 IMGT 51 E>M,Nb252 chain C auth 46 E>M,46,E,M,FR2,True,3,8112103,Nb252_WT_rep03_seed8112103,423.030784334895,-73.48961277921069,-96.5199969218093,-120.81679637746609,16.114559922757156,24,37,0.9166666666666666,0.8918918918918919,0.044382175120365415,2.3174837248628615,33;37;45;47;50;53;58;98;100;102;103;104;105;106;107;108;109;110;111;112;113;114;115;116,33;40;44;82;86;89;90;93;96;97;98;99;101;102;105;106;109;110;172;174;177;178;179;180;181;182;269;277;278;279;290;293;294;297;298;301;302,24,37,1.0,1.0,0.9749784537444839,0.003277497238073579,-0.07106823384724237,True,True,True,True,True,pass
Nb252_aff_seq046_E46N,Nb252 reported_seq E46N,Nb252 IMGT 51 E>N,Nb252 chain C auth 46 E>N,46,E,N,FR2,True,1,8112101,Nb252_WT_rep01_seed8112101,424.69978856935654,-73.39213113669177,-96.48998827053653,-120.84248576711951,16.254310506506172,24,37,0.9166666666666666,0.8918918918918919,0.04416286490272872,2.3170579729074117,33;37;45;47;50;53;58;98;100;102;103;104;105;106;107;108;109;110;111;112;113;114;115;116,33;40;44;82;86;89;90;93;96;97;98;99;101;102;105;106;109;110;172;174;177;178;179;180;181;182;269;277;278;279;290;293;294;297;298;301;302,24,37,1.0,1.0,1.183306022687134,0.03328614851083955,0.06868234990177413,True,True,True,True,True,pass
Nb252_aff_seq046_E46N,Nb252 reported_seq E46N,Nb252 IMGT 51 E>N,Nb252 chain C auth 46 E>N,46,E,N,FR2,True,2,8112102,Nb252_WT_rep02_seed8112102,424.69978856935654,-75.82112971253537,-96.48998827053653,-120.84248576711951,16.254310506506172,24,37,0.9166666666666666,0.8918918918918919,0.04416286490272872,2.3170579729074117,33;37;45;47;50;53;58;98;100;102;103;104;105;106;107;108;109;110;111;112;113;114;115;116,33;40;44;82;86;89;90;93;96;97;98;99;101;102;105;106;109;110;172;174;177;178;179;180;181;182;269;277;278;279;290;293;294;297;298;301;302,24,37,1.0,1.0,-1.3565384795801947,0.03328614851083955,0.06868234990177413,True,True,True,True,True,pass
Nb252_aff_seq046_E46N,Nb252 reported_seq E46N,Nb252 IMGT 51 E>N,Nb252 chain C auth 46 E>N,46,E,N,FR2,True,3,8112103,Nb252_WT_rep03_seed8112103,424.69978856935654,-74.35322486930045,-96.48998827053653,-120.84248576711951,16.254310506506172,24,37,0.9166666666666666,0.8918918918918919,0.04416286490272872,2.3170579729074117,33;37;45;47;50;53;58;98;100;102;103;104;105;106;107;108;109;110;111;112;113;114;115;116,33;40;44;82;86;89;90;93;96;97;98;99;101;102;105;106;109;110;172;174;177;178;179;180;181;182;269;277;278;279;290;293;294;297;298;301;302,24,37,1.0,1.0,0.11136636365472441,0.03328614851083955,0.06868234990177413,True,True,True,True,True,pass
Nb252_aff_seq046_E46P,Nb252 reported_seq E46P,Nb252 IMGT 51 E>P,Nb252 chain C auth 46 E>P,46,E,P,FR2,True,1,8112101,Nb252_WT_rep01_seed8112101,454.85238234387924,-73.13218644185537,-94.14109991203902,-120.09939322256534,17.066997299511037,24,38,0.9166666666666666,0.918918918918919,0.05394912937809829,2.3098229655452838,33;37;45;47;50;53;58;98;100;102;103;104;105;106;107;108;109;110;111;112;113;114;115;116,33;37;40;44;82;86;89;90;93;96;97;98;99;101;102;105;106;109;110;172;174;177;178;179;180;181;182;269;277;278;279;290;293;294;297;298;301;302,24,37,1.0,1.0,1.44325071752354,2.3821745070083438,0.8813691429066388,True,True,True,True,True,pass
Nb252_aff_seq046_E46P,Nb252 reported_seq E46P,Nb252 IMGT 51 E>P,Nb252 chain C auth 46 E>P,46,E,P,FR2,True,2,8112102,Nb252_WT_rep02_seed8112102,454.85238234387924,-74.10934269224634,-94.14109991203902,-120.09939322256534,17.066997299511037,24,38,0.9166666666666666,0.918918918918919,0.05394912937809829,2.3098229655452838,33;37;45;47;50;53;58;98;100;102;103;104;105;106;107;108;109;110;111;112;113;114;115;116,33;37;40;44;82;86;89;90;93;96;97;98;99;101;102;105;106;109;110;172;174;177;178;179;180;181;182;269;277;278;279;290;293;294;297;298;301;302,24,37,1.0,1.0,0.3552485407088284,2.3821745070083438,0.8813691429066388,True,True,True,True,True,pass
Nb252_aff_seq046_E46P,Nb252 reported_seq E46P,Nb252 IMGT 51 E>P,Nb252 chain C auth 46 E>P,46,E,P,FR2,True,3,8112103,Nb252_WT_rep03_seed8112103,454.85238234387924,-72.71637500672824,-94.14109991203902,-120.09939322256534,17.066997299511037,24,38,0.9166666666666666,0.918918918918919,0.05394912937809829,2.3098229655452838,33;37;45;47;50;53;58;98;100;102;103;104;105;106;107;108;109;110;111;112;113;114;115;116,33;37;40;44;82;86;89;90;93;96;97;98;99;101;102;105;106;109;110;172;174;177;178;179;180;181;182;269;277;278;279;290;293;294;297;298;301;302,24,37,1.0,1.0,1.7482162262269298,2.3821745070083438,0.8813691429066388,True,True,True,True,True,pass
Nb252_aff_seq046_E46Q,Nb252 reported_seq E46Q,Nb252 IMGT 51 E>Q,Nb252 chain C auth 46 E>Q,46,E,Q,FR2,True,1,8112101,Nb252_WT_rep01_seed8112101,431.507156025327,-68.91227217055257,-91.35996852253051,-121.8062084924719,18.36043021550746,24,38,0.9166666666666666,0.918918918918919,0.041526709570701266,2.312030288632092,33;37;45;47;50;53;58;98;100;102;103;104;105;106;107;108;109;110;111;112;113;114;115;116,33;37;40;44;82;86;89;90;93;96;97;98;99;101;102;105;106;109;110;172;174;177;178;179;180;181;182;269;277;278;279;290;293;294;297;298;301;302,24,37,1.0,1.0,5.663164988826338,5.16330589651686,2.1748020589030617,True,True,True,True,True,pass
Nb252_aff_seq046_E46Q,Nb252 reported_seq E46Q,Nb252 IMGT 51 E>Q,Nb252 chain C auth 46 E>Q,46,E,Q,FR2,True,2,8112102,Nb252_WT_rep02_seed8112102,431.507156025327,-69.78564308533896,-91.35996852253051,-121.8062084924719,18.36043021550746,24,38,0.9166666666666666,0.918918918918919,0.041526709570701266,2.312030288632092,33;37;45;47;50;53;58;98;100;102;103;104;105;106;107;108;109;110;111;112;113;114;115;116,33;37;40;44;82;86;89;90;93;96;97;98;99;101;102;105;106;109;110;172;174;177;178;179;180;181;182;269;277;278;279;290;293;294;297;298;301;302,24,37,1.0,1.0,4.678948147616211,5.16330589651686,2.1748020589030617,True,True,True,True,True,pass
Nb252_aff_seq046_E46Q,Nb252 reported_seq E46Q,Nb252 IMGT 51 E>Q,Nb252 chain C auth 46 E>Q,46,E,Q,FR2,True,3,8112103,Nb252_WT_rep03_seed8112103,431.507156025327,-69.06235717981315,-91.35996852253051,-121.8062084924719,18.36043021550746,24,38,0.9166666666666666,0.918918918918919,0.041526709570701266,2.312030288632092,33;37;45;47;50;53;58;98;100;102;103;104;105;106;107;108;109;110;111;112;113;114;115;116,33;37;40;44;82;86;89;90;93;96;97;98;99;101;102;105;106;109;110;172;174;177;178;179;180;181;182;269;277;278;279;290;293;294;297;298;301;302,24,37,1.0,1.0,5.402234053142024,5.16330589651686,2.1748020589030617,True,True,True,True,True,pass
Nb252_aff_seq046_E46R,Nb252 reported_seq E46R,Nb252 IMGT 51 E>R,Nb252 chain C auth 46 E>R,46,E,R,FR2,True,1,8112101,Nb252_WT_rep01_seed8112101,424.2369841701784,-74.17086386239828,-96.45265146146087,-120.85988735705976,16.209749106829605,24,37,0.9166666666666666,0.8918918918918919,0.0441729011279345,2.3090674422352775,33;37;45;47;50;53;58;98;100;102;103;104;105;106;107;108;109;110;111;112;113;114;115;116,33;40;44;82;86;89;90;93;96;97;98;99;101;102;105;106;109;110;172;174;177;178;179;180;181;182;269;277;278;279;290;293;294;297;298;301;302,24,37,1.0,1.0,0.4045732969806295,0.07062295758649384,0.024120950225206883,True,True,True,True,True,pass
Nb252_aff_seq046_E46R,Nb252 reported_seq E46R,Nb252 IMGT 51 E>R,Nb252 chain C auth 46 E>R,46,E,R,FR2,True,2,8112102,Nb252_WT_rep02_seed8112102,424.2369841701784,-74.17086386239828,-96.45265146146087,-120.85988735705976,16.209749106829605,24,37,0.9166666666666666,0.8918918918918919,0.0441729011279345,2.3090674422352775,33;37;45;47;50;53;58;98;100;102;103;104;105;106;107;108;109;110;111;112;113;114;115;116,33;40;44;82;86;89;90;93;96;97;98;99;101;102;105;106;109;110;172;174;177;178;179;180;181;182;269;277;278;279;290;293;294;297;298;301;302,24,37,1.0,1.0,0.29372737055689413,0.07062295758649384,0.024120950225206883,True,True,True,True,True,pass
Nb252_aff_seq046_E46R,Nb252 reported_seq E46R,Nb252 IMGT 51 E>R,Nb252 chain C auth 46 E>R,46,E,R,FR2,True,3,8112103,Nb252_WT_rep03_seed8112103,424.2369841701784,-75.65029777645157,-96.45265146146087,-120.85988735705976,16.209749106829605,24,37,0.9166666666666666,0.8918918918918919,0.0441729011279345,2.3090674422352775,33;37;45;47;50;53;58;98;100;102;103;104;105;106;107;108;109;110;111;112;113;114;115;116,33;40;44;82;86;89;90;93;96;97;98;99;101;102;105;106;109;110;172;174;177;178;179;180;181;182;269;277;278;279;290;293;294;297;298;301;302,24,37,1.0,1.0,-1.1857065434963943,0.07062295758649384,0.024120950225206883,True,True,True,True,True,pass
Nb252_aff_seq046_E46S,Nb252 reported_seq E46S,Nb252 IMGT 51 E>S,Nb252 chain C auth 46 E>S,46,E,S,FR2,True,1,8112101,Nb252_WT_rep01_seed8112101,423.4150491010705,-73.7335246306863,-96.58635194748439,-120.98004650407955,16.20696390630473,24,37,0.9166666666666666,0.8918918918918919,0.044517825896876424,2.310005118696953,33;37;45;47;50;53;58;98;100;102;103;104;105;106;107;108;109;110;111;112;113;114;115;116,33;40;44;82;86;89;90;93;96;97;98;99;101;102;105;106;109;110;172;174;177;178;179;180;181;182;269;277;278;279;290;293;294;297;298;301;302,24,37,1.0,1.0,0.8419125286926032,-0.06307752843702019,0.02133574970033081,True,True,True,True,True,pass
Nb252_aff_seq046_E46S,Nb252 reported_seq E46S,Nb252 IMGT 51 E>S,Nb252 chain C auth 46 E>S,46,E,S,FR2,True,2,8112102,Nb252_WT_rep02_seed8112102,423.4150491010705,-75.31689913445848,-96.58635194748439,-120.98004650407955,16.20696390630473,24,37,0.9166666666666666,0.8918918918918919,0.044517825896876424,2.310005118696953,33;37;45;47;50;53;58;98;100;102;103;104;105;106;107;108;109;110;111;112;113;114;115;116,33;40;44;82;86;89;90;93;96;97;98;99;101;102;105;106;109;110;172;174;177;178;179;180;181;182;269;277;278;279;290;293;294;297;298;301;302,24,37,1.0,1.0,-0.852307901503309,-0.06307752843702019,0.02133574970033081,True,True,True,True,True,pass
Nb252_aff_seq046_E46S,Nb252 reported_seq E46S,Nb252 IMGT 51 E>S,Nb252 chain C auth 46 E>S,46,E,S,FR2,True,3,8112103,Nb252_WT_rep03_seed8112103,423.4150491010705,-73.45510102545649,-96.58635194748439,-120.98004650407955,16.20696390630473,24,37,0.9166666666666666,0.8918918918918919,0.044517825896876424,2.310005118696953,33;37;45;47;50;53;58;98;100;102;103;104;105;106;107;108;109;110;111;112;113;114;115;116,33;40;44;82;86;89;90;93;96;97;98;99;101;102;105;106;109;110;172;174;177;178;179;180;181;182;269;277;278;279;290;293;294;297;298;301;302,24,37,1.0,1.0,1.0094902074986862,-0.06307752843702019,0.02133574970033081,True,True,True,True,True,pass
Nb252_aff_seq046_E46T,Nb252 reported_seq E46T,Nb252 IMGT 51 E>T,Nb252 chain C auth 46 E>T,46,E,T,FR2,True,1,8112101,Nb252_WT_rep01_seed8112101,422.2877101888421,-73.50477776888772,-96.5867732258458,-120.81263942072792,16.092139446980287,24,37,0.9166666666666666,0.8918918918918919,0.04416676156395068,2.3186846423136385,33;37;45;47;50;53;58;98;100;102;103;104;105;106;107;108;109;110;111;112;113;114;115;116,33;40;44;82;86;89;90;93;96;97;98;99;101;102;105;106;109;110;172;174;177;178;179;180;181;182;269;277;278;279;290;293;294;297;298;301;302,24,37,1.0,1.0,1.070659390491187,-0.06349880679843523,-0.09348870962411127,True,True,True,True,True,pass
Nb252_aff_seq046_E46T,Nb252 reported_seq E46T,Nb252 IMGT 51 E>T,Nb252 chain C auth 46 E>T,46,E,T,FR2,True,2,8112102,Nb252_WT_rep02_seed8112102,422.2877101888421,-74.42213307080613,-96.5867732258458,-120.81263942072792,16.092139446980287,24,37,0.9166666666666666,0.8918918918918919,0.04416676156395068,2.3186846423136385,33;37;45;47;50;53;58;98;100;102;103;104;105;106;107;108;109;110;111;112;113;114;115;116,33;40;44;82;86;89;90;93;96;97;98;99;101;102;105;106;109;110;172;174;177;178;179;180;181;182;269;277;278;279;290;293;294;297;298;301;302,24,37,1.0,1.0,0.042458162149046075,-0.06349880679843523,-0.09348870962411127,True,True,True,True,True,pass
Nb252_aff_seq046_E46T,Nb252 reported_seq E46T,Nb252 IMGT 51 E>T,Nb252 chain C auth 46 E>T,46,E,T,FR2,True,3,8112103,Nb252_WT_rep03_seed8112103,422.2877101888421,-73.90356213667917,-96.5867732258458,-120.81263942072792,16.092139446980287,24,37,0.9166666666666666,0.8918918918918919,0.04416676156395068,2.3186846423136385,33;37;45;47;50;53;58;98;100;102;103;104;105;106;107;108;109;110;111;112;113;114;115;116,33;40;44;82;86;89;90;93;96;97;98;99;101;102;105;106;109;110;172;174;177;178;179;180;181;182;269;277;278;279;290;293;294;297;298;301;302,24,37,1.0,1.0,0.5610290962760018,-0.06349880679843523,-0.09348870962411127,True,True,True,True,True,pass
Nb252_aff_seq046_E46V,Nb252 reported_seq E46V,Nb252 IMGT 51 E>V,Nb252 chain C auth 46 E>V,46,E,V,FR2,True,1,8112101,Nb252_WT_rep01_seed8112101,421.9599869591541,-73.30605478141308,-96.35422191877782,-120.80427164654743,16.237731312184067,24,37,0.9166666666666666,0.8918918918918919,0.0440543571670548,2.3083662277794454,33;37;45;47;50;53;58;98;100;102;103;104;105;106;107;108;109;110;111;112;113;114;115;116,33;40;44;82;86;89;90;93;96;97;98;99;101;102;105;106;109;110;172;174;177;178;179;180;181;182;269;277;278;279;290;293;294;297;298;301;302,24,37,1.0,1.0,1.269382377965826,0.16905250026954377,0.052103155579668936,True,True,True,True,True,pass
Nb252_aff_seq046_E46V,Nb252 reported_seq E46V,Nb252 IMGT 51 E>V,Nb252 chain C auth 46 E>V,46,E,V,FR2,True,2,8112102,Nb252_WT_rep02_seed8112102,421.9599869591541,-75.1442849710266,-96.35422191877782,-120.80427164654743,16.237731312184067,24,37,0.9166666666666666,0.8918918918918919,0.0440543571670548,2.3083662277794454,33;37;45;47;50;53;58;98;100;102;103;104;105;106;107;108;109;110;111;112;113;114;115;116,33;40;44;82;86;89;90;93;96;97;98;99;101;102;105;106;109;110;172;174;177;178;179;180;181;182;269;277;278;279;290;293;294;297;298;301;302,24,37,1.0,1.0,-0.6796937380714212,0.16905250026954377,0.052103155579668936,True,True,True,True,True,pass
Nb252_aff_seq046_E46V,Nb252 reported_seq E46V,Nb252 IMGT 51 E>V,Nb252 chain C auth 46 E>V,46,E,V,FR2,True,3,8112103,Nb252_WT_rep03_seed8112103,421.9599869591541,-74.49632871674504,-96.35422191877782,-120.80427164654743,16.237731312184067,24,37,0.9166666666666666,0.8918918918918919,0.0440543571670548,2.3083662277794454,33;37;45;47;50;53;58;98;100;102;103;104;105;106;107;108;109;110;111;112;113;114;115;116,33;40;44;82;86;89;90;93;96;97;98;99;101;102;105;106;109;110;172;174;177;178;179;180;181;182;269;277;278;279;290;293;294;297;298;301;302,24,37,1.0,1.0,-0.03173748378986829,0.16905250026954377,0.052103155579668936,True,True,True,True,True,pass
Nb252_aff_seq046_E46W,Nb252 reported_seq E46W,Nb252 IMGT 51 E>W,Nb252 chain C auth 46 E>W,46,E,W,FR2,True,1,8112101,Nb252_WT_rep01_seed8112101,427.438429054228,-73.85597846404193,-96.48124786240395,-120.78799710266387,16.058931913226317,24,37,0.9166666666666666,0.8918918918918919,0.04452489467640433,2.3149535594722512,33;37;45;47;50;53;58;98;100;102;103;104;105;106;107;108;109;110;111;112;113;114;115;116,33;40;44;82;86;89;90;93;96;97;98;99;101;102;105;106;109;110;172;174;177;178;179;180;181;182;269;277;278;279;290;293;294;297;298;301;302,24,37,1.0,1.0,0.7194586953369821,0.04202655664342103,-0.12669624337808116,True,True,True,True,True,pass
Nb252_aff_seq046_E46W,Nb252 reported_seq E46W,Nb252 IMGT 51 E>W,Nb252 chain C auth 46 E>W,46,E,W,FR2,True,2,8112102,Nb252_WT_rep02_seed8112102,427.438429054228,-73.44737828149863,-96.48124786240395,-120.78799710266387,16.058931913226317,24,37,0.9166666666666666,0.8918918918918919,0.04452489467640433,2.3149535594722512,33;37;45;47;50;53;58;98;100;102;103;104;105;106;107;108;109;110;111;112;113;114;115;116,33;40;44;82;86;89;90;93;96;97;98;99;101;102;105;106;109;110;172;174;177;178;179;180;181;182;269;277;278;279;290;293;294;297;298;301;302,24,37,1.0,1.0,1.0172129514565427,0.04202655664342103,-0.12669624337808116,True,True,True,True,True,pass
Nb252_aff_seq046_E46W,Nb252 reported_seq E46W,Nb252 IMGT 51 E>W,Nb252 chain C auth 46 E>W,46,E,W,FR2,True,3,8112103,Nb252_WT_rep03_seed8112103,427.438429054228,-74.34532849080159,-96.48124786240395,-120.78799710266387,16.058931913226317,24,37,0.9166666666666666,0.8918918918918919,0.04452489467640433,2.3149535594722512,33;37;45;47;50;53;58;98;100;102;103;104;105;106;107;108;109;110;111;112;113;114;115;116,33;40;44;82;86;89;90;93;96;97;98;99;101;102;105;106;109;110;172;174;177;178;179;180;181;182;269;277;278;279;290;293;294;297;298;301;302,24,37,1.0,1.0,0.11926274215358035,0.04202655664342103,-0.12669624337808116,True,True,True,True,True,pass
Nb252_aff_seq046_E46Y,Nb252 reported_seq E46Y,Nb252 IMGT 51 E>Y,Nb252 chain C auth 46 E>Y,46,E,Y,FR2,True,1,8112101,Nb252_WT_rep01_seed8112101,423.54974342474014,-74.75523804837036,-96.56604522344894,-120.68624218571902,16.01266035490865,24,37,0.9166666666666666,0.8918918918918919,0.04531538618781844,2.3166860146219364,33;37;45;47;50;53;58;98;100;102;103;104;105;106;107;108;109;110;111;112;113;114;115;116,33;40;44;82;86;89;90;93;96;97;98;99;101;102;105;106;109;110;172;174;177;178;179;180;181;182;269;277;278;279;290;293;294;297;298;301;302,24,37,1.0,1.0,-0.1798008889914513,-0.04277080440157022,-0.17296780169574788,True,True,True,True,True,pass
Nb252_aff_seq046_E46Y,Nb252 reported_seq E46Y,Nb252 IMGT 51 E>Y,Nb252 chain C auth 46 E>Y,46,E,Y,FR2,True,2,8112102,Nb252_WT_rep02_seed8112102,423.54974342474014,-75.32698275640973,-96.56604522344894,-120.68624218571902,16.01266035490865,24,37,0.9166666666666666,0.8918918918918919,0.04531538618781844,2.3166860146219364,33;37;45;47;50;53;58;98;100;102;103;104;105;106;107;108;109;110;111;112;113;114;115;116,33;40;44;82;86;89;90;93;96;97;98;99;101;102;105;106;109;110;172;174;177;178;179;180;181;182;269;277;278;279;290;293;294;297;298;301;302,24,37,1.0,1.0,-0.862391523454562,-0.04277080440157022,-0.17296780169574788,True,True,True,True,True,pass
Nb252_aff_seq046_E46Y,Nb252 reported_seq E46Y,Nb252 IMGT 51 E>Y,Nb252 chain C auth 46 E>Y,46,E,Y,FR2,True,3,8112103,Nb252_WT_rep03_seed8112103,423.54974342474014,-73.57199162729876,-96.56604522344894,-120.68624218571902,16.01266035490865,24,37,0.9166666666666666,0.8918918918918919,0.04531538618781844,2.3166860146219364,33;37;45;47;50;53;58;98;100;102;103;104;105;106;107;108;109;110;111;112;113;114;115;116,33;40;44;82;86;89;90;93;96;97;98;99;101;102;105;106;109;110;172;174;177;178;179;180;181;182;269;277;278;279;290;293;294;297;298;301;302,24,37,1.0,1.0,0.8925996056564145,-0.04277080440157022,-0.17296780169574788,True,True,True,True,True,pass
Nb252_aff_seq047_F47A,Nb252 reported_seq F47A,Nb252 IMGT 52 F>A,Nb252 chain C auth 47 F>A,47,F,A,FR2,False,1,8112101,Nb252_WT_rep01_seed8112101,424.3915811198061,-74.29474782634537,-96.59596961765325,-120.63580232522139,16.165664839659463,24,37,0.9166666666666666,0.8918918918918919,0.04368626798244676,2.3134077841892897,33;37;45;47;50;53;58;98;100;102;103;104;105;106;107;108;109;110;111;112;113;114;115;116,33;40;44;82;86;89;90;93;96;97;98;99;101;102;105;106;109;110;172;174;177;178;179;180;181;182;269;277;278;279;290;293;294;297;298;301;302,24,37,1.0,1.0,0.2806893330335356,-0.07269519860588503,-0.019963316944934917,True,True,True,True,True,pass
Nb252_aff_seq047_F47A,Nb252 reported_seq F47A,Nb252 IMGT 52 F>A,Nb252 chain C auth 47 F>A,47,F,A,FR2,False,2,8112102,Nb252_WT_rep02_seed8112102,424.3915811198061,-74.70378878697801,-96.59596961765325,-120.63580232522139,16.165664839659463,24,37,0.9166666666666666,0.8918918918918919,0.04368626798244676,2.3134077841892897,33;37;45;47;50;53;58;98;100;102;103;104;105;106;107;108;109;110;111;112;113;114;115;116,33;40;44;82;86;89;90;93;96;97;98;99;101;102;105;106;109;110;172;174;177;178;179;180;181;182;269;277;278;279;290;293;294;297;298;301;302,24,37,1.0,1.0,-0.23919755402283727,-0.07269519860588503,-0.019963316944934917,True,True,True,True,True,pass
Nb252_aff_seq047_F47A,Nb252 reported_seq F47A,Nb252 IMGT 52 F>A,Nb252 chain C auth 47 F>A,47,F,A,FR2,False,3,8112103,Nb252_WT_rep03_seed8112103,424.3915811198061,-73.77104688210727,-96.59596961765325,-120.63580232522139,16.165664839659463,24,37,0.9166666666666666,0.8918918918918919,0.04368626798244676,2.3134077841892897,33;37;45;47;50;53;58;98;100;102;103;104;105;106;107;108;109;110;111;112;113;114;115;116,33;40;44;82;86;89;90;93;96;97;98;99;101;102;105;106;109;110;172;174;177;178;179;180;181;182;269;277;278;279;290;293;294;297;298;301;302,24,37,1.0,1.0,0.6935443508479011,-0.07269519860588503,-0.019963316944934917,True,True,True,True,True,pass
Nb252_aff_seq047_F47C,Nb252 reported_seq F47C,Nb252 IMGT 52 F>C,Nb252 chain C auth 47 F>C,47,F,C,FR2,False,1,8112101,Nb252_WT_rep01_seed8112101,425.40435363368397,-73.91221942625702,-96.58979049869235,-120.7056267780385,16.054888164245593,24,37,0.9166666666666666,0.8918918918918919,0.04450185190689273,2.3227092626909136,33;37;45;47;50;53;58;98;100;102;103;104;105;106;107;108;109;110;111;112;113;114;115;116,33;40;44;82;86;89;90;93;96;97;98;99;101;102;105;106;109;110;172;174;177;178;179;180;181;182;269;277;278;279;290;293;294;297;298;301;302,24,37,1.0,1.0,0.6632177331218827,-0.06651607964498396,-0.13073999235880507,True,True,True,True,True,pass
Nb252_aff_seq047_F47C,Nb252 reported_seq F47C,Nb252 IMGT 52 F>C,Nb252 chain C auth 47 F>C,47,F,C,FR2,False,2,8112102,Nb252_WT_rep02_seed8112102,425.40435363368397,-75.01372356293655,-96.58979049869235,-120.7056267780385,16.054888164245593,24,37,0.9166666666666666,0.8918918918918919,0.04450185190689273,2.3227092626909136,33;37;45;47;50;53;58;98;100;102;103;104;105;106;107;108;109;110;111;112;113;114;115;116,33;40;44;82;86;89;90;93;96;97;98;99;101;102;105;106;109;110;172;174;177;178;179;180;181;182;269;277;278;279;290;293;294;297;298;301;302,24,37,1.0,1.0,-0.5491323299813757,-0.06651607964498396,-0.13073999235880507,True,True,True,True,True,pass
Nb252_aff_seq047_F47C,Nb252 reported_seq F47C,Nb252 IMGT 52 F>C,Nb252 chain C auth 47 F>C,47,F,C,FR2,False,3,8112103,Nb252_WT_rep03_seed8112103,425.40435363368397,-74.42197289525552,-96.58979049869235,-120.7056267780385,16.054888164245593,24,37,0.9166666666666666,0.8918918918918919,0.04450185190689273,2.3227092626909136,33;37;45;47;50;53;58;98;100;102;103;104;105;106;107;108;109;110;111;112;113;114;115;116,33;40;44;82;86;89;90;93;96;97;98;99;101;102;105;106;109;110;172;174;177;178;179;180;181;182;269;277;278;279;290;293;294;297;298;301;302,24,37,1.0,1.0,0.04261833769965051,-0.06651607964498396,-0.13073999235880507,True,True,True,True,True,pass
Nb252_aff_seq047_F47D,Nb252 reported_seq F47D,Nb252 IMGT 52 F>D,Nb252 chain C auth 47 F>D,47,F,D,FR2,False,1,8112101,Nb252_WT_rep01_seed8112101,426.097306206408,-73.7351813738158,-96.95130622878895,-121.09026313363177,16.05962100370732,24,37,0.9166666666666666,0.8918918918918919,0.04441259741818355,2.3172564050638838,33;37;45;47;50;53;58;98;100;102;103;104;105;106;107;108;109;110;111;112;113;114;115;116,33;40;44;82;86;89;90;93;96;97;98;99;101;102;105;106;109;110;172;174;177;178;179;180;181;182;269;277;278;279;290;293;294;297;298;301;302,24,37,1.0,1.0,0.8402557855631017,-0.42803180974158295,-0.12600715289707765,True,True,True,True,True,pass
Nb252_aff_seq047_F47D,Nb252 reported_seq F47D,Nb252 IMGT 52 F>D,Nb252 chain C auth 47 F>D,47,F,D,FR2,False,2,8112102,Nb252_WT_rep02_seed8112102,426.097306206408,-74.6652994019571,-96.95130622878895,-121.09026313363177,16.05962100370732,24,37,0.9166666666666666,0.8918918918918919,0.04441259741818355,2.3172564050638838,33;37;45;47;50;53;58;98;100;102;103;104;105;106;107;108;109;110;111;112;113;114;115;116,33;40;44;82;86;89;90;93;96;97;98;99;101;102;105;106;109;110;172;174;177;178;179;180;181;182;269;277;278;279;290;293;294;297;298;301;302,24,37,1.0,1.0,-0.20070816900192767,-0.42803180974158295,-0.12600715289707765,True,True,True,True,True,pass
Nb252_aff_seq047_F47D,Nb252 reported_seq F47D,Nb252 IMGT 52 F>D,Nb252 chain C auth 47 F>D,47,F,D,FR2,False,3,8112103,Nb252_WT_rep03_seed8112103,426.097306206408,-73.7351813738158,-96.95130622878895,-121.09026313363177,16.05962100370732,24,37,0.9166666666666666,0.8918918918918919,0.04441259741818355,2.3172564050638838,33;37;45;47;50;53;58;98;100;102;103;104;105;106;107;108;109;110;111;112;113;114;115;116,33;40;44;82;86;89;90;93;96;97;98;99;101;102;105;106;109;110;172;174;177;178;179;180;181;182;269;277;278;279;290;293;294;297;298;301;302,24,37,1.0,1.0,0.7294098591393663,-0.42803180974158295,-0.12600715289707765,True,True,True,True,True,pass
Nb252_aff_seq047_F47E,Nb252 reported_seq F47E,Nb252 IMGT 52 F>E,Nb252 chain C auth 47 F>E,47,F,E,FR2,False,1,8112101,Nb252_WT_rep01_seed8112101,422.9632459898821,-75.34898101091738,-95.88358573263979,-120.80440337407853,16.159795824958852,23,36,0.875,0.8648648648648649,0.04454508204322694,2.3188284981699248,33;37;45;47;50;53;98;100;102;103;104;105;106;107;108;109;110;111;112;113;114;115;116,33;40;44;82;86;89;90;93;97;98;99;101;102;105;106;109;110;172;174;177;178;179;180;181;182;269;277;278;279;290;293;294;297;298;301;302,24,37,0.9583333333333334,0.972972972972973,-0.7735438515384772,0.639688686407581,-0.02583233164554599,True,True,True,True,True,pass
Nb252_aff_seq047_F47E,Nb252 reported_seq F47E,Nb252 IMGT 52 F>E,Nb252 chain C auth 47 F>E,47,F,E,FR2,False,2,8112102,Nb252_WT_rep02_seed8112102,422.9632459898821,-74.28415327875763,-95.88358573263979,-120.80440337407853,16.159795824958852,23,36,0.875,0.8648648648648649,0.04454508204322694,2.3188284981699248,33;37;45;47;50;53;98;100;102;103;104;105;106;107;108;109;110;111;112;113;114;115;116,33;40;44;82;86;89;90;93;97;98;99;101;102;105;106;109;110;172;174;177;178;179;180;181;182;269;277;278;279;290;293;294;297;298;301;302,24,37,0.9583333333333334,0.972972972972973,0.1804379541975436,0.639688686407581,-0.02583233164554599,True,True,True,True,True,pass
Nb252_aff_seq047_F47E,Nb252 reported_seq F47E,Nb252 IMGT 52 F>E,Nb252 chain C auth 47 F>E,47,F,E,FR2,False,3,8112103,Nb252_WT_rep03_seed8112103,422.9632459898821,-75.34898101091738,-95.88358573263979,-120.80440337407853,16.159795824958852,23,36,0.875,0.8648648648648649,0.04454508204322694,2.3188284981699248,33;37;45;47;50;53;98;100;102;103;104;105;106;107;108;109;110;111;112;113;114;115;116,33;40;44;82;86;89;90;93;97;98;99;101;102;105;106;109;110;172;174;177;178;179;180;181;182;269;277;278;279;290;293;294;297;298;301;302,24,37,0.9583333333333334,0.972972972972973,-0.8843897779622125,0.639688686407581,-0.02583233164554599,True,True,True,True,True,pass
Nb252_aff_seq047_F47G,Nb252 reported_seq F47G,Nb252 IMGT 52 F>G,Nb252 chain C auth 47 F>G,47,F,G,FR2,False,1,8112101,Nb252_WT_rep01_seed8112101,426.7554609374156,-73.8836660481669,-95.92359686755287,-119.97744018402281,15.996108492538822,24,37,0.9166666666666666,0.8918918918918919,0.04382339654186121,2.3185706366070296,33;37;45;47;50;53;58;98;100;102;103;104;105;106;107;108;109;110;111;112;113;114;115;116,33;40;44;82;86;89;90;93;96;97;98;99;101;102;105;106;109;110;172;174;177;178;179;180;181;182;269;277;278;279;290;293;294;297;298;301;302,24,37,1.0,1.0,0.691771111212006,0.5996775514944943,-0.18951966406557652,True,True,True,True,True,pass
Nb252_aff_seq047_F47G,Nb252 reported_seq F47G,Nb252 IMGT 52 F>G,Nb252 chain C auth 47 F>G,47,F,G,FR2,False,2,8112102,Nb252_WT_rep02_seed8112102,426.7554609374156,-74.27464130724172,-95.92359686755287,-119.97744018402281,15.996108492538822,24,37,0.9166666666666666,0.8918918918918919,0.04382339654186121,2.3185706366070296,33;37;45;47;50;53;58;98;100;102;103;104;105;106;107;108;109;110;111;112;113;114;115;116,33;40;44;82;86;89;90;93;96;97;98;99;101;102;105;106;109;110;172;174;177;178;179;180;181;182;269;277;278;279;290;293;294;297;298;301;302,24,37,1.0,1.0,0.18994992571344937,0.5996775514944943,-0.18951966406557652,True,True,True,True,True,pass
Nb252_aff_seq047_F47G,Nb252 reported_seq F47G,Nb252 IMGT 52 F>G,Nb252 chain C auth 47 F>G,47,F,G,FR2,False,3,8112103,Nb252_WT_rep03_seed8112103,426.7554609374156,-73.8836660481669,-95.92359686755287,-119.97744018402281,15.996108492538822,24,37,0.9166666666666666,0.8918918918918919,0.04382339654186121,2.3185706366070296,33;37;45;47;50;53;58;98;100;102;103;104;105;106;107;108;109;110;111;112;113;114;115;116,33;40;44;82;86;89;90;93;96;97;98;99;101;102;105;106;109;110;172;174;177;178;179;180;181;182;269;277;278;279;290;293;294;297;298;301;302,24,37,1.0,1.0,0.5809251847882706,0.5996775514944943,-0.18951966406557652,True,True,True,True,True,pass
Nb252_aff_seq047_F47H,Nb252 reported_seq F47H,Nb252 IMGT 52 F>H,Nb252 chain C auth 47 F>H,47,F,H,FR2,False,1,8112101,Nb252_WT_rep01_seed8112101,423.0075366975884,-74.6301024173473,-96.83558902867007,-121.01451921127689,16.063300020132797,24,37,0.9166666666666666,0.8918918918918919,0.04437387947681905,2.3140759460117692,33;37;45;47;50;53;58;98;100;102;103;104;105;106;107;108;109;110;111;112;113;114;115;116,33;40;44;82;86;89;90;93;96;97;98;99;101;102;105;106;109;110;172;174;177;178;179;180;181;182;269;277;278;279;290;293;294;297;298;301;302,24,37,1.0,1.0,-0.05466525796839505,-0.3123146096227032,-0.12232813647160157,True,True,True,True,True,pass
Nb252_aff_seq047_F47H,Nb252 reported_seq F47H,Nb252 IMGT 52 F>H,Nb252 chain C auth 47 F>H,47,F,H,FR2,False,2,8112102,Nb252_WT_rep02_seed8112102,423.0075366975884,-74.6301024173473,-96.83558902867007,-121.01451921127689,16.063300020132797,24,37,0.9166666666666666,0.8918918918918919,0.04437387947681905,2.3140759460117692,33;37;45;47;50;53;58;98;100;102;103;104;105;106;107;108;109;110;111;112;113;114;115;116,33;40;44;82;86;89;90;93;96;97;98;99;101;102;105;106;109;110;172;174;177;178;179;180;181;182;269;277;278;279;290;293;294;297;298;301;302,24,37,1.0,1.0,-0.16551118439213042,-0.3123146096227032,-0.12232813647160157,True,True,True,True,True,pass
Nb252_aff_seq047_F47H,Nb252 reported_seq F47H,Nb252 IMGT 52 F>H,Nb252 chain C auth 47 F>H,47,F,H,FR2,False,3,8112103,Nb252_WT_rep03_seed8112103,423.0075366975884,-74.12980904024016,-96.83558902867007,-121.01451921127689,16.063300020132797,24,37,0.9166666666666666,0.8918918918918919,0.04437387947681905,2.3140759460117692,33;37;45;47;50;53;58;98;100;102;103;104;105;106;107;108;109;110;111;112;113;114;115;116,33;40;44;82;86;89;90;93;96;97;98;99;101;102;105;106;109;110;172;174;177;178;179;180;181;182;269;277;278;279;290;293;294;297;298;301;302,24,37,1.0,1.0,0.33478219271501075,-0.3123146096227032,-0.12232813647160157,True,True,True,True,True,pass
Nb252_aff_seq047_F47I,Nb252 reported_seq F47I,Nb252 IMGT 52 F>I,Nb252 chain C auth 47 F>I,47,F,I,FR2,False,1,8112101,Nb252_WT_rep01_seed8112101,424.0253880545681,-74.25310290541779,-97.37865951407204,-121.54612959010451,16.22946510089014,24,37,0.9166666666666666,0.8918918918918919,0.04413588833234988,2.313752715670696,33;37;45;47;50;53;58;98;100;102;103;104;105;106;107;108;109;110;111;112;113;114;115;116,33;40;44;82;86;89;90;93;96;97;98;99;101;102;105;106;109;110;172;174;177;178;179;180;181;182;269;277;278;279;290;293;294;297;298;301;302,24,37,1.0,1.0,0.3223342539611167,-0.8553850950246726,0.04383694428574003,True,True,True,True,True,pass
Nb252_aff_seq047_F47I,Nb252 reported_seq F47I,Nb252 IMGT 52 F>I,Nb252 chain C auth 47 F>I,47,F,I,FR2,False,2,8112102,Nb252_WT_rep02_seed8112102,424.0253880545681,-74.25310290541779,-97.37865951407204,-121.54612959010451,16.22946510089014,24,37,0.9166666666666666,0.8918918918918919,0.04413588833234988,2.313752715670696,33;37;45;47;50;53;58;98;100;102;103;104;105;106;107;108;109;110;111;112;113;114;115;116,33;40;44;82;86;89;90;93;96;97;98;99;101;102;105;106;109;110;172;174;177;178;179;180;181;182;269;277;278;279;290;293;294;297;298;301;302,24,37,1.0,1.0,0.21148832753738134,-0.8553850950246726,0.04383694428574003,True,True,True,True,True,pass
Nb252_aff_seq047_F47I,Nb252 reported_seq F47I,Nb252 IMGT 52 F>I,Nb252 chain C auth 47 F>I,47,F,I,FR2,False,3,8112103,Nb252_WT_rep03_seed8112103,424.0253880545681,-74.25310290541779,-97.37865951407204,-121.54612959010451,16.22946510089014,24,37,0.9166666666666666,0.8918918918918919,0.04413588833234988,2.313752715670696,33;37;45;47;50;53;58;98;100;102;103;104;105;106;107;108;109;110;111;112;113;114;115;116,33;40;44;82;86;89;90;93;96;97;98;99;101;102;105;106;109;110;172;174;177;178;179;180;181;182;269;277;278;279;290;293;294;297;298;301;302,24,37,1.0,1.0,0.21148832753738134,-0.8553850950246726,0.04383694428574003,True,True,True,True,True,pass
Nb252_aff_seq047_F47K,Nb252 reported_seq F47K,Nb252 IMGT 52 F>K,Nb252 chain C auth 47 F>K,47,F,K,FR2,False,1,8112101,Nb252_WT_rep01_seed8112101,421.4547472781925,-75.3332132171688,-97.50827383012471,-121.62975143217187,16.099865700509692,23,37,0.875,0.8918918918918919,0.045083536757094166,2.3187544640147912,33;37;45;47;50;53;98;100;102;103;104;105;106;107;108;109;110;111;112;113;114;115;116,33;40;44;82;86;89;90;93;96;97;98;99;101;102;105;106;109;110;172;174;177;178;179;180;181;182;269;277;278;279;290;293;294;297;298;301;302,24,37,0.9583333333333334,1.0,-0.7577760577898971,-0.9849994110773395,-0.0857624560947059,True,True,True,True,True,pass
Nb252_aff_seq047_F47K,Nb252 reported_seq F47K,Nb252 IMGT 52 F>K,Nb252 chain C auth 47 F>K,47,F,K,FR2,False,2,8112102,Nb252_WT_rep02_seed8112102,421.4547472781925,-75.3332132171688,-97.50827383012471,-121.62975143217187,16.099865700509692,23,37,0.875,0.8918918918918919,0.045083536757094166,2.3187544640147912,33;37;45;47;50;53;98;100;102;103;104;105;106;107;108;109;110;111;112;113;114;115;116,33;40;44;82;86;89;90;93;96;97;98;99;101;102;105;106;109;110;172;174;177;178;179;180;181;182;269;277;278;279;290;293;294;297;298;301;302,24,37,0.9583333333333334,1.0,-0.8686219842136325,-0.9849994110773395,-0.0857624560947059,True,True,True,True,True,pass
Nb252_aff_seq047_F47K,Nb252 reported_seq F47K,Nb252 IMGT 52 F>K,Nb252 chain C auth 47 F>K,47,F,K,FR2,False,3,8112103,Nb252_WT_rep03_seed8112103,421.4547472781925,-75.74847011542579,-97.50827383012471,-121.62975143217187,16.099865700509692,23,37,0.875,0.8918918918918919,0.045083536757094166,2.3187544640147912,33;37;45;47;50;53;98;100;102;103;104;105;106;107;108;109;110;111;112;113;114;115;116,33;40;44;82;86;89;90;93;96;97;98;99;101;102;105;106;109;110;172;174;177;178;179;180;181;182;269;277;278;279;290;293;294;297;298;301;302,24,37,0.9583333333333334,1.0,-1.283878882470617,-0.9849994110773395,-0.0857624560947059,True,True,True,True,True,pass
Nb252_aff_seq047_F47L,Nb252 reported_seq F47L,Nb252 IMGT 52 F>L,Nb252 chain C auth 47 F>L,47,F,L,FR2,False,1,8112101,Nb252_WT_rep01_seed8112101,421.80950885803634,-74.82331784370672,-97.12734881965766,-121.1913393817814,16.23000262644491,24,37,0.9166666666666666,0.8918918918918919,0.044909616081452955,2.3110705937003058,33;37;45;47;50;53;58;98;100;102;103;104;105;106;107;108;109;110;111;112;113;114;115;116,33;40;44;82;86;89;90;93;96;97;98;99;101;102;105;106;109;110;172;174;177;178;179;180;181;182;269;277;278;279;290;293;294;297;298;301;302,24,37,1.0,1.0,-0.24788068432781074,-0.6040744006102869,0.04437446984051263,True,True,True,True,True,pass
Nb252_aff_seq047_F47L,Nb252 reported_seq F47L,Nb252 IMGT 52 F>L,Nb252 chain C auth 47 F>L,47,F,L,FR2,False,2,8112102,Nb252_WT_rep02_seed8112102,421.80950885803634,-73.89494355573584,-97.12734881965766,-121.1913393817814,16.23000262644491,24,37,0.9166666666666666,0.8918918918918919,0.044909616081452955,2.3110705937003058,33;37;45;47;50;53;58;98;100;102;103;104;105;106;107;108;109;110;111;112;113;114;115;116,33;40;44;82;86;89;90;93;96;97;98;99;101;102;105;106;109;110;172;174;177;178;179;180;181;182;269;277;278;279;290;293;294;297;298;301;302,24,37,1.0,1.0,0.5696476772193364,-0.6040744006102869,0.04437446984051263,True,True,True,True,True,pass
Nb252_aff_seq047_F47L,Nb252 reported_seq F47L,Nb252 IMGT 52 F>L,Nb252 chain C auth 47 F>L,47,F,L,FR2,False,3,8112103,Nb252_WT_rep03_seed8112103,421.80950885803634,-74.82331784370672,-97.12734881965766,-121.1913393817814,16.23000262644491,24,37,0.9166666666666666,0.8918918918918919,0.044909616081452955,2.3110705937003058,33;37;45;47;50;53;58;98;100;102;103;104;105;106;107;108;109;110;111;112;113;114;115;116,33;40;44;82;86;89;90;93;96;97;98;99;101;102;105;106;109;110;172;174;177;178;179;180;181;182;269;277;278;279;290;293;294;297;298;301;302,24,37,1.0,1.0,-0.3587266107515461,-0.6040744006102869,0.04437446984051263,True,True,True,True,True,pass
Nb252_aff_seq047_F47M,Nb252 reported_seq F47M,Nb252 IMGT 52 F>M,Nb252 chain C auth 47 F>M,47,F,M,FR2,False,1,8112101,Nb252_WT_rep01_seed8112101,422.7884657085672,-75.09256150087003,-96.99358507396965,-121.30396002954711,16.154166466670592,24,37,0.9166666666666666,0.8918918918918919,0.044430129247290624,2.316300705999816,33;37;45;47;50;53;58;98;100;102;103;104;105;106;107;108;109;110;111;112;113;114;115;116,33;40;44;82;86;89;90;93;96;97;98;99;101;102;105;106;109;110;172;174;177;178;179;180;181;182;269;277;278;279;290;293;294;297;298;301;302,24,37,1.0,1.0,-0.517124341491126,-0.47031065492228663,-0.03146168993380627,True,True,True,True,True,pass
Nb252_aff_seq047_F47M,Nb252 reported_seq F47M,Nb252 IMGT 52 F>M,Nb252 chain C auth 47 F>M,47,F,M,FR2,False,2,8112102,Nb252_WT_rep02_seed8112102,422.7884657085672,-73.89148220631364,-96.99358507396965,-121.30396002954711,16.154166466670592,24,37,0.9166666666666666,0.8918918918918919,0.044430129247290624,2.316300705999816,33;37;45;47;50;53;58;98;100;102;103;104;105;106;107;108;109;110;111;112;113;114;115;116,33;40;44;82;86;89;90;93;96;97;98;99;101;102;105;106;109;110;172;174;177;178;179;180;181;182;269;277;278;279;290;293;294;297;298;301;302,24,37,1.0,1.0,0.5731090266415322,-0.47031065492228663,-0.03146168993380627,True,True,True,True,True,pass
Nb252_aff_seq047_F47M,Nb252 reported_seq F47M,Nb252 IMGT 52 F>M,Nb252 chain C auth 47 F>M,47,F,M,FR2,False,3,8112103,Nb252_WT_rep03_seed8112103,422.7884657085672,-73.89148220631364,-96.99358507396965,-121.30396002954711,16.154166466670592,24,37,0.9166666666666666,0.8918918918918919,0.044430129247290624,2.316300705999816,33;37;45;47;50;53;58;98;100;102;103;104;105;106;107;108;109;110;111;112;113;114;115;116,33;40;44;82;86;89;90;93;96;97;98;99;101;102;105;106;109;110;172;174;177;178;179;180;181;182;269;277;278;279;290;293;294;297;298;301;302,24,37,1.0,1.0,0.5731090266415322,-0.47031065492228663,-0.03146168993380627,True,True,True,True,True,pass
Nb252_aff_seq047_F47N,Nb252 reported_seq F47N,Nb252 IMGT 52 F>N,Nb252 chain C auth 47 F>N,47,F,N,FR2,False,1,8112101,Nb252_WT_rep01_seed8112101,424.9709426434807,-74.18290803201904,-96.27600145482465,-120.6571492825757,16.1771536897824,24,37,0.9166666666666666,0.8918918918918919,0.04455419364969882,2.3151219004898023,33;37;45;47;50;53;58;98;100;102;103;104;105;106;107;108;109;110;111;112;113;114;115;116,33;40;44;82;86;89;90;93;96;97;98;99;101;102;105;106;109;110;172;174;177;178;179;180;181;182;269;277;278;279;290;293;294;297;298;301;302,24,37,1.0,1.0,0.39252912735986456,0.2472729642227165,-0.008474466821997595,True,True,True,True,True,pass
Nb252_aff_seq047_F47N,Nb252 reported_seq F47N,Nb252 IMGT 52 F>N,Nb252 chain C auth 47 F>N,47,F,N,FR2,False,2,8112102,Nb252_WT_rep02_seed8112102,424.9709426434807,-74.5957880766785,-96.27600145482465,-120.6571492825757,16.1771536897824,24,37,0.9166666666666666,0.8918918918918919,0.04455419364969882,2.3151219004898023,33;37;45;47;50;53;58;98;100;102;103;104;105;106;107;108;109;110;111;112;113;114;115;116,33;40;44;82;86;89;90;93;96;97;98;99;101;102;105;106;109;110;172;174;177;178;179;180;181;182;269;277;278;279;290;293;294;297;298;301;302,24,37,1.0,1.0,-0.1311968437233304,0.2472729642227165,-0.008474466821997595,True,True,True,True,True,pass
Nb252_aff_seq047_F47N,Nb252 reported_seq F47N,Nb252 IMGT 52 F>N,Nb252 chain C auth 47 F>N,47,F,N,FR2,False,3,8112103,Nb252_WT_rep03_seed8112103,424.9709426434807,-74.18290803201904,-96.27600145482465,-120.6571492825757,16.1771536897824,24,37,0.9166666666666666,0.8918918918918919,0.04455419364969882,2.3151219004898023,33;37;45;47;50;53;58;98;100;102;103;104;105;106;107;108;109;110;111;112;113;114;115;116,33;40;44;82;86;89;90;93;96;97;98;99;101;102;105;106;109;110;172;174;177;178;179;180;181;182;269;277;278;279;290;293;294;297;298;301;302,24,37,1.0,1.0,0.2816832009361292,0.2472729642227165,-0.008474466821997595,True,True,True,True,True,pass
Nb252_aff_seq047_F47P,Nb252 reported_seq F47P,Nb252 IMGT 52 F>P,Nb252 chain C auth 47 F>P,47,F,P,FR2,False,1,8112101,Nb252_WT_rep01_seed8112101,422.1184507405013,-75.41902532364946,-95.1315095304937,-119.85154732357793,16.091976213015183,24,37,0.9166666666666666,0.8918918918918919,0.04495660851015889,2.3088917481210913,33;37;45;47;50;53;58;98;100;102;103;104;105;106;107;108;109;110;111;112;113;114;115;116,33;40;44;82;86;89;90;93;96;97;98;99;101;102;105;106;109;110;172;174;177;178;179;180;181;182;269;277;278;279;290;293;294;297;298;301;302,24,37,1.0,1.0,-0.8435881642705567,1.3917648885536664,-0.09365194358921514,True,True,True,True,True,pass
Nb252_aff_seq047_F47P,Nb252 reported_seq F47P,Nb252 IMGT 52 F>P,Nb252 chain C auth 47 F>P,47,F,P,FR2,False,2,8112102,Nb252_WT_rep02_seed8112102,422.1184507405013,-125.38450085144223,-95.1315095304937,-119.85154732357793,16.091976213015183,24,37,0.9166666666666666,0.8918918918918919,0.04495660851015889,2.3088917481210913,33;37;45;47;50;53;58;98;100;102;103;104;105;106;107;108;109;110;111;112;113;114;115;116,33;40;44;82;86;89;90;93;96;97;98;99;101;102;105;106;109;110;172;174;177;178;179;180;181;182;269;277;278;279;290;293;294;297;298;301;302,24,37,1.0,1.0,-50.919909618487054,1.3917648885536664,-0.09365194358921514,True,True,True,True,True,pass
Nb252_aff_seq047_F47P,Nb252 reported_seq F47P,Nb252 IMGT 52 F>P,Nb252 chain C auth 47 F>P,47,F,P,FR2,False,3,8112103,Nb252_WT_rep03_seed8112103,422.1184507405013,-73.92050815777475,-95.1315095304937,-119.85154732357793,16.091976213015183,24,37,0.9166666666666666,0.8918918918918919,0.04495660851015889,2.3088917481210913,33;37;45;47;50;53;58;98;100;102;103;104;105;106;107;108;109;110;111;112;113;114;115;116,33;40;44;82;86;89;90;93;96;97;98;99;101;102;105;106;109;110;172;174;177;178;179;180;181;182;269;277;278;279;290;293;294;297;298;301;302,24,37,1.0,1.0,0.5440830751804242,1.3917648885536664,-0.09365194358921514,True,True,True,True,True,pass
Nb252_aff_seq047_F47Q,Nb252 reported_seq F47Q,Nb252 IMGT 52 F>Q,Nb252 chain C auth 47 F>Q,47,F,Q,FR2,False,1,8112101,Nb252_WT_rep01_seed8112101,422.88799523816203,-75.23732304043335,-97.47691926828101,-121.82002960935394,16.14443433751665,24,37,0.9166666666666666,0.8918918918918919,0.04431269791472534,2.3099061655524156,33;37;45;47;50;53;58;98;100;102;103;104;105;106;107;108;109;110;111;112;113;114;115;116,33;40;44;82;86;89;90;93;96;97;98;99;101;102;105;106;109;110;172;174;177;178;179;180;181;182;269;277;278;279;290;293;294;297;298;301;302,24,37,1.0,1.0,-0.6618858810544452,-0.9536448492336405,-0.04119381908774855,True,True,True,True,True,pass
Nb252_aff_seq047_F47Q,Nb252 reported_seq F47Q,Nb252 IMGT 52 F>Q,Nb252 chain C auth 47 F>Q,47,F,Q,FR2,False,2,8112102,Nb252_WT_rep02_seed8112102,422.88799523816203,-75.23732304043335,-97.47691926828101,-121.82002960935394,16.14443433751665,24,37,0.9166666666666666,0.8918918918918919,0.04431269791472534,2.3099061655524156,33;37;45;47;50;53;58;98;100;102;103;104;105;106;107;108;109;110;111;112;113;114;115;116,33;40;44;82;86;89;90;93;96;97;98;99;101;102;105;106;109;110;172;174;177;178;179;180;181;182;269;277;278;279;290;293;294;297;298;301;302,24,37,1.0,1.0,-0.7727318074781806,-0.9536448492336405,-0.04119381908774855,True,True,True,True,True,pass
Nb252_aff_seq047_F47Q,Nb252 reported_seq F47Q,Nb252 IMGT 52 F>Q,Nb252 chain C auth 47 F>Q,47,F,Q,FR2,False,3,8112103,Nb252_WT_rep03_seed8112103,422.88799523816203,-74.7198239473766,-97.47691926828101,-121.82002960935394,16.14443433751665,24,37,0.9166666666666666,0.8918918918918919,0.04431269791472534,2.3099061655524156,33;37;45;47;50;53;58;98;100;102;103;104;105;106;107;108;109;110;111;112;113;114;115;116,33;40;44;82;86;89;90;93;96;97;98;99;101;102;105;106;109;110;172;174;177;178;179;180;181;182;269;277;278;279;290;293;294;297;298;301;302,24,37,1.0,1.0,-0.2552327144214246,-0.9536448492336405,-0.04119381908774855,True,True,True,True,True,pass
Nb252_aff_seq047_F47R,Nb252 reported_seq F47R,Nb252 IMGT 52 F>R,Nb252 chain C auth 47 F>R,47,F,R,FR2,False,1,8112101,Nb252_WT_rep01_seed8112101,421.5528269434852,-75.68096122617493,-97.84654140267936,-123.30975605680426,16.017728032911762,22,37,0.875,0.8918918918918919,0.044537510343652054,2.3188793881876575,33;37;45;47;53;98;100;102;103;104;105;106;107;108;109;110;111;112;113;114;115;116,33;40;44;82;86;89;90;93;96;97;98;99;101;102;105;106;109;110;172;174;177;178;179;180;181;182;269;277;278;279;290;293;294;297;298;301;302,24,37,0.9166666666666666,1.0,-1.105524066796022,-1.3232669836319957,-0.16790012369263607,True,True,True,True,True,pass
Nb252_aff_seq047_F47R,Nb252 reported_seq F47R,Nb252 IMGT 52 F>R,Nb252 chain C auth 47 F>R,47,F,R,FR2,False,2,8112102,Nb252_WT_rep02_seed8112102,421.5528269434852,-74.76403914217559,-97.84654140267936,-123.30975605680426,16.017728032911762,22,37,0.875,0.8918918918918919,0.044537510343652054,2.3188793881876575,33;37;45;47;53;98;100;102;103;104;105;106;107;108;109;110;111;112;113;114;115;116,33;40;44;82;86;89;90;93;96;97;98;99;101;102;105;106;109;110;172;174;177;178;179;180;181;182;269;277;278;279;290;293;294;297;298;301;302,24,37,0.9166666666666666,1.0,-0.29944790922041875,-1.3232669836319957,-0.16790012369263607,True,True,True,True,True,pass
Nb252_aff_seq047_F47R,Nb252 reported_seq F47R,Nb252 IMGT 52 F>R,Nb252 chain C auth 47 F>R,47,F,R,FR2,False,3,8112103,Nb252_WT_rep03_seed8112103,421.5528269434852,-75.1626933333917,-97.84654140267936,-123.30975605680426,16.017728032911762,22,37,0.875,0.8918918918918919,0.044537510343652054,2.3188793881876575,33;37;45;47;53;98;100;102;103;104;105;106;107;108;109;110;111;112;113;114;115;116,33;40;44;82;86;89;90;93;96;97;98;99;101;102;105;106;109;110;172;174;177;178;179;180;181;182;269;277;278;279;290;293;294;297;298;301;302,24,37,0.9166666666666666,1.0,-0.6981021004365289,-1.3232669836319957,-0.16790012369263607,True,True,True,True,True,pass
Nb252_aff_seq047_F47S,Nb252 reported_seq F47S,Nb252 IMGT 52 F>S,Nb252 chain C auth 47 F>S,47,F,S,FR2,False,1,8112101,Nb252_WT_rep01_seed8112101,424.6329927498256,-75.38010446306782,-96.06844374533065,-120.48864760841587,16.1751061182738,24,37,0.9166666666666666,0.8918918918918919,0.04428090968945726,2.314496806670311,33;37;45;47;50;53;58;98;100;102;103;104;105;106;107;108;109;110;111;112;113;114;115;116,33;40;44;82;86;89;90;93;96;97;98;99;101;102;105;106;109;110;172;174;177;178;179;180;181;182;269;277;278;279;290;293;294;297;298;301;302,24,37,1.0,1.0,-0.804667303688916,0.4548306737167138,-0.01052203833059906,True,True,True,True,True,pass
Nb252_aff_seq047_F47S,Nb252 reported_seq F47S,Nb252 IMGT 52 F>S,Nb252 chain C auth 47 F>S,47,F,S,FR2,False,2,8112102,Nb252_WT_rep02_seed8112102,424.6329927498256,-74.17458096758787,-96.06844374533065,-120.48864760841587,16.1751061182738,24,37,0.9166666666666666,0.8918918918918919,0.04428090968945726,2.314496806670311,33;37;45;47;50;53;58;98;100;102;103;104;105;106;107;108;109;110;111;112;113;114;115;116,33;40;44;82;86;89;90;93;96;97;98;99;101;102;105;106;109;110;172;174;177;178;179;180;181;182;269;277;278;279;290;293;294;297;298;301;302,24,37,1.0,1.0,0.29001026536730024,0.4548306737167138,-0.01052203833059906,True,True,True,True,True,pass
Nb252_aff_seq047_F47S,Nb252 reported_seq F47S,Nb252 IMGT 52 F>S,Nb252 chain C auth 47 F>S,47,F,S,FR2,False,3,8112103,Nb252_WT_rep03_seed8112103,424.6329927498256,-73.24886811931219,-96.06844374533065,-120.48864760841587,16.1751061182738,24,37,0.9166666666666666,0.8918918918918919,0.04428090968945726,2.314496806670311,33;37;45;47;50;53;58;98;100;102;103;104;105;106;107;108;109;110;111;112;113;114;115;116,33;40;44;82;86;89;90;93;96;97;98;99;101;102;105;106;109;110;172;174;177;178;179;180;181;182;269;277;278;279;290;293;294;297;298;301;302,24,37,1.0,1.0,1.21572311364298,0.4548306737167138,-0.01052203833059906,True,True,True,True,True,pass
Nb252_aff_seq047_F47T,Nb252 reported_seq F47T,Nb252 IMGT 52 F>T,Nb252 chain C auth 47 F>T,47,F,T,FR2,False,1,8112101,Nb252_WT_rep01_seed8112101,426.7523024928271,-72.43921737047265,-96.20934207596702,-120.5800554066612,16.170604466810765,24,37,0.9166666666666666,0.8918918918918919,0.044106558761853557,2.3125824323408,33;37;45;47;50;53;58;98;100;102;103;104;105;106;107;108;109;110;111;112;113;114;115;116,33;40;44;82;86;89;90;93;96;97;98;99;101;102;105;106;109;110;172;174;177;178;179;180;181;182;269;277;278;279;290;293;294;297;298;301;302,24,37,1.0,1.0,2.13621978890626,0.3139323430803529,-0.01502368979363311,True,True,True,True,True,pass
Nb252_aff_seq047_F47T,Nb252 reported_seq F47T,Nb252 IMGT 52 F>T,Nb252 chain C auth 47 F>T,47,F,T,FR2,False,2,8112102,Nb252_WT_rep02_seed8112102,426.7523024928271,-72.43921737047265,-96.20934207596702,-120.5800554066612,16.170604466810765,24,37,0.9166666666666666,0.8918918918918919,0.044106558761853557,2.3125824323408,33;37;45;47;50;53;58;98;100;102;103;104;105;106;107;108;109;110;111;112;113;114;115;116,33;40;44;82;86;89;90;93;96;97;98;99;101;102;105;106;109;110;172;174;177;178;179;180;181;182;269;277;278;279;290;293;294;297;298;301;302,24,37,1.0,1.0,2.0253738624825246,0.3139323430803529,-0.01502368979363311,True,True,True,True,True,pass
Nb252_aff_seq047_F47T,Nb252 reported_seq F47T,Nb252 IMGT 52 F>T,Nb252 chain C auth 47 F>T,47,F,T,FR2,False,3,8112103,Nb252_WT_rep03_seed8112103,426.7523024928271,-70.94224401526037,-96.20934207596702,-120.5800554066612,16.170604466810765,24,37,0.9166666666666666,0.8918918918918919,0.044106558761853557,2.3125824323408,33;37;45;47;50;53;58;98;100;102;103;104;105;106;107;108;109;110;111;112;113;114;115;116,33;40;44;82;86;89;90;93;96;97;98;99;101;102;105;106;109;110;172;174;177;178;179;180;181;182;269;277;278;279;290;293;294;297;298;301;302,24,37,1.0,1.0,3.5223472176948007,0.3139323430803529,-0.01502368979363311,True,True,True,True,True,pass
Nb252_aff_seq047_F47V,Nb252 reported_seq F47V,Nb252 IMGT 52 F>V,Nb252 chain C auth 47 F>V,47,F,V,FR2,False,1,8112101,Nb252_WT_rep01_seed8112101,424.63125103648224,-74.57986546250214,-96.73390836803901,-120.91167094848223,16.088379589558837,24,37,0.9166666666666666,0.8918918918918919,0.044160014888747504,2.31756251880813,33;37;45;47;50;53;58;98;100;102;103;104;105;106;107;108;109;110;111;112;113;114;115;116,33;40;44;82;86;89;90;93;96;97;98;99;101;102;105;106;109;110;172;174;177;178;179;180;181;182;269;277;278;279;290;293;294;297;298;301;302,24,37,1.0,1.0,-0.004428303123233945,-0.21063394899164223,-0.09724856704556117,True,True,True,True,True,pass
Nb252_aff_seq047_F47V,Nb252 reported_seq F47V,Nb252 IMGT 52 F>V,Nb252 chain C auth 47 F>V,47,F,V,FR2,False,2,8112102,Nb252_WT_rep02_seed8112102,424.63125103648224,-74.57986546250214,-96.73390836803901,-120.91167094848223,16.088379589558837,24,37,0.9166666666666666,0.8918918918918919,0.044160014888747504,2.31756251880813,33;37;45;47;50;53;58;98;100;102;103;104;105;106;107;108;109;110;111;112;113;114;115;116,33;40;44;82;86;89;90;93;96;97;98;99;101;102;105;106;109;110;172;174;177;178;179;180;181;182;269;277;278;279;290;293;294;297;298;301;302,24,37,1.0,1.0,-0.11527422954696931,-0.21063394899164223,-0.09724856704556117,True,True,True,True,True,pass
Nb252_aff_seq047_F47V,Nb252 reported_seq F47V,Nb252 IMGT 52 F>V,Nb252 chain C auth 47 F>V,47,F,V,FR2,False,3,8112103,Nb252_WT_rep03_seed8112103,424.63125103648224,-74.57986546250214,-96.73390836803901,-120.91167094848223,16.088379589558837,24,37,0.9166666666666666,0.8918918918918919,0.044160014888747504,2.31756251880813,33;37;45;47;50;53;58;98;100;102;103;104;105;106;107;108;109;110;111;112;113;114;115;116,33;40;44;82;86;89;90;93;96;97;98;99;101;102;105;106;109;110;172;174;177;178;179;180;181;182;269;277;278;279;290;293;294;297;298;301;302,24,37,1.0,1.0,-0.11527422954696931,-0.21063394899164223,-0.09724856704556117,True,True,True,True,True,pass
Nb252_aff_seq047_F47W,Nb252 reported_seq F47W,Nb252 IMGT 52 F>W,Nb252 chain C auth 47 F>W,47,F,W,FR2,False,1,8112101,Nb252_WT_rep01_seed8112101,422.3393239534431,-72.89057685906772,-96.02859188392596,-120.56772054248222,16.174282055517782,23,36,0.875,0.8648648648648649,0.04445362993471058,2.3123139734965954,33;37;45;47;50;53;98;100;102;103;104;105;106;107;108;109;110;111;112;113;114;115;116,33;40;44;82;86;89;90;93;97;98;99;101;102;105;106;109;110;172;174;177;178;179;180;181;182;269;277;278;279;290;293;294;297;298;301;302,24,37,0.9583333333333334,0.972972972972973,1.6848603003111862,0.494682535121413,-0.011346101086616045,True,True,True,True,True,pass
Nb252_aff_seq047_F47W,Nb252 reported_seq F47W,Nb252 IMGT 52 F>W,Nb252 chain C auth 47 F>W,47,F,W,FR2,False,2,8112102,Nb252_WT_rep02_seed8112102,422.3393239534431,-73.80167791848936,-96.02859188392596,-120.56772054248222,16.174282055517782,23,36,0.875,0.8648648648648649,0.04445362993471058,2.3123139734965954,33;37;45;47;50;53;98;100;102;103;104;105;106;107;108;109;110;111;112;113;114;115;116,33;40;44;82;86;89;90;93;97;98;99;101;102;105;106;109;110;172;174;177;178;179;180;181;182;269;277;278;279;290;293;294;297;298;301;302,24,37,0.9583333333333334,0.972972972972973,0.6629133144658113,0.494682535121413,-0.011346101086616045,True,True,True,True,True,pass
Nb252_aff_seq047_F47W,Nb252 reported_seq F47W,Nb252 IMGT 52 F>W,Nb252 chain C auth 47 F>W,47,F,W,FR2,False,3,8112103,Nb252_WT_rep03_seed8112103,427.2455128142007,-73.66832867960017,-95.83341388811795,-120.05536613434698,15.968707712049612,23,36,0.875,0.8648648648648649,0.04442828466548747,2.315380799021327,33;37;45;47;50;53;98;100;102;103;104;105;106;107;108;109;110;111;112;113;114;115;116,33;40;44;82;86;89;90;93;97;98;99;101;102;105;106;109;110;172;174;177;178;179;180;181;182;269;277;278;279;290;293;294;297;298;301;302,24,37,0.9583333333333334,0.972972972972973,0.7962625533550067,0.6898605309294226,-0.21692044455478587,True,True,True,True,True,pass
Nb252_aff_seq047_F47Y,Nb252 reported_seq F47Y,Nb252 IMGT 52 F>Y,Nb252 chain C auth 47 F>Y,47,F,Y,FR2,False,1,8112101,Nb252_WT_rep01_seed8112101,424.12597928304035,-73.84189753654266,-96.48515408815581,-120.74521336440517,16.141414014182573,24,37,0.9166666666666666,0.8918918918918919,0.043904598814809216,2.3119381499875673,33;37;45;47;50;53;58;98;100;102;103;104;105;106;107;108;109;110;111;112;113;114;115;116,33;40;44;82;86;89;90;93;96;97;98;99;101;102;105;106;109;110;172;174;177;178;179;180;181;182;269;277;278;279;290;293;294;297;298;301;302,24,37,1.0,1.0,0.733539622836247,0.03812033089155875,-0.04421414242182564,True,True,True,True,True,pass
Nb252_aff_seq047_F47Y,Nb252 reported_seq F47Y,Nb252 IMGT 52 F>Y,Nb252 chain C auth 47 F>Y,47,F,Y,FR2,False,2,8112102,Nb252_WT_rep02_seed8112102,424.12597928304035,-73.84189753654266,-96.48515408815581,-120.74521336440517,16.141414014182573,24,37,0.9166666666666666,0.8918918918918919,0.043904598814809216,2.3119381499875673,33;37;45;47;50;53;58;98;100;102;103;104;105;106;107;108;109;110;111;112;113;114;115;116,33;40;44;82;86;89;90;93;96;97;98;99;101;102;105;106;109;110;172;174;177;178;179;180;181;182;269;277;278;279;290;293;294;297;298;301;302,24,37,1.0,1.0,0.6226936964125116,0.03812033089155875,-0.04421414242182564,True,True,True,True,True,pass
Nb252_aff_seq047_F47Y,Nb252 reported_seq F47Y,Nb252 IMGT 52 F>Y,Nb252 chain C auth 47 F>Y,47,F,Y,FR2,False,3,8112103,Nb252_WT_rep03_seed8112103,424.12597928304035,-73.84189753654266,-96.48515408815581,-120.74521336440517,16.141414014182573,24,37,0.9166666666666666,0.8918918918918919,0.043904598814809216,2.3119381499875673,33;37;45;47;50;53;58;98;100;102;103;104;105;106;107;108;109;110;111;112;113;114;115;116,33;40;44;82;86;89;90;93;96;97;98;99;101;102;105;106;109;110;172;174;177;178;179;180;181;182;269;277;278;279;290;293;294;297;298;301;302,24,37,1.0,1.0,0.6226936964125116,0.03812033089155875,-0.04421414242182564,True,True,True,True,True,pass
Nb252_aff_seq058_N58A,Nb252 reported_seq N58A,Nb252 IMGT 66 N>A,Nb252 chain C auth 58 N>A,58,N,A,FR3,False,1,8112101,Nb252_WT_rep01_seed8112101,418.9306687754305,-74.9131371201455,-96.57548091056177,-120.44147597529148,16.02904783059796,23,36,0.875,0.8648648648648649,0.044263606551272,2.313889809059381,33;37;45;47;50;53;98;100;102;103;104;105;106;107;108;109;110;111;112;113;114;115;116,33;40;44;82;86;89;90;93;97;98;99;101;102;105;106;109;110;172;174;177;178;179;180;181;182;269;277;278;279;290;293;294;297;298;301;302,24,37,0.9583333333333334,0.972972972972973,-0.33769996076659936,-0.05220649151439716,-0.1565803260064378,True,True,True,True,True,pass
Nb252_aff_seq058_N58A,Nb252 reported_seq N58A,Nb252 IMGT 66 N>A,Nb252 chain C auth 58 N>A,58,N,A,FR3,False,2,8112102,Nb252_WT_rep02_seed8112102,418.9306687754305,-73.4381702378231,-96.57548091056177,-120.44147597529148,16.02904783059796,23,36,0.875,0.8648648648648649,0.044263606551272,2.313889809059381,33;37;45;47;50;53;98;100;102;103;104;105;106;107;108;109;110;111;112;113;114;115;116,33;40;44;82;86;89;90;93;97;98;99;101;102;105;106;109;110;172;174;177;178;179;180;181;182;269;277;278;279;290;293;294;297;298;301;302,24,37,0.9583333333333334,0.972972972972973,1.0264209951320709,-0.05220649151439716,-0.1565803260064378,True,True,True,True,True,pass
Nb252_aff_seq058_N58A,Nb252 reported_seq N58A,Nb252 IMGT 66 N>A,Nb252 chain C auth 58 N>A,58,N,A,FR3,False,3,8112103,Nb252_WT_rep03_seed8112103,418.9306687754305,-74.7386799491967,-96.57548091056177,-120.44147597529148,16.02904783059796,23,36,0.875,0.8648648648648649,0.044263606551272,2.313889809059381,33;37;45;47;50;53;98;100;102;103;104;105;106;107;108;109;110;111;112;113;114;115;116,33;40;44;82;86;89;90;93;97;98;99;101;102;105;106;109;110;172;174;177;178;179;180;181;182;269;277;278;279;290;293;294;297;298;301;302,24,37,0.9583333333333334,0.972972972972973,-0.274088716241522,-0.05220649151439716,-0.1565803260064378,True,True,True,True,True,pass
Nb252_aff_seq058_N58C,Nb252 reported_seq N58C,Nb252 IMGT 66 N>C,Nb252 chain C auth 58 N>C,58,N,C,FR3,False,1,8112101,Nb252_WT_rep01_seed8112101,421.0600391334087,-73.28243916442352,-96.31978014617764,-120.5613730056018,16.09076971602832,23,36,0.875,0.8648648648648649,0.044776823029611584,2.312791029233792,33;37;45;47;50;53;98;100;102;103;104;105;106;107;108;109;110;111;112;113;114;115;116,33;40;44;82;86;89;90;93;97;98;99;101;102;105;106;109;110;172;174;177;178;179;180;181;182;269;277;278;279;290;293;294;297;298;301;302,24,37,0.9583333333333334,0.972972972972973,1.2929979949553854,0.2034942728697331,-0.09485844057607906,True,True,True,True,True,pass
Nb252_aff_seq058_N58C,Nb252 reported_seq N58C,Nb252 IMGT 66 N>C,Nb252 chain C auth 58 N>C,58,N,C,FR3,False,2,8112102,Nb252_WT_rep02_seed8112102,421.0600391334087,-73.28243916442352,-96.31978014617764,-120.5613730056018,16.09076971602832,23,36,0.875,0.8648648648648649,0.044776823029611584,2.312791029233792,33;37;45;47;50;53;98;100;102;103;104;105;106;107;108;109;110;111;112;113;114;115;116,33;40;44;82;86;89;90;93;97;98;99;101;102;105;106;109;110;172;174;177;178;179;180;181;182;269;277;278;279;290;293;294;297;298;301;302,24,37,0.9583333333333334,0.972972972972973,1.18215206853165,0.2034942728697331,-0.09485844057607906,True,True,True,True,True,pass
Nb252_aff_seq058_N58C,Nb252 reported_seq N58C,Nb252 IMGT 66 N>C,Nb252 chain C auth 58 N>C,58,N,C,FR3,False,3,8112103,Nb252_WT_rep03_seed8112103,421.0600391334087,-73.28243916442352,-96.31978014617764,-120.5613730056018,16.09076971602832,23,36,0.875,0.8648648648648649,0.044776823029611584,2.312791029233792,33;37;45;47;50;53;98;100;102;103;104;105;106;107;108;109;110;111;112;113;114;115;116,33;40;44;82;86;89;90;93;97;98;99;101;102;105;106;109;110;172;174;177;178;179;180;181;182;269;277;278;279;290;293;294;297;298;301;302,24,37,0.9583333333333334,0.972972972972973,1.18215206853165,0.2034942728697331,-0.09485844057607906,True,True,True,True,True,pass
Nb252_aff_seq058_N58D,Nb252 reported_seq N58D,Nb252 IMGT 66 N>D,Nb252 chain C auth 58 N>D,58,N,D,FR3,False,1,8112101,Nb252_WT_rep01_seed8112101,422.10158155409204,-73.67110634310257,-95.48831577611277,-120.6590072058559,16.074457277861374,24,37,0.9166666666666666,0.8918918918918919,0.04449057835517728,2.3144128264929194,33;37;45;47;50;53;58;98;100;102;103;104;105;106;107;108;109;110;111;112;113;114;115;116,33;40;44;82;86;89;90;93;96;97;98;99;101;102;105;106;109;110;172;174;177;178;179;180;181;182;269;277;278;279;290;293;294;297;298;301;302,24,37,1.0,1.0,0.9043308162763424,1.0349586429345976,-0.11117087874302456,True,True,True,True,True,pass
Nb252_aff_seq058_N58D,Nb252 reported_seq N58D,Nb252 IMGT 66 N>D,Nb252 chain C auth 58 N>D,58,N,D,FR3,False,2,8112102,Nb252_WT_rep02_seed8112102,422.10158155409204,-73.84564773062345,-95.48831577611277,-120.6590072058559,16.074457277861374,24,37,0.9166666666666666,0.8918918918918919,0.04449057835517728,2.3144128264929194,33;37;45;47;50;53;58;98;100;102;103;104;105;106;107;108;109;110;111;112;113;114;115;116,33;40;44;82;86;89;90;93;96;97;98;99;101;102;105;106;109;110;172;174;177;178;179;180;181;182;269;277;278;279;290;293;294;297;298;301;302,24,37,1.0,1.0,0.6189435023317174,1.0349586429345976,-0.11117087874302456,True,True,True,True,True,pass
Nb252_aff_seq058_N58D,Nb252 reported_seq N58D,Nb252 IMGT 66 N>D,Nb252 chain C auth 58 N>D,58,N,D,FR3,False,3,8112103,Nb252_WT_rep03_seed8112103,422.10158155409204,-72.35906091139765,-95.48831577611277,-120.6590072058559,16.074457277861374,24,37,0.9166666666666666,0.8918918918918919,0.04449057835517728,2.3144128264929194,33;37;45;47;50;53;58;98;100;102;103;104;105;106;107;108;109;110;111;112;113;114;115;116,33;40;44;82;86;89;90;93;96;97;98;99;101;102;105;106;109;110;172;174;177;178;179;180;181;182;269;277;278;279;290;293;294;297;298;301;302,24,37,1.0,1.0,2.1055303215575236,1.0349586429345976,-0.11117087874302456,True,True,True,True,True,pass
Nb252_aff_seq058_N58E,Nb252 reported_seq N58E,Nb252 IMGT 66 N>E,Nb252 chain C auth 58 N>E,58,N,E,FR3,False,1,8112101,Nb252_WT_rep01_seed8112101,419.87741863695,-73.08442652005442,-95.7936915929711,-120.4570247166445,16.072584755169753,23,36,0.875,0.8648648648648649,0.044780985217628855,2.3166131835698396,33;37;45;47;50;53;98;100;102;103;104;105;106;107;108;109;110;111;112;113;114;115;116,33;40;44;82;86;89;90;93;97;98;99;101;102;105;106;109;110;172;174;177;178;179;180;181;182;269;277;278;279;290;293;294;297;298;301;302,24,37,0.9583333333333334,0.972972972972973,1.491010639324486,0.7295828260762676,-0.11304340143464486,True,True,True,True,True,pass
Nb252_aff_seq058_N58E,Nb252 reported_seq N58E,Nb252 IMGT 66 N>E,Nb252 chain C auth 58 N>E,58,N,E,FR3,False,2,8112102,Nb252_WT_rep02_seed8112102,419.87741863695,-72.14929027018587,-95.7936915929711,-120.4570247166445,16.072584755169753,23,36,0.875,0.8648648648648649,0.044780985217628855,2.3166131835698396,33;37;45;47;50;53;98;100;102;103;104;105;106;107;108;109;110;111;112;113;114;115;116,33;40;44;82;86;89;90;93;97;98;99;101;102;105;106;109;110;172;174;177;178;179;180;181;182;269;277;278;279;290;293;294;297;298;301;302,24,37,0.9583333333333334,0.972972972972973,2.3153009627692995,0.7295828260762676,-0.11304340143464486,True,True,True,True,True,pass
Nb252_aff_seq058_N58E,Nb252 reported_seq N58E,Nb252 IMGT 66 N>E,Nb252 chain C auth 58 N>E,58,N,E,FR3,False,3,8112103,Nb252_WT_rep03_seed8112103,419.87741863695,-74.56207588863708,-95.7936915929711,-120.4570247166445,16.072584755169753,23,36,0.875,0.8648648648648649,0.044780985217628855,2.3166131835698396,33;37;45;47;50;53;98;100;102;103;104;105;106;107;108;109;110;111;112;113;114;115;116,33;40;44;82;86;89;90;93;97;98;99;101;102;105;106;109;110;172;174;177;178;179;180;181;182;269;277;278;279;290;293;294;297;298;301;302,24,37,0.9583333333333334,0.972972972972973,-0.09748465568191023,0.7295828260762676,-0.11304340143464486,True,True,True,True,True,pass
Nb252_aff_seq058_N58F,Nb252 reported_seq N58F,Nb252 IMGT 66 N>F,Nb252 chain C auth 58 N>F,58,N,F,FR3,False,1,8112101,Nb252_WT_rep01_seed8112101,429.90076751229594,-69.12319637449013,-91.15699348753063,-121.8944401877608,18.2489063241625,23,37,0.875,0.8918918918918919,0.04140559349237848,2.311341039884266,33;37;45;47;50;53;98;100;102;103;104;105;106;107;108;109;110;111;112;113;114;115;116,33;37;40;44;82;86;89;90;93;97;98;99;101;102;105;106;109;110;172;174;177;178;179;180;181;182;269;277;278;279;290;293;294;297;298;301;302,24,37,0.9583333333333334,0.972972972972973,5.452240784888772,5.366280931516741,2.063278167558103,True,True,True,True,True,pass
Nb252_aff_seq058_N58F,Nb252 reported_seq N58F,Nb252 IMGT 66 N>F,Nb252 chain C auth 58 N>F,58,N,F,FR3,False,2,8112102,Nb252_WT_rep02_seed8112102,429.90076751229594,-68.05818502316117,-91.15699348753063,-121.8944401877608,18.2489063241625,23,37,0.875,0.8918918918918919,0.04140559349237848,2.311341039884266,33;37;45;47;50;53;98;100;102;103;104;105;106;107;108;109;110;111;112;113;114;115;116,33;37;40;44;82;86;89;90;93;97;98;99;101;102;105;106;109;110;172;174;177;178;179;180;181;182;269;277;278;279;290;293;294;297;298;301;302,24,37,0.9583333333333334,0.972972972972973,6.4064062097939996,5.366280931516741,2.063278167558103,True,True,True,True,True,pass
Nb252_aff_seq058_N58F,Nb252 reported_seq N58F,Nb252 IMGT 66 N>F,Nb252 chain C auth 58 N>F,58,N,F,FR3,False,3,8112103,Nb252_WT_rep03_seed8112103,429.90076751229594,-68.25877257359332,-91.15699348753063,-121.8944401877608,18.2489063241625,23,37,0.875,0.8918918918918919,0.04140559349237848,2.311341039884266,33;37;45;47;50;53;98;100;102;103;104;105;106;107;108;109;110;111;112;113;114;115;116,33;37;40;44;82;86;89;90;93;97;98;99;101;102;105;106;109;110;172;174;177;178;179;180;181;182;269;277;278;279;290;293;294;297;298;301;302,24,37,0.9583333333333334,0.972972972972973,6.205818659361853,5.366280931516741,2.063278167558103,True,True,True,True,True,pass
Nb252_aff_seq058_N58G,Nb252 reported_seq N58G,Nb252 IMGT 66 N>G,Nb252 chain C auth 58 N>G,58,N,G,FR3,False,1,8112101,Nb252_WT_rep01_seed8112101,422.32974399266254,-74.16658483974084,-96.28246614992949,-120.28361487749495,16.047565259153874,23,36,0.875,0.8648648648648649,0.04406196807027386,2.3147267699035976,33;37;45;47;50;53;98;100;102;103;104;105;106;107;108;109;110;111;112;113;114;115;116,33;40;44;82;86;89;90;93;97;98;99;101;102;105;106;109;110;172;174;177;178;179;180;181;182;269;277;278;279;290;293;294;297;298;301;302,24,37,0.9583333333333334,0.972972972972973,0.408852319638072,0.24080826911787767,-0.13806289745052425,True,True,True,True,True,pass
Nb252_aff_seq058_N58G,Nb252 reported_seq N58G,Nb252 IMGT 66 N>G,Nb252 chain C auth 58 N>G,58,N,G,FR3,False,2,8112102,Nb252_WT_rep02_seed8112102,422.32974399266254,-75.1641134083975,-96.28246614992949,-120.28361487749495,16.047565259153874,23,36,0.875,0.8648648648648649,0.04406196807027386,2.3147267699035976,33;37;45;47;50;53;98;100;102;103;104;105;106;107;108;109;110;111;112;113;114;115;116,33;40;44;82;86;89;90;93;97;98;99;101;102;105;106;109;110;172;174;177;178;179;180;181;182;269;277;278;279;290;293;294;297;298;301;302,24,37,0.9583333333333334,0.972972972972973,-0.6995221754423255,0.24080826911787767,-0.13806289745052425,True,True,True,True,True,pass
Nb252_aff_seq058_N58G,Nb252 reported_seq N58G,Nb252 IMGT 66 N>G,Nb252 chain C auth 58 N>G,58,N,G,FR3,False,3,8112103,Nb252_WT_rep03_seed8112103,422.32974399266254,-74.16658483974084,-96.28246614992949,-120.28361487749495,16.047565259153874,23,36,0.875,0.8648648648648649,0.04406196807027386,2.3147267699035976,33;37;45;47;50;53;98;100;102;103;104;105;106;107;108;109;110;111;112;113;114;115;116,33;40;44;82;86;89;90;93;97;98;99;101;102;105;106;109;110;172;174;177;178;179;180;181;182;269;277;278;279;290;293;294;297;298;301;302,24,37,0.9583333333333334,0.972972972972973,0.29800639321433664,0.24080826911787767,-0.13806289745052425,True,True,True,True,True,pass
Nb252_aff_seq058_N58H,Nb252 reported_seq N58H,Nb252 IMGT 66 N>H,Nb252 chain C auth 58 N>H,58,N,H,FR3,False,1,8112101,Nb252_WT_rep01_seed8112101,420.2287955514246,-75.01259100009486,-96.27903698031558,-120.92463199450646,16.208636234168786,23,36,0.875,0.8648648648648649,0.04395465852903164,2.3146541782899863,33;37;45;47;50;53;98;100;102;103;104;105;106;107;108;109;110;111;112;113;114;115;116,33;40;44;82;86;89;90;93;97;98;99;101;102;105;106;109;110;172;174;177;178;179;180;181;182;269;277;278;279;290;293;294;297;298;301;302,24,37,0.9583333333333334,0.972972972972973,-0.43715384071595054,0.24423743873178694,0.02300807756438772,True,True,True,True,True,pass
Nb252_aff_seq058_N58H,Nb252 reported_seq N58H,Nb252 IMGT 66 N>H,Nb252 chain C auth 58 N>H,58,N,H,FR3,False,2,8112102,Nb252_WT_rep02_seed8112102,420.2287955514246,-74.0372418918979,-96.27903698031558,-120.92463199450646,16.208636234168786,23,36,0.875,0.8648648648648649,0.04395465852903164,2.3146541782899863,33;37;45;47;50;53;98;100;102;103;104;105;106;107;108;109;110;111;112;113;114;115;116,33;40;44;82;86;89;90;93;97;98;99;101;102;105;106;109;110;172;174;177;178;179;180;181;182;269;277;278;279;290;293;294;297;298;301;302,24,37,0.9583333333333334,0.972972972972973,0.4273493410572655,0.24423743873178694,0.02300807756438772,True,True,True,True,True,pass
Nb252_aff_seq058_N58H,Nb252 reported_seq N58H,Nb252 IMGT 66 N>H,Nb252 chain C auth 58 N>H,58,N,H,FR3,False,3,8112103,Nb252_WT_rep03_seed8112103,420.2287955514246,-74.0372418918979,-96.27903698031558,-120.92463199450646,16.208636234168786,23,36,0.875,0.8648648648648649,0.04395465852903164,2.3146541782899863,33;37;45;47;50;53;98;100;102;103;104;105;106;107;108;109;110;111;112;113;114;115;116,33;40;44;82;86;89;90;93;97;98;99;101;102;105;106;109;110;172;174;177;178;179;180;181;182;269;277;278;279;290;293;294;297;298;301;302,24,37,0.9583333333333334,0.972972972972973,0.4273493410572655,0.24423743873178694,0.02300807756438772,True,True,True,True,True,pass
Nb252_aff_seq058_N58I,Nb252 reported_seq N58I,Nb252 IMGT 66 N>I,Nb252 chain C auth 58 N>I,58,N,I,FR3,False,1,8112101,Nb252_WT_rep01_seed8112101,422.82519544685965,-74.20755950345824,-97.2003937044539,-121.60184808250949,16.286184406112284,24,37,0.9166666666666666,0.8918918918918919,0.045422981603155034,2.3074730982432974,33;37;45;47;50;53;58;98;100;102;103;104;105;106;107;108;109;110;111;112;113;114;115;116,33;40;44;82;86;89;90;93;96;97;98;99;101;102;105;106;109;110;172;174;177;178;179;180;181;182;269;277;278;279;290;293;294;297;298;301;302,24,37,1.0,1.0,0.36787765592066535,-0.6771192854065333,0.10055624950788555,True,True,True,True,True,pass
Nb252_aff_seq058_N58I,Nb252 reported_seq N58I,Nb252 IMGT 66 N>I,Nb252 chain C auth 58 N>I,58,N,I,FR3,False,2,8112102,Nb252_WT_rep02_seed8112102,422.82519544685965,-74.20755950345824,-97.2003937044539,-121.60184808250949,16.286184406112284,24,37,0.9166666666666666,0.8918918918918919,0.045422981603155034,2.3074730982432974,33;37;45;47;50;53;58;98;100;102;103;104;105;106;107;108;109;110;111;112;113;114;115;116,33;40;44;82;86;89;90;93;96;97;98;99;101;102;105;106;109;110;172;174;177;178;179;180;181;182;269;277;278;279;290;293;294;297;298;301;302,24,37,1.0,1.0,0.25703172949693,-0.6771192854065333,0.10055624950788555,True,True,True,True,True,pass
Nb252_aff_seq058_N58I,Nb252 reported_seq N58I,Nb252 IMGT 66 N>I,Nb252 chain C auth 58 N>I,58,N,I,FR3,False,3,8112103,Nb252_WT_rep03_seed8112103,422.82519544685965,-75.60180743320086,-97.2003937044539,-121.60184808250949,16.286184406112284,24,37,0.9166666666666666,0.8918918918918919,0.045422981603155034,2.3074730982432974,33;37;45;47;50;53;58;98;100;102;103;104;105;106;107;108;109;110;111;112;113;114;115;116,33;40;44;82;86;89;90;93;96;97;98;99;101;102;105;106;109;110;172;174;177;178;179;180;181;182;269;277;278;279;290;293;294;297;298;301;302,24,37,1.0,1.0,-1.137216200245689,-0.6771192854065333,0.10055624950788555,True,True,True,True,True,pass
Nb252_aff_seq058_N58K,Nb252 reported_seq N58K,Nb252 IMGT 66 N>K,Nb252 chain C auth 58 N>K,58,N,K,FR3,False,1,8112101,Nb252_WT_rep01_seed8112101,418.63251146096013,-73.70367765254821,-98.96096040004537,-124.21649312662231,16.738314402769458,24,39,0.9166666666666666,0.8918918918918919,0.04412566671044481,2.316430394655359,33;37;45;47;50;53;58;98;100;102;103;104;105;106;107;108;109;110;111;112;113;114;115;116,33;40;44;82;86;89;90;93;94;95;96;97;98;99;101;102;105;106;109;110;172;174;177;178;179;180;181;182;269;277;278;279;290;293;294;297;298;301;302,24,37,1.0,1.0,0.8717595068306991,-2.4376859809979976,0.5526862461650595,True,True,True,True,True,pass
Nb252_aff_seq058_N58K,Nb252 reported_seq N58K,Nb252 IMGT 66 N>K,Nb252 chain C auth 58 N>K,58,N,K,FR3,False,2,8112102,Nb252_WT_rep02_seed8112102,418.5866211446479,-74.24490147842778,-97.19611867069797,-122.4899996951931,16.32116646425604,24,37,0.9166666666666666,0.8918918918918919,0.04492047496001265,2.3125503909339575,33;37;45;47;50;53;58;98;100;102;103;104;105;106;107;108;109;110;111;112;113;114;115;116,33;40;44;82;86;89;90;93;96;97;98;99;101;102;105;106;109;110;172;174;177;178;179;180;181;182;269;277;278;279;290;293;294;297;298;301;302,24,37,1.0,1.0,0.21968975452739414,-0.6728442516506021,0.1355383076516432,True,True,True,True,True,pass
Nb252_aff_seq058_N58K,Nb252 reported_seq N58K,Nb252 IMGT 66 N>K,Nb252 chain C auth 58 N>K,58,N,K,FR3,False,3,8112103,Nb252_WT_rep03_seed8112103,418.63251146096013,-74.63679754224825,-98.96096040004537,-124.21649312662231,16.738314402769458,24,39,0.9166666666666666,0.8918918918918919,0.04412566671044481,2.316430394655359,33;37;45;47;50;53;58;98;100;102;103;104;105;106;107;108;109;110;111;112;113;114;115;116,33;40;44;82;86;89;90;93;94;95;96;97;98;99;101;102;105;106;109;110;172;174;177;178;179;180;181;182;269;277;278;279;290;293;294;297;298;301;302,24,37,1.0,1.0,-0.1722063092930739,-2.4376859809979976,0.5526862461650595,True,True,True,True,True,pass
Nb252_aff_seq058_N58L,Nb252 reported_seq N58L,Nb252 IMGT 66 N>L,Nb252 chain C auth 58 N>L,58,N,L,FR3,False,1,8112101,Nb252_WT_rep01_seed8112101,419.06292855137247,-74.19912348538656,-96.90626801732631,-121.35764695774786,16.407340569568326,24,37,0.9166666666666666,0.8918918918918919,0.044739962610152464,2.3171571475245805,33;37;45;47;50;53;58;98;100;102;103;104;105;106;107;108;109;110;111;112;113;114;115;116,33;40;44;82;86;89;90;93;96;97;98;99;101;102;105;106;109;110;172;174;177;178;179;180;181;182;269;277;278;279;290;293;294;297;298;301;302,24,37,1.0,1.0,0.3763136739923425,-0.38299359827894364,0.22171241296392807,True,True,True,True,True,pass
Nb252_aff_seq058_N58L,Nb252 reported_seq N58L,Nb252 IMGT 66 N>L,Nb252 chain C auth 58 N>L,58,N,L,FR3,False,2,8112102,Nb252_WT_rep02_seed8112102,419.06292855137247,-73.79305717117455,-96.90626801732631,-121.35764695774786,16.407340569568326,24,37,0.9166666666666666,0.8918918918918919,0.044739962610152464,2.3171571475245805,33;37;45;47;50;53;58;98;100;102;103;104;105;106;107;108;109;110;111;112;113;114;115;116,33;40;44;82;86;89;90;93;96;97;98;99;101;102;105;106;109;110;172;174;177;178;179;180;181;182;269;277;278;279;290;293;294;297;298;301;302,24,37,1.0,1.0,0.6715340617806191,-0.38299359827894364,0.22171241296392807,True,True,True,True,True,pass
Nb252_aff_seq058_N58L,Nb252 reported_seq N58L,Nb252 IMGT 66 N>L,Nb252 chain C auth 58 N>L,58,N,L,FR3,False,3,8112103,Nb252_WT_rep03_seed8112103,419.06292855137247,-74.68954970194278,-96.90626801732631,-121.35764695774786,16.407340569568326,24,37,0.9166666666666666,0.8918918918918919,0.044739962610152464,2.3171571475245805,33;37;45;47;50;53;58;98;100;102;103;104;105;106;107;108;109;110;111;112;113;114;115;116,33;40;44;82;86;89;90;93;96;97;98;99;101;102;105;106;109;110;172;174;177;178;179;180;181;182;269;277;278;279;290;293;294;297;298;301;302,24,37,1.0,1.0,-0.22495846898760874,-0.38299359827894364,0.22171241296392807,True,True,True,True,True,pass
Nb252_aff_seq058_N58M,Nb252 reported_seq N58M,Nb252 IMGT 66 N>M,Nb252 chain C auth 58 N>M,58,N,M,FR3,False,1,8112101,Nb252_WT_rep01_seed8112101,419.7450783166247,-73.51653448080913,-96.61054700731384,-122.19562762041058,16.755918369630074,24,37,0.9166666666666666,0.8918918918918919,0.044859298902873684,2.318883077308552,33;37;45;47;50;53;58;98;100;102;103;104;105;106;107;108;109;110;111;112;113;114;115;116,33;40;44;82;86;89;90;93;96;97;98;99;101;102;105;106;109;110;172;174;177;178;179;180;181;182;269;277;278;279;290;293;294;297;298;301;302,24,37,1.0,1.0,1.0589026785697797,-0.08727258826647244,0.5702902130256753,True,True,True,True,True,pass
Nb252_aff_seq058_N58M,Nb252 reported_seq N58M,Nb252 IMGT 66 N>M,Nb252 chain C auth 58 N>M,58,N,M,FR3,False,2,8112102,Nb252_WT_rep02_seed8112102,419.7450783166247,-74.41355171911039,-96.61054700731384,-122.19562762041058,16.755918369630074,24,37,0.9166666666666666,0.8918918918918919,0.044859298902873684,2.318883077308552,33;37;45;47;50;53;58;98;100;102;103;104;105;106;107;108;109;110;111;112;113;114;115;116,33;40;44;82;86;89;90;93;96;97;98;99;101;102;105;106;109;110;172;174;177;178;179;180;181;182;269;277;278;279;290;293;294;297;298;301;302,24,37,1.0,1.0,0.05103951384478478,-0.08727258826647244,0.5702902130256753,True,True,True,True,True,pass
Nb252_aff_seq058_N58M,Nb252 reported_seq N58M,Nb252 IMGT 66 N>M,Nb252 chain C auth 58 N>M,58,N,M,FR3,False,3,8112103,Nb252_WT_rep03_seed8112103,419.7450783166247,-73.51653448080913,-96.61054700731384,-122.19562762041058,16.755918369630074,24,37,0.9166666666666666,0.8918918918918919,0.044859298902873684,2.318883077308552,33;37;45;47;50;53;58;98;100;102;103;104;105;106;107;108;109;110;111;112;113;114;115;116,33;40;44;82;86;89;90;93;96;97;98;99;101;102;105;106;109;110;172;174;177;178;179;180;181;182;269;277;278;279;290;293;294;297;298;301;302,24,37,1.0,1.0,0.9480567521460443,-0.08727258826647244,0.5702902130256753,True,True,True,True,True,pass
Nb252_aff_seq058_N58P,Nb252 reported_seq N58P,Nb252 IMGT 66 N>P,Nb252 chain C auth 58 N>P,58,N,P,FR3,False,1,8112101,Nb252_WT_rep01_seed8112101,464.8315403899122,-66.52039762817913,-93.02269556450922,-120.86147467574489,17.536254696947754,23,37,0.875,0.8918918918918919,0.06651567765542278,2.2909434752806304,33;37;45;47;50;53;98;100;102;103;104;105;106;107;108;109;110;111;112;113;114;115;116,33;37;40;44;82;86;89;90;93;97;98;99;101;102;105;106;109;110;172;174;177;178;179;180;181;182;269;277;278;279;290;293;294;297;298;301;302,24,37,0.9583333333333334,0.972972972972973,8.055039531199782,3.5005788545381478,1.350626540343356,True,True,True,True,True,pass
Nb252_aff_seq058_N58P,Nb252 reported_seq N58P,Nb252 IMGT 66 N>P,Nb252 chain C auth 58 N>P,58,N,P,FR3,False,2,8112102,Nb252_WT_rep02_seed8112102,464.8315403899122,-65.64419624203174,-93.02269556450922,-120.86147467574489,17.536254696947754,23,37,0.875,0.8918918918918919,0.06651567765542278,2.2909434752806304,33;37;45;47;50;53;98;100;102;103;104;105;106;107;108;109;110;111;112;113;114;115;116,33;37;40;44;82;86;89;90;93;97;98;99;101;102;105;106;109;110;172;174;177;178;179;180;181;182;269;277;278;279;290;293;294;297;298;301;302,24,37,0.9583333333333334,0.972972972972973,8.820394990923432,3.5005788545381478,1.350626540343356,True,True,True,True,True,pass
Nb252_aff_seq058_N58P,Nb252 reported_seq N58P,Nb252 IMGT 66 N>P,Nb252 chain C auth 58 N>P,58,N,P,FR3,False,3,8112103,Nb252_WT_rep03_seed8112103,464.8315403899122,-68.15872380773408,-93.02269556450922,-120.86147467574489,17.536254696947754,23,37,0.875,0.8918918918918919,0.06651567765542278,2.2909434752806304,33;37;45;47;50;53;98;100;102;103;104;105;106;107;108;109;110;111;112;113;114;115;116,33;37;40;44;82;86;89;90;93;97;98;99;101;102;105;106;109;110;172;174;177;178;179;180;181;182;269;277;278;279;290;293;294;297;298;301;302,24,37,0.9583333333333334,0.972972972972973,6.305867425221095,3.5005788545381478,1.350626540343356,True,True,True,True,True,pass
Nb252_aff_seq058_N58Q,Nb252 reported_seq N58Q,Nb252 IMGT 66 N>Q,Nb252 chain C auth 58 N>Q,58,N,Q,FR3,False,1,8112101,Nb252_WT_rep01_seed8112101,420.14553123047546,-72.6774614644446,-96.01284121721802,-120.62098883537828,16.116415202567612,23,36,0.875,0.8648648648648649,0.0441274511283799,2.313735768699946,33;37;45;47;50;53;98;100;102;103;104;105;106;107;108;109;110;111;112;113;114;115;116,33;40;44;82;86;89;90;93;97;98;99;101;102;105;106;109;110;172;174;177;178;179;180;181;182;269;277;278;279;290;293;294;297;298;301;302,24,37,0.9583333333333334,0.972972972972973,1.8979756949343027,0.5104332018293434,-0.06921295403678585,True,True,True,True,True,pass
Nb252_aff_seq058_N58Q,Nb252 reported_seq N58Q,Nb252 IMGT 66 N>Q,Nb252 chain C auth 58 N>Q,58,N,Q,FR3,False,2,8112102,Nb252_WT_rep02_seed8112102,420.14553123047546,-73.60165635329389,-96.01284121721802,-120.62098883537828,16.116415202567612,23,36,0.875,0.8648648648648649,0.0441274511283799,2.313735768699946,33;37;45;47;50;53;98;100;102;103;104;105;106;107;108;109;110;111;112;113;114;115;116,33;40;44;82;86;89;90;93;97;98;99;101;102;105;106;109;110;172;174;177;178;179;180;181;182;269;277;278;279;290;293;294;297;298;301;302,24,37,0.9583333333333334,0.972972972972973,0.8629348796612817,0.5104332018293434,-0.06921295403678585,True,True,True,True,True,pass
Nb252_aff_seq058_N58Q,Nb252 reported_seq N58Q,Nb252 IMGT 66 N>Q,Nb252 chain C auth 58 N>Q,58,N,Q,FR3,False,3,8112103,Nb252_WT_rep03_seed8112103,420.14553123047546,-74.66842572939879,-96.01284121721802,-120.62098883537828,16.116415202567612,23,36,0.875,0.8648648648648649,0.0441274511283799,2.313735768699946,33;37;45;47;50;53;98;100;102;103;104;105;106;107;108;109;110;111;112;113;114;115;116,33;40;44;82;86;89;90;93;97;98;99;101;102;105;106;109;110;172;174;177;178;179;180;181;182;269;277;278;279;290;293;294;297;298;301;302,24,37,0.9583333333333334,0.972972972972973,-0.20383449644361917,0.5104332018293434,-0.06921295403678585,True,True,True,True,True,pass
Nb252_aff_seq058_N58R,Nb252 reported_seq N58R,Nb252 IMGT 66 N>R,Nb252 chain C auth 58 N>R,58,N,R,FR3,False,1,8112101,Nb252_WT_rep01_seed8112101,429.1863749415949,-68.36230491729248,-92.04275632475942,-125.07358149789971,18.398396924408733,23,39,0.875,0.918918918918919,0.040772861284052234,2.3136355869508765,33;37;45;47;50;53;58;98;100;102;104;105;106;107;108;109;110;111;112;113;114;115;116,33;37;40;44;82;86;89;90;93;95;96;97;98;99;101;102;105;106;109;110;172;174;177;178;179;180;181;182;269;277;278;279;290;293;294;297;298;301;302,24,37,0.9583333333333334,1.0,6.213132242086431,4.480518094287945,2.2127687678043344,True,True,True,True,True,pass
Nb252_aff_seq058_N58R,Nb252 reported_seq N58R,Nb252 IMGT 66 N>R,Nb252 chain C auth 58 N>R,58,N,R,FR3,False,2,8112102,Nb252_WT_rep02_seed8112102,429.1863749415949,-68.24658380606235,-92.04275632475942,-125.07358149789971,18.398396924408733,23,39,0.875,0.918918918918919,0.040772861284052234,2.3136355869508765,33;37;45;47;50;53;58;98;100;102;104;105;106;107;108;109;110;111;112;113;114;115;116,33;37;40;44;82;86;89;90;93;95;96;97;98;99;101;102;105;106;109;110;172;174;177;178;179;180;181;182;269;277;278;279;290;293;294;297;298;301;302,24,37,0.9583333333333334,1.0,6.218007426892825,4.480518094287945,2.2127687678043344,True,True,True,True,True,pass
Nb252_aff_seq058_N58R,Nb252 reported_seq N58R,Nb252 IMGT 66 N>R,Nb252 chain C auth 58 N>R,58,N,R,FR3,False,3,8112103,Nb252_WT_rep03_seed8112103,429.1863749415949,-68.24658380606235,-92.04275632475942,-125.07358149789971,18.398396924408733,23,39,0.875,0.918918918918919,0.040772861284052234,2.3136355869508765,33;37;45;47;50;53;58;98;100;102;104;105;106;107;108;109;110;111;112;113;114;115;116,33;37;40;44;82;86;89;90;93;95;96;97;98;99;101;102;105;106;109;110;172;174;177;178;179;180;181;182;269;277;278;279;290;293;294;297;298;301;302,24,37,0.9583333333333334,1.0,6.218007426892825,4.480518094287945,2.2127687678043344,True,True,True,True,True,pass
Nb252_aff_seq058_N58S,Nb252 reported_seq N58S,Nb252 IMGT 66 N>S,Nb252 chain C auth 58 N>S,58,N,S,FR3,False,1,8112101,Nb252_WT_rep01_seed8112101,418.72793156100863,-73.03664659996844,-96.54294167090559,-120.42868885886142,16.06552989955809,23,36,0.875,0.8648648648648649,0.0443607767790809,2.3156936792081497,33;37;45;47;50;53;98;100;102;103;104;105;106;107;108;109;110;111;112;113;114;115;116,33;40;44;82;86;89;90;93;97;98;99;101;102;105;106;109;110;172;174;177;178;179;180;181;182;269;277;278;279;290;293;294;297;298;301;302,24,37,0.9583333333333334,0.972972972972973,1.5387905594104723,-0.019667251858223267,-0.12009825704630828,True,True,True,True,True,pass
Nb252_aff_seq058_N58S,Nb252 reported_seq N58S,Nb252 IMGT 66 N>S,Nb252 chain C auth 58 N>S,58,N,S,FR3,False,2,8112102,Nb252_WT_rep02_seed8112102,418.72793156100863,-73.93428550574458,-96.54294167090559,-120.42868885886142,16.06552989955809,23,36,0.875,0.8648648648648649,0.0443607767790809,2.3156936792081497,33;37;45;47;50;53;98;100;102;103;104;105;106;107;108;109;110;111;112;113;114;115;116,33;40;44;82;86;89;90;93;97;98;99;101;102;105;106;109;110;172;174;177;178;179;180;181;182;269;277;278;279;290;293;294;297;298;301;302,24,37,0.9583333333333334,0.972972972972973,0.5303057272105889,-0.019667251858223267,-0.12009825704630828,True,True,True,True,True,pass
Nb252_aff_seq058_N58S,Nb252 reported_seq N58S,Nb252 IMGT 66 N>S,Nb252 chain C auth 58 N>S,58,N,S,FR3,False,3,8112103,Nb252_WT_rep03_seed8112103,418.72793156100863,-74.51502958310948,-96.54294167090559,-120.42868885886142,16.06552989955809,23,36,0.875,0.8648648648648649,0.0443607767790809,2.3156936792081497,33;37;45;47;50;53;98;100;102;103;104;105;106;107;108;109;110;111;112;113;114;115;116,33;40;44;82;86;89;90;93;97;98;99;101;102;105;106;109;110;172;174;177;178;179;180;181;182;269;277;278;279;290;293;294;297;298;301;302,24,37,0.9583333333333334,0.972972972972973,-0.050438350154308864,-0.019667251858223267,-0.12009825704630828,True,True,True,True,True,pass
Nb252_aff_seq058_N58T,Nb252 reported_seq N58T,Nb252 IMGT 66 N>T,Nb252 chain C auth 58 N>T,58,N,T,FR3,False,1,8112101,Nb252_WT_rep01_seed8112101,420.52627430583664,-73.94940819856998,-95.96126309568864,-120.6291401177332,16.26544304236777,23,36,0.875,0.8648648648648649,0.04429961313896527,2.3112024556279924,33;37;45;47;50;53;98;100;102;103;104;105;106;107;108;109;110;111;112;113;114;115;116,33;40;44;82;86;89;90;93;97;98;99;101;102;105;106;109;110;172;174;177;178;179;180;181;182;269;277;278;279;290;293;294;297;298;301;302,24,37,0.9583333333333334,0.972972972972973,0.6260289608089238,0.5620113233587318,0.0798148857633727,True,True,True,True,True,pass
Nb252_aff_seq058_N58T,Nb252 reported_seq N58T,Nb252 IMGT 66 N>T,Nb252 chain C auth 58 N>T,58,N,T,FR3,False,2,8112102,Nb252_WT_rep02_seed8112102,420.52627430583664,-73.00156212489014,-95.96126309568864,-120.6291401177332,16.26544304236777,23,36,0.875,0.8648648648648649,0.04429961313896527,2.3112024556279924,33;37;45;47;50;53;98;100;102;103;104;105;106;107;108;109;110;111;112;113;114;115;116,33;40;44;82;86;89;90;93;97;98;99;101;102;105;106;109;110;172;174;177;178;179;180;181;182;269;277;278;279;290;293;294;297;298;301;302,24,37,0.9583333333333334,0.972972972972973,1.4630291080650295,0.5620113233587318,0.0798148857633727,True,True,True,True,True,pass
Nb252_aff_seq058_N58T,Nb252 reported_seq N58T,Nb252 IMGT 66 N>T,Nb252 chain C auth 58 N>T,58,N,T,FR3,False,3,8112103,Nb252_WT_rep03_seed8112103,420.52627430583664,-73.66515971173322,-95.96126309568864,-120.6291401177332,16.26544304236777,23,36,0.875,0.8648648648648649,0.04429961313896527,2.3112024556279924,33;37;45;47;50;53;98;100;102;103;104;105;106;107;108;109;110;111;112;113;114;115;116,33;40;44;82;86;89;90;93;97;98;99;101;102;105;106;109;110;172;174;177;178;179;180;181;182;269;277;278;279;290;293;294;297;298;301;302,24,37,0.9583333333333334,0.972972972972973,0.7994315212219476,0.5620113233587318,0.0798148857633727,True,True,True,True,True,pass
Nb252_aff_seq058_N58V,Nb252 reported_seq N58V,Nb252 IMGT 66 N>V,Nb252 chain C auth 58 N>V,58,N,V,FR3,False,1,8112101,Nb252_WT_rep01_seed8112101,421.6910850025305,-75.59825052622432,-96.74848357518027,-120.94556996738226,16.308787545958225,23,36,0.875,0.8648648648648649,0.04634446997343951,2.313889029566346,33;37;45;47;50;53;98;100;102;103;104;105;106;107;108;109;110;111;112;113;114;115;116,33;40;44;82;86;89;90;93;97;98;99;101;102;105;106;109;110;172;174;177;178;179;180;181;182;269;277;278;279;290;293;294;297;298;301;302,24,37,0.9583333333333334,0.972972972972973,-1.022813366845412,-0.22520915613290526,0.12315938935382675,True,True,True,True,True,pass
Nb252_aff_seq058_N58V,Nb252 reported_seq N58V,Nb252 IMGT 66 N>V,Nb252 chain C auth 58 N>V,58,N,V,FR3,False,2,8112102,Nb252_WT_rep02_seed8112102,421.6910850025305,-73.52309407483813,-96.74848357518027,-120.94556996738226,16.308787545958225,23,36,0.875,0.8648648648648649,0.04634446997343951,2.313889029566346,33;37;45;47;50;53;98;100;102;103;104;105;106;107;108;109;110;111;112;113;114;115;116,33;40;44;82;86;89;90;93;97;98;99;101;102;105;106;109;110;172;174;177;178;179;180;181;182;269;277;278;279;290;293;294;297;298;301;302,24,37,0.9583333333333334,0.972972972972973,0.9414971581170448,-0.22520915613290526,0.12315938935382675,True,True,True,True,True,pass
Nb252_aff_seq058_N58V,Nb252 reported_seq N58V,Nb252 IMGT 66 N>V,Nb252 chain C auth 58 N>V,58,N,V,FR3,False,3,8112103,Nb252_WT_rep03_seed8112103,421.6910850025305,-73.38357566936816,-96.74848357518027,-120.94556996738226,16.308787545958225,23,36,0.875,0.8648648648648649,0.04634446997343951,2.313889029566346,33;37;45;47;50;53;98;100;102;103;104;105;106;107;108;109;110;111;112;113;114;115;116,33;40;44;82;86;89;90;93;97;98;99;101;102;105;106;109;110;172;174;177;178;179;180;181;182;269;277;278;279;290;293;294;297;298;301;302,24,37,0.9583333333333334,0.972972972972973,1.081015563587016,-0.22520915613290526,0.12315938935382675,True,True,True,True,True,pass
Nb252_aff_seq058_N58W,Nb252 reported_seq N58W,Nb252 IMGT 66 N>W,Nb252 chain C auth 58 N>W,58,N,W,FR3,False,1,8112101,Nb252_WT_rep01_seed8112101,419.3399283685929,-75.20422478149618,-98.4965469847294,-123.86326063887888,16.310620949415977,24,37,0.9166666666666666,0.8918918918918919,0.04413568473427827,2.320995754446625,33;37;45;47;50;53;58;98;100;102;103;104;105;106;107;108;109;110;111;112;113;114;115;116,33;40;44;82;86;89;90;93;96;97;98;99;101;102;105;106;109;110;172;174;177;178;179;180;181;182;269;277;278;279;290;293;294;297;298;301;302,24,37,1.0,1.0,-0.6287876221172723,-1.9732725656820378,0.12499279281157882,True,True,True,True,True,pass
Nb252_aff_seq058_N58W,Nb252 reported_seq N58W,Nb252 IMGT 66 N>W,Nb252 chain C auth 58 N>W,58,N,W,FR3,False,2,8112102,Nb252_WT_rep02_seed8112102,419.3399283685929,-76.53120776897373,-98.4965469847294,-123.86326063887888,16.310620949415977,24,37,0.9166666666666666,0.8918918918918919,0.04413568473427827,2.320995754446625,33;37;45;47;50;53;58;98;100;102;103;104;105;106;107;108;109;110;111;112;113;114;115;116,33;40;44;82;86;89;90;93;96;97;98;99;101;102;105;106;109;110;172;174;177;178;179;180;181;182;269;277;278;279;290;293;294;297;298;301;302,24,37,1.0,1.0,-2.0666165360185573,-1.9732725656820378,0.12499279281157882,True,True,True,True,True,pass
Nb252_aff_seq058_N58W,Nb252 reported_seq N58W,Nb252 IMGT 66 N>W,Nb252 chain C auth 58 N>W,58,N,W,FR3,False,3,8112103,Nb252_WT_rep03_seed8112103,419.3399283685929,-76.12826969112422,-98.4965469847294,-123.86326063887888,16.310620949415977,24,37,0.9166666666666666,0.8918918918918919,0.04413568473427827,2.320995754446625,33;37;45;47;50;53;58;98;100;102;103;104;105;106;107;108;109;110;111;112;113;114;115;116,33;40;44;82;86;89;90;93;96;97;98;99;101;102;105;106;109;110;172;174;177;178;179;180;181;182;269;277;278;279;290;293;294;297;298;301;302,24,37,1.0,1.0,-1.663678458169045,-1.9732725656820378,0.12499279281157882,True,True,True,True,True,pass
Nb252_aff_seq058_N58Y,Nb252 reported_seq N58Y,Nb252 IMGT 66 N>Y,Nb252 chain C auth 58 N>Y,58,N,Y,FR3,False,1,8112101,Nb252_WT_rep01_seed8112101,419.94922020694867,-74.26315196978942,-96.51692349731105,-121.12065326103497,16.164907076851424,24,37,0.9166666666666666,0.8918918918918919,0.04463166539574515,2.312284899443698,33;37;45;47;50;53;58;98;100;102;103;104;105;106;107;108;109;110;111;112;113;114;115;116,33;40;44;82;86;89;90;93;96;97;98;99;101;102;105;106;109;110;172;174;177;178;179;180;181;182;269;277;278;279;290;293;294;297;298;301;302,24,37,1.0,1.0,0.31228518958948825,0.006350921736313353,-0.020721079752973992,True,True,True,True,True,pass
Nb252_aff_seq058_N58Y,Nb252 reported_seq N58Y,Nb252 IMGT 66 N>Y,Nb252 chain C auth 58 N>Y,58,N,Y,FR3,False,2,8112102,Nb252_WT_rep02_seed8112102,419.94922020694867,-74.26315196978942,-96.51692349731105,-121.12065326103497,16.164907076851424,24,37,0.9166666666666666,0.8918918918918919,0.04463166539574515,2.312284899443698,33;37;45;47;50;53;58;98;100;102;103;104;105;106;107;108;109;110;111;112;113;114;115;116,33;40;44;82;86;89;90;93;96;97;98;99;101;102;105;106;109;110;172;174;177;178;179;180;181;182;269;277;278;279;290;293;294;297;298;301;302,24,37,1.0,1.0,0.2014392631657529,0.006350921736313353,-0.020721079752973992,True,True,True,True,True,pass
Nb252_aff_seq058_N58Y,Nb252 reported_seq N58Y,Nb252 IMGT 66 N>Y,Nb252 chain C auth 58 N>Y,58,N,Y,FR3,False,3,8112103,Nb252_WT_rep03_seed8112103,419.94922020694867,-75.75009159381813,-96.51692349731105,-121.12065326103497,16.164907076851424,24,37,0.9166666666666666,0.8918918918918919,0.04463166539574515,2.312284899443698,33;37;45;47;50;53;58;98;100;102;103;104;105;106;107;108;109;110;111;112;113;114;115;116,33;40;44;82;86;89;90;93;96;97;98;99;101;102;105;106;109;110;172;174;177;178;179;180;181;182;269;277;278;279;290;293;294;297;298;301;302,24,37,1.0,1.0,-1.2855003608629545,0.006350921736313353,-0.020721079752973992,True,True,True,True,True,pass
Nb252_aff_seq098_D98A,Nb252 reported_seq D98A,Nb252 IMGT 107 D>A,Nb252 chain C auth 98 D>A,98,D,A,CDR3,False,1,8112101,Nb252_WT_rep01_seed8112101,417.5166680357336,-74.7079786055595,-96.93016636203367,-119.71078980392022,16.125259693977828,23,37,0.875,0.8918918918918919,0.0438816425750708,2.3135370842055525,33;37;45;47;50;53;58;100;102;103;104;105;106;107;108;109;110;111;112;113;114;115;116,33;40;44;82;86;89;90;93;96;97;98;99;101;102;105;106;109;110;172;174;177;178;179;180;181;182;269;277;278;279;290;293;294;297;298;301;302,24,37,0.9583333333333334,1.0,-0.13254144618059627,-0.4068919429863058,-0.06036846262657036,True,True,True,True,True,pass
Nb252_aff_seq098_D98A,Nb252 reported_seq D98A,Nb252 IMGT 107 D>A,Nb252 chain C auth 98 D>A,98,D,A,CDR3,False,2,8112102,Nb252_WT_rep02_seed8112102,417.5166680357336,-75.99963505017325,-96.93016636203367,-119.71078980392022,16.125259693977828,23,37,0.875,0.8918918918918919,0.0438816425750708,2.3135370842055525,33;37;45;47;50;53;58;100;102;103;104;105;106;107;108;109;110;111;112;113;114;115;116,33;40;44;82;86;89;90;93;96;97;98;99;101;102;105;106;109;110;172;174;177;178;179;180;181;182;269;277;278;279;290;293;294;297;298;301;302,24,37,0.9583333333333334,1.0,-1.5350438172180816,-0.4068919429863058,-0.06036846262657036,True,True,True,True,True,pass
Nb252_aff_seq098_D98A,Nb252 reported_seq D98A,Nb252 IMGT 107 D>A,Nb252 chain C auth 98 D>A,98,D,A,CDR3,False,3,8112103,Nb252_WT_rep03_seed8112103,415.31314900711413,-77.37954938984683,-94.24760964374678,-118.93544621127691,14.930498367888681,24,36,0.9166666666666666,0.8918918918918919,0.04369351426045509,2.3151609178218435,33;37;45;47;50;53;58;98;100;102;103;104;105;106;107;108;109;110;111;112;113;114;115;116,33;40;44;82;86;89;90;93;96;97;98;99;101;102;105;109;110;172;174;177;178;179;180;181;182;269;277;278;279;290;293;294;297;298;301;302,24,37,1.0,0.972972972972973,-2.9149581568916574,2.2756647753005836,-1.255129788715717,True,True,True,True,True,pass
Nb252_aff_seq098_D98C,Nb252 reported_seq D98C,Nb252 IMGT 107 D>C,Nb252 chain C auth 98 D>C,98,D,C,CDR3,False,1,8112101,Nb252_WT_rep01_seed8112101,418.2474635889413,-77.73609262080072,-98.03732385806995,-120.68702167640497,16.270166053432234,24,37,0.9166666666666666,0.8918918918918919,0.0441930338204381,2.3156579990993342,33;37;45;47;50;53;58;98;100;102;103;104;105;106;107;108;109;110;111;112;113;114;115;116,33;40;44;82;86;89;90;93;96;97;98;99;101;102;105;106;109;110;172;174;177;178;179;180;181;182;269;277;278;279;290;293;294;297;298;301;302,24,37,1.0,1.0,-3.160655461421811,-1.5140494390225854,0.08453789682783608,True,True,True,True,True,pass
Nb252_aff_seq098_D98C,Nb252 reported_seq D98C,Nb252 IMGT 107 D>C,Nb252 chain C auth 98 D>C,98,D,C,CDR3,False,2,8112102,Nb252_WT_rep02_seed8112102,418.2474635889413,-76.71999560126847,-98.03732385806995,-120.68702167640497,16.270166053432234,24,37,0.9166666666666666,0.8918918918918919,0.0441930338204381,2.3156579990993342,33;37;45;47;50;53;58;98;100;102;103;104;105;106;107;108;109;110;111;112;113;114;115;116,33;40;44;82;86;89;90;93;96;97;98;99;101;102;105;106;109;110;172;174;177;178;179;180;181;182;269;277;278;279;290;293;294;297;298;301;302,24,37,1.0,1.0,-2.255404368313293,-1.5140494390225854,0.08453789682783608,True,True,True,True,True,pass
Nb252_aff_seq098_D98C,Nb252 reported_seq D98C,Nb252 IMGT 107 D>C,Nb252 chain C auth 98 D>C,98,D,C,CDR3,False,3,8112103,Nb252_WT_rep03_seed8112103,418.2474635889413,-76.30312179257908,-98.03732385806995,-120.68702167640497,16.270166053432234,24,37,0.9166666666666666,0.8918918918918919,0.0441930338204381,2.3156579990993342,33;37;45;47;50;53;58;98;100;102;103;104;105;106;107;108;109;110;111;112;113;114;115;116,33;40;44;82;86;89;90;93;96;97;98;99;101;102;105;106;109;110;172;174;177;178;179;180;181;182;269;277;278;279;290;293;294;297;298;301;302,24,37,1.0,1.0,-1.838530559623905,-1.5140494390225854,0.08453789682783608,True,True,True,True,True,pass
Nb252_aff_seq098_D98E,Nb252 reported_seq D98E,Nb252 IMGT 107 D>E,Nb252 chain C auth 98 D>E,98,D,E,CDR3,False,1,8112101,Nb252_WT_rep01_seed8112101,423.95222070476206,-71.63202635321244,-97.84120606618535,-120.79646875784842,16.519954772257908,23,36,0.9166666666666666,0.8648648648648649,0.04446516468478613,2.314885643306473,33;37;45;47;53;58;98;100;102;103;104;105;106;107;108;109;110;111;112;113;114;115;116,33;40;44;82;86;89;90;93;96;98;99;101;102;105;106;109;110;172;174;177;178;179;180;181;182;269;277;278;279;290;293;294;297;298;301;302,24,37,0.9583333333333334,0.972972972972973,2.9434108061664688,-1.317931647137982,0.3343266156535094,True,True,True,True,True,pass
Nb252_aff_seq098_D98E,Nb252 reported_seq D98E,Nb252 IMGT 107 D>E,Nb252 chain C auth 98 D>E,98,D,E,CDR3,False,2,8112102,Nb252_WT_rep02_seed8112102,423.95222070476206,-71.18198044621744,-97.84120606618535,-120.79646875784842,16.519954772257908,23,36,0.9166666666666666,0.8648648648648649,0.04446516468478613,2.314885643306473,33;37;45;47;53;58;98;100;102;103;104;105;106;107;108;109;110;111;112;113;114;115;116,33;40;44;82;86;89;90;93;96;98;99;101;102;105;106;109;110;172;174;177;178;179;180;181;182;269;277;278;279;290;293;294;297;298;301;302,24,37,0.9583333333333334,0.972972972972973,3.2826107867377345,-1.317931647137982,0.3343266156535094,True,True,True,True,True,pass
Nb252_aff_seq098_D98E,Nb252 reported_seq D98E,Nb252 IMGT 107 D>E,Nb252 chain C auth 98 D>E,98,D,E,CDR3,False,3,8112103,Nb252_WT_rep03_seed8112103,423.95222070476206,-71.66034639285425,-97.84120606618535,-120.79646875784842,16.519954772257908,23,36,0.9166666666666666,0.8648648648648649,0.04446516468478613,2.314885643306473,33;37;45;47;53;58;98;100;102;103;104;105;106;107;108;109;110;111;112;113;114;115;116,33;40;44;82;86;89;90;93;96;98;99;101;102;105;106;109;110;172;174;177;178;179;180;181;182;269;277;278;279;290;293;294;297;298;301;302,24,37,0.9583333333333334,0.972972972972973,2.804244840100921,-1.317931647137982,0.3343266156535094,True,True,True,True,True,pass
Nb252_aff_seq098_D98F,Nb252 reported_seq D98F,Nb252 IMGT 107 D>F,Nb252 chain C auth 98 D>F,98,D,F,CDR3,False,1,8112101,Nb252_WT_rep01_seed8112101,424.27823456438466,-72.80128795719287,-99.15495420681991,-121.10350352039256,16.982427677067086,23,37,0.9166666666666666,0.8918918918918919,0.044805992484100894,2.3144591822257365,33;37;45;47;53;58;98;100;102;103;104;105;106;107;108;109;110;111;112;113;114;115;116,33;40;44;82;86;89;90;93;96;97;98;99;101;102;105;106;109;110;172;174;177;178;179;180;181;182;269;277;278;279;290;293;294;297;298;301;302,24,37,0.9583333333333334,1.0,1.774149202186038,-2.6316797877725406,0.7967995204626881,True,True,True,True,True,pass
Nb252_aff_seq098_D98F,Nb252 reported_seq D98F,Nb252 IMGT 107 D>F,Nb252 chain C auth 98 D>F,98,D,F,CDR3,False,2,8112102,Nb252_WT_rep02_seed8112102,424.27823456438466,-73.23856626182481,-99.15495420681991,-121.10350352039256,16.982427677067086,23,37,0.9166666666666666,0.8918918918918919,0.044805992484100894,2.3144591822257365,33;37;45;47;53;58;98;100;102;103;104;105;106;107;108;109;110;111;112;113;114;115;116,33;40;44;82;86;89;90;93;96;97;98;99;101;102;105;106;109;110;172;174;177;178;179;180;181;182;269;277;278;279;290;293;294;297;298;301;302,24,37,0.9583333333333334,1.0,1.2260249711303572,-2.6316797877725406,0.7967995204626881,True,True,True,True,True,pass
Nb252_aff_seq098_D98F,Nb252 reported_seq D98F,Nb252 IMGT 107 D>F,Nb252 chain C auth 98 D>F,98,D,F,CDR3,False,3,8112103,Nb252_WT_rep03_seed8112103,424.27823456438466,-72.80128795719287,-99.15495420681991,-121.10350352039256,16.982427677067086,23,37,0.9166666666666666,0.8918918918918919,0.044805992484100894,2.3144591822257365,33;37;45;47;53;58;98;100;102;103;104;105;106;107;108;109;110;111;112;113;114;115;116,33;40;44;82;86;89;90;93;96;97;98;99;101;102;105;106;109;110;172;174;177;178;179;180;181;182;269;277;278;279;290;293;294;297;298;301;302,24,37,0.9583333333333334,1.0,1.6633032757623027,-2.6316797877725406,0.7967995204626881,True,True,True,True,True,pass
Nb252_aff_seq098_D98G,Nb252 reported_seq D98G,Nb252 IMGT 107 D>G,Nb252 chain C auth 98 D>G,98,D,G,CDR3,False,1,8112101,Nb252_WT_rep01_seed8112101,420.2005974810645,-76.3570406984702,-96.58173917001002,-119.33892830126776,15.912578466084879,23,37,0.875,0.8918918918918919,0.04388735799055996,2.3161961648444613,33;37;45;47;50;53;58;100;102;103;104;105;106;107;108;109;110;111;112;113;114;115;116,33;40;44;82;86;89;90;93;96;97;98;99;101;102;105;106;109;110;172;174;177;178;179;180;181;182;269;277;278;279;290;293;294;297;298;301;302,24,37,0.9583333333333334,1.0,-1.781603539091293,-0.05846475096265635,-0.2730496905195192,True,True,True,True,True,pass
Nb252_aff_seq098_D98G,Nb252 reported_seq D98G,Nb252 IMGT 107 D>G,Nb252 chain C auth 98 D>G,98,D,G,CDR3,False,2,8112102,Nb252_WT_rep02_seed8112102,420.2005974810645,-74.92733944872441,-96.58173917001002,-119.33892830126776,15.912578466084879,23,37,0.875,0.8918918918918919,0.04388735799055996,2.3161961648444613,33;37;45;47;50;53;58;100;102;103;104;105;106;107;108;109;110;111;112;113;114;115;116,33;40;44;82;86;89;90;93;96;97;98;99;101;102;105;106;109;110;172;174;177;178;179;180;181;182;269;277;278;279;290;293;294;297;298;301;302,24,37,0.9583333333333334,1.0,-0.4627482157692384,-0.05846475096265635,-0.2730496905195192,True,True,True,True,True,pass
Nb252_aff_seq098_D98G,Nb252 reported_seq D98G,Nb252 IMGT 107 D>G,Nb252 chain C auth 98 D>G,98,D,G,CDR3,False,3,8112103,Nb252_WT_rep03_seed8112103,418.91053790836605,-75.46715904813033,-93.26795292135886,-118.34842270357044,14.754517531557386,24,36,0.9166666666666666,0.8918918918918919,0.043197369173076185,2.315529800220621,33;37;45;47;50;53;58;98;100;102;103;104;105;106;107;108;109;110;111;112;113;114;115;116,33;40;44;82;86;89;90;93;96;97;98;99;101;102;105;109;110;172;174;177;178;179;180;181;182;269;277;278;279;290;293;294;297;298;301;302,24,37,1.0,0.972972972972973,-1.002567815175155,3.255321497688513,-1.4311106250470118,True,True,True,True,True,pass
Nb252_aff_seq098_D98H,Nb252 reported_seq D98H,Nb252 IMGT 107 D>H,Nb252 chain C auth 98 D>H,98,D,H,CDR3,False,1,8112101,Nb252_WT_rep01_seed8112101,424.0016360249085,-70.334532570698,-97.25802205603279,-122.25547891665175,17.169289219638788,24,37,0.9166666666666666,0.8918918918918919,0.044295480407454485,2.313934305354786,33;37;45;47;50;53;58;98;100;102;103;104;105;106;107;108;109;110;111;112;113;114;115;116,33;40;44;82;86;89;90;93;96;97;98;99;101;102;105;106;109;110;172;174;177;178;179;180;181;182;269;277;278;279;290;293;294;297;298;301;302,24,37,1.0,1.0,4.240904588680905,-0.7347476369854178,0.9836610630343898,True,True,True,True,True,pass
Nb252_aff_seq098_D98H,Nb252 reported_seq D98H,Nb252 IMGT 107 D>H,Nb252 chain C auth 98 D>H,98,D,H,CDR3,False,2,8112102,Nb252_WT_rep02_seed8112102,424.0016360249085,-69.11542616857139,-97.25802205603279,-122.25547891665175,17.169289219638788,24,37,0.9166666666666666,0.8918918918918919,0.044295480407454485,2.313934305354786,33;37;45;47;50;53;58;98;100;102;103;104;105;106;107;108;109;110;111;112;113;114;115;116,33;40;44;82;86;89;90;93;96;97;98;99;101;102;105;106;109;110;172;174;177;178;179;180;181;182;269;277;278;279;290;293;294;297;298;301;302,24,37,1.0,1.0,5.349165064383783,-0.7347476369854178,0.9836610630343898,True,True,True,True,True,pass
Nb252_aff_seq098_D98H,Nb252 reported_seq D98H,Nb252 IMGT 107 D>H,Nb252 chain C auth 98 D>H,98,D,H,CDR3,False,3,8112103,Nb252_WT_rep03_seed8112103,424.0016360249085,-69.67093651973653,-97.25802205603279,-122.25547891665175,17.169289219638788,24,37,0.9166666666666666,0.8918918918918919,0.044295480407454485,2.313934305354786,33;37;45;47;50;53;58;98;100;102;103;104;105;106;107;108;109;110;111;112;113;114;115;116,33;40;44;82;86;89;90;93;96;97;98;99;101;102;105;106;109;110;172;174;177;178;179;180;181;182;269;277;278;279;290;293;294;297;298;301;302,24,37,1.0,1.0,4.793654713218643,-0.7347476369854178,0.9836610630343898,True,True,True,True,True,pass
Nb252_aff_seq098_D98I,Nb252 reported_seq D98I,Nb252 IMGT 107 D>I,Nb252 chain C auth 98 D>I,98,D,I,CDR3,False,1,8112101,Nb252_WT_rep01_seed8112101,428.0154296991142,-74.09198610984129,-96.29390943726249,-121.43330234643093,17.2455546490037,24,37,0.9166666666666666,0.8918918918918919,0.04392299655354434,2.317874434240066,33;37;45;47;50;53;58;98;100;102;103;104;105;106;107;108;109;110;111;112;113;114;115;116,33;40;44;82;86;89;90;93;96;97;98;99;101;102;105;106;109;110;172;174;177;178;179;180;181;182;269;277;278;279;290;293;294;297;298;301;302,24,37,1.0,1.0,0.48345104953762075,0.22936498178488307,1.0599264923993026,True,True,True,True,True,pass
Nb252_aff_seq098_D98I,Nb252 reported_seq D98I,Nb252 IMGT 107 D>I,Nb252 chain C auth 98 D>I,98,D,I,CDR3,False,2,8112102,Nb252_WT_rep02_seed8112102,428.0154296991142,-74.09198610984129,-96.29390943726249,-121.43330234643093,17.2455546490037,24,37,0.9166666666666666,0.8918918918918919,0.04392299655354434,2.317874434240066,33;37;45;47;50;53;58;98;100;102;103;104;105;106;107;108;109;110;111;112;113;114;115;116,33;40;44;82;86;89;90;93;96;97;98;99;101;102;105;106;109;110;172;174;177;178;179;180;181;182;269;277;278;279;290;293;294;297;298;301;302,24,37,1.0,1.0,0.3726051231138854,0.22936498178488307,1.0599264923993026,True,True,True,True,True,pass
Nb252_aff_seq098_D98I,Nb252 reported_seq D98I,Nb252 IMGT 107 D>I,Nb252 chain C auth 98 D>I,98,D,I,CDR3,False,3,8112103,Nb252_WT_rep03_seed8112103,428.0154296991142,-73.27447457964911,-96.29390943726249,-121.43330234643093,17.2455546490037,24,37,0.9166666666666666,0.8918918918918919,0.04392299655354434,2.317874434240066,33;37;45;47;50;53;58;98;100;102;103;104;105;106;107;108;109;110;111;112;113;114;115;116,33;40;44;82;86;89;90;93;96;97;98;99;101;102;105;106;109;110;172;174;177;178;179;180;181;182;269;277;278;279;290;293;294;297;298;301;302,24,37,1.0,1.0,1.1901166533060632,0.22936498178488307,1.0599264923993026,True,True,True,True,True,pass
Nb252_aff_seq098_D98K,Nb252 reported_seq D98K,Nb252 IMGT 107 D>K,Nb252 chain C auth 98 D>K,98,D,K,CDR3,False,1,8112101,Nb252_WT_rep01_seed8112101,422.66493246140465,-78.2830804095563,-97.10349370805757,-121.64386556929563,17.14010204750066,24,37,0.9166666666666666,0.8918918918918919,0.04396627152095564,2.325311483495016,33;37;45;47;50;53;58;98;100;102;103;104;105;106;107;108;109;110;111;112;113;114;115;116,33;40;44;82;86;89;90;93;96;97;98;99;101;102;105;106;109;110;172;174;177;178;179;180;181;182;269;277;278;279;290;293;294;297;298;301;302,24,37,1.0,1.0,-3.707643250177398,-0.580219289010202,0.95447389089626,True,True,True,True,True,pass
Nb252_aff_seq098_D98K,Nb252 reported_seq D98K,Nb252 IMGT 107 D>K,Nb252 chain C auth 98 D>K,98,D,K,CDR3,False,2,8112102,Nb252_WT_rep02_seed8112102,422.66493246140465,-76.81796787957376,-97.10349370805757,-121.64386556929563,17.14010204750066,24,37,0.9166666666666666,0.8918918918918919,0.04396627152095564,2.325311483495016,33;37;45;47;50;53;58;98;100;102;103;104;105;106;107;108;109;110;111;112;113;114;115;116,33;40;44;82;86;89;90;93;96;97;98;99;101;102;105;106;109;110;172;174;177;178;179;180;181;182;269;277;278;279;290;293;294;297;298;301;302,24,37,1.0,1.0,-2.3533766466185853,-0.580219289010202,0.95447389089626,True,True,True,True,True,pass
Nb252_aff_seq098_D98K,Nb252 reported_seq D98K,Nb252 IMGT 107 D>K,Nb252 chain C auth 98 D>K,98,D,K,CDR3,False,3,8112103,Nb252_WT_rep03_seed8112103,422.66493246140465,-77.88982356204644,-97.10349370805757,-121.64386556929563,17.14010204750066,24,37,0.9166666666666666,0.8918918918918919,0.04396627152095564,2.325311483495016,33;37;45;47;50;53;58;98;100;102;103;104;105;106;107;108;109;110;111;112;113;114;115;116,33;40;44;82;86;89;90;93;96;97;98;99;101;102;105;106;109;110;172;174;177;178;179;180;181;182;269;277;278;279;290;293;294;297;298;301;302,24,37,1.0,1.0,-3.4252323290912727,-0.580219289010202,0.95447389089626,True,True,True,True,True,pass
Nb252_aff_seq098_D98L,Nb252 reported_seq D98L,Nb252 IMGT 107 D>L,Nb252 chain C auth 98 D>L,98,D,L,CDR3,False,1,8112101,Nb252_WT_rep01_seed8112101,421.5730061288032,-71.47462109254411,-95.53276629747008,-121.79244079450594,17.550182434121673,23,37,0.875,0.8918918918918919,0.0444773800373483,2.314838510933321,33;37;45;47;50;53;58;98;102;103;104;105;106;107;108;109;110;111;112;113;114;115;116,33;40;44;82;86;89;90;93;96;97;98;99;101;102;105;106;109;110;172;174;177;178;179;180;181;182;269;277;278;279;290;293;294;297;298;301;302,24,37,0.9583333333333334,1.0,3.1008160668347955,0.9905081215772924,1.364554277517275,True,True,True,True,True,pass
Nb252_aff_seq098_D98L,Nb252 reported_seq D98L,Nb252 IMGT 107 D>L,Nb252 chain C auth 98 D>L,98,D,L,CDR3,False,2,8112102,Nb252_WT_rep02_seed8112102,421.5730061288032,-71.61936353324404,-95.53276629747008,-121.79244079450594,17.550182434121673,23,37,0.875,0.8918918918918919,0.0444773800373483,2.314838510933321,33;37;45;47;50;53;58;98;102;103;104;105;106;107;108;109;110;111;112;113;114;115;116,33;40;44;82;86;89;90;93;96;97;98;99;101;102;105;106;109;110;172;174;177;178;179;180;181;182;269;277;278;279;290;293;294;297;298;301;302,24,37,0.9583333333333334,1.0,2.845227699711131,0.9905081215772924,1.364554277517275,True,True,True,True,True,pass
Nb252_aff_seq098_D98L,Nb252 reported_seq D98L,Nb252 IMGT 107 D>L,Nb252 chain C auth 98 D>L,98,D,L,CDR3,False,3,8112103,Nb252_WT_rep03_seed8112103,421.5730061288032,-72.59966998225377,-95.53276629747008,-121.79244079450594,17.550182434121673,23,37,0.875,0.8918918918918919,0.0444773800373483,2.314838510933321,33;37;45;47;50;53;58;98;102;103;104;105;106;107;108;109;110;111;112;113;114;115;116,33;40;44;82;86;89;90;93;96;97;98;99;101;102;105;106;109;110;172;174;177;178;179;180;181;182;269;277;278;279;290;293;294;297;298;301;302,24,37,0.9583333333333334,1.0,1.8649212507014,0.9905081215772924,1.364554277517275,True,True,True,True,True,pass
Nb252_aff_seq098_D98M,Nb252 reported_seq D98M,Nb252 IMGT 107 D>M,Nb252 chain C auth 98 D>M,98,D,M,CDR3,False,1,8112101,Nb252_WT_rep01_seed8112101,424.4965064128063,-71.29923936872507,-94.62797707506596,-120.87979441771175,15.758032444600724,24,37,0.9166666666666666,0.8918918918918919,0.04504407857311935,2.3052376223653703,33;37;45;47;50;53;58;98;100;102;103;104;105;106;107;108;109;110;111;112;113;114;115;116,33;40;44;82;86;89;90;93;96;97;98;99;101;102;105;106;109;110;172;174;177;178;179;180;181;182;269;277;278;279;290;293;294;297;298;301;302,24,37,1.0,1.0,3.276197790653839,1.8952973439814116,-0.42759571200367397,True,True,True,True,True,pass
Nb252_aff_seq098_D98M,Nb252 reported_seq D98M,Nb252 IMGT 107 D>M,Nb252 chain C auth 98 D>M,98,D,M,CDR3,False,2,8112102,Nb252_WT_rep02_seed8112102,425.1533738190453,-73.34075512256481,-98.39122930474807,-121.10150458863274,17.401558247095842,22,37,0.875,0.8918918918918919,0.04437045518747724,2.3247183911419707,33;37;45;47;53;58;98;102;103;104;105;106;107;108;109;110;111;112;113;114;115;116,33;40;44;82;86;89;90;93;96;97;98;99;101;102;105;106;109;110;172;174;177;178;179;180;181;182;269;277;278;279;290;293;294;297;298;301;302,24,37,0.9166666666666666,1.0,1.1238361103903571,-1.8679548857006978,1.2159300904914438,True,True,True,True,True,pass
Nb252_aff_seq098_D98M,Nb252 reported_seq D98M,Nb252 IMGT 107 D>M,Nb252 chain C auth 98 D>M,98,D,M,CDR3,False,3,8112103,Nb252_WT_rep03_seed8112103,425.1533738190453,-73.17428755390415,-98.39122930474807,-121.10150458863274,17.401558247095842,22,37,0.875,0.8918918918918919,0.04437045518747724,2.3247183911419707,33;37;45;47;53;58;98;102;103;104;105;106;107;108;109;110;111;112;113;114;115;116,33;40;44;82;86;89;90;93;96;97;98;99;101;102;105;106;109;110;172;174;177;178;179;180;181;182;269;277;278;279;290;293;294;297;298;301;302,24,37,0.9166666666666666,1.0,1.2903036790510214,-1.8679548857006978,1.2159300904914438,True,True,True,True,True,pass
Nb252_aff_seq098_D98N,Nb252 reported_seq D98N,Nb252 IMGT 107 D>N,Nb252 chain C auth 98 D>N,98,D,N,CDR3,False,1,8112101,Nb252_WT_rep01_seed8112101,419.4576916263427,-75.13794698937772,-97.24313992461457,-121.15745474119761,16.366423116811937,24,37,0.9166666666666666,0.8918918918918919,0.0445718842808636,2.3190291428827683,33;37;45;47;50;53;58;98;100;102;103;104;105;106;107;108;109;110;111;112;113;114;115;116,33;40;44;82;86;89;90;93;96;97;98;99;101;102;105;106;109;110;172;174;177;178;179;180;181;182;269;277;278;279;290;293;294;297;298;301;302,24,37,1.0,1.0,-0.5625098299988167,-0.7198655055671992,0.18079496020753894,True,True,True,True,True,pass
Nb252_aff_seq098_D98N,Nb252 reported_seq D98N,Nb252 IMGT 107 D>N,Nb252 chain C auth 98 D>N,98,D,N,CDR3,False,2,8112102,Nb252_WT_rep02_seed8112102,419.4576916263427,-74.22339285424596,-97.24313992461457,-121.15745474119761,16.366423116811937,24,37,0.9166666666666666,0.8918918918918919,0.0445718842808636,2.3190291428827683,33;37;45;47;50;53;58;98;100;102;103;104;105;106;107;108;109;110;111;112;113;114;115;116,33;40;44;82;86;89;90;93;96;97;98;99;101;102;105;106;109;110;172;174;177;178;179;180;181;182;269;277;278;279;290;293;294;297;298;301;302,24,37,1.0,1.0,0.241198378709214,-0.7198655055671992,0.18079496020753894,True,True,True,True,True,pass
Nb252_aff_seq098_D98N,Nb252 reported_seq D98N,Nb252 IMGT 107 D>N,Nb252 chain C auth 98 D>N,98,D,N,CDR3,False,3,8112103,Nb252_WT_rep03_seed8112103,419.4576916263427,-74.63273684846513,-97.24313992461457,-121.15745474119761,16.366423116811937,24,37,0.9166666666666666,0.8918918918918919,0.0445718842808636,2.3190291428827683,33;37;45;47;50;53;58;98;100;102;103;104;105;106;107;108;109;110;111;112;113;114;115;116,33;40;44;82;86;89;90;93;96;97;98;99;101;102;105;106;109;110;172;174;177;178;179;180;181;182;269;277;278;279;290;293;294;297;298;301;302,24,37,1.0,1.0,-0.16814561550995677,-0.7198655055671992,0.18079496020753894,True,True,True,True,True,pass
Nb252_aff_seq098_D98P,Nb252 reported_seq D98P,Nb252 IMGT 107 D>P,Nb252 chain C auth 98 D>P,98,D,P,CDR3,False,1,8112101,Nb252_WT_rep01_seed8112101,441.3890954112305,-72.18169944141528,-94.11707767978817,-120.40879800725956,16.754535498082905,23,38,0.875,0.918918918918919,0.06649290360123425,2.304531713223159,33;37;45;47;50;53;58;100;102;103;104;105;106;107;108;109;110;111;112;113;114;115;116,33;37;40;44;82;86;89;90;93;96;97;98;99;101;102;105;106;109;110;172;174;177;178;179;180;181;182;269;277;278;279;290;293;294;297;298;301;302,24,37,0.9583333333333334,1.0,2.3937377179636314,2.406196739259201,0.5689073414785071,True,True,True,True,True,pass
Nb252_aff_seq098_D98P,Nb252 reported_seq D98P,Nb252 IMGT 107 D>P,Nb252 chain C auth 98 D>P,98,D,P,CDR3,False,2,8112102,Nb252_WT_rep02_seed8112102,441.3890954112305,-73.60383706356095,-94.11707767978817,-120.40879800725956,16.754535498082905,23,38,0.875,0.918918918918919,0.06649290360123425,2.304531713223159,33;37;45;47;50;53;58;100;102;103;104;105;106;107;108;109;110;111;112;113;114;115;116,33;37;40;44;82;86;89;90;93;96;97;98;99;101;102;105;106;109;110;172;174;177;178;179;180;181;182;269;277;278;279;290;293;294;297;298;301;302,24,37,0.9583333333333334,1.0,0.8607541693942267,2.406196739259201,0.5689073414785071,True,True,True,True,True,pass
Nb252_aff_seq098_D98P,Nb252 reported_seq D98P,Nb252 IMGT 107 D>P,Nb252 chain C auth 98 D>P,98,D,P,CDR3,False,3,8112103,Nb252_WT_rep03_seed8112103,441.3890954112305,-71.71544120735871,-94.11707767978817,-120.40879800725956,16.754535498082905,23,38,0.875,0.918918918918919,0.06649290360123425,2.304531713223159,33;37;45;47;50;53;58;100;102;103;104;105;106;107;108;109;110;111;112;113;114;115;116,33;37;40;44;82;86;89;90;93;96;97;98;99;101;102;105;106;109;110;172;174;177;178;179;180;181;182;269;277;278;279;290;293;294;297;298;301;302,24,37,0.9583333333333334,1.0,2.749150025596464,2.406196739259201,0.5689073414785071,True,True,True,True,True,pass
Nb252_aff_seq098_D98Q,Nb252 reported_seq D98Q,Nb252 IMGT 107 D>Q,Nb252 chain C auth 98 D>Q,98,D,Q,CDR3,False,1,8112101,Nb252_WT_rep01_seed8112101,424.46730721205944,-69.21115687154088,-95.3359528615423,-120.74351362703746,16.264148565955903,22,37,0.875,0.8918918918918919,0.04439340864753369,2.3129217136827034,33;37;45;47;53;58;98;102;103;104;105;106;107;108;109;110;111;112;113;114;115;116,33;40;44;82;86;89;90;93;96;97;98;99;101;102;105;106;109;110;172;174;177;178;179;180;181;182;269;277;278;279;290;293;294;297;298;301;302,24,37,0.9166666666666666,1.0,5.364280287838028,1.1873215575050722,0.07852040935150484,True,True,True,True,True,pass
Nb252_aff_seq098_D98Q,Nb252 reported_seq D98Q,Nb252 IMGT 107 D>Q,Nb252 chain C auth 98 D>Q,98,D,Q,CDR3,False,2,8112102,Nb252_WT_rep02_seed8112102,424.46730721205944,-70.61032880196973,-95.3359528615423,-120.74351362703746,16.264148565955903,22,37,0.875,0.8918918918918919,0.04439340864753369,2.3129217136827034,33;37;45;47;53;58;98;102;103;104;105;106;107;108;109;110;111;112;113;114;115;116,33;40;44;82;86;89;90;93;96;97;98;99;101;102;105;106;109;110;172;174;177;178;179;180;181;182;269;277;278;279;290;293;294;297;298;301;302,24,37,0.9166666666666666,1.0,3.854262430985443,1.1873215575050722,0.07852040935150484,True,True,True,True,True,pass
Nb252_aff_seq098_D98Q,Nb252 reported_seq D98Q,Nb252 IMGT 107 D>Q,Nb252 chain C auth 98 D>Q,98,D,Q,CDR3,False,3,8112103,Nb252_WT_rep03_seed8112103,424.46730721205944,-69.21115687154088,-95.3359528615423,-120.74351362703746,16.264148565955903,22,37,0.875,0.8918918918918919,0.04439340864753369,2.3129217136827034,33;37;45;47;53;58;98;102;103;104;105;106;107;108;109;110;111;112;113;114;115;116,33;40;44;82;86;89;90;93;96;97;98;99;101;102;105;106;109;110;172;174;177;178;179;180;181;182;269;277;278;279;290;293;294;297;298;301;302,24,37,0.9166666666666666,1.0,5.253434361414293,1.1873215575050722,0.07852040935150484,True,True,True,True,True,pass
Nb252_aff_seq098_D98R,Nb252 reported_seq D98R,Nb252 IMGT 107 D>R,Nb252 chain C auth 98 D>R,98,D,R,CDR3,False,1,8112101,Nb252_WT_rep01_seed8112101,421.82180529024254,-77.24382651282957,-97.52822391413078,-122.79364905634156,17.28713956917109,24,37,0.9166666666666666,0.8918918918918919,0.04449649922480551,2.3183259807879892,33;37;45;47;50;53;58;98;100;102;103;104;105;106;107;108;109;110;111;112;113;114;115;116,33;40;44;82;86;89;90;93;96;97;98;99;101;102;105;106;109;110;172;174;177;178;179;180;181;182;269;277;278;279;290;293;294;297;298;301;302,24,37,1.0,1.0,-2.6683893534506637,-1.0049494950834088,1.1015114125666905,True,True,True,True,True,pass
Nb252_aff_seq098_D98R,Nb252 reported_seq D98R,Nb252 IMGT 107 D>R,Nb252 chain C auth 98 D>R,98,D,R,CDR3,False,2,8112102,Nb252_WT_rep02_seed8112102,421.82180529024254,-76.7148438398134,-97.52822391413078,-122.79364905634156,17.28713956917109,24,37,0.9166666666666666,0.8918918918918919,0.04449649922480551,2.3183259807879892,33;37;45;47;50;53;58;98;100;102;103;104;105;106;107;108;109;110;111;112;113;114;115;116,33;40;44;82;86;89;90;93;96;97;98;99;101;102;105;106;109;110;172;174;177;178;179;180;181;182;269;277;278;279;290;293;294;297;298;301;302,24,37,1.0,1.0,-2.2502526068582256,-1.0049494950834088,1.1015114125666905,True,True,True,True,True,pass
Nb252_aff_seq098_D98R,Nb252 reported_seq D98R,Nb252 IMGT 107 D>R,Nb252 chain C auth 98 D>R,98,D,R,CDR3,False,3,8112103,Nb252_WT_rep03_seed8112103,421.82180529024254,-76.27489160596781,-97.52822391413078,-122.79364905634156,17.28713956917109,24,37,0.9166666666666666,0.8918918918918919,0.04449649922480551,2.3183259807879892,33;37;45;47;50;53;58;98;100;102;103;104;105;106;107;108;109;110;111;112;113;114;115;116,33;40;44;82;86;89;90;93;96;97;98;99;101;102;105;106;109;110;172;174;177;178;179;180;181;182;269;277;278;279;290;293;294;297;298;301;302,24,37,1.0,1.0,-1.8103003730126375,-1.0049494950834088,1.1015114125666905,True,True,True,True,True,pass
Nb252_aff_seq098_D98S,Nb252 reported_seq D98S,Nb252 IMGT 107 D>S,Nb252 chain C auth 98 D>S,98,D,S,CDR3,False,1,8112101,Nb252_WT_rep01_seed8112101,416.9490060248272,-76.69865858258089,-96.77232369641052,-119.56502789472724,15.884425587941314,23,37,0.875,0.8918918918918919,0.04398492081463164,2.3172142780099048,33;37;45;47;50;53;58;100;102;103;104;105;106;107;108;109;110;111;112;113;114;115;116,33;40;44;82;86;89;90;93;96;97;98;99;101;102;105;106;109;110;172;174;177;178;179;180;181;182;269;277;278;279;290;293;294;297;298;301;302,24,37,0.9583333333333334,1.0,-2.123221423201983,-0.24904927736315585,-0.3012025686630846,True,True,True,True,True,pass
Nb252_aff_seq098_D98S,Nb252 reported_seq D98S,Nb252 IMGT 107 D>S,Nb252 chain C auth 98 D>S,98,D,S,CDR3,False,2,8112102,Nb252_WT_rep02_seed8112102,416.9490060248272,-76.0916819274218,-96.77232369641052,-119.56502789472724,15.884425587941314,23,37,0.875,0.8918918918918919,0.04398492081463164,2.3172142780099048,33;37;45;47;50;53;58;100;102;103;104;105;106;107;108;109;110;111;112;113;114;115;116,33;40;44;82;86;89;90;93;96;97;98;99;101;102;105;106;109;110;172;174;177;178;179;180;181;182;269;277;278;279;290;293;294;297;298;301;302,24,37,0.9583333333333334,1.0,-1.6270906944666308,-0.24904927736315585,-0.3012025686630846,True,True,True,True,True,pass
Nb252_aff_seq098_D98S,Nb252 reported_seq D98S,Nb252 IMGT 107 D>S,Nb252 chain C auth 98 D>S,98,D,S,CDR3,False,3,8112103,Nb252_WT_rep03_seed8112103,415.6674975859227,-75.61589143319259,-93.43674155687194,-118.94777510715055,15.081257016400807,24,36,0.9166666666666666,0.8918918918918919,0.04413920386758794,2.3150843711896307,33;37;45;47;50;53;58;98;100;102;103;104;105;106;107;108;109;110;111;112;113;114;115;116,33;40;44;82;86;89;90;93;96;97;98;99;101;102;105;109;110;172;174;177;178;179;180;181;182;269;277;278;279;290;293;294;297;298;301;302,24,37,1.0,0.972972972972973,-1.151300200237415,3.0865328621754315,-1.1043711402035914,True,True,True,True,True,pass
Nb252_aff_seq098_D98T,Nb252 reported_seq D98T,Nb252 IMGT 107 D>T,Nb252 chain C auth 98 D>T,98,D,T,CDR3,False,1,8112101,Nb252_WT_rep01_seed8112101,416.21682174143154,-75.87786065037994,-97.4913364587324,-120.33754497241834,16.25118936087949,24,37,0.9166666666666666,0.8918918918918919,0.04386778462593307,2.3169843973850432,33;37;45;47;50;53;58;98;100;102;103;104;105;106;107;108;109;110;111;112;113;114;115;116,33;40;44;82;86;89;90;93;96;97;98;99;101;102;105;106;109;110;172;174;177;178;179;180;181;182;269;277;278;279;290;293;294;297;298;301;302,24,37,1.0,1.0,-1.3024234910010364,-0.9680620396850372,0.06556120427509171,True,True,True,True,True,pass
Nb252_aff_seq098_D98T,Nb252 reported_seq D98T,Nb252 IMGT 107 D>T,Nb252 chain C auth 98 D>T,98,D,T,CDR3,False,2,8112102,Nb252_WT_rep02_seed8112102,416.21682174143154,-77.7625702745272,-97.4913364587324,-120.33754497241834,16.25118936087949,24,37,0.9166666666666666,0.8918918918918919,0.04386778462593307,2.3169843973850432,33;37;45;47;50;53;58;98;100;102;103;104;105;106;107;108;109;110;111;112;113;114;115;116,33;40;44;82;86;89;90;93;96;97;98;99;101;102;105;106;109;110;172;174;177;178;179;180;181;182;269;277;278;279;290;293;294;297;298;301;302,24,37,1.0,1.0,-3.2979790415720345,-0.9680620396850372,0.06556120427509171,True,True,True,True,True,pass
Nb252_aff_seq098_D98T,Nb252 reported_seq D98T,Nb252 IMGT 107 D>T,Nb252 chain C auth 98 D>T,98,D,T,CDR3,False,3,8112103,Nb252_WT_rep03_seed8112103,416.21682174143154,-76.29826083344437,-97.4913364587324,-120.33754497241834,16.25118936087949,24,37,0.9166666666666666,0.8918918918918919,0.04386778462593307,2.3169843973850432,33;37;45;47;50;53;58;98;100;102;103;104;105;106;107;108;109;110;111;112;113;114;115;116,33;40;44;82;86;89;90;93;96;97;98;99;101;102;105;106;109;110;172;174;177;178;179;180;181;182;269;277;278;279;290;293;294;297;298;301;302,24,37,1.0,1.0,-1.833669600489202,-0.9680620396850372,0.06556120427509171,True,True,True,True,True,pass
Nb252_aff_seq098_D98V,Nb252 reported_seq D98V,Nb252 IMGT 107 D>V,Nb252 chain C auth 98 D>V,98,D,V,CDR3,False,1,8112101,Nb252_WT_rep01_seed8112101,421.01346886214804,-74.89511710296574,-97.79026074153614,-120.65069247904016,16.599125513026493,24,37,0.9166666666666666,0.8918918918918919,0.04475215899477175,2.315780101022071,33;37;45;47;50;53;58;98;100;102;103;104;105;106;107;108;109;110;111;112;113;114;115;116,33;40;44;82;86;89;90;93;96;97;98;99;101;102;105;106;109;110;172;174;177;178;179;180;181;182;269;277;278;279;290;293;294;297;298;301;302,24,37,1.0,1.0,-0.31967994358683427,-1.2669863224887763,0.41349735642209495,True,True,True,True,True,pass
Nb252_aff_seq098_D98V,Nb252 reported_seq D98V,Nb252 IMGT 107 D>V,Nb252 chain C auth 98 D>V,98,D,V,CDR3,False,2,8112102,Nb252_WT_rep02_seed8112102,421.01346886214804,-74.89511710296574,-97.79026074153614,-120.65069247904016,16.599125513026493,24,37,0.9166666666666666,0.8918918918918919,0.04475215899477175,2.315780101022071,33;37;45;47;50;53;58;98;100;102;103;104;105;106;107;108;109;110;111;112;113;114;115;116,33;40;44;82;86;89;90;93;96;97;98;99;101;102;105;106;109;110;172;174;177;178;179;180;181;182;269;277;278;279;290;293;294;297;298;301;302,24,37,1.0,1.0,-0.43052587001056963,-1.2669863224887763,0.41349735642209495,True,True,True,True,True,pass
Nb252_aff_seq098_D98V,Nb252 reported_seq D98V,Nb252 IMGT 107 D>V,Nb252 chain C auth 98 D>V,98,D,V,CDR3,False,3,8112103,Nb252_WT_rep03_seed8112103,421.01346886214804,-74.89511710296574,-97.79026074153614,-120.65069247904016,16.599125513026493,24,37,0.9166666666666666,0.8918918918918919,0.04475215899477175,2.315780101022071,33;37;45;47;50;53;58;98;100;102;103;104;105;106;107;108;109;110;111;112;113;114;115;116,33;40;44;82;86;89;90;93;96;97;98;99;101;102;105;106;109;110;172;174;177;178;179;180;181;182;269;277;278;279;290;293;294;297;298;301;302,24,37,1.0,1.0,-0.43052587001056963,-1.2669863224887763,0.41349735642209495,True,True,True,True,True,pass
Nb252_aff_seq098_D98W,Nb252 reported_seq D98W,Nb252 IMGT 107 D>W,Nb252 chain C auth 98 D>W,98,D,W,CDR3,False,1,8112101,Nb252_WT_rep01_seed8112101,435.77958296004266,-60.79703450581536,-91.59585417790727,-125.32780518211125,22.026202806393954,24,36,0.9166666666666666,0.8918918918918919,0.05013723485581359,2.313916738730679,33;37;45;47;50;53;58;98;100;102;103;104;105;106;107;108;109;110;111;112;113;114;115;116,33;40;44;82;86;89;90;93;96;97;98;99;101;102;105;109;110;172;174;177;178;179;180;181;182;269;277;278;279;290;293;294;297;298;301;302,24,37,1.0,0.972972972972973,13.778402653563546,4.927420241140098,5.840574649789556,True,True,True,True,True,pass
Nb252_aff_seq098_D98W,Nb252 reported_seq D98W,Nb252 IMGT 107 D>W,Nb252 chain C auth 98 D>W,98,D,W,CDR3,False,2,8112102,Nb252_WT_rep02_seed8112102,435.77958296004266,-62.419682371555666,-91.59585417790727,-125.32780518211125,22.026202806393954,24,36,0.9166666666666666,0.8918918918918919,0.05013723485581359,2.313916738730679,33;37;45;47;50;53;58;98;100;102;103;104;105;106;107;108;109;110;111;112;113;114;115;116,33;40;44;82;86;89;90;93;96;97;98;99;101;102;105;109;110;172;174;177;178;179;180;181;182;269;277;278;279;290;293;294;297;298;301;302,24,37,1.0,0.972972972972973,12.044908861399506,4.927420241140098,5.840574649789556,True,True,True,True,True,pass
Nb252_aff_seq098_D98W,Nb252 reported_seq D98W,Nb252 IMGT 107 D>W,Nb252 chain C auth 98 D>W,98,D,W,CDR3,False,3,8112103,Nb252_WT_rep03_seed8112103,435.77958296004266,-61.38725289624318,-91.59585417790727,-125.32780518211125,22.026202806393954,24,36,0.9166666666666666,0.8918918918918919,0.05013723485581359,2.313916738730679,33;37;45;47;50;53;58;98;100;102;103;104;105;106;107;108;109;110;111;112;113;114;115;116,33;40;44;82;86;89;90;93;96;97;98;99;101;102;105;109;110;172;174;177;178;179;180;181;182;269;277;278;279;290;293;294;297;298;301;302,24,37,1.0,0.972972972972973,13.077338336711989,4.927420241140098,5.840574649789556,True,True,True,True,True,pass
Nb252_aff_seq098_D98Y,Nb252 reported_seq D98Y,Nb252 IMGT 107 D>Y,Nb252 chain C auth 98 D>Y,98,D,Y,CDR3,False,1,8112101,Nb252_WT_rep01_seed8112101,424.9849605465548,-73.07480503868533,-98.92457740880012,-121.25785236023293,16.915187893308342,23,37,0.9166666666666666,0.8918918918918919,0.044303694126666605,2.314064301956792,33;37;45;47;53;58;98;100;102;103;104;105;106;107;108;109;110;111;112;113;114;115;116,33;40;44;82;86;89;90;93;96;97;98;99;101;102;105;106;109;110;172;174;177;178;179;180;181;182;269;277;278;279;290;293;294;297;298;301;302,24,37,0.9583333333333334,1.0,1.5006321206935809,-2.4013029897527502,0.7295597367039441,True,True,True,True,True,pass
Nb252_aff_seq098_D98Y,Nb252 reported_seq D98Y,Nb252 IMGT 107 D>Y,Nb252 chain C auth 98 D>Y,98,D,Y,CDR3,False,2,8112102,Nb252_WT_rep02_seed8112102,424.9849605465548,-74.12457124048501,-98.92457740880012,-121.25785236023293,16.915187893308342,23,37,0.9166666666666666,0.8918918918918919,0.044303694126666605,2.314064301956792,33;37;45;47;53;58;98;100;102;103;104;105;106;107;108;109;110;111;112;113;114;115;116,33;40;44;82;86;89;90;93;96;97;98;99;101;102;105;106;109;110;172;174;177;178;179;180;181;182;269;277;278;279;290;293;294;297;298;301;302,24,37,0.9583333333333334,1.0,0.340019992470161,-2.4013029897527502,0.7295597367039441,True,True,True,True,True,pass
Nb252_aff_seq098_D98Y,Nb252 reported_seq D98Y,Nb252 IMGT 107 D>Y,Nb252 chain C auth 98 D>Y,98,D,Y,CDR3,False,3,8112103,Nb252_WT_rep03_seed8112103,424.9849605465548,-71.96709763421524,-98.92457740880012,-121.25785236023293,16.915187893308342,23,37,0.9166666666666666,0.8918918918918919,0.044303694126666605,2.314064301956792,33;37;45;47;53;58;98;100;102;103;104;105;106;107;108;109;110;111;112;113;114;115;116,33;40;44;82;86;89;90;93;96;97;98;99;101;102;105;106;109;110;172;174;177;178;179;180;181;182;269;277;278;279;290;293;294;297;298;301;302,24,37,0.9583333333333334,1.0,2.4974935987399363,-2.4013029897527502,0.7295597367039441,True,True,True,True,True,pass
Nb252_aff_seq100_I100A,Nb252 reported_seq I100A,Nb252 IMGT 109 I>A,Nb252 chain C auth 100 I>A,100,I,A,CDR3,False,1,8112101,Nb252_WT_rep01_seed8112101,424.5534335312365,-69.44453958271805,-92.28211065268476,-117.88557427635675,15.573355862616546,23,37,0.875,0.8918918918918919,0.04480350383067199,2.316249667925328,33;37;45;47;50;53;58;98;102;103;104;105;106;107;108;109;110;111;112;113;114;115;116,33;40;44;82;86;89;90;93;96;97;98;99;101;102;105;106;109;110;172;174;177;178;179;180;181;182;269;277;278;279;290;293;294;297;298;301;302,24,37,0.9583333333333334,1.0,5.130897576660857,4.241163766362604,-0.6122722939878518,True,True,True,True,True,pass
Nb252_aff_seq100_I100A,Nb252 reported_seq I100A,Nb252 IMGT 109 I>A,Nb252 chain C auth 100 I>A,100,I,A,CDR3,False,2,8112102,Nb252_WT_rep02_seed8112102,424.5534335312365,-69.44453958271805,-92.28211065268476,-117.88557427635675,15.573355862616546,23,37,0.875,0.8918918918918919,0.04480350383067199,2.316249667925328,33;37;45;47;50;53;58;98;102;103;104;105;106;107;108;109;110;111;112;113;114;115;116,33;40;44;82;86;89;90;93;96;97;98;99;101;102;105;106;109;110;172;174;177;178;179;180;181;182;269;277;278;279;290;293;294;297;298;301;302,24,37,0.9583333333333334,1.0,5.0200516502371215,4.241163766362604,-0.6122722939878518,True,True,True,True,True,pass
Nb252_aff_seq100_I100A,Nb252 reported_seq I100A,Nb252 IMGT 109 I>A,Nb252 chain C auth 100 I>A,100,I,A,CDR3,False,3,8112103,Nb252_WT_rep03_seed8112103,424.5534335312365,-69.44453958271805,-92.28211065268476,-117.88557427635675,15.573355862616546,23,37,0.875,0.8918918918918919,0.04480350383067199,2.316249667925328,33;37;45;47;50;53;58;98;102;103;104;105;106;107;108;109;110;111;112;113;114;115;116,33;40;44;82;86;89;90;93;96;97;98;99;101;102;105;106;109;110;172;174;177;178;179;180;181;182;269;277;278;279;290;293;294;297;298;301;302,24,37,0.9583333333333334,1.0,5.0200516502371215,4.241163766362604,-0.6122722939878518,True,True,True,True,True,pass
Nb252_aff_seq100_I100C,Nb252 reported_seq I100C,Nb252 IMGT 109 I>C,Nb252 chain C auth 100 I>C,100,I,C,CDR3,False,1,8112101,Nb252_WT_rep01_seed8112101,428.3851071836596,-68.48910599129476,-92.66375374694682,-119.20803860199214,15.439946687278479,23,37,0.875,0.8918918918918919,0.04438681954092658,2.3140370295280523,33;37;45;47;50;53;58;98;102;103;104;105;106;107;108;109;110;111;112;113;114;115;116,33;40;44;82;86;89;90;93;96;97;98;99;101;102;105;106;109;110;172;174;177;178;179;180;181;182;269;277;278;279;290;293;294;297;298;301;302,24,37,0.9583333333333334,1.0,6.086331168084143,3.859520672100544,-0.7456814693259197,True,True,True,True,True,pass
Nb252_aff_seq100_I100C,Nb252 reported_seq I100C,Nb252 IMGT 109 I>C,Nb252 chain C auth 100 I>C,100,I,C,CDR3,False,2,8112102,Nb252_WT_rep02_seed8112102,428.3851071836596,-69.39557007669111,-92.66375374694682,-119.20803860199214,15.439946687278479,23,37,0.875,0.8918918918918919,0.04438681954092658,2.3140370295280523,33;37;45;47;50;53;58;98;102;103;104;105;106;107;108;109;110;111;112;113;114;115;116,33;40;44;82;86;89;90;93;96;97;98;99;101;102;105;106;109;110;172;174;177;178;179;180;181;182;269;277;278;279;290;293;294;297;298;301;302,24,37,0.9583333333333334,1.0,5.069021156264057,3.859520672100544,-0.7456814693259197,True,True,True,True,True,pass
Nb252_aff_seq100_I100C,Nb252 reported_seq I100C,Nb252 IMGT 109 I>C,Nb252 chain C auth 100 I>C,100,I,C,CDR3,False,3,8112103,Nb252_WT_rep03_seed8112103,427.8981547371733,-70.59404370145398,-92.65045429276111,-118.87559131287111,15.350795423696008,24,37,0.9166666666666666,0.8918918918918919,0.04494370471480827,2.3077025261441597,33;37;45;47;50;53;58;98;100;102;103;104;105;106;107;108;109;110;111;112;113;114;115;116,33;40;44;82;86;89;90;93;96;97;98;99;101;102;105;106;109;110;172;174;177;178;179;180;181;182;269;277;278;279;290;293;294;297;298;301;302,24,37,1.0,1.0,3.870547531501188,3.872820126286257,-0.8348327329083904,True,True,True,True,True,pass
Nb252_aff_seq100_I100D,Nb252 reported_seq I100D,Nb252 IMGT 109 I>D,Nb252 chain C auth 100 I>D,100,I,D,CDR3,False,1,8112101,Nb252_WT_rep01_seed8112101,427.261041313423,-69.09507560080726,-91.50004568081587,-118.9780380376542,15.31865966158562,24,37,0.9166666666666666,0.8918918918918919,0.04397073385721045,2.320085864319259,33;37;45;47;50;53;58;98;100;102;103;104;105;106;107;108;109;110;111;112;113;114;115;116,33;40;44;82;86;89;90;93;96;97;98;99;101;102;105;106;109;110;172;174;177;178;179;180;181;182;269;277;278;279;290;293;294;297;298;301;302,24,37,1.0,1.0,5.480361558571644,5.023228738231495,-0.8669684950187779,True,True,True,True,True,pass
Nb252_aff_seq100_I100D,Nb252 reported_seq I100D,Nb252 IMGT 109 I>D,Nb252 chain C auth 100 I>D,100,I,D,CDR3,False,2,8112102,Nb252_WT_rep02_seed8112102,427.261041313423,-68.61845139863499,-91.50004568081587,-118.9780380376542,15.31865966158562,24,37,0.9166666666666666,0.8918918918918919,0.04397073385721045,2.320085864319259,33;37;45;47;50;53;58;98;100;102;103;104;105;106;107;108;109;110;111;112;113;114;115;116,33;40;44;82;86;89;90;93;96;97;98;99;101;102;105;106;109;110;172;174;177;178;179;180;181;182;269;277;278;279;290;293;294;297;298;301;302,24,37,1.0,1.0,5.846139834320184,5.023228738231495,-0.8669684950187779,True,True,True,True,True,pass
Nb252_aff_seq100_I100D,Nb252 reported_seq I100D,Nb252 IMGT 109 I>D,Nb252 chain C auth 100 I>D,100,I,D,CDR3,False,3,8112103,Nb252_WT_rep03_seed8112103,427.261041313423,-69.09507560080726,-91.50004568081587,-118.9780380376542,15.31865966158562,24,37,0.9166666666666666,0.8918918918918919,0.04397073385721045,2.320085864319259,33;37;45;47;50;53;58;98;100;102;103;104;105;106;107;108;109;110;111;112;113;114;115;116,33;40;44;82;86;89;90;93;96;97;98;99;101;102;105;106;109;110;172;174;177;178;179;180;181;182;269;277;278;279;290;293;294;297;298;301;302,24,37,1.0,1.0,5.369515632147909,5.023228738231495,-0.8669684950187779,True,True,True,True,True,pass
Nb252_aff_seq100_I100E,Nb252 reported_seq I100E,Nb252 IMGT 109 I>E,Nb252 chain C auth 100 I>E,100,I,E,CDR3,False,1,8112101,Nb252_WT_rep01_seed8112101,426.9512616735616,-67.10570267416415,-91.67948285698365,-119.37009025382915,15.54928196263217,24,37,0.9166666666666666,0.8918918918918919,0.04424140974319835,2.3152152423529855,33;37;45;47;50;53;58;98;100;102;103;104;105;106;107;108;109;110;111;112;113;114;115;116,33;40;44;82;86;89;90;93;96;97;98;99;101;102;105;106;109;110;172;174;177;178;179;180;181;182;269;277;278;279;290;293;294;297;298;301;302,24,37,1.0,1.0,7.469734485214758,4.843791562063714,-0.6363461939722281,True,True,True,True,True,pass
Nb252_aff_seq100_I100E,Nb252 reported_seq I100E,Nb252 IMGT 109 I>E,Nb252 chain C auth 100 I>E,100,I,E,CDR3,False,2,8112102,Nb252_WT_rep02_seed8112102,426.9512616735616,-67.10570267416415,-91.67948285698365,-119.37009025382915,15.54928196263217,24,37,0.9166666666666666,0.8918918918918919,0.04424140974319835,2.3152152423529855,33;37;45;47;50;53;58;98;100;102;103;104;105;106;107;108;109;110;111;112;113;114;115;116,33;40;44;82;86;89;90;93;96;97;98;99;101;102;105;106;109;110;172;174;177;178;179;180;181;182;269;277;278;279;290;293;294;297;298;301;302,24,37,1.0,1.0,7.358888558791023,4.843791562063714,-0.6363461939722281,True,True,True,True,True,pass
Nb252_aff_seq100_I100E,Nb252 reported_seq I100E,Nb252 IMGT 109 I>E,Nb252 chain C auth 100 I>E,100,I,E,CDR3,False,3,8112103,Nb252_WT_rep03_seed8112103,426.9512616735616,-67.10570267416415,-91.67948285698365,-119.37009025382915,15.54928196263217,24,37,0.9166666666666666,0.8918918918918919,0.04424140974319835,2.3152152423529855,33;37;45;47;50;53;58;98;100;102;103;104;105;106;107;108;109;110;111;112;113;114;115;116,33;40;44;82;86;89;90;93;96;97;98;99;101;102;105;106;109;110;172;174;177;178;179;180;181;182;269;277;278;279;290;293;294;297;298;301;302,24,37,1.0,1.0,7.358888558791023,4.843791562063714,-0.6363461939722281,True,True,True,True,True,pass
Nb252_aff_seq100_I100F,Nb252 reported_seq I100F,Nb252 IMGT 109 I>F,Nb252 chain C auth 100 I>F,100,I,F,CDR3,False,1,8112101,Nb252_WT_rep01_seed8112101,425.1442519198582,-70.966700414856,-95.60048625911305,-123.30798957637157,17.94047626061323,24,37,0.9166666666666666,0.8918918918918919,0.043963919466895,2.3182644145230724,33;37;45;47;50;53;58;98;100;102;103;104;105;106;107;108;109;110;111;112;113;114;115;116,33;40;44;82;86;89;90;93;96;97;98;99;101;102;105;106;109;110;172;174;177;178;179;180;181;182;269;277;278;279;290;293;294;297;298;301;302,24,37,1.0,1.0,3.6087367445229006,0.9227881599343135,1.7548481040088326,True,True,True,True,True,pass
Nb252_aff_seq100_I100F,Nb252 reported_seq I100F,Nb252 IMGT 109 I>F,Nb252 chain C auth 100 I>F,100,I,F,CDR3,False,2,8112102,Nb252_WT_rep02_seed8112102,425.1442519198582,-72.34796475263909,-95.60048625911305,-123.30798957637157,17.94047626061323,24,37,0.9166666666666666,0.8918918918918919,0.043963919466895,2.3182644145230724,33;37;45;47;50;53;58;98;100;102;103;104;105;106;107;108;109;110;111;112;113;114;115;116,33;40;44;82;86;89;90;93;96;97;98;99;101;102;105;106;109;110;172;174;177;178;179;180;181;182;269;277;278;279;290;293;294;297;298;301;302,24,37,1.0,1.0,2.1166264803160857,0.9227881599343135,1.7548481040088326,True,True,True,True,True,pass
Nb252_aff_seq100_I100F,Nb252 reported_seq I100F,Nb252 IMGT 109 I>F,Nb252 chain C auth 100 I>F,100,I,F,CDR3,False,3,8112103,Nb252_WT_rep03_seed8112103,425.1442519198582,-71.88776090535976,-95.60048625911305,-123.30798957637157,17.94047626061323,24,37,0.9166666666666666,0.8918918918918919,0.043963919466895,2.3182644145230724,33;37;45;47;50;53;58;98;100;102;103;104;105;106;107;108;109;110;111;112;113;114;115;116,33;40;44;82;86;89;90;93;96;97;98;99;101;102;105;106;109;110;172;174;177;178;179;180;181;182;269;277;278;279;290;293;294;297;298;301;302,24,37,1.0,1.0,2.5768303275954167,0.9227881599343135,1.7548481040088326,True,True,True,True,True,pass
Nb252_aff_seq100_I100G,Nb252 reported_seq I100G,Nb252 IMGT 109 I>G,Nb252 chain C auth 100 I>G,100,I,G,CDR3,False,1,8112101,Nb252_WT_rep01_seed8112101,425.3592148964392,-70.84679777189547,-92.2950683970003,-117.46929043799732,15.486327493436185,23,37,0.875,0.8918918918918919,0.045050471334476906,2.3092469301362066,33;37;45;47;50;53;58;98;102;103;104;105;106;107;108;109;110;111;112;113;114;115;116,33;40;44;82;86;89;90;93;96;97;98;99;101;102;105;106;109;110;172;174;177;178;179;180;181;182;269;277;278;279;290;293;294;297;298;301;302,24,37,0.9583333333333334,1.0,3.7286393874834403,4.228206022047061,-0.6993006631682128,True,True,True,True,True,pass
Nb252_aff_seq100_I100G,Nb252 reported_seq I100G,Nb252 IMGT 109 I>G,Nb252 chain C auth 100 I>G,100,I,G,CDR3,False,2,8112102,Nb252_WT_rep02_seed8112102,425.3592148964392,-70.84679777189547,-92.2950683970003,-117.46929043799732,15.486327493436185,23,37,0.875,0.8918918918918919,0.045050471334476906,2.3092469301362066,33;37;45;47;50;53;58;98;102;103;104;105;106;107;108;109;110;111;112;113;114;115;116,33;40;44;82;86;89;90;93;96;97;98;99;101;102;105;106;109;110;172;174;177;178;179;180;181;182;269;277;278;279;290;293;294;297;298;301;302,24,37,0.9583333333333334,1.0,3.617793461059705,4.228206022047061,-0.6993006631682128,True,True,True,True,True,pass
Nb252_aff_seq100_I100G,Nb252 reported_seq I100G,Nb252 IMGT 109 I>G,Nb252 chain C auth 100 I>G,100,I,G,CDR3,False,3,8112103,Nb252_WT_rep03_seed8112103,425.3592148964392,-69.9576171743712,-92.2950683970003,-117.46929043799732,15.486327493436185,23,37,0.875,0.8918918918918919,0.045050471334476906,2.3092469301362066,33;37;45;47;50;53;58;98;102;103;104;105;106;107;108;109;110;111;112;113;114;115;116,33;40;44;82;86;89;90;93;96;97;98;99;101;102;105;106;109;110;172;174;177;178;179;180;181;182;269;277;278;279;290;293;294;297;298;301;302,24,37,0.9583333333333334,1.0,4.506974058583978,4.228206022047061,-0.6993006631682128,True,True,True,True,True,pass
Nb252_aff_seq100_I100H,Nb252 reported_seq I100H,Nb252 IMGT 109 I>H,Nb252 chain C auth 100 I>H,100,I,H,CDR3,False,1,8112101,Nb252_WT_rep01_seed8112101,427.4968147950194,-69.52121394002876,-92.8233587064834,-122.315472672552,17.18806883068922,24,37,0.9166666666666666,0.8918918918918919,0.04400997621130266,2.313961793360648,33;37;45;47;50;53;58;98;100;102;103;104;105;106;107;108;109;110;111;112;113;114;115;116,33;40;44;82;86;89;90;93;96;97;98;99;101;102;105;106;109;110;172;174;177;178;179;180;181;182;269;277;278;279;290;293;294;297;298;301;302,24,37,1.0,1.0,5.054223219350149,3.699915712563964,1.0024406740848235,True,True,True,True,True,pass
Nb252_aff_seq100_I100H,Nb252 reported_seq I100H,Nb252 IMGT 109 I>H,Nb252 chain C auth 100 I>H,100,I,H,CDR3,False,2,8112102,Nb252_WT_rep02_seed8112102,427.4968147950194,-69.02301768776084,-92.8233587064834,-122.315472672552,17.18806883068922,24,37,0.9166666666666666,0.8918918918918919,0.04400997621130266,2.313961793360648,33;37;45;47;50;53;58;98;100;102;103;104;105;106;107;108;109;110;111;112;113;114;115;116,33;40;44;82;86;89;90;93;96;97;98;99;101;102;105;106;109;110;172;174;177;178;179;180;181;182;269;277;278;279;290;293;294;297;298;301;302,24,37,1.0,1.0,5.441573545194331,3.699915712563964,1.0024406740848235,True,True,True,True,True,pass
Nb252_aff_seq100_I100H,Nb252 reported_seq I100H,Nb252 IMGT 109 I>H,Nb252 chain C auth 100 I>H,100,I,H,CDR3,False,3,8112103,Nb252_WT_rep03_seed8112103,427.4968147950194,-69.604270313587,-92.8233587064834,-122.315472672552,17.18806883068922,24,37,0.9166666666666666,0.8918918918918919,0.04400997621130266,2.313961793360648,33;37;45;47;50;53;58;98;100;102;103;104;105;106;107;108;109;110;111;112;113;114;115;116,33;40;44;82;86;89;90;93;96;97;98;99;101;102;105;106;109;110;172;174;177;178;179;180;181;182;269;277;278;279;290;293;294;297;298;301;302,24,37,1.0,1.0,4.860320919368178,3.699915712563964,1.0024406740848235,True,True,True,True,True,pass
Nb252_aff_seq100_I100K,Nb252 reported_seq I100K,Nb252 IMGT 109 I>K,Nb252 chain C auth 100 I>K,100,I,K,CDR3,False,1,8112101,Nb252_WT_rep01_seed8112101,431.1742408487054,-64.44594123643452,-87.97880945884842,-120.87240120606488,16.05344315269936,24,36,0.9166666666666666,0.8918918918918919,0.04410076285374151,2.3144424948763853,33;37;45;47;50;53;58;98;100;102;103;104;105;106;107;108;109;110;111;112;113;114;115;116,33;40;44;82;86;89;90;93;96;97;98;99;101;102;105;109;110;172;174;177;178;179;180;181;182;269;277;278;279;290;293;294;297;298;301;302,24,37,1.0,0.972972972972973,10.129495922944386,8.544464960198951,-0.13218500390503962,True,True,True,True,True,pass
Nb252_aff_seq100_I100K,Nb252 reported_seq I100K,Nb252 IMGT 109 I>K,Nb252 chain C auth 100 I>K,100,I,K,CDR3,False,2,8112102,Nb252_WT_rep02_seed8112102,431.1742408487054,-65.59912444011161,-87.97880945884842,-120.87240120606488,16.05344315269936,24,36,0.9166666666666666,0.8918918918918919,0.04410076285374151,2.3144424948763853,33;37;45;47;50;53;58;98;100;102;103;104;105;106;107;108;109;110;111;112;113;114;115;116,33;40;44;82;86;89;90;93;96;97;98;99;101;102;105;109;110;172;174;177;178;179;180;181;182;269;277;278;279;290;293;294;297;298;301;302,24,37,1.0,0.972972972972973,8.865466792843563,8.544464960198951,-0.13218500390503962,True,True,True,True,True,pass
Nb252_aff_seq100_I100K,Nb252 reported_seq I100K,Nb252 IMGT 109 I>K,Nb252 chain C auth 100 I>K,100,I,K,CDR3,False,3,8112103,Nb252_WT_rep03_seed8112103,431.1742408487054,-65.59912444011161,-87.97880945884842,-120.87240120606488,16.05344315269936,24,36,0.9166666666666666,0.8918918918918919,0.04410076285374151,2.3144424948763853,33;37;45;47;50;53;58;98;100;102;103;104;105;106;107;108;109;110;111;112;113;114;115;116,33;40;44;82;86;89;90;93;96;97;98;99;101;102;105;109;110;172;174;177;178;179;180;181;182;269;277;278;279;290;293;294;297;298;301;302,24,37,1.0,0.972972972972973,8.865466792843563,8.544464960198951,-0.13218500390503962,True,True,True,True,True,pass
Nb252_aff_seq100_I100L,Nb252 reported_seq I100L,Nb252 IMGT 109 I>L,Nb252 chain C auth 100 I>L,100,I,L,CDR3,False,1,8112101,Nb252_WT_rep01_seed8112101,421.29043798751707,-74.85798407439597,-96.73184004737175,-120.62348762013015,15.903621150653919,24,37,0.9166666666666666,0.8918918918918919,0.043766385652972195,2.321229432455505,33;37;45;47;50;53;58;98;100;102;103;104;105;106;107;108;109;110;111;112;113;114;115;116,33;40;44;82;86;89;90;93;96;97;98;99;101;102;105;106;109;110;172;174;177;178;179;180;181;182;269;277;278;279;290;293;294;297;298;301;302,24,37,1.0,1.0,-0.28254691501706475,-0.2085656283243793,-0.28200700595047934,True,True,True,True,True,pass
Nb252_aff_seq100_I100L,Nb252 reported_seq I100L,Nb252 IMGT 109 I>L,Nb252 chain C auth 100 I>L,100,I,L,CDR3,False,2,8112102,Nb252_WT_rep02_seed8112102,421.29043798751707,-73.9704595302091,-96.73184004737175,-120.62348762013015,15.903621150653919,24,37,0.9166666666666666,0.8918918918918919,0.043766385652972195,2.321229432455505,33;37;45;47;50;53;58;98;100;102;103;104;105;106;107;108;109;110;111;112;113;114;115;116,33;40;44;82;86;89;90;93;96;97;98;99;101;102;105;106;109;110;172;174;177;178;179;180;181;182;269;277;278;279;290;293;294;297;298;301;302,24,37,1.0,1.0,0.4941317027460741,-0.2085656283243793,-0.28200700595047934,True,True,True,True,True,pass
Nb252_aff_seq100_I100L,Nb252 reported_seq I100L,Nb252 IMGT 109 I>L,Nb252 chain C auth 100 I>L,100,I,L,CDR3,False,3,8112103,Nb252_WT_rep03_seed8112103,421.29043798751707,-73.52336815014104,-96.73184004737175,-120.62348762013015,15.903621150653919,24,37,0.9166666666666666,0.8918918918918919,0.043766385652972195,2.321229432455505,33;37;45;47;50;53;58;98;100;102;103;104;105;106;107;108;109;110;111;112;113;114;115;116,33;40;44;82;86;89;90;93;96;97;98;99;101;102;105;106;109;110;172;174;177;178;179;180;181;182;269;277;278;279;290;293;294;297;298;301;302,24,37,1.0,1.0,0.9412230828141332,-0.2085656283243793,-0.28200700595047934,True,True,True,True,True,pass
Nb252_aff_seq100_I100M,Nb252 reported_seq I100M,Nb252 IMGT 109 I>M,Nb252 chain C auth 100 I>M,100,I,M,CDR3,False,1,8112101,Nb252_WT_rep01_seed8112101,423.1073087501235,-71.04446931995028,-93.39390476955825,-119.59609738397934,15.301938955406897,24,37,0.9166666666666666,0.8918918918918919,0.04376895483219631,2.3136537664529264,33;37;45;47;50;53;58;98;100;102;103;104;105;106;107;108;109;110;111;112;113;114;115;116,33;40;44;82;86;89;90;93;96;97;98;99;101;102;105;106;109;110;172;174;177;178;179;180;181;182;269;277;278;279;290;293;294;297;298;301;302,24,37,1.0,1.0,3.5309678394286266,3.1293696494891208,-0.8836892011975017,True,True,True,True,True,pass
Nb252_aff_seq100_I100M,Nb252 reported_seq I100M,Nb252 IMGT 109 I>M,Nb252 chain C auth 100 I>M,100,I,M,CDR3,False,2,8112102,Nb252_WT_rep02_seed8112102,423.1073087501235,-71.47431663575969,-93.39390476955825,-119.59609738397934,15.301938955406897,24,37,0.9166666666666666,0.8918918918918919,0.04376895483219631,2.3136537664529264,33;37;45;47;50;53;58;98;100;102;103;104;105;106;107;108;109;110;111;112;113;114;115;116,33;40;44;82;86;89;90;93;96;97;98;99;101;102;105;106;109;110;172;174;177;178;179;180;181;182;269;277;278;279;290;293;294;297;298;301;302,24,37,1.0,1.0,2.99027459719548,3.1293696494891208,-0.8836892011975017,True,True,True,True,True,pass
Nb252_aff_seq100_I100M,Nb252 reported_seq I100M,Nb252 IMGT 109 I>M,Nb252 chain C auth 100 I>M,100,I,M,CDR3,False,3,8112103,Nb252_WT_rep03_seed8112103,423.1073087501235,-71.04446931995028,-93.39390476955825,-119.59609738397934,15.301938955406897,24,37,0.9166666666666666,0.8918918918918919,0.04376895483219631,2.3136537664529264,33;37;45;47;50;53;58;98;100;102;103;104;105;106;107;108;109;110;111;112;113;114;115;116,33;40;44;82;86;89;90;93;96;97;98;99;101;102;105;106;109;110;172;174;177;178;179;180;181;182;269;277;278;279;290;293;294;297;298;301;302,24,37,1.0,1.0,3.420121913004891,3.1293696494891208,-0.8836892011975017,True,True,True,True,True,pass
Nb252_aff_seq100_I100N,Nb252 reported_seq I100N,Nb252 IMGT 109 I>N,Nb252 chain C auth 100 I>N,100,I,N,CDR3,False,1,8112101,Nb252_WT_rep01_seed8112101,425.85862919540745,-70.1850381973656,-92.72643168368161,-119.51301581458625,15.27642685789239,24,37,0.9166666666666666,0.8918918918918919,0.04463262658299458,2.321163914781493,33;37;45;47;50;53;58;98;100;102;103;104;105;106;107;108;109;110;111;112;113;114;115;116,33;40;44;82;86;89;90;93;96;97;98;99;101;102;105;106;109;110;172;174;177;178;179;180;181;182;269;277;278;279;290;293;294;297;298;301;302,24,37,1.0,1.0,4.3903989620133075,3.7968427353657574,-0.9092012987120075,True,True,True,True,True,pass
Nb252_aff_seq100_I100N,Nb252 reported_seq I100N,Nb252 IMGT 109 I>N,Nb252 chain C auth 100 I>N,100,I,N,CDR3,False,2,8112102,Nb252_WT_rep02_seed8112102,425.85862919540745,-69.763543519228,-92.72643168368161,-119.51301581458625,15.27642685789239,24,37,0.9166666666666666,0.8918918918918919,0.04463262658299458,2.321163914781493,33;37;45;47;50;53;58;98;100;102;103;104;105;106;107;108;109;110;111;112;113;114;115;116,33;40;44;82;86;89;90;93;96;97;98;99;101;102;105;106;109;110;172;174;177;178;179;180;181;182;269;277;278;279;290;293;294;297;298;301;302,24,37,1.0,1.0,4.701047713727178,3.7968427353657574,-0.9092012987120075,True,True,True,True,True,pass
Nb252_aff_seq100_I100N,Nb252 reported_seq I100N,Nb252 IMGT 109 I>N,Nb252 chain C auth 100 I>N,100,I,N,CDR3,False,3,8112103,Nb252_WT_rep03_seed8112103,425.85862919540745,-69.763543519228,-92.72643168368161,-119.51301581458625,15.27642685789239,24,37,0.9166666666666666,0.8918918918918919,0.04463262658299458,2.321163914781493,33;37;45;47;50;53;58;98;100;102;103;104;105;106;107;108;109;110;111;112;113;114;115;116,33;40;44;82;86;89;90;93;96;97;98;99;101;102;105;106;109;110;172;174;177;178;179;180;181;182;269;277;278;279;290;293;294;297;298;301;302,24,37,1.0,1.0,4.701047713727178,3.7968427353657574,-0.9092012987120075,True,True,True,True,True,pass
Nb252_aff_seq100_I100P,Nb252 reported_seq I100P,Nb252 IMGT 109 I>P,Nb252 chain C auth 100 I>P,100,I,P,CDR3,False,1,8112101,Nb252_WT_rep01_seed8112101,442.74405431768935,-68.34191709825353,-91.02527008401368,-118.30127749856427,15.40711418901016,23,37,0.875,0.8918918918918919,0.04950159252850726,2.3110192790234523,33;37;45;47;50;53;58;98;102;103;104;105;106;107;108;109;110;111;112;113;114;115;116,33;40;44;82;86;89;90;93;96;97;98;99;101;102;105;106;109;110;172;174;177;178;179;180;181;182;269;277;278;279;290;293;294;297;298;301;302,24,37,0.9583333333333334,1.0,6.233520061125375,5.498004335033684,-0.7785139675942379,True,True,True,True,True,pass
Nb252_aff_seq100_I100P,Nb252 reported_seq I100P,Nb252 IMGT 109 I>P,Nb252 chain C auth 100 I>P,100,I,P,CDR3,False,2,8112102,Nb252_WT_rep02_seed8112102,442.74405431768935,-67.37083771849223,-91.02527008401368,-118.30127749856427,15.40711418901016,23,37,0.875,0.8918918918918919,0.04950159252850726,2.3110192790234523,33;37;45;47;50;53;58;98;102;103;104;105;106;107;108;109;110;111;112;113;114;115;116,33;40;44;82;86;89;90;93;96;97;98;99;101;102;105;106;109;110;172;174;177;178;179;180;181;182;269;277;278;279;290;293;294;297;298;301;302,24,37,0.9583333333333334,1.0,7.093753514462946,5.498004335033684,-0.7785139675942379,True,True,True,True,True,pass
Nb252_aff_seq100_I100P,Nb252 reported_seq I100P,Nb252 IMGT 109 I>P,Nb252 chain C auth 100 I>P,100,I,P,CDR3,False,3,8112103,Nb252_WT_rep03_seed8112103,442.74405431768935,-68.34191709825353,-91.02527008401368,-118.30127749856427,15.40711418901016,23,37,0.875,0.8918918918918919,0.04950159252850726,2.3110192790234523,33;37;45;47;50;53;58;98;102;103;104;105;106;107;108;109;110;111;112;113;114;115;116,33;40;44;82;86;89;90;93;96;97;98;99;101;102;105;106;109;110;172;174;177;178;179;180;181;182;269;277;278;279;290;293;294;297;298;301;302,24,37,0.9583333333333334,1.0,6.12267413470164,5.498004335033684,-0.7785139675942379,True,True,True,True,True,pass
Nb252_aff_seq100_I100Q,Nb252 reported_seq I100Q,Nb252 IMGT 109 I>Q,Nb252 chain C auth 100 I>Q,100,I,Q,CDR3,False,1,8112101,Nb252_WT_rep01_seed8112101,426.86200362239117,-68.74730890741569,-91.84179400014294,-119.69932823181516,15.783368345389936,24,37,0.9166666666666666,0.8918918918918919,0.04402257866014541,2.315010153641665,33;37;45;47;50;53;58;98;100;102;103;104;105;106;107;108;109;110;111;112;113;114;115;116,33;40;44;82;86;89;90;93;96;97;98;99;101;102;105;106;109;110;172;174;177;178;179;180;181;182;269;277;278;279;290;293;294;297;298;301;302,24,37,1.0,1.0,5.828128251963221,4.681480418904428,-0.40225981121446175,True,True,True,True,True,pass
Nb252_aff_seq100_I100Q,Nb252 reported_seq I100Q,Nb252 IMGT 109 I>Q,Nb252 chain C auth 100 I>Q,100,I,Q,CDR3,False,2,8112102,Nb252_WT_rep02_seed8112102,426.86200362239117,-68.47735351718313,-91.84179400014294,-119.69932823181516,15.783368345389936,24,37,0.9166666666666666,0.8918918918918919,0.04402257866014541,2.315010153641665,33;37;45;47;50;53;58;98;100;102;103;104;105;106;107;108;109;110;111;112;113;114;115;116,33;40;44;82;86;89;90;93;96;97;98;99;101;102;105;106;109;110;172;174;177;178;179;180;181;182;269;277;278;279;290;293;294;297;298;301;302,24,37,1.0,1.0,5.987237715772039,4.681480418904428,-0.40225981121446175,True,True,True,True,True,pass
Nb252_aff_seq100_I100Q,Nb252 reported_seq I100Q,Nb252 IMGT 109 I>Q,Nb252 chain C auth 100 I>Q,100,I,Q,CDR3,False,3,8112103,Nb252_WT_rep03_seed8112103,426.86200362239117,-69.63193057594356,-91.84179400014294,-119.69932823181516,15.783368345389936,24,37,0.9166666666666666,0.8918918918918919,0.04402257866014541,2.315010153641665,33;37;45;47;50;53;58;98;100;102;103;104;105;106;107;108;109;110;111;112;113;114;115;116,33;40;44;82;86;89;90;93;96;97;98;99;101;102;105;106;109;110;172;174;177;178;179;180;181;182;269;277;278;279;290;293;294;297;298;301;302,24,37,1.0,1.0,4.8326606570116155,4.681480418904428,-0.40225981121446175,True,True,True,True,True,pass
Nb252_aff_seq100_I100R,Nb252 reported_seq I100R,Nb252 IMGT 109 I>R,Nb252 chain C auth 100 I>R,100,I,R,CDR3,False,1,8112101,Nb252_WT_rep01_seed8112101,428.82507011340226,-68.74702597346004,-90.76188428159662,-124.98963579105103,17.518063118614556,24,37,0.9166666666666666,0.8918918918918919,0.045561207857188785,2.3131033228424194,33;37;45;47;50;53;58;98;100;102;103;104;105;106;107;108;109;110;111;112;113;114;115;116,33;40;44;82;86;89;90;93;96;97;98;99;101;102;105;106;109;110;172;174;177;178;179;180;181;182;269;277;278;279;290;293;294;297;298;301;302,24,37,1.0,1.0,5.828411185918867,5.761390137450746,1.3324349620101579,True,True,True,True,True,pass
Nb252_aff_seq100_I100R,Nb252 reported_seq I100R,Nb252 IMGT 109 I>R,Nb252 chain C auth 100 I>R,100,I,R,CDR3,False,2,8112102,Nb252_WT_rep02_seed8112102,431.24076626109024,-64.50740068481684,-90.87391135366411,-122.9615066628642,16.131131979550393,24,36,0.9166666666666666,0.8918918918918919,0.04328797310911766,2.316658165990975,33;37;45;47;50;53;58;98;100;102;103;104;105;106;107;108;109;110;111;112;113;114;115;116,33;40;44;82;86;89;90;93;96;97;98;99;101;102;105;109;110;172;174;177;178;179;180;181;182;269;277;278;279;290;293;294;297;298;301;302,24,37,1.0,0.972972972972973,9.957190548138328,5.649363065383255,-0.05449617705400556,True,True,True,True,True,pass
Nb252_aff_seq100_I100R,Nb252 reported_seq I100R,Nb252 IMGT 109 I>R,Nb252 chain C auth 100 I>R,100,I,R,CDR3,False,3,8112103,Nb252_WT_rep03_seed8112103,428.82507011340226,-67.87676694360187,-90.76188428159662,-124.98963579105103,17.518063118614556,24,37,0.9166666666666666,0.8918918918918919,0.045561207857188785,2.3131033228424194,33;37;45;47;50;53;58;98;100;102;103;104;105;106;107;108;109;110;111;112;113;114;115;116,33;40;44;82;86;89;90;93;96;97;98;99;101;102;105;106;109;110;172;174;177;178;179;180;181;182;269;277;278;279;290;293;294;297;298;301;302,24,37,1.0,1.0,6.587824289353307,5.761390137450746,1.3324349620101579,True,True,True,True,True,pass
Nb252_aff_seq100_I100S,Nb252 reported_seq I100S,Nb252 IMGT 109 I>S,Nb252 chain C auth 100 I>S,100,I,S,CDR3,False,1,8112101,Nb252_WT_rep01_seed8112101,423.4321644027963,-69.81936089422629,-92.28035609545026,-118.0301322069138,15.740031764680968,23,37,0.875,0.8918918918918919,0.04462699284844589,2.3179050829318038,33;37;45;47;50;53;58;98;102;103;104;105;106;107;108;109;110;111;112;113;114;115;116,33;40;44;82;86;89;90;93;96;97;98;99;101;102;105;106;109;110;172;174;177;178;179;180;181;182;269;277;278;279;290;293;294;297;298;301;302,24,37,0.9583333333333334,1.0,4.756076265152615,4.2429183235971095,-0.4455963919234307,True,True,True,True,True,pass
Nb252_aff_seq100_I100S,Nb252 reported_seq I100S,Nb252 IMGT 109 I>S,Nb252 chain C auth 100 I>S,100,I,S,CDR3,False,2,8112102,Nb252_WT_rep02_seed8112102,423.4321644027963,-70.6633049490971,-92.28035609545026,-118.0301322069138,15.740031764680968,23,37,0.875,0.8918918918918919,0.04462699284844589,2.3179050829318038,33;37;45;47;50;53;58;98;102;103;104;105;106;107;108;109;110;111;112;113;114;115;116,33;40;44;82;86;89;90;93;96;97;98;99;101;102;105;106;109;110;172;174;177;178;179;180;181;182;269;277;278;279;290;293;294;297;298;301;302,24,37,0.9583333333333334,1.0,3.801286283858076,4.2429183235971095,-0.4455963919234307,True,True,True,True,True,pass
Nb252_aff_seq100_I100S,Nb252 reported_seq I100S,Nb252 IMGT 109 I>S,Nb252 chain C auth 100 I>S,100,I,S,CDR3,False,3,8112103,Nb252_WT_rep03_seed8112103,423.4321644027963,-72.22910757775662,-92.28035609545026,-118.0301322069138,15.740031764680968,23,37,0.875,0.8918918918918919,0.04462699284844589,2.3179050829318038,33;37;45;47;50;53;58;98;102;103;104;105;106;107;108;109;110;111;112;113;114;115;116,33;40;44;82;86;89;90;93;96;97;98;99;101;102;105;106;109;110;172;174;177;178;179;180;181;182;269;277;278;279;290;293;294;297;298;301;302,24,37,0.9583333333333334,1.0,2.23548365519855,4.2429183235971095,-0.4455963919234307,True,True,True,True,True,pass
Nb252_aff_seq100_I100T,Nb252 reported_seq I100T,Nb252 IMGT 109 I>T,Nb252 chain C auth 100 I>T,100,I,T,CDR3,False,1,8112101,Nb252_WT_rep01_seed8112101,421.93542919444303,-72.15225169075632,-92.66022001869518,-118.6942113357867,15.4359165342474,23,37,0.875,0.8918918918918919,0.044859746041135184,2.3157795177007374,33;37;45;47;50;53;58;98;102;103;104;105;106;107;108;109;110;111;112;113;114;115;116,33;40;44;82;86;89;90;93;96;97;98;99;101;102;105;106;109;110;172;174;177;178;179;180;181;182;269;277;278;279;290;293;294;297;298;301;302,24,37,0.9583333333333334,1.0,2.4231854686225915,3.8630544003521834,-0.7497116223569975,True,True,True,True,True,pass
Nb252_aff_seq100_I100T,Nb252 reported_seq I100T,Nb252 IMGT 109 I>T,Nb252 chain C auth 100 I>T,100,I,T,CDR3,False,2,8112102,Nb252_WT_rep02_seed8112102,421.93542919444303,-71.59230548623634,-92.66022001869518,-118.6942113357867,15.4359165342474,23,37,0.875,0.8918918918918919,0.044859746041135184,2.3157795177007374,33;37;45;47;50;53;58;98;102;103;104;105;106;107;108;109;110;111;112;113;114;115;116,33;40;44;82;86;89;90;93;96;97;98;99;101;102;105;106;109;110;172;174;177;178;179;180;181;182;269;277;278;279;290;293;294;297;298;301;302,24,37,0.9583333333333334,1.0,2.8722857467188305,3.8630544003521834,-0.7497116223569975,True,True,True,True,True,pass
Nb252_aff_seq100_I100T,Nb252 reported_seq I100T,Nb252 IMGT 109 I>T,Nb252 chain C auth 100 I>T,100,I,T,CDR3,False,3,8112103,Nb252_WT_rep03_seed8112103,421.93542919444303,-70.71889362602997,-92.66022001869518,-118.6942113357867,15.4359165342474,23,37,0.875,0.8918918918918919,0.044859746041135184,2.3157795177007374,33;37;45;47;50;53;58;98;102;103;104;105;106;107;108;109;110;111;112;113;114;115;116,33;40;44;82;86;89;90;93;96;97;98;99;101;102;105;106;109;110;172;174;177;178;179;180;181;182;269;277;278;279;290;293;294;297;298;301;302,24,37,0.9583333333333334,1.0,3.745697606925205,3.8630544003521834,-0.7497116223569975,True,True,True,True,True,pass
Nb252_aff_seq100_I100V,Nb252 reported_seq I100V,Nb252 IMGT 109 I>V,Nb252 chain C auth 100 I>V,100,I,V,CDR3,False,1,8112101,Nb252_WT_rep01_seed8112101,427.71844820756775,-71.15533494293203,-93.1162447467465,-118.68611811097057,15.081531571084394,23,37,0.875,0.8918918918918919,0.04453826031613228,2.306876236063658,33;37;45;47;50;53;58;98;102;103;104;105;106;107;108;109;110;111;112;113;114;115;116,33;40;44;82;86;89;90;93;96;97;98;99;101;102;105;106;109;110;172;174;177;178;179;180;181;182;269;277;278;279;290;293;294;297;298;301;302,24,37,0.9583333333333334,1.0,3.420102216446878,3.4070296723008653,-1.1040965855200042,True,True,True,True,True,pass
Nb252_aff_seq100_I100V,Nb252 reported_seq I100V,Nb252 IMGT 109 I>V,Nb252 chain C auth 100 I>V,100,I,V,CDR3,False,2,8112102,Nb252_WT_rep02_seed8112102,423.25537126477434,-72.91203132803139,-93.21127456414031,-119.16569728792183,15.363075474886971,23,37,0.875,0.8918918918918919,0.04421533195121937,2.3166862820627925,33;37;45;47;50;53;58;98;102;103;104;105;106;107;108;109;110;111;112;113;114;115;116,33;40;44;82;86;89;90;93;96;97;98;99;101;102;105;106;109;110;172;174;177;178;179;180;181;182;269;277;278;279;290;293;294;297;298;301;302,24,37,0.9583333333333334,1.0,1.5525599049237826,3.3119998549070573,-0.8225526817174273,True,True,True,True,True,pass
Nb252_aff_seq100_I100V,Nb252 reported_seq I100V,Nb252 IMGT 109 I>V,Nb252 chain C auth 100 I>V,100,I,V,CDR3,False,3,8112103,Nb252_WT_rep03_seed8112103,423.25537126477434,-70.5945822543776,-93.21127456414031,-119.16569728792183,15.363075474886971,23,37,0.875,0.8918918918918919,0.04421533195121937,2.3166862820627925,33;37;45;47;50;53;58;98;102;103;104;105;106;107;108;109;110;111;112;113;114;115;116,33;40;44;82;86;89;90;93;96;97;98;99;101;102;105;106;109;110;172;174;177;178;179;180;181;182;269;277;278;279;290;293;294;297;298;301;302,24,37,0.9583333333333334,1.0,3.870008978577573,3.3119998549070573,-0.8225526817174273,True,True,True,True,True,pass
Nb252_aff_seq100_I100W,Nb252 reported_seq I100W,Nb252 IMGT 109 I>W,Nb252 chain C auth 100 I>W,100,I,W,CDR3,False,1,8112101,Nb252_WT_rep01_seed8112101,426.1823805716262,-70.14976320842021,-93.61490207500982,-125.06001535097005,19.844477713100154,24,37,0.9166666666666666,0.8918918918918919,0.04848423753552228,2.328534500197378,33;37;45;47;50;53;58;98;100;102;103;104;105;106;107;108;109;110;111;112;113;114;115;116,33;40;44;82;86;89;90;93;96;97;98;99;101;102;105;106;109;110;172;174;177;178;179;180;181;182;269;277;278;279;290;293;294;297;298;301;302,24,37,1.0,1.0,4.425673950958696,2.908372344037545,3.658849556495756,True,True,True,True,True,pass
Nb252_aff_seq100_I100W,Nb252 reported_seq I100W,Nb252 IMGT 109 I>W,Nb252 chain C auth 100 I>W,100,I,W,CDR3,False,2,8112102,Nb252_WT_rep02_seed8112102,426.1823805716262,-70.83862037220507,-93.61490207500982,-125.06001535097005,19.844477713100154,24,37,0.9166666666666666,0.8918918918918919,0.04848423753552228,2.328534500197378,33;37;45;47;50;53;58;98;100;102;103;104;105;106;107;108;109;110;111;112;113;114;115;116,33;40;44;82;86;89;90;93;96;97;98;99;101;102;105;106;109;110;172;174;177;178;179;180;181;182;269;277;278;279;290;293;294;297;298;301;302,24,37,1.0,1.0,3.625970860750101,2.908372344037545,3.658849556495756,True,True,True,True,True,pass
Nb252_aff_seq100_I100W,Nb252 reported_seq I100W,Nb252 IMGT 109 I>W,Nb252 chain C auth 100 I>W,100,I,W,CDR3,False,3,8112103,Nb252_WT_rep03_seed8112103,426.1823805716262,-69.28421387254201,-93.61490207500982,-125.06001535097005,19.844477713100154,24,37,0.9166666666666666,0.8918918918918919,0.04848423753552228,2.328534500197378,33;37;45;47;50;53;58;98;100;102;103;104;105;106;107;108;109;110;111;112;113;114;115;116,33;40;44;82;86;89;90;93;96;97;98;99;101;102;105;106;109;110;172;174;177;178;179;180;181;182;269;277;278;279;290;293;294;297;298;301;302,24,37,1.0,1.0,5.180377360413161,2.908372344037545,3.658849556495756,True,True,True,True,True,pass
Nb252_aff_seq100_I100Y,Nb252 reported_seq I100Y,Nb252 IMGT 109 I>Y,Nb252 chain C auth 100 I>Y,100,I,Y,CDR3,False,1,8112101,Nb252_WT_rep01_seed8112101,425.5452452939909,-72.73726234818713,-94.67235452602047,-124.57558613651837,18.191240025955857,24,37,0.9166666666666666,0.8918918918918919,0.044112489103952504,2.3083642709370977,33;37;45;47;50;53;58;98;100;102;103;104;105;106;107;108;109;110;111;112;113;114;115;116,33;40;44;82;86;89;90;93;96;97;98;99;101;102;105;106;109;110;172;174;177;178;179;180;181;182;269;277;278;279;290;293;294;297;298;301;302,24,37,1.0,1.0,1.8381748111917773,1.850919893026898,2.0056118693514584,True,True,True,True,True,pass
Nb252_aff_seq100_I100Y,Nb252 reported_seq I100Y,Nb252 IMGT 109 I>Y,Nb252 chain C auth 100 I>Y,100,I,Y,CDR3,False,2,8112102,Nb252_WT_rep02_seed8112102,425.5452452939909,-72.53088791801156,-94.67235452602047,-124.57558613651837,18.191240025955857,24,37,0.9166666666666666,0.8918918918918919,0.044112489103952504,2.3083642709370977,33;37;45;47;50;53;58;98;100;102;103;104;105;106;107;108;109;110;111;112;113;114;115;116,33;40;44;82;86;89;90;93;96;97;98;99;101;102;105;106;109;110;172;174;177;178;179;180;181;182;269;277;278;279;290;293;294;297;298;301;302,24,37,1.0,1.0,1.9337033149436138,1.850919893026898,2.0056118693514584,True,True,True,True,True,pass
Nb252_aff_seq100_I100Y,Nb252 reported_seq I100Y,Nb252 IMGT 109 I>Y,Nb252 chain C auth 100 I>Y,100,I,Y,CDR3,False,3,8112103,Nb252_WT_rep03_seed8112103,425.5452452939909,-73.93624812498746,-94.67235452602047,-124.57558613651837,18.191240025955857,24,37,0.9166666666666666,0.8918918918918919,0.044112489103952504,2.3083642709370977,33;37;45;47;50;53;58;98;100;102;103;104;105;106;107;108;109;110;111;112;113;114;115;116,33;40;44;82;86;89;90;93;96;97;98;99;101;102;105;106;109;110;172;174;177;178;179;180;181;182;269;277;278;279;290;293;294;297;298;301;302,24,37,1.0,1.0,0.5283431079677143,1.850919893026898,2.0056118693514584,True,True,True,True,True,pass
Nb252_aff_seq101_D101A,Nb252 reported_seq D101A,Nb252 IMGT 110 D>A,Nb252 chain C auth 101 D>A,101,D,A,CDR3,True,1,8112101,Nb252_WT_rep01_seed8112101,421.36564753003483,-73.51138427770843,-96.6052446407463,-120.5511230785708,15.936155134807697,24,37,0.9166666666666666,0.8918918918918919,0.04458588416265318,2.313036680996061,33;37;45;47;50;53;58;98;100;102;103;104;105;106;107;108;109;110;111;112;113;114;115;116,33;40;44;82;86;89;90;93;96;97;98;99;101;102;105;106;109;110;172;174;177;178;179;180;181;182;269;277;278;279;290;293;294;297;298;301;302,24,37,1.0,1.0,1.0640528816704773,-0.08197022169893842,-0.2494730217967014,True,True,True,True,True,pass
Nb252_aff_seq101_D101A,Nb252 reported_seq D101A,Nb252 IMGT 110 D>A,Nb252 chain C auth 101 D>A,101,D,A,CDR3,True,2,8112102,Nb252_WT_rep02_seed8112102,421.36564753003483,-76.50646578626231,-96.6052446407463,-120.5511230785708,15.936155134807697,24,37,0.9166666666666666,0.8918918918918919,0.04458588416265318,2.313036680996061,33;37;45;47;50;53;58;98;100;102;103;104;105;106;107;108;109;110;111;112;113;114;115;116,33;40;44;82;86;89;90;93;96;97;98;99;101;102;105;106;109;110;172;174;177;178;179;180;181;182;269;277;278;279;290;293;294;297;298;301;302,24,37,1.0,1.0,-2.0418745533071387,-0.08197022169893842,-0.2494730217967014,True,True,True,True,True,pass
Nb252_aff_seq101_D101A,Nb252 reported_seq D101A,Nb252 IMGT 110 D>A,Nb252 chain C auth 101 D>A,101,D,A,CDR3,True,3,8112103,Nb252_WT_rep03_seed8112103,421.36564753003483,-73.51138427770843,-96.6052446407463,-120.5511230785708,15.936155134807697,24,37,0.9166666666666666,0.8918918918918919,0.04458588416265318,2.313036680996061,33;37;45;47;50;53;58;98;100;102;103;104;105;106;107;108;109;110;111;112;113;114;115;116,33;40;44;82;86;89;90;93;96;97;98;99;101;102;105;106;109;110;172;174;177;178;179;180;181;182;269;277;278;279;290;293;294;297;298;301;302,24,37,1.0,1.0,0.9532069552467419,-0.08197022169893842,-0.2494730217967014,True,True,True,True,True,pass
Nb252_aff_seq101_D101C,Nb252 reported_seq D101C,Nb252 IMGT 110 D>C,Nb252 chain C auth 101 D>C,101,D,C,CDR3,True,1,8112101,Nb252_WT_rep01_seed8112101,424.08008008312777,-75.2802731134758,-96.91112994729144,-121.0049056477302,16.283588605532856,24,37,0.9166666666666666,0.8918918918918919,0.044022569005399144,2.319051529978808,33;37;45;47;50;53;58;98;100;102;103;104;105;106;107;108;109;110;111;112;113;114;115;116,33;40;44;82;86;89;90;93;96;97;98;99;101;102;105;106;109;110;172;174;177;178;179;180;181;182;269;277;278;279;290;293;294;297;298;301;302,24,37,1.0,1.0,-0.7048359540968931,-0.3878555282440743,0.09796044892845757,True,True,True,True,True,pass
Nb252_aff_seq101_D101C,Nb252 reported_seq D101C,Nb252 IMGT 110 D>C,Nb252 chain C auth 101 D>C,101,D,C,CDR3,True,2,8112102,Nb252_WT_rep02_seed8112102,424.08008008312777,-74.75558338161113,-96.91112994729144,-121.0049056477302,16.283588605532856,24,37,0.9166666666666666,0.8918918918918919,0.044022569005399144,2.319051529978808,33;37;45;47;50;53;58;98;100;102;103;104;105;106;107;108;109;110;111;112;113;114;115;116,33;40;44;82;86;89;90;93;96;97;98;99;101;102;105;106;109;110;172;174;177;178;179;180;181;182;269;277;278;279;290;293;294;297;298;301;302,24,37,1.0,1.0,-0.2909921486559597,-0.3878555282440743,0.09796044892845757,True,True,True,True,True,pass
Nb252_aff_seq101_D101C,Nb252 reported_seq D101C,Nb252 IMGT 110 D>C,Nb252 chain C auth 101 D>C,101,D,C,CDR3,True,3,8112103,Nb252_WT_rep03_seed8112103,424.08008008312777,-73.85087295750702,-96.91112994729144,-121.0049056477302,16.283588605532856,24,37,0.9166666666666666,0.8918918918918919,0.044022569005399144,2.319051529978808,33;37;45;47;50;53;58;98;100;102;103;104;105;106;107;108;109;110;111;112;113;114;115;116,33;40;44;82;86;89;90;93;96;97;98;99;101;102;105;106;109;110;172;174;177;178;179;180;181;182;269;277;278;279;290;293;294;297;298;301;302,24,37,1.0,1.0,0.61371827544815,-0.3878555282440743,0.09796044892845757,True,True,True,True,True,pass
Nb252_aff_seq101_D101E,Nb252 reported_seq D101E,Nb252 IMGT 110 D>E,Nb252 chain C auth 101 D>E,101,D,E,CDR3,True,1,8112101,Nb252_WT_rep01_seed8112101,422.58599668463216,-73.11966415467543,-96.30873459691261,-121.08694107126361,16.392373003560404,24,37,0.9166666666666666,0.8918918918918919,0.04369695220379699,2.3153083003058383,33;37;45;47;50;53;58;98;100;102;103;104;105;106;107;108;109;110;111;112;113;114;115;116,33;40;44;82;86;89;90;93;96;97;98;99;101;102;105;106;109;110;172;174;177;178;179;180;181;182;269;277;278;279;290;293;294;297;298;301;302,24,37,1.0,1.0,1.4557730047034738,0.21453982213475342,0.20674484695600626,True,True,True,True,True,pass
Nb252_aff_seq101_D101E,Nb252 reported_seq D101E,Nb252 IMGT 110 D>E,Nb252 chain C auth 101 D>E,101,D,E,CDR3,True,2,8112102,Nb252_WT_rep02_seed8112102,422.58599668463216,-73.11966415467543,-96.30873459691261,-121.08694107126361,16.392373003560404,24,37,0.9166666666666666,0.8918918918918919,0.04369695220379699,2.3153083003058383,33;37;45;47;50;53;58;98;100;102;103;104;105;106;107;108;109;110;111;112;113;114;115;116,33;40;44;82;86;89;90;93;96;97;98;99;101;102;105;106;109;110;172;174;177;178;179;180;181;182;269;277;278;279;290;293;294;297;298;301;302,24,37,1.0,1.0,1.3449270782797385,0.21453982213475342,0.20674484695600626,True,True,True,True,True,pass
Nb252_aff_seq101_D101E,Nb252 reported_seq D101E,Nb252 IMGT 110 D>E,Nb252 chain C auth 101 D>E,101,D,E,CDR3,True,3,8112103,Nb252_WT_rep03_seed8112103,422.58599668463216,-73.11966415467543,-96.30873459691261,-121.08694107126361,16.392373003560404,24,37,0.9166666666666666,0.8918918918918919,0.04369695220379699,2.3153083003058383,33;37;45;47;50;53;58;98;100;102;103;104;105;106;107;108;109;110;111;112;113;114;115;116,33;40;44;82;86;89;90;93;96;97;98;99;101;102;105;106;109;110;172;174;177;178;179;180;181;182;269;277;278;279;290;293;294;297;298;301;302,24,37,1.0,1.0,1.3449270782797385,0.21453982213475342,0.20674484695600626,True,True,True,True,True,pass
Nb252_aff_seq101_D101F,Nb252 reported_seq D101F,Nb252 IMGT 110 D>F,Nb252 chain C auth 101 D>F,101,D,F,CDR3,True,1,8112101,Nb252_WT_rep01_seed8112101,424.727187287861,-73.49273339549751,-97.31027666686178,-121.26926248447299,15.834416545078847,24,37,0.9166666666666666,0.8918918918918919,0.04430013343122548,2.316848923493836,33;37;45;47;50;53;58;98;100;102;103;104;105;106;107;108;109;110;111;112;113;114;115;116,33;40;44;82;86;89;90;93;96;97;98;99;101;102;105;106;109;110;172;174;177;178;179;180;181;182;269;277;278;279;290;293;294;297;298;301;302,24,37,1.0,1.0,1.0827037638813977,-0.7870022478144136,-0.35121161152555125,True,True,True,True,True,pass
Nb252_aff_seq101_D101F,Nb252 reported_seq D101F,Nb252 IMGT 110 D>F,Nb252 chain C auth 101 D>F,101,D,F,CDR3,True,2,8112102,Nb252_WT_rep02_seed8112102,424.727187287861,-75.1782158398949,-97.31027666686178,-121.26926248447299,15.834416545078847,24,37,0.9166666666666666,0.8918918918918919,0.04430013343122548,2.316848923493836,33;37;45;47;50;53;58;98;100;102;103;104;105;106;107;108;109;110;111;112;113;114;115;116,33;40;44;82;86;89;90;93;96;97;98;99;101;102;105;106;109;110;172;174;177;178;179;180;181;182;269;277;278;279;290;293;294;297;298;301;302,24,37,1.0,1.0,-0.7136246069397316,-0.7870022478144136,-0.35121161152555125,True,True,True,True,True,pass
Nb252_aff_seq101_D101F,Nb252 reported_seq D101F,Nb252 IMGT 110 D>F,Nb252 chain C auth 101 D>F,101,D,F,CDR3,True,3,8112103,Nb252_WT_rep03_seed8112103,424.727187287861,-74.26047197607062,-97.31027666686178,-121.26926248447299,15.834416545078847,24,37,0.9166666666666666,0.8918918918918919,0.04430013343122548,2.316848923493836,33;37;45;47;50;53;58;98;100;102;103;104;105;106;107;108;109;110;111;112;113;114;115;116,33;40;44;82;86;89;90;93;96;97;98;99;101;102;105;106;109;110;172;174;177;178;179;180;181;182;269;277;278;279;290;293;294;297;298;301;302,24,37,1.0,1.0,0.20411925688455312,-0.7870022478144136,-0.35121161152555125,True,True,True,True,True,pass
Nb252_aff_seq101_D101G,Nb252 reported_seq D101G,Nb252 IMGT 110 D>G,Nb252 chain C auth 101 D>G,101,D,G,CDR3,True,1,8112101,Nb252_WT_rep01_seed8112101,419.0994918756272,-73.76588520976611,-96.75061547868556,-120.40869540090104,15.698731211914058,24,37,0.9166666666666666,0.8918918918918919,0.044789500767590675,2.3196004505195194,33;37;45;47;50;53;58;98;100;102;103;104;105;106;107;108;109;110;111;112;113;114;115;116,33;40;44;82;86;89;90;93;96;97;98;99;101;102;105;106;109;110;172;174;177;178;179;180;181;182;269;277;278;279;290;293;294;297;298;301;302,24,37,1.0,1.0,0.8095519496127963,-0.22734105963819218,-0.48689694469033995,True,True,True,True,True,pass
Nb252_aff_seq101_D101G,Nb252 reported_seq D101G,Nb252 IMGT 110 D>G,Nb252 chain C auth 101 D>G,101,D,G,CDR3,True,2,8112102,Nb252_WT_rep02_seed8112102,419.0994918756272,-73.76588520976611,-96.75061547868556,-120.40869540090104,15.698731211914058,24,37,0.9166666666666666,0.8918918918918919,0.044789500767590675,2.3196004505195194,33;37;45;47;50;53;58;98;100;102;103;104;105;106;107;108;109;110;111;112;113;114;115;116,33;40;44;82;86;89;90;93;96;97;98;99;101;102;105;106;109;110;172;174;177;178;179;180;181;182;269;277;278;279;290;293;294;297;298;301;302,24,37,1.0,1.0,0.6987060231890609,-0.22734105963819218,-0.48689694469033995,True,True,True,True,True,pass
Nb252_aff_seq101_D101G,Nb252 reported_seq D101G,Nb252 IMGT 110 D>G,Nb252 chain C auth 101 D>G,101,D,G,CDR3,True,3,8112103,Nb252_WT_rep03_seed8112103,419.0994918756272,-73.76588520976611,-96.75061547868556,-120.40869540090104,15.698731211914058,24,37,0.9166666666666666,0.8918918918918919,0.044789500767590675,2.3196004505195194,33;37;45;47;50;53;58;98;100;102;103;104;105;106;107;108;109;110;111;112;113;114;115;116,33;40;44;82;86;89;90;93;96;97;98;99;101;102;105;106;109;110;172;174;177;178;179;180;181;182;269;277;278;279;290;293;294;297;298;301;302,24,37,1.0,1.0,0.6987060231890609,-0.22734105963819218,-0.48689694469033995,True,True,True,True,True,pass
Nb252_aff_seq101_D101H,Nb252 reported_seq D101H,Nb252 IMGT 110 D>H,Nb252 chain C auth 101 D>H,101,D,H,CDR3,True,1,8112101,Nb252_WT_rep01_seed8112101,420.71892175007054,-74.24706559704902,-97.37292164585824,-121.85961747054105,16.273524379040285,25,38,0.9583333333333334,0.918918918918919,0.043908432608362476,2.3186737625654614,33;37;45;47;50;53;58;98;100;101;102;103;104;105;106;107;108;109;110;111;112;113;114;115;116,33;36;40;44;82;86;89;90;93;96;97;98;99;101;102;105;106;109;110;172;174;177;178;179;180;181;182;269;277;278;279;290;293;294;297;298;301;302,24,37,1.0,1.0,0.32837156232989173,-0.8496472268108732,0.08789622243588724,True,True,True,True,True,pass
Nb252_aff_seq101_D101H,Nb252 reported_seq D101H,Nb252 IMGT 110 D>H,Nb252 chain C auth 101 D>H,101,D,H,CDR3,True,2,8112102,Nb252_WT_rep02_seed8112102,420.71892175007054,-75.17415452318494,-97.37292164585824,-121.85961747054105,16.273524379040285,25,38,0.9583333333333334,0.918918918918919,0.043908432608362476,2.3186737625654614,33;37;45;47;50;53;58;98;100;101;102;103;104;105;106;107;108;109;110;111;112;113;114;115;116,33;36;40;44;82;86;89;90;93;96;97;98;99;101;102;105;106;109;110;172;174;177;178;179;180;181;182;269;277;278;279;290;293;294;297;298;301;302,24,37,1.0,1.0,-0.7095632902297666,-0.8496472268108732,0.08789622243588724,True,True,True,True,True,pass
Nb252_aff_seq101_D101H,Nb252 reported_seq D101H,Nb252 IMGT 110 D>H,Nb252 chain C auth 101 D>H,101,D,H,CDR3,True,3,8112103,Nb252_WT_rep03_seed8112103,420.71892175007054,-75.17415452318494,-97.37292164585824,-121.85961747054105,16.273524379040285,25,38,0.9583333333333334,0.918918918918919,0.043908432608362476,2.3186737625654614,33;37;45;47;50;53;58;98;100;101;102;103;104;105;106;107;108;109;110;111;112;113;114;115;116,33;36;40;44;82;86;89;90;93;96;97;98;99;101;102;105;106;109;110;172;174;177;178;179;180;181;182;269;277;278;279;290;293;294;297;298;301;302,24,37,1.0,1.0,-0.7095632902297666,-0.8496472268108732,0.08789622243588724,True,True,True,True,True,pass
Nb252_aff_seq101_D101I,Nb252 reported_seq D101I,Nb252 IMGT 110 D>I,Nb252 chain C auth 101 D>I,101,D,I,CDR3,True,1,8112101,Nb252_WT_rep01_seed8112101,435.39188650073976,-73.54166241742763,-96.52591320590834,-120.80559676026996,16.21097275031767,24,37,0.9166666666666666,0.8918918918918919,0.04346100490276006,2.3141456744705264,33;37;45;47;50;53;58;98;100;102;103;104;105;106;107;108;109;110;111;112;113;114;115;116,33;40;44;82;86;89;90;93;96;97;98;99;101;102;105;106;109;110;172;174;177;178;179;180;181;182;269;277;278;279;290;293;294;297;298;301;302,24,37,1.0,1.0,1.0337747419512766,-0.002638786860970299,0.025344593713271024,True,True,True,True,True,pass
Nb252_aff_seq101_D101I,Nb252 reported_seq D101I,Nb252 IMGT 110 D>I,Nb252 chain C auth 101 D>I,101,D,I,CDR3,True,2,8112102,Nb252_WT_rep02_seed8112102,435.39188650073976,-73.2506172539658,-96.52591320590834,-120.80559676026996,16.21097275031767,24,37,0.9166666666666666,0.8918918918918919,0.04346100490276006,2.3141456744705264,33;37;45;47;50;53;58;98;100;102;103;104;105;106;107;108;109;110;111;112;113;114;115;116,33;40;44;82;86;89;90;93;96;97;98;99;101;102;105;106;109;110;172;174;177;178;179;180;181;182;269;277;278;279;290;293;294;297;298;301;302,24,37,1.0,1.0,1.2139739789893724,-0.002638786860970299,0.025344593713271024,True,True,True,True,True,pass
Nb252_aff_seq101_D101I,Nb252 reported_seq D101I,Nb252 IMGT 110 D>I,Nb252 chain C auth 101 D>I,101,D,I,CDR3,True,3,8112103,Nb252_WT_rep03_seed8112103,435.39188650073976,-74.45064801813982,-96.52591320590834,-120.80559676026996,16.21097275031767,24,37,0.9166666666666666,0.8918918918918919,0.04346100490276006,2.3141456744705264,33;37;45;47;50;53;58;98;100;102;103;104;105;106;107;108;109;110;111;112;113;114;115;116,33;40;44;82;86;89;90;93;96;97;98;99;101;102;105;106;109;110;172;174;177;178;179;180;181;182;269;277;278;279;290;293;294;297;298;301;302,24,37,1.0,1.0,0.013943214815355987,-0.002638786860970299,0.025344593713271024,True,True,True,True,True,pass
Nb252_aff_seq101_D101K,Nb252 reported_seq D101K,Nb252 IMGT 110 D>K,Nb252 chain C auth 101 D>K,101,D,K,CDR3,True,1,8112101,Nb252_WT_rep01_seed8112101,421.56661865874537,-74.16054299003804,-97.26190230304081,-121.58927714980096,16.075833624453995,25,38,0.9583333333333334,0.918918918918919,0.04398443270372106,2.316855095134311,33;37;45;47;50;53;58;98;100;101;102;103;104;105;106;107;108;109;110;111;112;113;114;115;116,33;36;40;44;82;86;89;90;93;96;97;98;99;101;102;105;106;109;110;172;174;177;178;179;180;181;182;269;277;278;279;290;293;294;297;298;301;302,24,37,1.0,1.0,0.41489416934086876,-0.7386278839934448,-0.1097945321504028,True,True,True,True,True,pass
Nb252_aff_seq101_D101K,Nb252 reported_seq D101K,Nb252 IMGT 110 D>K,Nb252 chain C auth 101 D>K,101,D,K,CDR3,True,2,8112102,Nb252_WT_rep02_seed8112102,421.56661865874537,-75.04749206386481,-97.26190230304081,-121.58927714980096,16.075833624453995,25,38,0.9583333333333334,0.918918918918919,0.04398443270372106,2.316855095134311,33;37;45;47;50;53;58;98;100;101;102;103;104;105;106;107;108;109;110;111;112;113;114;115;116,33;36;40;44;82;86;89;90;93;96;97;98;99;101;102;105;106;109;110;172;174;177;178;179;180;181;182;269;277;278;279;290;293;294;297;298;301;302,24,37,1.0,1.0,-0.5829008309096366,-0.7386278839934448,-0.1097945321504028,True,True,True,True,True,pass
Nb252_aff_seq101_D101K,Nb252 reported_seq D101K,Nb252 IMGT 110 D>K,Nb252 chain C auth 101 D>K,101,D,K,CDR3,True,3,8112103,Nb252_WT_rep03_seed8112103,421.56661865874537,-76.50791768479587,-97.26190230304081,-121.58927714980096,16.075833624453995,25,38,0.9583333333333334,0.918918918918919,0.04398443270372106,2.316855095134311,33;37;45;47;50;53;58;98;100;101;102;103;104;105;106;107;108;109;110;111;112;113;114;115;116,33;36;40;44;82;86;89;90;93;96;97;98;99;101;102;105;106;109;110;172;174;177;178;179;180;181;182;269;277;278;279;290;293;294;297;298;301;302,24,37,1.0,1.0,-2.0433264518406986,-0.7386278839934448,-0.1097945321504028,True,True,True,True,True,pass
Nb252_aff_seq101_D101L,Nb252 reported_seq D101L,Nb252 IMGT 110 D>L,Nb252 chain C auth 101 D>L,101,D,L,CDR3,True,1,8112101,Nb252_WT_rep01_seed8112101,422.09547440142364,-75.61807040015685,-97.47041427975577,-121.16870695649853,16.02801910195536,24,37,0.9166666666666666,0.8918918918918919,0.04446899631794637,2.3160551509723573,33;37;45;47;50;53;58;98;100;102;103;104;105;106;107;108;109;110;111;112;113;114;115;116,33;40;44;82;86;89;90;93;96;97;98;99;101;102;105;106;109;110;172;174;177;178;179;180;181;182;269;277;278;279;290;293;294;297;298;301;302,24,37,1.0,1.0,-1.0426332407779455,-0.9471398607084041,-0.15760905464903985,True,True,True,True,True,pass
Nb252_aff_seq101_D101L,Nb252 reported_seq D101L,Nb252 IMGT 110 D>L,Nb252 chain C auth 101 D>L,101,D,L,CDR3,True,2,8112102,Nb252_WT_rep02_seed8112102,422.09547440142364,-74.290449677526,-97.47041427975577,-121.16870695649853,16.02801910195536,24,37,0.9166666666666666,0.8918918918918919,0.04446899631794637,2.3160551509723573,33;37;45;47;50;53;58;98;100;102;103;104;105;106;107;108;109;110;111;112;113;114;115;116,33;40;44;82;86;89;90;93;96;97;98;99;101;102;105;106;109;110;172;174;177;178;179;180;181;182;269;277;278;279;290;293;294;297;298;301;302,24,37,1.0,1.0,0.17414155542917342,-0.9471398607084041,-0.15760905464903985,True,True,True,True,True,pass
Nb252_aff_seq101_D101L,Nb252 reported_seq D101L,Nb252 IMGT 110 D>L,Nb252 chain C auth 101 D>L,101,D,L,CDR3,True,3,8112103,Nb252_WT_rep03_seed8112103,422.09547440142364,-74.70342748660198,-97.47041427975577,-121.16870695649853,16.02801910195536,24,37,0.9166666666666666,0.8918918918918919,0.04446899631794637,2.3160551509723573,33;37;45;47;50;53;58;98;100;102;103;104;105;106;107;108;109;110;111;112;113;114;115;116,33;40;44;82;86;89;90;93;96;97;98;99;101;102;105;106;109;110;172;174;177;178;179;180;181;182;269;277;278;279;290;293;294;297;298;301;302,24,37,1.0,1.0,-0.23883625364680938,-0.9471398607084041,-0.15760905464903985,True,True,True,True,True,pass
Nb252_aff_seq101_D101M,Nb252 reported_seq D101M,Nb252 IMGT 110 D>M,Nb252 chain C auth 101 D>M,101,D,M,CDR3,True,1,8112101,Nb252_WT_rep01_seed8112101,424.5968343609802,-73.73115611426215,-97.22805277478848,-121.33414680675648,16.123724313853785,24,37,0.9166666666666666,0.8918918918918919,0.044161882153069064,2.317636034423287,33;37;45;47;50;53;58;98;100;102;103;104;105;106;107;108;109;110;111;112;113;114;115;116,33;40;44;82;86;89;90;93;96;97;98;99;101;102;105;106;109;110;172;174;177;178;179;180;181;182;269;277;278;279;290;293;294;297;298;301;302,24,37,1.0,1.0,0.8442810451167588,-0.7047783557411123,-0.061903842750613336,True,True,True,True,True,pass
Nb252_aff_seq101_D101M,Nb252 reported_seq D101M,Nb252 IMGT 110 D>M,Nb252 chain C auth 101 D>M,101,D,M,CDR3,True,2,8112102,Nb252_WT_rep02_seed8112102,424.5968343609802,-73.73115611426215,-97.22805277478848,-121.33414680675648,16.123724313853785,24,37,0.9166666666666666,0.8918918918918919,0.044161882153069064,2.317636034423287,33;37;45;47;50;53;58;98;100;102;103;104;105;106;107;108;109;110;111;112;113;114;115;116,33;40;44;82;86;89;90;93;96;97;98;99;101;102;105;106;109;110;172;174;177;178;179;180;181;182;269;277;278;279;290;293;294;297;298;301;302,24,37,1.0,1.0,0.7334351186930235,-0.7047783557411123,-0.061903842750613336,True,True,True,True,True,pass
Nb252_aff_seq101_D101M,Nb252 reported_seq D101M,Nb252 IMGT 110 D>M,Nb252 chain C auth 101 D>M,101,D,M,CDR3,True,3,8112103,Nb252_WT_rep03_seed8112103,424.5968343609802,-73.73115611426215,-97.22805277478848,-121.33414680675648,16.123724313853785,24,37,0.9166666666666666,0.8918918918918919,0.044161882153069064,2.317636034423287,33;37;45;47;50;53;58;98;100;102;103;104;105;106;107;108;109;110;111;112;113;114;115;116,33;40;44;82;86;89;90;93;96;97;98;99;101;102;105;106;109;110;172;174;177;178;179;180;181;182;269;277;278;279;290;293;294;297;298;301;302,24,37,1.0,1.0,0.7334351186930235,-0.7047783557411123,-0.061903842750613336,True,True,True,True,True,pass
Nb252_aff_seq101_D101N,Nb252 reported_seq D101N,Nb252 IMGT 110 D>N,Nb252 chain C auth 101 D>N,101,D,N,CDR3,True,1,8112101,Nb252_WT_rep01_seed8112101,419.49329780820045,-75.26387830618472,-96.70597835822684,-120.79305483999762,15.964212478809193,24,37,0.9166666666666666,0.8918918918918919,0.04409267705599892,2.3130833096019683,33;37;45;47;50;53;58;98;100;102;103;104;105;106;107;108;109;110;111;112;113;114;115;116,33;40;44;82;86;89;90;93;96;97;98;99;101;102;105;106;109;110;172;174;177;178;179;180;181;182;269;277;278;279;290;293;294;297;298;301;302,24,37,1.0,1.0,-0.6884411468058147,-0.18270393917947558,-0.2214156777952052,True,True,True,True,True,pass
Nb252_aff_seq101_D101N,Nb252 reported_seq D101N,Nb252 IMGT 110 D>N,Nb252 chain C auth 101 D>N,101,D,N,CDR3,True,2,8112102,Nb252_WT_rep02_seed8112102,419.49329780820045,-75.6602208235052,-96.70597835822684,-120.79305483999762,15.964212478809193,24,37,0.9166666666666666,0.8918918918918919,0.04409267705599892,2.3130833096019683,33;37;45;47;50;53;58;98;100;102;103;104;105;106;107;108;109;110;111;112;113;114;115;116,33;40;44;82;86;89;90;93;96;97;98;99;101;102;105;106;109;110;172;174;177;178;179;180;181;182;269;277;278;279;290;293;294;297;298;301;302,24,37,1.0,1.0,-1.195629590550027,-0.18270393917947558,-0.2214156777952052,True,True,True,True,True,pass
Nb252_aff_seq101_D101N,Nb252 reported_seq D101N,Nb252 IMGT 110 D>N,Nb252 chain C auth 101 D>N,101,D,N,CDR3,True,3,8112103,Nb252_WT_rep03_seed8112103,419.49329780820045,-74.87460085736365,-96.70597835822684,-120.79305483999762,15.964212478809193,24,37,0.9166666666666666,0.8918918918918919,0.04409267705599892,2.3130833096019683,33;37;45;47;50;53;58;98;100;102;103;104;105;106;107;108;109;110;111;112;113;114;115;116,33;40;44;82;86;89;90;93;96;97;98;99;101;102;105;106;109;110;172;174;177;178;179;180;181;182;269;277;278;279;290;293;294;297;298;301;302,24,37,1.0,1.0,-0.4100096244084739,-0.18270393917947558,-0.2214156777952052,True,True,True,True,True,pass
Nb252_aff_seq101_D101P,Nb252 reported_seq D101P,Nb252 IMGT 110 D>P,Nb252 chain C auth 101 D>P,101,D,P,CDR3,True,1,8112101,Nb252_WT_rep01_seed8112101,525.2205429266528,-70.72703448645655,-93.37804439751817,-121.19792147794814,17.91700505520761,24,38,0.9166666666666666,0.918918918918919,0.0445364565765028,2.3153917590865545,33;37;45;47;50;53;58;98;100;102;103;104;105;106;107;108;109;110;111;112;113;114;115;116,33;37;40;44;82;86;89;90;93;96;97;98;99;101;102;105;106;109;110;172;174;177;178;179;180;181;182;269;277;278;279;290;293;294;297;298;301;302,24,37,1.0,1.0,3.8484026729223615,3.1452300215292013,1.7313768986032123,True,True,True,True,True,pass
Nb252_aff_seq101_D101P,Nb252 reported_seq D101P,Nb252 IMGT 110 D>P,Nb252 chain C auth 101 D>P,101,D,P,CDR3,True,2,8112102,Nb252_WT_rep02_seed8112102,525.2205429266528,-71.42440236035156,-93.37804439751817,-121.19792147794814,17.91700505520761,24,38,0.9166666666666666,0.918918918918919,0.0445364565765028,2.3153917590865545,33;37;45;47;50;53;58;98;100;102;103;104;105;106;107;108;109;110;111;112;113;114;115;116,33;37;40;44;82;86;89;90;93;96;97;98;99;101;102;105;106;109;110;172;174;177;178;179;180;181;182;269;277;278;279;290;293;294;297;298;301;302,24,37,1.0,1.0,3.0401888726036077,3.1452300215292013,1.7313768986032123,True,True,True,True,True,pass
Nb252_aff_seq101_D101P,Nb252 reported_seq D101P,Nb252 IMGT 110 D>P,Nb252 chain C auth 101 D>P,101,D,P,CDR3,True,3,8112103,Nb252_WT_rep03_seed8112103,525.2205429266528,-70.72703448645655,-93.37804439751817,-121.19792147794814,17.91700505520761,24,38,0.9166666666666666,0.918918918918919,0.0445364565765028,2.3153917590865545,33;37;45;47;50;53;58;98;100;102;103;104;105;106;107;108;109;110;111;112;113;114;115;116,33;37;40;44;82;86;89;90;93;96;97;98;99;101;102;105;106;109;110;172;174;177;178;179;180;181;182;269;277;278;279;290;293;294;297;298;301;302,24,37,1.0,1.0,3.737556746498626,3.1452300215292013,1.7313768986032123,True,True,True,True,True,pass
Nb252_aff_seq101_D101Q,Nb252 reported_seq D101Q,Nb252 IMGT 110 D>Q,Nb252 chain C auth 101 D>Q,101,D,Q,CDR3,True,1,8112101,Nb252_WT_rep01_seed8112101,422.7287103061633,-74.25170671115626,-96.33969646499652,-121.24577573255692,16.445076988806953,24,37,0.9166666666666666,0.8918918918918919,0.044074776115466605,2.316360586849215,33;37;45;47;50;53;58;98;100;102;103;104;105;106;107;108;109;110;111;112;113;114;115;116,33;40;44;82;86;89;90;93;96;97;98;99;101;102;105;106;109;110;172;174;177;178;179;180;181;182;269;277;278;279;290;293;294;297;298;301;302,24,37,1.0,1.0,0.32373044822264774,0.18357795405084687,0.25944883220255477,True,True,True,True,True,pass
Nb252_aff_seq101_D101Q,Nb252 reported_seq D101Q,Nb252 IMGT 110 D>Q,Nb252 chain C auth 101 D>Q,101,D,Q,CDR3,True,2,8112102,Nb252_WT_rep02_seed8112102,422.7287103061633,-74.53945417921096,-96.33969646499652,-121.24577573255692,16.445076988806953,24,37,0.9166666666666666,0.8918918918918919,0.044074776115466605,2.316360586849215,33;37;45;47;50;53;58;98;100;102;103;104;105;106;107;108;109;110;111;112;113;114;115;116,33;40;44;82;86;89;90;93;96;97;98;99;101;102;105;106;109;110;172;174;177;178;179;180;181;182;269;277;278;279;290;293;294;297;298;301;302,24,37,1.0,1.0,-0.07486294625579148,0.18357795405084687,0.25944883220255477,True,True,True,True,True,pass
Nb252_aff_seq101_D101Q,Nb252 reported_seq D101Q,Nb252 IMGT 110 D>Q,Nb252 chain C auth 101 D>Q,101,D,Q,CDR3,True,3,8112103,Nb252_WT_rep03_seed8112103,422.7287103061633,-74.65309592639329,-96.33969646499652,-121.24577573255692,16.445076988806953,24,37,0.9166666666666666,0.8918918918918919,0.044074776115466605,2.316360586849215,33;37;45;47;50;53;58;98;100;102;103;104;105;106;107;108;109;110;111;112;113;114;115;116,33;40;44;82;86;89;90;93;96;97;98;99;101;102;105;106;109;110;172;174;177;178;179;180;181;182;269;277;278;279;290;293;294;297;298;301;302,24,37,1.0,1.0,-0.18850469343811938,0.18357795405084687,0.25944883220255477,True,True,True,True,True,pass
Nb252_aff_seq101_D101R,Nb252 reported_seq D101R,Nb252 IMGT 110 D>R,Nb252 chain C auth 101 D>R,101,D,R,CDR3,True,1,8112101,Nb252_WT_rep01_seed8112101,420.77937480055743,-76.28598679617335,-99.00650738211219,-123.59643748555641,16.65043905770775,25,38,0.9583333333333334,0.918918918918919,0.04394455243604759,2.3108502828159194,33;37;45;47;50;53;58;98;100;101;102;103;104;105;106;107;108;109;110;111;112;113;114;115;116,33;36;40;44;82;86;89;90;93;96;97;98;99;101;102;105;106;109;110;172;174;177;178;179;180;181;182;269;277;278;279;290;293;294;297;298;301;302,24,37,1.0,1.0,-1.7105496367944397,-2.4832329630648218,0.4648109011033519,True,True,True,True,True,pass
Nb252_aff_seq101_D101R,Nb252 reported_seq D101R,Nb252 IMGT 110 D>R,Nb252 chain C auth 101 D>R,101,D,R,CDR3,True,2,8112102,Nb252_WT_rep02_seed8112102,420.77937480055743,-75.3621185489634,-99.00650738211219,-123.59643748555641,16.65043905770775,25,38,0.9583333333333334,0.918918918918919,0.04394455243604759,2.3108502828159194,33;37;45;47;50;53;58;98;100;101;102;103;104;105;106;107;108;109;110;111;112;113;114;115;116,33;36;40;44;82;86;89;90;93;96;97;98;99;101;102;105;106;109;110;172;174;177;178;179;180;181;182;269;277;278;279;290;293;294;297;298;301;302,24,37,1.0,1.0,-0.8975273160082224,-2.4832329630648218,0.4648109011033519,True,True,True,True,True,pass
Nb252_aff_seq101_D101R,Nb252 reported_seq D101R,Nb252 IMGT 110 D>R,Nb252 chain C auth 101 D>R,101,D,R,CDR3,True,3,8112103,Nb252_WT_rep03_seed8112103,420.77937480055743,-76.28598679617335,-99.00650738211219,-123.59643748555641,16.65043905770775,25,38,0.9583333333333334,0.918918918918919,0.04394455243604759,2.3108502828159194,33;37;45;47;50;53;58;98;100;101;102;103;104;105;106;107;108;109;110;111;112;113;114;115;116,33;36;40;44;82;86;89;90;93;96;97;98;99;101;102;105;106;109;110;172;174;177;178;179;180;181;182;269;277;278;279;290;293;294;297;298;301;302,24,37,1.0,1.0,-1.821395563218175,-2.4832329630648218,0.4648109011033519,True,True,True,True,True,pass
Nb252_aff_seq101_D101S,Nb252 reported_seq D101S,Nb252 IMGT 110 D>S,Nb252 chain C auth 101 D>S,101,D,S,CDR3,True,1,8112101,Nb252_WT_rep01_seed8112101,420.78839701445725,-74.71943414939375,-96.59502246848682,-120.55192477206324,15.926078617360178,24,37,0.9166666666666666,0.8918918918918919,0.04393415312478882,2.315826793005005,33;37;45;47;50;53;58;98;100;102;103;104;105;106;107;108;109;110;111;112;113;114;115;116,33;40;44;82;86;89;90;93;96;97;98;99;101;102;105;106;109;110;172;174;177;178;179;180;181;182;269;277;278;279;290;293;294;297;298;301;302,24,37,1.0,1.0,-0.14399699001484123,-0.07174804943944935,-0.25954953924422064,True,True,True,True,True,pass
Nb252_aff_seq101_D101S,Nb252 reported_seq D101S,Nb252 IMGT 110 D>S,Nb252 chain C auth 101 D>S,101,D,S,CDR3,True,2,8112102,Nb252_WT_rep02_seed8112102,420.78839701445725,-73.95200599997287,-96.59502246848682,-120.55192477206324,15.926078617360178,24,37,0.9166666666666666,0.8918918918918919,0.04393415312478882,2.315826793005005,33;37;45;47;50;53;58;98;100;102;103;104;105;106;107;108;109;110;111;112;113;114;115;116,33;40;44;82;86;89;90;93;96;97;98;99;101;102;105;106;109;110;172;174;177;178;179;180;181;182;269;277;278;279;290;293;294;297;298;301;302,24,37,1.0,1.0,0.5125852329823033,-0.07174804943944935,-0.25954953924422064,True,True,True,True,True,pass
Nb252_aff_seq101_D101S,Nb252 reported_seq D101S,Nb252 IMGT 110 D>S,Nb252 chain C auth 101 D>S,101,D,S,CDR3,True,3,8112103,Nb252_WT_rep03_seed8112103,420.78839701445725,-74.71943414939375,-96.59502246848682,-120.55192477206324,15.926078617360178,24,37,0.9166666666666666,0.8918918918918919,0.04393415312478882,2.315826793005005,33;37;45;47;50;53;58;98;100;102;103;104;105;106;107;108;109;110;111;112;113;114;115;116,33;40;44;82;86;89;90;93;96;97;98;99;101;102;105;106;109;110;172;174;177;178;179;180;181;182;269;277;278;279;290;293;294;297;298;301;302,24,37,1.0,1.0,-0.2548429164385766,-0.07174804943944935,-0.25954953924422064,True,True,True,True,True,pass
Nb252_aff_seq101_D101T,Nb252 reported_seq D101T,Nb252 IMGT 110 D>T,Nb252 chain C auth 101 D>T,101,D,T,CDR3,True,1,8112101,Nb252_WT_rep01_seed8112101,424.7055454765057,-76.17617543365725,-96.85229741828446,-120.7503077999595,15.961210362549767,24,37,0.9166666666666666,0.8918918918918919,0.04429278968729723,2.314881531560865,33;37;45;47;50;53;58;98;100;102;103;104;105;106;107;108;109;110;111;112;113;114;115;116,33;40;44;82;86;89;90;93;96;97;98;99;101;102;105;106;109;110;172;174;177;178;179;180;181;182;269;277;278;279;290;293;294;297;298;301;302,24,37,1.0,1.0,-1.600738274278342,-0.32902299923709677,-0.2244177940546308,True,True,True,True,True,pass
Nb252_aff_seq101_D101T,Nb252 reported_seq D101T,Nb252 IMGT 110 D>T,Nb252 chain C auth 101 D>T,101,D,T,CDR3,True,2,8112102,Nb252_WT_rep02_seed8112102,424.7055454765057,-73.68445293558648,-96.85229741828446,-120.7503077999595,15.961210362549767,24,37,0.9166666666666666,0.8918918918918919,0.04429278968729723,2.314881531560865,33;37;45;47;50;53;58;98;100;102;103;104;105;106;107;108;109;110;111;112;113;114;115;116,33;40;44;82;86;89;90;93;96;97;98;99;101;102;105;106;109;110;172;174;177;178;179;180;181;182;269;277;278;279;290;293;294;297;298;301;302,24,37,1.0,1.0,0.7801382973686941,-0.32902299923709677,-0.2244177940546308,True,True,True,True,True,pass
Nb252_aff_seq101_D101T,Nb252 reported_seq D101T,Nb252 IMGT 110 D>T,Nb252 chain C auth 101 D>T,101,D,T,CDR3,True,3,8112103,Nb252_WT_rep03_seed8112103,424.7055454765057,-73.68445293558648,-96.85229741828446,-120.7503077999595,15.961210362549767,24,37,0.9166666666666666,0.8918918918918919,0.04429278968729723,2.314881531560865,33;37;45;47;50;53;58;98;100;102;103;104;105;106;107;108;109;110;111;112;113;114;115;116,33;40;44;82;86;89;90;93;96;97;98;99;101;102;105;106;109;110;172;174;177;178;179;180;181;182;269;277;278;279;290;293;294;297;298;301;302,24,37,1.0,1.0,0.7801382973686941,-0.32902299923709677,-0.2244177940546308,True,True,True,True,True,pass
Nb252_aff_seq101_D101V,Nb252 reported_seq D101V,Nb252 IMGT 110 D>V,Nb252 chain C auth 101 D>V,101,D,V,CDR3,True,1,8112101,Nb252_WT_rep01_seed8112101,434.4704095123924,-73.71650508320693,-96.65616209499984,-120.70283331686763,15.965687112599275,24,37,0.9166666666666666,0.8918918918918919,0.044559409421507754,2.312254321784455,33;37;45;47;50;53;58;98;100;102;103;104;105;106;107;108;109;110;111;112;113;114;115;116,33;40;44;82;86;89;90;93;96;97;98;99;101;102;105;106;109;110;172;174;177;178;179;180;181;182;269;277;278;279;290;293;294;297;298;301;302,24,37,1.0,1.0,0.8589320761719819,-0.13288767595247464,-0.2199410440051235,True,True,True,True,True,pass
Nb252_aff_seq101_D101V,Nb252 reported_seq D101V,Nb252 IMGT 110 D>V,Nb252 chain C auth 101 D>V,101,D,V,CDR3,True,2,8112102,Nb252_WT_rep02_seed8112102,434.4704095123924,-74.48481051850194,-96.65616209499984,-120.70283331686763,15.965687112599275,24,37,0.9166666666666666,0.8918918918918919,0.044559409421507754,2.312254321784455,33;37;45;47;50;53;58;98;100;102;103;104;105;106;107;108;109;110;111;112;113;114;115;116,33;40;44;82;86;89;90;93;96;97;98;99;101;102;105;106;109;110;172;174;177;178;179;180;181;182;269;277;278;279;290;293;294;297;298;301;302,24,37,1.0,1.0,-0.02021928554677288,-0.13288767595247464,-0.2199410440051235,True,True,True,True,True,pass
Nb252_aff_seq101_D101V,Nb252 reported_seq D101V,Nb252 IMGT 110 D>V,Nb252 chain C auth 101 D>V,101,D,V,CDR3,True,3,8112103,Nb252_WT_rep03_seed8112103,434.4704095123924,-73.28612810604602,-96.65616209499984,-120.70283331686763,15.965687112599275,24,37,0.9166666666666666,0.8918918918918919,0.044559409421507754,2.312254321784455,33;37;45;47;50;53;58;98;100;102;103;104;105;106;107;108;109;110;111;112;113;114;115;116,33;40;44;82;86;89;90;93;96;97;98;99;101;102;105;106;109;110;172;174;177;178;179;180;181;182;269;277;278;279;290;293;294;297;298;301;302,24,37,1.0,1.0,1.1784631269091506,-0.13288767595247464,-0.2199410440051235,True,True,True,True,True,pass
Nb252_aff_seq101_D101W,Nb252 reported_seq D101W,Nb252 IMGT 110 D>W,Nb252 chain C auth 101 D>W,101,D,W,CDR3,True,1,8112101,Nb252_WT_rep01_seed8112101,424.6278255040182,-76.12469470284799,-98.914284730879,-123.75961984728708,16.94619276079838,25,38,0.9583333333333334,0.918918918918919,0.04361843254702175,2.3189991668153316,33;37;45;47;50;53;58;98;100;101;102;103;104;105;106;107;108;109;110;111;112;113;114;115;116,33;36;40;44;82;86;89;90;93;96;97;98;99;101;102;105;106;109;110;172;174;177;178;179;180;181;182;269;277;278;279;290;293;294;297;298;301;302,24,37,1.0,1.0,-1.549257543469082,-2.3910103118316357,0.7605646041939806,True,True,True,True,True,pass
Nb252_aff_seq101_D101W,Nb252 reported_seq D101W,Nb252 IMGT 110 D>W,Nb252 chain C auth 101 D>W,101,D,W,CDR3,True,2,8112102,Nb252_WT_rep02_seed8112102,424.6278255040182,-77.04950754611929,-98.914284730879,-123.75961984728708,16.94619276079838,25,38,0.9583333333333334,0.918918918918919,0.04361843254702175,2.3189991668153316,33;37;45;47;50;53;58;98;100;101;102;103;104;105;106;107;108;109;110;111;112;113;114;115;116,33;36;40;44;82;86;89;90;93;96;97;98;99;101;102;105;106;109;110;172;174;177;178;179;180;181;182;269;277;278;279;290;293;294;297;298;301;302,24,37,1.0,1.0,-2.584916313164115,-2.3910103118316357,0.7605646041939806,True,True,True,True,True,pass
Nb252_aff_seq101_D101W,Nb252 reported_seq D101W,Nb252 IMGT 110 D>W,Nb252 chain C auth 101 D>W,101,D,W,CDR3,True,3,8112103,Nb252_WT_rep03_seed8112103,424.6278255040182,-76.12469470284799,-98.914284730879,-123.75961984728708,16.94619276079838,25,38,0.9583333333333334,0.918918918918919,0.04361843254702175,2.3189991668153316,33;37;45;47;50;53;58;98;100;101;102;103;104;105;106;107;108;109;110;111;112;113;114;115;116,33;36;40;44;82;86;89;90;93;96;97;98;99;101;102;105;106;109;110;172;174;177;178;179;180;181;182;269;277;278;279;290;293;294;297;298;301;302,24,37,1.0,1.0,-1.6601034698928174,-2.3910103118316357,0.7605646041939806,True,True,True,True,True,pass
Nb252_aff_seq101_D101Y,Nb252 reported_seq D101Y,Nb252 IMGT 110 D>Y,Nb252 chain C auth 101 D>Y,101,D,Y,CDR3,True,1,8112101,Nb252_WT_rep01_seed8112101,424.3279741882196,-74.77214521046585,-97.13550693574089,-121.93318467411842,16.162148763383367,25,38,0.9583333333333334,0.918918918918919,0.04416833403444899,2.322477677646485,33;37;45;47;50;53;58;98;100;101;102;103;104;105;106;107;108;109;110;111;112;113;114;115;116,33;36;40;44;82;86;89;90;93;96;97;98;99;101;102;105;106;109;110;172;174;177;178;179;180;181;182;269;277;278;279;290;293;294;297;298;301;302,24,37,1.0,1.0,-0.19670805108694367,-0.6122325166935241,-0.023479393221030875,True,True,True,True,True,pass
Nb252_aff_seq101_D101Y,Nb252 reported_seq D101Y,Nb252 IMGT 110 D>Y,Nb252 chain C auth 101 D>Y,101,D,Y,CDR3,True,2,8112102,Nb252_WT_rep02_seed8112102,424.3279741882196,-72.86677238570473,-97.13550693574089,-121.93318467411842,16.162148763383367,25,38,0.9583333333333334,0.918918918918919,0.04416833403444899,2.322477677646485,33;37;45;47;50;53;58;98;100;101;102;103;104;105;106;107;108;109;110;111;112;113;114;115;116,33;36;40;44;82;86;89;90;93;96;97;98;99;101;102;105;106;109;110;172;174;177;178;179;180;181;182;269;277;278;279;290;293;294;297;298;301;302,24,37,1.0,1.0,1.597818847250437,-0.6122325166935241,-0.023479393221030875,True,True,True,True,True,pass
Nb252_aff_seq101_D101Y,Nb252 reported_seq D101Y,Nb252 IMGT 110 D>Y,Nb252 chain C auth 101 D>Y,101,D,Y,CDR3,True,3,8112103,Nb252_WT_rep03_seed8112103,424.3279741882196,-72.86677238570473,-97.13550693574089,-121.93318467411842,16.162148763383367,25,38,0.9583333333333334,0.918918918918919,0.04416833403444899,2.322477677646485,33;37;45;47;50;53;58;98;100;101;102;103;104;105;106;107;108;109;110;111;112;113;114;115;116,33;36;40;44;82;86;89;90;93;96;97;98;99;101;102;105;106;109;110;172;174;177;178;179;180;181;182;269;277;278;279;290;293;294;297;298;301;302,24,37,1.0,1.0,1.597818847250437,-0.6122325166935241,-0.023479393221030875,True,True,True,True,True,pass
Nb252_aff_seq102_Y102A,Nb252 reported_seq Y102A,Nb252 IMGT 111 Y>A,Nb252 chain C auth 102 Y>A,102,Y,A,CDR3,False,1,8112101,Nb252_WT_rep01_seed8112101,419.02910904605125,-74.21605438862258,-94.45912287421714,-115.61609646504104,13.692614903343008,24,37,0.9166666666666666,0.8918918918918919,0.039994803662911686,2.3276089312834465,33;37;45;47;50;53;58;98;100;102;103;104;105;106;107;108;109;110;111;112;113;114;115;116,33;40;44;82;86;89;90;93;96;97;98;99;101;102;105;106;109;110;172;174;177;178;179;180;181;182;269;277;278;279;290;293;294;297;298;301;302,24,37,1.0,1.0,0.3593827707563264,2.0641515448302243,-2.49301325326139,True,True,True,True,True,pass
Nb252_aff_seq102_Y102A,Nb252 reported_seq Y102A,Nb252 IMGT 111 Y>A,Nb252 chain C auth 102 Y>A,102,Y,A,CDR3,False,2,8112102,Nb252_WT_rep02_seed8112102,419.02910904605125,-74.62943851871779,-94.45912287421714,-115.61609646504104,13.692614903343008,24,37,0.9166666666666666,0.8918918918918919,0.039994803662911686,2.3276089312834465,33;37;45;47;50;53;58;98;100;102;103;104;105;106;107;108;109;110;111;112;113;114;115;116,33;40;44;82;86;89;90;93;96;97;98;99;101;102;105;106;109;110;172;174;177;178;179;180;181;182;269;277;278;279;290;293;294;297;298;301;302,24,37,1.0,1.0,-0.16484728576261887,2.0641515448302243,-2.49301325326139,True,True,True,True,True,pass
Nb252_aff_seq102_Y102A,Nb252 reported_seq Y102A,Nb252 IMGT 111 Y>A,Nb252 chain C auth 102 Y>A,102,Y,A,CDR3,False,3,8112103,Nb252_WT_rep03_seed8112103,419.02910904605125,-74.21605438862258,-94.45912287421714,-115.61609646504104,13.692614903343008,24,37,0.9166666666666666,0.8918918918918919,0.039994803662911686,2.3276089312834465,33;37;45;47;50;53;58;98;100;102;103;104;105;106;107;108;109;110;111;112;113;114;115;116,33;40;44;82;86;89;90;93;96;97;98;99;101;102;105;106;109;110;172;174;177;178;179;180;181;182;269;277;278;279;290;293;294;297;298;301;302,24,37,1.0,1.0,0.24853684433259104,2.0641515448302243,-2.49301325326139,True,True,True,True,True,pass
Nb252_aff_seq102_Y102C,Nb252 reported_seq Y102C,Nb252 IMGT 111 Y>C,Nb252 chain C auth 102 Y>C,102,Y,C,CDR3,False,1,8112101,Nb252_WT_rep01_seed8112101,424.76085205001414,-123.43093419367096,-94.78651783788037,-116.77328085986062,13.937847069204109,24,37,0.9166666666666666,0.8918918918918919,0.03906253848808463,2.313263598091343,33;37;45;47;50;53;58;98;100;102;103;104;105;106;107;108;109;110;111;112;113;114;115;116,33;40;44;82;86;89;90;93;96;97;98;99;101;102;105;106;109;110;172;174;177;178;179;180;181;182;269;277;278;279;290;293;294;297;298;301;302,24,37,1.0,1.0,-48.85549703429206,1.7367565811670005,-2.2477810874002895,True,True,True,True,True,pass
Nb252_aff_seq102_Y102C,Nb252 reported_seq Y102C,Nb252 IMGT 111 Y>C,Nb252 chain C auth 102 Y>C,102,Y,C,CDR3,False,2,8112102,Nb252_WT_rep02_seed8112102,424.76085205001414,-71.694178726617,-94.78651783788037,-116.77328085986062,13.937847069204109,24,37,0.9166666666666666,0.8918918918918919,0.03906253848808463,2.313263598091343,33;37;45;47;50;53;58;98;100;102;103;104;105;106;107;108;109;110;111;112;113;114;115;116,33;40;44;82;86;89;90;93;96;97;98;99;101;102;105;106;109;110;172;174;177;178;179;180;181;182;269;277;278;279;290;293;294;297;298;301;302,24,37,1.0,1.0,2.7704125063381753,1.7367565811670005,-2.2477810874002895,True,True,True,True,True,pass
Nb252_aff_seq102_Y102C,Nb252 reported_seq Y102C,Nb252 IMGT 111 Y>C,Nb252 chain C auth 102 Y>C,102,Y,C,CDR3,False,3,8112103,Nb252_WT_rep03_seed8112103,424.76085205001414,-72.66358993123424,-94.78651783788037,-116.77328085986062,13.937847069204109,24,37,0.9166666666666666,0.8918918918918919,0.03906253848808463,2.313263598091343,33;37;45;47;50;53;58;98;100;102;103;104;105;106;107;108;109;110;111;112;113;114;115;116,33;40;44;82;86;89;90;93;96;97;98;99;101;102;105;106;109;110;172;174;177;178;179;180;181;182;269;277;278;279;290;293;294;297;298;301;302,24,37,1.0,1.0,1.8010013017209303,1.7367565811670005,-2.2477810874002895,True,True,True,True,True,pass
Nb252_aff_seq102_Y102D,Nb252 reported_seq Y102D,Nb252 IMGT 111 Y>D,Nb252 chain C auth 102 Y>D,102,Y,D,CDR3,False,1,8112101,Nb252_WT_rep01_seed8112101,421.76973571658993,-71.14551156101788,-94.15884386768008,-117.13912974402233,13.596751352341704,24,37,0.9166666666666666,0.8918918918918919,0.039485953839400775,2.3228440429708983,33;37;45;47;50;53;58;98;100;102;103;104;105;106;107;108;109;110;111;112;113;114;115;116,33;40;44;82;86;89;90;93;96;97;98;99;101;102;105;106;109;110;172;174;177;178;179;180;181;182;269;277;278;279;290;293;294;297;298;301;302,24,37,1.0,1.0,3.4299255983610237,2.364430551367292,-2.5888768042626946,True,True,True,True,True,pass
Nb252_aff_seq102_Y102D,Nb252 reported_seq Y102D,Nb252 IMGT 111 Y>D,Nb252 chain C auth 102 Y>D,102,Y,D,CDR3,False,2,8112102,Nb252_WT_rep02_seed8112102,421.76973571658993,-72.51130858482429,-94.15884386768008,-117.13912974402233,13.596751352341704,24,37,0.9166666666666666,0.8918918918918919,0.039485953839400775,2.3228440429708983,33;37;45;47;50;53;58;98;100;102;103;104;105;106;107;108;109;110;111;112;113;114;115;116,33;40;44;82;86;89;90;93;96;97;98;99;101;102;105;106;109;110;172;174;177;178;179;180;181;182;269;277;278;279;290;293;294;297;298;301;302,24,37,1.0,1.0,1.9532826481308803,2.364430551367292,-2.5888768042626946,True,True,True,True,True,pass
Nb252_aff_seq102_Y102D,Nb252 reported_seq Y102D,Nb252 IMGT 111 Y>D,Nb252 chain C auth 102 Y>D,102,Y,D,CDR3,False,3,8112103,Nb252_WT_rep03_seed8112103,421.76973571658993,-72.09629730212941,-94.15884386768008,-117.13912974402233,13.596751352341704,24,37,0.9166666666666666,0.8918918918918919,0.039485953839400775,2.3228440429708983,33;37;45;47;50;53;58;98;100;102;103;104;105;106;107;108;109;110;111;112;113;114;115;116,33;40;44;82;86;89;90;93;96;97;98;99;101;102;105;106;109;110;172;174;177;178;179;180;181;182;269;277;278;279;290;293;294;297;298;301;302,24,37,1.0,1.0,2.3682939308257573,2.364430551367292,-2.5888768042626946,True,True,True,True,True,pass
Nb252_aff_seq102_Y102E,Nb252 reported_seq Y102E,Nb252 IMGT 111 Y>E,Nb252 chain C auth 102 Y>E,102,Y,E,CDR3,False,1,8112101,Nb252_WT_rep01_seed8112101,421.0854688620402,-67.2893055922209,-91.43409097794567,-117.93004829084698,14.461933840846077,24,37,0.9166666666666666,0.8918918918918919,0.03829922136193337,2.3169161286358304,33;37;45;47;50;53;58;98;100;102;103;104;105;106;107;108;109;110;111;112;113;114;115;116,33;40;44;82;86;89;90;93;96;97;98;99;101;102;105;106;109;110;172;174;177;178;179;180;181;182;269;277;278;279;290;293;294;297;298;301;302,24,37,1.0,1.0,7.286131567158009,5.089183441101696,-1.7236943157583209,True,True,True,True,True,pass
Nb252_aff_seq102_Y102E,Nb252 reported_seq Y102E,Nb252 IMGT 111 Y>E,Nb252 chain C auth 102 Y>E,102,Y,E,CDR3,False,2,8112102,Nb252_WT_rep02_seed8112102,421.0854688620402,-66.38934682490844,-91.43409097794567,-117.93004829084698,14.461933840846077,24,37,0.9166666666666666,0.8918918918918919,0.03829922136193337,2.3169161286358304,33;37;45;47;50;53;58;98;100;102;103;104;105;106;107;108;109;110;111;112;113;114;115;116,33;40;44;82;86;89;90;93;96;97;98;99;101;102;105;106;109;110;172;174;177;178;179;180;181;182;269;277;278;279;290;293;294;297;298;301;302,24,37,1.0,1.0,8.075244408046728,5.089183441101696,-1.7236943157583209,True,True,True,True,True,pass
Nb252_aff_seq102_Y102E,Nb252 reported_seq Y102E,Nb252 IMGT 111 Y>E,Nb252 chain C auth 102 Y>E,102,Y,E,CDR3,False,3,8112103,Nb252_WT_rep03_seed8112103,421.0854688620402,-66.38934682490844,-91.43409097794567,-117.93004829084698,14.461933840846077,24,37,0.9166666666666666,0.8918918918918919,0.03829922136193337,2.3169161286358304,33;37;45;47;50;53;58;98;100;102;103;104;105;106;107;108;109;110;111;112;113;114;115;116,33;40;44;82;86;89;90;93;96;97;98;99;101;102;105;106;109;110;172;174;177;178;179;180;181;182;269;277;278;279;290;293;294;297;298;301;302,24,37,1.0,1.0,8.075244408046728,5.089183441101696,-1.7236943157583209,True,True,True,True,True,pass
Nb252_aff_seq102_Y102F,Nb252 reported_seq Y102F,Nb252 IMGT 111 Y>F,Nb252 chain C auth 102 Y>F,102,Y,F,CDR3,False,1,8112101,Nb252_WT_rep01_seed8112101,419.18278738466995,-75.41688865617311,-97.57106504241945,-120.27074176333407,15.924752907202267,24,37,0.9166666666666666,0.8918918918918919,0.044196688623744436,2.32170029736009,33;37;45;47;50;53;58;98;100;102;103;104;105;106;107;108;109;110;111;112;113;114;115;116,33;40;44;82;86;89;90;93;96;97;98;99;101;102;105;106;109;110;172;174;177;178;179;180;181;182;269;277;278;279;290;293;294;297;298;301;302,24,37,1.0,1.0,-0.8414514967942068,-1.0477906233720802,-0.26087524940213136,True,True,True,True,True,pass
Nb252_aff_seq102_Y102F,Nb252 reported_seq Y102F,Nb252 IMGT 111 Y>F,Nb252 chain C auth 102 Y>F,102,Y,F,CDR3,False,2,8112102,Nb252_WT_rep02_seed8112102,419.18278738466995,-75.41688865617311,-97.57106504241945,-120.27074176333407,15.924752907202267,24,37,0.9166666666666666,0.8918918918918919,0.044196688623744436,2.32170029736009,33;37;45;47;50;53;58;98;100;102;103;104;105;106;107;108;109;110;111;112;113;114;115;116,33;40;44;82;86;89;90;93;96;97;98;99;101;102;105;106;109;110;172;174;177;178;179;180;181;182;269;277;278;279;290;293;294;297;298;301;302,24,37,1.0,1.0,-0.9522974232179422,-1.0477906233720802,-0.26087524940213136,True,True,True,True,True,pass
Nb252_aff_seq102_Y102F,Nb252 reported_seq Y102F,Nb252 IMGT 111 Y>F,Nb252 chain C auth 102 Y>F,102,Y,F,CDR3,False,3,8112103,Nb252_WT_rep03_seed8112103,419.18278738466995,-74.5129313278415,-97.57106504241945,-120.27074176333407,15.924752907202267,24,37,0.9166666666666666,0.8918918918918919,0.044196688623744436,2.32170029736009,33;37;45;47;50;53;58;98;100;102;103;104;105;106;107;108;109;110;111;112;113;114;115;116,33;40;44;82;86;89;90;93;96;97;98;99;101;102;105;106;109;110;172;174;177;178;179;180;181;182;269;277;278;279;290;293;294;297;298;301;302,24,37,1.0,1.0,-0.048340094886327734,-1.0477906233720802,-0.26087524940213136,True,True,True,True,True,pass
Nb252_aff_seq102_Y102G,Nb252 reported_seq Y102G,Nb252 IMGT 111 Y>G,Nb252 chain C auth 102 Y>G,102,Y,G,CDR3,False,1,8112101,Nb252_WT_rep01_seed8112101,416.86465194788764,-69.82540714806726,-90.48781184725603,-115.27080521060746,13.931318488717624,24,37,0.9166666666666666,0.8918918918918919,0.037837217458470074,2.3100228958954885,33;37;45;47;50;53;58;98;100;102;103;104;105;106;107;108;109;110;111;112;113;114;115;116,33;40;44;82;86;89;90;93;96;97;98;99;101;102;105;106;109;110;172;174;177;178;179;180;181;182;269;277;278;279;290;293;294;297;298;301;302,24,37,1.0,1.0,4.750030011311651,6.035462571791342,-2.2543096678867744,True,True,True,True,True,pass
Nb252_aff_seq102_Y102G,Nb252 reported_seq Y102G,Nb252 IMGT 111 Y>G,Nb252 chain C auth 102 Y>G,102,Y,G,CDR3,False,2,8112102,Nb252_WT_rep02_seed8112102,416.86465194788764,-69.82540714806726,-90.48781184725603,-115.27080521060746,13.931318488717624,24,37,0.9166666666666666,0.8918918918918919,0.037837217458470074,2.3100228958954885,33;37;45;47;50;53;58;98;100;102;103;104;105;106;107;108;109;110;111;112;113;114;115;116,33;40;44;82;86;89;90;93;96;97;98;99;101;102;105;106;109;110;172;174;177;178;179;180;181;182;269;277;278;279;290;293;294;297;298;301;302,24,37,1.0,1.0,4.639184084887916,6.035462571791342,-2.2543096678867744,True,True,True,True,True,pass
Nb252_aff_seq102_Y102G,Nb252 reported_seq Y102G,Nb252 IMGT 111 Y>G,Nb252 chain C auth 102 Y>G,102,Y,G,CDR3,False,3,8112103,Nb252_WT_rep03_seed8112103,416.86465194788764,-70.08610140129906,-90.48781184725603,-115.27080521060746,13.931318488717624,24,37,0.9166666666666666,0.8918918918918919,0.037837217458470074,2.3100228958954885,33;37;45;47;50;53;58;98;100;102;103;104;105;106;107;108;109;110;111;112;113;114;115;116,33;40;44;82;86;89;90;93;96;97;98;99;101;102;105;106;109;110;172;174;177;178;179;180;181;182;269;277;278;279;290;293;294;297;298;301;302,24,37,1.0,1.0,4.378489831656111,6.035462571791342,-2.2543096678867744,True,True,True,True,True,pass
Nb252_aff_seq102_Y102H,Nb252 reported_seq Y102H,Nb252 IMGT 111 Y>H,Nb252 chain C auth 102 Y>H,102,Y,H,CDR3,False,1,8112101,Nb252_WT_rep01_seed8112101,419.36147150761843,-73.90888587057174,-96.9012695589813,-120.07095464965333,14.433453796657684,24,37,0.9166666666666666,0.8918918918918919,0.03946079339463141,2.3092112457105776,33;37;45;47;50;53;58;98;100;102;103;104;105;106;107;108;109;110;111;112;113;114;115;116,33;40;44;82;86;89;90;93;96;97;98;99;101;102;105;106;109;110;172;174;177;178;179;180;181;182;269;277;278;279;290;293;294;297;298;301;302,24,37,1.0,1.0,0.6665512888071703,-0.37799513993392964,-1.7521743599467143,True,True,True,True,True,pass
Nb252_aff_seq102_Y102H,Nb252 reported_seq Y102H,Nb252 IMGT 111 Y>H,Nb252 chain C auth 102 Y>H,102,Y,H,CDR3,False,2,8112102,Nb252_WT_rep02_seed8112102,419.36147150761843,-73.62081338229672,-96.9012695589813,-120.07095464965333,14.433453796657684,24,37,0.9166666666666666,0.8918918918918919,0.03946079339463141,2.3092112457105776,33;37;45;47;50;53;58;98;100;102;103;104;105;106;107;108;109;110;111;112;113;114;115;116,33;40;44;82;86;89;90;93;96;97;98;99;101;102;105;106;109;110;172;174;177;178;179;180;181;182;269;277;278;279;290;293;294;297;298;301;302,24,37,1.0,1.0,0.843777850658455,-0.37799513993392964,-1.7521743599467143,True,True,True,True,True,pass
Nb252_aff_seq102_Y102H,Nb252 reported_seq Y102H,Nb252 IMGT 111 Y>H,Nb252 chain C auth 102 Y>H,102,Y,H,CDR3,False,3,8112103,Nb252_WT_rep03_seed8112103,419.36147150761843,-75.91661117544055,-96.9012695589813,-120.07095464965333,14.433453796657684,24,37,0.9166666666666666,0.8918918918918919,0.03946079339463141,2.3092112457105776,33;37;45;47;50;53;58;98;100;102;103;104;105;106;107;108;109;110;111;112;113;114;115;116,33;40;44;82;86;89;90;93;96;97;98;99;101;102;105;106;109;110;172;174;177;178;179;180;181;182;269;277;278;279;290;293;294;297;298;301;302,24,37,1.0,1.0,-1.4520199424853786,-0.37799513993392964,-1.7521743599467143,True,True,True,True,True,pass
Nb252_aff_seq102_Y102I,Nb252 reported_seq Y102I,Nb252 IMGT 111 Y>I,Nb252 chain C auth 102 Y>I,102,Y,I,CDR3,False,1,8112101,Nb252_WT_rep01_seed8112101,421.85727618073497,-74.96009768300144,-97.19411202685131,-118.68748193777878,14.352233015082229,24,38,0.9166666666666666,0.918918918918919,0.038961975598437934,2.3088850381407218,33;37;45;47;50;53;58;98;100;102;103;104;105;106;107;108;109;110;111;112;113;114;115;116,33;36;40;44;82;86;89;90;93;96;97;98;99;101;102;105;106;109;110;172;174;177;178;179;180;181;182;269;277;278;279;290;293;294;297;298;301;302,24,37,1.0,1.0,-0.38466052362252867,-0.6708376078039464,-1.8333951415221694,True,True,True,True,True,pass
Nb252_aff_seq102_Y102I,Nb252 reported_seq Y102I,Nb252 IMGT 111 Y>I,Nb252 chain C auth 102 Y>I,102,Y,I,CDR3,False,2,8112102,Nb252_WT_rep02_seed8112102,421.85727618073497,-74.72752548726316,-97.19411202685131,-118.68748193777878,14.352233015082229,24,38,0.9166666666666666,0.918918918918919,0.038961975598437934,2.3088850381407218,33;37;45;47;50;53;58;98;100;102;103;104;105;106;107;108;109;110;111;112;113;114;115;116,33;36;40;44;82;86;89;90;93;96;97;98;99;101;102;105;106;109;110;172;174;177;178;179;180;181;182;269;277;278;279;290;293;294;297;298;301;302,24,37,1.0,1.0,-0.2629342543079929,-0.6708376078039464,-1.8333951415221694,True,True,True,True,True,pass
Nb252_aff_seq102_Y102I,Nb252 reported_seq Y102I,Nb252 IMGT 111 Y>I,Nb252 chain C auth 102 Y>I,102,Y,I,CDR3,False,3,8112103,Nb252_WT_rep03_seed8112103,421.56168996159124,-75.40756308407259,-97.25881543786886,-119.14019753510195,15.112697507212177,24,38,0.9166666666666666,0.918918918918919,0.04083623051007247,2.317134026227791,33;37;45;47;50;53;58;98;100;102;103;104;105;106;107;108;109;110;111;112;113;114;115;116,33;36;40;44;82;86;89;90;93;96;97;98;99;101;102;105;106;109;110;172;174;177;178;179;180;181;182;269;277;278;279;290;293;294;297;298;301;302,24,37,1.0,1.0,-0.9429718511174201,-0.7355410188214933,-1.0729306493922213,True,True,True,True,True,pass
Nb252_aff_seq102_Y102K,Nb252 reported_seq Y102K,Nb252 IMGT 111 Y>K,Nb252 chain C auth 102 Y>K,102,Y,K,CDR3,False,1,8112101,Nb252_WT_rep01_seed8112101,419.9352413809363,-67.09230632783328,-93.44587354057316,-118.97225996720901,14.459219979564667,24,37,0.9166666666666666,0.8918918918918919,0.04015496870869677,2.314033523559471,33;37;45;47;50;53;58;98;100;102;103;104;105;106;107;108;109;110;111;112;113;114;115;116,33;40;44;82;86;89;90;93;96;97;98;99;101;102;105;106;109;110;172;174;177;178;179;180;181;182;269;277;278;279;290;293;294;297;298;301;302,24,37,1.0,1.0,7.483130831545623,3.077400878474208,-1.7264081770397315,True,True,True,True,True,pass
Nb252_aff_seq102_Y102K,Nb252 reported_seq Y102K,Nb252 IMGT 111 Y>K,Nb252 chain C auth 102 Y>K,102,Y,K,CDR3,False,2,8112102,Nb252_WT_rep02_seed8112102,416.76409015255103,-68.61958068678342,-93.88599956659914,-116.43308993878789,13.539683681970404,23,37,0.9166666666666666,0.8918918918918919,0.03958701237327943,2.3220984463996714,33;37;45;47;50;58;98;100;102;103;104;105;106;107;108;109;110;111;112;113;114;115;116,33;40;44;82;86;89;90;93;96;97;98;99;101;102;105;106;109;110;172;174;177;178;179;180;181;182;269;277;278;279;290;293;294;297;298;301;302,24,37,0.9583333333333334,1.0,5.84501054617175,2.637274852448229,-2.6459444746339944,True,True,True,True,True,pass
Nb252_aff_seq102_Y102K,Nb252 reported_seq Y102K,Nb252 IMGT 111 Y>K,Nb252 chain C auth 102 Y>K,102,Y,K,CDR3,False,3,8112103,Nb252_WT_rep03_seed8112103,419.9352413809363,-67.09230632783328,-93.44587354057316,-118.97225996720901,14.459219979564667,24,37,0.9166666666666666,0.8918918918918919,0.04015496870869677,2.314033523559471,33;37;45;47;50;53;58;98;100;102;103;104;105;106;107;108;109;110;111;112;113;114;115;116,33;40;44;82;86;89;90;93;96;97;98;99;101;102;105;106;109;110;172;174;177;178;179;180;181;182;269;277;278;279;290;293;294;297;298;301;302,24,37,1.0,1.0,7.372284905121887,3.077400878474208,-1.7264081770397315,True,True,True,True,True,pass
Nb252_aff_seq102_Y102L,Nb252 reported_seq Y102L,Nb252 IMGT 111 Y>L,Nb252 chain C auth 102 Y>L,102,Y,L,CDR3,False,1,8112101,Nb252_WT_rep01_seed8112101,422.0907614476287,-72.89584609562883,-95.58501492096111,-118.21033981872587,15.84772079930584,24,37,0.9166666666666666,0.8918918918918919,0.04210383450973175,2.310193904615515,33;37;45;47;50;53;58;98;100;102;103;104;105;106;107;108;109;110;111;112;113;114;115;116,33;40;44;82;86;89;90;93;96;97;98;99;101;102;105;106;109;110;172;174;177;178;179;180;181;182;269;277;278;279;290;293;294;297;298;301;302,24,37,1.0,1.0,1.679591063750081,0.9382594980862535,-0.33790735729855825,True,True,True,True,True,pass
Nb252_aff_seq102_Y102L,Nb252 reported_seq Y102L,Nb252 IMGT 111 Y>L,Nb252 chain C auth 102 Y>L,102,Y,L,CDR3,False,2,8112102,Nb252_WT_rep02_seed8112102,422.0907614476287,-73.18285534956306,-95.58501492096111,-118.21033981872587,15.84772079930584,24,37,0.9166666666666666,0.8918918918918919,0.04210383450973175,2.310193904615515,33;37;45;47;50;53;58;98;100;102;103;104;105;106;107;108;109;110;111;112;113;114;115;116,33;40;44;82;86;89;90;93;96;97;98;99;101;102;105;106;109;110;172;174;177;178;179;180;181;182;269;277;278;279;290;293;294;297;298;301;302,24,37,1.0,1.0,1.2817358833921162,0.9382594980862535,-0.33790735729855825,True,True,True,True,True,pass
Nb252_aff_seq102_Y102L,Nb252 reported_seq Y102L,Nb252 IMGT 111 Y>L,Nb252 chain C auth 102 Y>L,102,Y,L,CDR3,False,3,8112103,Nb252_WT_rep03_seed8112103,422.0907614476287,-72.89584609562883,-95.58501492096111,-118.21033981872587,15.84772079930584,24,37,0.9166666666666666,0.8918918918918919,0.04210383450973175,2.310193904615515,33;37;45;47;50;53;58;98;100;102;103;104;105;106;107;108;109;110;111;112;113;114;115;116,33;40;44;82;86;89;90;93;96;97;98;99;101;102;105;106;109;110;172;174;177;178;179;180;181;182;269;277;278;279;290;293;294;297;298;301;302,24,37,1.0,1.0,1.5687451373263457,0.9382594980862535,-0.33790735729855825,True,True,True,True,True,pass
Nb252_aff_seq102_Y102M,Nb252 reported_seq Y102M,Nb252 IMGT 111 Y>M,Nb252 chain C auth 102 Y>M,102,Y,M,CDR3,False,1,8112101,Nb252_WT_rep01_seed8112101,422.67040593650506,-70.79838785892099,-97.06844299953823,-118.33962784561196,13.985589689620085,23,38,0.9166666666666666,0.918918918918919,0.04035598282114284,2.3238959450944017,33;37;45;47;50;58;98;100;102;103;104;105;106;107;108;109;110;111;112;113;114;115;116,33;36;40;44;82;86;89;90;93;96;97;98;99;101;102;105;106;109;110;172;174;177;178;179;180;181;182;269;277;278;279;290;293;294;297;298;301;302,24,37,0.9583333333333334,1.0,3.777049300457918,-0.5451685804908664,-2.2000384669843136,True,True,True,True,True,pass
Nb252_aff_seq102_Y102M,Nb252 reported_seq Y102M,Nb252 IMGT 111 Y>M,Nb252 chain C auth 102 Y>M,102,Y,M,CDR3,False,2,8112102,Nb252_WT_rep02_seed8112102,422.67040593650506,-70.79838785892099,-97.06844299953823,-118.33962784561196,13.985589689620085,23,38,0.9166666666666666,0.918918918918919,0.04035598282114284,2.3238959450944017,33;37;45;47;50;58;98;100;102;103;104;105;106;107;108;109;110;111;112;113;114;115;116,33;36;40;44;82;86;89;90;93;96;97;98;99;101;102;105;106;109;110;172;174;177;178;179;180;181;182;269;277;278;279;290;293;294;297;298;301;302,24,37,0.9583333333333334,1.0,3.6662033740341826,-0.5451685804908664,-2.2000384669843136,True,True,True,True,True,pass
Nb252_aff_seq102_Y102M,Nb252 reported_seq Y102M,Nb252 IMGT 111 Y>M,Nb252 chain C auth 102 Y>M,102,Y,M,CDR3,False,3,8112103,Nb252_WT_rep03_seed8112103,429.4526054940808,-65.27727723553835,-97.00772166455991,-118.75285336830365,14.290122269103744,24,37,0.9166666666666666,0.8918918918918919,0.039770157721786256,2.318071723109417,33;37;45;47;50;53;58;98;100;102;103;104;105;106;107;108;109;110;111;112;113;114;115;116,33;40;44;82;86;89;90;93;96;97;98;99;101;102;105;106;109;110;172;174;177;178;179;180;181;182;269;277;278;279;290;293;294;297;298;301;302,24,37,1.0,1.0,9.187313997416823,-0.48444724551254126,-1.8955058875006543,True,True,True,True,True,pass
Nb252_aff_seq102_Y102N,Nb252 reported_seq Y102N,Nb252 IMGT 111 Y>N,Nb252 chain C auth 102 Y>N,102,Y,N,CDR3,False,1,8112101,Nb252_WT_rep01_seed8112101,418.71263432656735,-72.01280264136562,-95.196024204768,-117.94763396257919,14.054514629539048,24,37,0.9166666666666666,0.8918918918918919,0.040147745290558035,2.323536178298618,33;37;45;47;50;53;58;98;100;102;103;104;105;106;107;108;109;110;111;112;113;114;115;116,33;40;44;82;86;89;90;93;96;97;98;99;101;102;105;106;109;110;172;174;177;178;179;180;181;182;269;277;278;279;290;293;294;297;298;301;302,24,37,1.0,1.0,2.562634518013283,1.327250214279374,-2.1311135270653505,True,True,True,True,True,pass
Nb252_aff_seq102_Y102N,Nb252 reported_seq Y102N,Nb252 IMGT 111 Y>N,Nb252 chain C auth 102 Y>N,102,Y,N,CDR3,False,2,8112102,Nb252_WT_rep02_seed8112102,418.71263432656735,-72.01280264136562,-95.196024204768,-117.94763396257919,14.054514629539048,24,37,0.9166666666666666,0.8918918918918919,0.040147745290558035,2.323536178298618,33;37;45;47;50;53;58;98;100;102;103;104;105;106;107;108;109;110;111;112;113;114;115;116,33;40;44;82;86;89;90;93;96;97;98;99;101;102;105;106;109;110;172;174;177;178;179;180;181;182;269;277;278;279;290;293;294;297;298;301;302,24,37,1.0,1.0,2.4517885915895477,1.327250214279374,-2.1311135270653505,True,True,True,True,True,pass
Nb252_aff_seq102_Y102N,Nb252 reported_seq Y102N,Nb252 IMGT 111 Y>N,Nb252 chain C auth 102 Y>N,102,Y,N,CDR3,False,3,8112103,Nb252_WT_rep03_seed8112103,418.71263432656735,-72.93953368643486,-95.196024204768,-117.94763396257919,14.054514629539048,24,37,0.9166666666666666,0.8918918918918919,0.040147745290558035,2.323536178298618,33;37;45;47;50;53;58;98;100;102;103;104;105;106;107;108;109;110;111;112;113;114;115;116,33;40;44;82;86;89;90;93;96;97;98;99;101;102;105;106;109;110;172;174;177;178;179;180;181;182;269;277;278;279;290;293;294;297;298;301;302,24,37,1.0,1.0,1.5250575465203156,1.327250214279374,-2.1311135270653505,True,True,True,True,True,pass
Nb252_aff_seq102_Y102P,Nb252 reported_seq Y102P,Nb252 IMGT 111 Y>P,Nb252 chain C auth 102 Y>P,102,Y,P,CDR3,False,1,8112101,Nb252_WT_rep01_seed8112101,625.2898917495861,-68.7069185930626,-88.99591881980037,-116.36921818702204,15.621546929568352,23,37,0.875,0.8918918918918919,0.04958186019496369,2.3052847412075574,33;37;45;47;50;53;58;98;100;102;104;105;106;107;108;109;110;111;112;113;114;115;116,33;40;44;82;86;89;90;93;96;97;98;99;101;102;105;106;109;110;172;174;177;178;179;180;181;182;269;277;278;279;290;293;294;297;298;301;302,24,37,0.9583333333333334,1.0,5.868518566316311,7.527355599247002,-0.5640812270360467,True,True,True,True,True,pass
Nb252_aff_seq102_Y102P,Nb252 reported_seq Y102P,Nb252 IMGT 111 Y>P,Nb252 chain C auth 102 Y>P,102,Y,P,CDR3,False,2,8112102,Nb252_WT_rep02_seed8112102,625.2898917495861,-69.48982049742483,-88.99591881980037,-116.36921818702204,15.621546929568352,23,37,0.875,0.8918918918918919,0.04958186019496369,2.3052847412075574,33;37;45;47;50;53;58;98;100;102;104;105;106;107;108;109;110;111;112;113;114;115;116,33;40;44;82;86;89;90;93;96;97;98;99;101;102;105;106;109;110;172;174;177;178;179;180;181;182;269;277;278;279;290;293;294;297;298;301;302,24,37,0.9583333333333334,1.0,4.974770735530342,7.527355599247002,-0.5640812270360467,True,True,True,True,True,pass
Nb252_aff_seq102_Y102P,Nb252 reported_seq Y102P,Nb252 IMGT 111 Y>P,Nb252 chain C auth 102 Y>P,102,Y,P,CDR3,False,3,8112103,Nb252_WT_rep03_seed8112103,625.2898917495861,-68.59710226658933,-88.99591881980037,-116.36921818702204,15.621546929568352,23,37,0.875,0.8918918918918919,0.04958186019496369,2.3052847412075574,33;37;45;47;50;53;58;98;100;102;104;105;106;107;108;109;110;111;112;113;114;115;116,33;40;44;82;86;89;90;93;96;97;98;99;101;102;105;106;109;110;172;174;177;178;179;180;181;182;269;277;278;279;290;293;294;297;298;301;302,24,37,0.9583333333333334,1.0,5.8674889663658405,7.527355599247002,-0.5640812270360467,True,True,True,True,True,pass
Nb252_aff_seq102_Y102Q,Nb252 reported_seq Y102Q,Nb252 IMGT 111 Y>Q,Nb252 chain C auth 102 Y>Q,102,Y,Q,CDR3,False,1,8112101,Nb252_WT_rep01_seed8112101,423.9180167779395,-69.79574869272398,-94.8832286317929,-118.58191886260872,13.667927694531997,23,39,0.9166666666666666,0.9459459459459459,0.03947396555097065,2.3243574327474334,33;37;45;47;50;58;98;100;102;103;104;105;106;107;108;109;110;111;112;113;114;115;116,32;33;36;40;44;82;86;89;90;93;96;97;98;99;101;102;105;106;109;110;172;174;177;178;179;180;181;182;269;277;278;279;290;293;294;297;298;301;302,24,37,0.9583333333333334,1.0,4.779688466654932,1.640045787254465,-2.5177004620724013,True,True,True,True,True,pass
Nb252_aff_seq102_Y102Q,Nb252 reported_seq Y102Q,Nb252 IMGT 111 Y>Q,Nb252 chain C auth 102 Y>Q,102,Y,Q,CDR3,False,2,8112102,Nb252_WT_rep02_seed8112102,423.9180167779395,-70.06629953856947,-94.8832286317929,-118.58191886260872,13.667927694531997,23,39,0.9166666666666666,0.9459459459459459,0.03947396555097065,2.3243574327474334,33;37;45;47;50;58;98;100;102;103;104;105;106;107;108;109;110;111;112;113;114;115;116,32;33;36;40;44;82;86;89;90;93;96;97;98;99;101;102;105;106;109;110;172;174;177;178;179;180;181;182;269;277;278;279;290;293;294;297;298;301;302,24,37,0.9583333333333334,1.0,4.398291694385705,1.640045787254465,-2.5177004620724013,True,True,True,True,True,pass
Nb252_aff_seq102_Y102Q,Nb252 reported_seq Y102Q,Nb252 IMGT 111 Y>Q,Nb252 chain C auth 102 Y>Q,102,Y,Q,CDR3,False,3,8112103,Nb252_WT_rep03_seed8112103,423.9180167779395,-69.79574869272398,-94.8832286317929,-118.58191886260872,13.667927694531997,23,39,0.9166666666666666,0.9459459459459459,0.03947396555097065,2.3243574327474334,33;37;45;47;50;58;98;100;102;103;104;105;106;107;108;109;110;111;112;113;114;115;116,32;33;36;40;44;82;86;89;90;93;96;97;98;99;101;102;105;106;109;110;172;174;177;178;179;180;181;182;269;277;278;279;290;293;294;297;298;301;302,24,37,0.9583333333333334,1.0,4.668842540231196,1.640045787254465,-2.5177004620724013,True,True,True,True,True,pass
Nb252_aff_seq102_Y102R,Nb252 reported_seq Y102R,Nb252 IMGT 111 Y>R,Nb252 chain C auth 102 Y>R,102,Y,R,CDR3,False,1,8112101,Nb252_WT_rep01_seed8112101,424.234370648478,-67.90056577065923,-94.2365004955883,-120.28684303303267,14.266993596170646,23,39,0.9166666666666666,0.9459459459459459,0.0411108183544982,2.316918864839847,33;37;45;47;50;58;98;100;102;103;104;105;106;107;108;109;110;111;112;113;114;115;116,32;33;36;40;44;82;86;89;90;93;96;97;98;99;101;102;105;106;109;110;172;174;177;178;179;180;181;182;269;277;278;279;290;293;294;297;298;301;302,24,37,0.9583333333333334,1.0,6.67487138871968,2.286773923459066,-1.9186345604337518,True,True,True,True,True,pass
Nb252_aff_seq102_Y102R,Nb252 reported_seq Y102R,Nb252 IMGT 111 Y>R,Nb252 chain C auth 102 Y>R,102,Y,R,CDR3,False,2,8112102,Nb252_WT_rep02_seed8112102,426.30634959766417,-66.65781880123137,-95.40846079545643,-119.08061041227941,14.2076575964014,24,37,0.9166666666666666,0.8918918918918919,0.040068706315448475,2.3238132715486675,33;37;45;47;50;53;58;98;100;102;103;104;105;106;107;108;109;110;111;112;113;114;115;116,33;40;44;82;86;89;90;93;96;97;98;99;101;102;105;106;109;110;172;174;177;178;179;180;181;182;269;277;278;279;290;293;294;297;298;301;302,24,37,1.0,1.0,7.8067724317238,1.1148136235909334,-1.9779705602029978,True,True,True,True,True,pass
Nb252_aff_seq102_Y102R,Nb252 reported_seq Y102R,Nb252 IMGT 111 Y>R,Nb252 chain C auth 102 Y>R,102,Y,R,CDR3,False,3,8112103,Nb252_WT_rep03_seed8112103,426.30634959766417,-66.21542702658377,-95.40846079545643,-119.08061041227941,14.2076575964014,24,37,0.9166666666666666,0.8918918918918919,0.040068706315448475,2.3238132715486675,33;37;45;47;50;53;58;98;100;102;103;104;105;106;107;108;109;110;111;112;113;114;115;116,33;40;44;82;86;89;90;93;96;97;98;99;101;102;105;106;109;110;172;174;177;178;179;180;181;182;269;277;278;279;290;293;294;297;298;301;302,24,37,1.0,1.0,8.249164206371404,1.1148136235909334,-1.9779705602029978,True,True,True,True,True,pass
Nb252_aff_seq102_Y102S,Nb252 reported_seq Y102S,Nb252 IMGT 111 Y>S,Nb252 chain C auth 102 Y>S,102,Y,S,CDR3,False,1,8112101,Nb252_WT_rep01_seed8112101,418.829840375361,-71.93040518174831,-93.63063031698653,-115.94895645068374,13.786792414553268,24,37,0.9166666666666666,0.8918918918918919,0.0397094003714435,2.321143910959902,33;37;45;47;50;53;58;98;100;102;103;104;105;106;107;108;109;110;111;112;113;114;115;116,33;40;44;82;86;89;90;93;96;97;98;99;101;102;105;106;109;110;172;174;177;178;179;180;181;182;269;277;278;279;290;293;294;297;298;301;302,24,37,1.0,1.0,2.6450319776305946,2.892644102060842,-2.39883574205113,True,True,True,True,True,pass
Nb252_aff_seq102_Y102S,Nb252 reported_seq Y102S,Nb252 IMGT 111 Y>S,Nb252 chain C auth 102 Y>S,102,Y,S,CDR3,False,2,8112102,Nb252_WT_rep02_seed8112102,418.829840375361,-72.86520311228918,-93.63063031698653,-115.94895645068374,13.786792414553268,24,37,0.9166666666666666,0.8918918918918919,0.0397094003714435,2.321143910959902,33;37;45;47;50;53;58;98;100;102;103;104;105;106;107;108;109;110;111;112;113;114;115;116,33;40;44;82;86;89;90;93;96;97;98;99;101;102;105;106;109;110;172;174;177;178;179;180;181;182;269;277;278;279;290;293;294;297;298;301;302,24,37,1.0,1.0,1.5993881206659921,2.892644102060842,-2.39883574205113,True,True,True,True,True,pass
Nb252_aff_seq102_Y102S,Nb252 reported_seq Y102S,Nb252 IMGT 111 Y>S,Nb252 chain C auth 102 Y>S,102,Y,S,CDR3,False,3,8112103,Nb252_WT_rep03_seed8112103,419.5484956889046,-71.54072025253879,-94.1019824246636,-116.00841499045355,13.397510474606015,24,37,0.9166666666666666,0.8918918918918919,0.03941225595053281,2.3209446497516653,33;37;45;47;50;53;58;98;100;102;103;104;105;106;107;108;109;110;111;112;113;114;115;116,33;40;44;82;86;89;90;93;96;97;98;99;101;102;105;106;109;110;172;174;177;178;179;180;181;182;269;277;278;279;290;293;294;297;298;301;302,24,37,1.0,1.0,2.923870980416382,2.4212919943837647,-2.788117681998383,True,True,True,True,True,pass
Nb252_aff_seq102_Y102T,Nb252 reported_seq Y102T,Nb252 IMGT 111 Y>T,Nb252 chain C auth 102 Y>T,102,Y,T,CDR3,False,1,8112101,Nb252_WT_rep01_seed8112101,413.41954318013904,-72.42260835876112,-95.5187030446722,-116.95455653535663,13.710033798098799,24,37,0.9166666666666666,0.8918918918918919,0.039636816190626596,2.3225874795449886,33;37;45;47;50;53;58;98;100;102;103;104;105;106;107;108;109;110;111;112;113;114;115;116,33;40;44;82;86;89;90;93;96;97;98;99;101;102;105;106;109;110;172;174;177;178;179;180;181;182;269;277;278;279;290;293;294;297;298;301;302,24,37,1.0,1.0,2.152828800617783,1.0045713743751747,-2.4755943585055995,True,True,True,True,True,pass
Nb252_aff_seq102_Y102T,Nb252 reported_seq Y102T,Nb252 IMGT 111 Y>T,Nb252 chain C auth 102 Y>T,102,Y,T,CDR3,False,2,8112102,Nb252_WT_rep02_seed8112102,413.41954318013904,-72.42260835876112,-95.5187030446722,-116.95455653535663,13.710033798098799,24,37,0.9166666666666666,0.8918918918918919,0.039636816190626596,2.3225874795449886,33;37;45;47;50;53;58;98;100;102;103;104;105;106;107;108;109;110;111;112;113;114;115;116,33;40;44;82;86;89;90;93;96;97;98;99;101;102;105;106;109;110;172;174;177;178;179;180;181;182;269;277;278;279;290;293;294;297;298;301;302,24,37,1.0,1.0,2.041982874194048,1.0045713743751747,-2.4755943585055995,True,True,True,True,True,pass
Nb252_aff_seq102_Y102T,Nb252 reported_seq Y102T,Nb252 IMGT 111 Y>T,Nb252 chain C auth 102 Y>T,102,Y,T,CDR3,False,3,8112103,Nb252_WT_rep03_seed8112103,413.41954318013904,-74.0311380907446,-95.5187030446722,-116.95455653535663,13.710033798098799,24,37,0.9166666666666666,0.8918918918918919,0.039636816190626596,2.3225874795449886,33;37;45;47;50;53;58;98;100;102;103;104;105;106;107;108;109;110;111;112;113;114;115;116,33;40;44;82;86;89;90;93;96;97;98;99;101;102;105;106;109;110;172;174;177;178;179;180;181;182;269;277;278;279;290;293;294;297;298;301;302,24,37,1.0,1.0,0.43345314221056697,1.0045713743751747,-2.4755943585055995,True,True,True,True,True,pass
Nb252_aff_seq102_Y102V,Nb252 reported_seq Y102V,Nb252 IMGT 111 Y>V,Nb252 chain C auth 102 Y>V,102,Y,V,CDR3,False,1,8112101,Nb252_WT_rep01_seed8112101,420.2646500871937,-73.81093574786433,-96.91801016045588,-117.31921705058407,13.789770257649105,24,37,0.9166666666666666,0.8918918918918919,0.039353518341557384,2.320065779020293,33;37;45;47;50;53;58;98;100;102;103;104;105;106;107;108;109;110;111;112;113;114;115;116,33;40;44;82;86;89;90;93;96;97;98;99;101;102;105;106;109;110;172;174;177;178;179;180;181;182;269;277;278;279;290;293;294;297;298;301;302,24,37,1.0,1.0,0.7645014115145727,-0.3947357414085104,-2.3958578989552937,True,True,True,True,True,pass
Nb252_aff_seq102_Y102V,Nb252 reported_seq Y102V,Nb252 IMGT 111 Y>V,Nb252 chain C auth 102 Y>V,102,Y,V,CDR3,False,2,8112102,Nb252_WT_rep02_seed8112102,420.2646500871937,-73.81093574786433,-96.91801016045588,-117.31921705058407,13.789770257649105,24,37,0.9166666666666666,0.8918918918918919,0.039353518341557384,2.320065779020293,33;37;45;47;50;53;58;98;100;102;103;104;105;106;107;108;109;110;111;112;113;114;115;116,33;40;44;82;86;89;90;93;96;97;98;99;101;102;105;106;109;110;172;174;177;178;179;180;181;182;269;277;278;279;290;293;294;297;298;301;302,24,37,1.0,1.0,0.6536554850908374,-0.3947357414085104,-2.3958578989552937,True,True,True,True,True,pass
Nb252_aff_seq102_Y102V,Nb252 reported_seq Y102V,Nb252 IMGT 111 Y>V,Nb252 chain C auth 102 Y>V,102,Y,V,CDR3,False,3,8112103,Nb252_WT_rep03_seed8112103,420.2646500871937,-75.21114790584289,-96.91801016045588,-117.31921705058407,13.789770257649105,24,37,0.9166666666666666,0.8918918918918919,0.039353518341557384,2.320065779020293,33;37;45;47;50;53;58;98;100;102;103;104;105;106;107;108;109;110;111;112;113;114;115;116,33;40;44;82;86;89;90;93;96;97;98;99;101;102;105;106;109;110;172;174;177;178;179;180;181;182;269;277;278;279;290;293;294;297;298;301;302,24,37,1.0,1.0,-0.7465566728877207,-0.3947357414085104,-2.3958578989552937,True,True,True,True,True,pass
Nb252_aff_seq102_Y102W,Nb252 reported_seq Y102W,Nb252 IMGT 111 Y>W,Nb252 chain C auth 102 Y>W,102,Y,W,CDR3,False,1,8112101,Nb252_WT_rep01_seed8112101,422.8688932556932,-76.391843012697,-99.50482944713912,-122.03561981526309,15.746512586241959,24,38,0.9166666666666666,0.918918918918919,0.040131567835989104,2.3224428728971205,33;37;45;47;50;53;58;98;100;102;103;104;105;106;107;108;109;110;111;112;113;114;115;116,33;37;40;44;82;86;89;90;93;96;97;98;99;101;102;105;106;109;110;172;174;177;178;179;180;181;182;269;277;278;279;290;293;294;297;298;301;302,24,37,1.0,1.0,-1.8164058533180878,-2.9815550280917478,-0.4391155703624392,True,True,True,True,True,pass
Nb252_aff_seq102_Y102W,Nb252 reported_seq Y102W,Nb252 IMGT 111 Y>W,Nb252 chain C auth 102 Y>W,102,Y,W,CDR3,False,2,8112102,Nb252_WT_rep02_seed8112102,422.8688932556932,-75.06880041130984,-99.50482944713912,-122.03561981526309,15.746512586241959,24,38,0.9166666666666666,0.918918918918919,0.040131567835989104,2.3224428728971205,33;37;45;47;50;53;58;98;100;102;103;104;105;106;107;108;109;110;111;112;113;114;115;116,33;37;40;44;82;86;89;90;93;96;97;98;99;101;102;105;106;109;110;172;174;177;178;179;180;181;182;269;277;278;279;290;293;294;297;298;301;302,24,37,1.0,1.0,-0.6042091783546653,-2.9815550280917478,-0.4391155703624392,True,True,True,True,True,pass
Nb252_aff_seq102_Y102W,Nb252 reported_seq Y102W,Nb252 IMGT 111 Y>W,Nb252 chain C auth 102 Y>W,102,Y,W,CDR3,False,3,8112103,Nb252_WT_rep03_seed8112103,422.8688932556932,-75.95361760457115,-99.50482944713912,-122.03561981526309,15.746512586241959,24,38,0.9166666666666666,0.918918918918919,0.040131567835989104,2.3224428728971205,33;37;45;47;50;53;58;98;100;102;103;104;105;106;107;108;109;110;111;112;113;114;115;116,33;37;40;44;82;86;89;90;93;96;97;98;99;101;102;105;106;109;110;172;174;177;178;179;180;181;182;269;277;278;279;290;293;294;297;298;301;302,24,37,1.0,1.0,-1.489026371615978,-2.9815550280917478,-0.4391155703624392,True,True,True,True,True,pass
Nb252_aff_seq103_I103A,Nb252 reported_seq I103A,Nb252 IMGT 111A I>A,Nb252 chain C auth 103 I>A,103,I,A,CDR3,True,1,8112101,Nb252_WT_rep01_seed8112101,426.44834771015906,-70.51642397191927,-93.97343301109343,-118.63084077909032,16.215543698870942,24,37,0.9166666666666666,0.8918918918918919,0.04426491082435716,2.321778092302776,33;37;45;47;50;53;58;98;100;102;103;104;105;106;107;108;109;110;111;112;113;114;115;116,33;40;44;82;86;89;90;93;96;97;98;99;101;102;105;106;109;110;172;174;177;178;179;180;181;182;269;277;278;279;290;293;294;297;298;301;302,24,37,1.0,1.0,4.059013187459641,2.5498414079539344,0.029915542266543582,True,True,True,True,True,pass
Nb252_aff_seq103_I103A,Nb252 reported_seq I103A,Nb252 IMGT 111A I>A,Nb252 chain C auth 103 I>A,103,I,A,CDR3,True,2,8112102,Nb252_WT_rep02_seed8112102,426.44834771015906,-70.1161675715291,-93.97343301109343,-118.63084077909032,16.215543698870942,24,37,0.9166666666666666,0.8918918918918919,0.04426491082435716,2.321778092302776,33;37;45;47;50;53;58;98;100;102;103;104;105;106;107;108;109;110;111;112;113;114;115;116,33;40;44;82;86;89;90;93;96;97;98;99;101;102;105;106;109;110;172;174;177;178;179;180;181;182;269;277;278;279;290;293;294;297;298;301;302,24,37,1.0,1.0,4.348423661426068,2.5498414079539344,0.029915542266543582,True,True,True,True,True,pass
Nb252_aff_seq103_I103A,Nb252 reported_seq I103A,Nb252 IMGT 111A I>A,Nb252 chain C auth 103 I>A,103,I,A,CDR3,True,3,8112103,Nb252_WT_rep03_seed8112103,426.44834771015906,-70.1161675715291,-93.97343301109343,-118.63084077909032,16.215543698870942,24,37,0.9166666666666666,0.8918918918918919,0.04426491082435716,2.321778092302776,33;37;45;47;50;53;58;98;100;102;103;104;105;106;107;108;109;110;111;112;113;114;115;116,33;40;44;82;86;89;90;93;96;97;98;99;101;102;105;106;109;110;172;174;177;178;179;180;181;182;269;277;278;279;290;293;294;297;298;301;302,24,37,1.0,1.0,4.348423661426068,2.5498414079539344,0.029915542266543582,True,True,True,True,True,pass
Nb252_aff_seq103_I103C,Nb252 reported_seq I103C,Nb252 IMGT 111A I>C,Nb252 chain C auth 103 I>C,103,I,C,CDR3,True,1,8112101,Nb252_WT_rep01_seed8112101,427.8577769650884,-70.19276408879796,-93.91120849240946,-120.43712023748422,17.43715724769173,24,38,0.9166666666666666,0.918918918918919,0.04279426942756441,2.3253966517622637,33;37;45;47;50;53;58;98;100;102;103;104;105;106;107;108;109;110;111;112;113;114;115;116,33;37;40;44;82;86;89;90;93;96;97;98;99;101;102;105;106;109;110;172;174;177;178;179;180;181;182;269;277;278;279;290;293;294;297;298;301;302,24,37,1.0,1.0,4.38267307058095,2.6120659266379107,1.2515290910873311,True,True,True,True,True,pass
Nb252_aff_seq103_I103C,Nb252 reported_seq I103C,Nb252 IMGT 111A I>C,Nb252 chain C auth 103 I>C,103,I,C,CDR3,True,2,8112102,Nb252_WT_rep02_seed8112102,427.8577769650884,-70.19276408879796,-93.91120849240946,-120.43712023748422,17.43715724769173,24,38,0.9166666666666666,0.918918918918919,0.04279426942756441,2.3253966517622637,33;37;45;47;50;53;58;98;100;102;103;104;105;106;107;108;109;110;111;112;113;114;115;116,33;37;40;44;82;86;89;90;93;96;97;98;99;101;102;105;106;109;110;172;174;177;178;179;180;181;182;269;277;278;279;290;293;294;297;298;301;302,24,37,1.0,1.0,4.271827144157214,2.6120659266379107,1.2515290910873311,True,True,True,True,True,pass
Nb252_aff_seq103_I103C,Nb252 reported_seq I103C,Nb252 IMGT 111A I>C,Nb252 chain C auth 103 I>C,103,I,C,CDR3,True,3,8112103,Nb252_WT_rep03_seed8112103,427.8577769650884,-69.28468572065447,-93.91120849240946,-120.43712023748422,17.43715724769173,24,38,0.9166666666666666,0.918918918918919,0.04279426942756441,2.3253966517622637,33;37;45;47;50;53;58;98;100;102;103;104;105;106;107;108;109;110;111;112;113;114;115;116,33;37;40;44;82;86;89;90;93;96;97;98;99;101;102;105;106;109;110;172;174;177;178;179;180;181;182;269;277;278;279;290;293;294;297;298;301;302,24,37,1.0,1.0,5.1799055123007065,2.6120659266379107,1.2515290910873311,True,True,True,True,True,pass
Nb252_aff_seq103_I103D,Nb252 reported_seq I103D,Nb252 IMGT 111A I>D,Nb252 chain C auth 103 I>D,103,I,D,CDR3,True,1,8112101,Nb252_WT_rep01_seed8112101,427.9932205953211,-70.26507631923823,-92.27632392282575,-119.5274357307338,16.230782144568543,24,38,0.9166666666666666,0.918918918918919,0.04277088460748645,2.314457708069578,33;37;45;47;50;53;58;98;100;102;103;104;105;106;107;108;109;110;111;112;113;114;115;116,33;37;40;44;82;86;89;90;93;96;97;98;99;101;102;105;106;109;110;172;174;177;178;179;180;181;182;269;277;278;279;290;293;294;297;298;301;302,24,37,1.0,1.0,4.3103608401406746,4.246950496221615,0.04515398796414516,True,True,True,True,True,pass
Nb252_aff_seq103_I103D,Nb252 reported_seq I103D,Nb252 IMGT 111A I>D,Nb252 chain C auth 103 I>D,103,I,D,CDR3,True,2,8112102,Nb252_WT_rep02_seed8112102,427.9932205953211,-69.31881667255004,-92.27632392282575,-119.5274357307338,16.230782144568543,24,38,0.9166666666666666,0.918918918918919,0.04277088460748645,2.314457708069578,33;37;45;47;50;53;58;98;100;102;103;104;105;106;107;108;109;110;111;112;113;114;115;116,33;37;40;44;82;86;89;90;93;96;97;98;99;101;102;105;106;109;110;172;174;177;178;179;180;181;182;269;277;278;279;290;293;294;297;298;301;302,24,37,1.0,1.0,5.14577456040513,4.246950496221615,0.04515398796414516,True,True,True,True,True,pass
Nb252_aff_seq103_I103D,Nb252 reported_seq I103D,Nb252 IMGT 111A I>D,Nb252 chain C auth 103 I>D,103,I,D,CDR3,True,3,8112103,Nb252_WT_rep03_seed8112103,427.9932205953211,-70.26507631923823,-92.27632392282575,-119.5274357307338,16.230782144568543,24,38,0.9166666666666666,0.918918918918919,0.04277088460748645,2.314457708069578,33;37;45;47;50;53;58;98;100;102;103;104;105;106;107;108;109;110;111;112;113;114;115;116,33;37;40;44;82;86;89;90;93;96;97;98;99;101;102;105;106;109;110;172;174;177;178;179;180;181;182;269;277;278;279;290;293;294;297;298;301;302,24,37,1.0,1.0,4.199514913716939,4.246950496221615,0.04515398796414516,True,True,True,True,True,pass
Nb252_aff_seq103_I103E,Nb252 reported_seq I103E,Nb252 IMGT 111A I>E,Nb252 chain C auth 103 I>E,103,I,E,CDR3,True,1,8112101,Nb252_WT_rep01_seed8112101,427.3253006551937,-68.67336002471018,-93.60908627087467,-120.13274412105021,16.364210339017216,24,38,0.9166666666666666,0.918918918918919,0.043189810976040986,2.313815238821697,33;37;45;47;50;53;58;98;100;102;103;104;105;106;107;108;109;110;111;112;113;114;115;116,33;37;40;44;82;86;89;90;93;96;97;98;99;101;102;105;106;109;110;172;174;177;178;179;180;181;182;269;277;278;279;290;293;294;297;298;301;302,24,37,1.0,1.0,5.90207713466873,2.9141881481726983,0.17858218241281776,True,True,True,True,True,pass
Nb252_aff_seq103_I103E,Nb252 reported_seq I103E,Nb252 IMGT 111A I>E,Nb252 chain C auth 103 I>E,103,I,E,CDR3,True,2,8112102,Nb252_WT_rep02_seed8112102,427.3253006551937,-68.95631095617262,-93.60908627087467,-120.13274412105021,16.364210339017216,24,38,0.9166666666666666,0.918918918918919,0.043189810976040986,2.313815238821697,33;37;45;47;50;53;58;98;100;102;103;104;105;106;107;108;109;110;111;112;113;114;115;116,33;37;40;44;82;86;89;90;93;96;97;98;99;101;102;105;106;109;110;172;174;177;178;179;180;181;182;269;277;278;279;290;293;294;297;298;301;302,24,37,1.0,1.0,5.508280276782557,2.9141881481726983,0.17858218241281776,True,True,True,True,True,pass
Nb252_aff_seq103_I103E,Nb252 reported_seq I103E,Nb252 IMGT 111A I>E,Nb252 chain C auth 103 I>E,103,I,E,CDR3,True,3,8112103,Nb252_WT_rep03_seed8112103,427.3253006551937,-68.67336002471018,-93.60908627087467,-120.13274412105021,16.364210339017216,24,38,0.9166666666666666,0.918918918918919,0.043189810976040986,2.313815238821697,33;37;45;47;50;53;58;98;100;102;103;104;105;106;107;108;109;110;111;112;113;114;115;116,33;37;40;44;82;86;89;90;93;96;97;98;99;101;102;105;106;109;110;172;174;177;178;179;180;181;182;269;277;278;279;290;293;294;297;298;301;302,24,37,1.0,1.0,5.791231208244994,2.9141881481726983,0.17858218241281776,True,True,True,True,True,pass
Nb252_aff_seq103_I103F,Nb252 reported_seq I103F,Nb252 IMGT 111A I>F,Nb252 chain C auth 103 I>F,103,I,F,CDR3,True,1,8112101,Nb252_WT_rep01_seed8112101,426.08403477514344,-69.25914726579629,-92.06084471937213,-118.63173148951408,16.121411808021925,24,37,0.9166666666666666,0.8918918918918919,0.04470311810896025,2.3166966070264374,33;37;45;47;50;53;58;98;100;102;103;104;105;106;107;108;109;110;111;112;113;114;115;116,33;40;43;44;82;86;89;90;93;96;97;98;99;101;102;105;106;109;110;172;174;177;178;179;180;181;182;269;277;278;279;290;293;294;297;298;301,24,37,1.0,0.972972972972973,5.316289893582621,4.462429699675241,-0.06421634858247316,True,True,True,True,True,pass
Nb252_aff_seq103_I103F,Nb252 reported_seq I103F,Nb252 IMGT 111A I>F,Nb252 chain C auth 103 I>F,103,I,F,CDR3,True,2,8112102,Nb252_WT_rep02_seed8112102,426.08403477514344,-69.68164335268273,-92.06084471937213,-118.63173148951408,16.121411808021925,24,37,0.9166666666666666,0.8918918918918919,0.04470311810896025,2.3166966070264374,33;37;45;47;50;53;58;98;100;102;103;104;105;106;107;108;109;110;111;112;113;114;115;116,33;40;43;44;82;86;89;90;93;96;97;98;99;101;102;105;106;109;110;172;174;177;178;179;180;181;182;269;277;278;279;290;293;294;297;298;301,24,37,1.0,0.972972972972973,4.782947880272445,4.462429699675241,-0.06421634858247316,True,True,True,True,True,pass
Nb252_aff_seq103_I103F,Nb252 reported_seq I103F,Nb252 IMGT 111A I>F,Nb252 chain C auth 103 I>F,103,I,F,CDR3,True,3,8112103,Nb252_WT_rep03_seed8112103,426.08403477514344,-69.25914726579629,-92.06084471937213,-118.63173148951408,16.121411808021925,24,37,0.9166666666666666,0.8918918918918919,0.04470311810896025,2.3166966070264374,33;37;45;47;50;53;58;98;100;102;103;104;105;106;107;108;109;110;111;112;113;114;115;116,33;40;43;44;82;86;89;90;93;96;97;98;99;101;102;105;106;109;110;172;174;177;178;179;180;181;182;269;277;278;279;290;293;294;297;298;301,24,37,1.0,0.972972972972973,5.205443967158885,4.462429699675241,-0.06421634858247316,True,True,True,True,True,pass
Nb252_aff_seq103_I103G,Nb252 reported_seq I103G,Nb252 IMGT 111A I>G,Nb252 chain C auth 103 I>G,103,I,G,CDR3,True,1,8112101,Nb252_WT_rep01_seed8112101,429.38241226150336,-68.8710367875803,-92.97225698382601,-117.83207087104265,16.060338498048583,24,37,0.9166666666666666,0.8918918918918919,0.04340477378478103,2.3171457874975747,33;37;45;47;50;53;58;98;100;102;103;104;105;106;107;108;109;110;111;112;113;114;115;116,33;40;44;82;86;89;90;93;96;97;98;99;101;102;105;106;109;110;172;174;177;178;179;180;181;182;269;277;278;279;290;293;294;297;298;301;302,24,37,1.0,1.0,5.704400371798613,3.551017435221354,-0.12528965855581475,True,True,True,True,True,pass
Nb252_aff_seq103_I103G,Nb252 reported_seq I103G,Nb252 IMGT 111A I>G,Nb252 chain C auth 103 I>G,103,I,G,CDR3,True,2,8112102,Nb252_WT_rep02_seed8112102,429.38241226150336,-69.80239018068079,-92.97225698382601,-117.83207087104265,16.060338498048583,24,37,0.9166666666666666,0.8918918918918919,0.04340477378478103,2.3171457874975747,33;37;45;47;50;53;58;98;100;102;103;104;105;106;107;108;109;110;111;112;113;114;115;116,33;40;44;82;86;89;90;93;96;97;98;99;101;102;105;106;109;110;172;174;177;178;179;180;181;182;269;277;278;279;290;293;294;297;298;301;302,24,37,1.0,1.0,4.6622010522743835,3.551017435221354,-0.12528965855581475,True,True,True,True,True,pass
Nb252_aff_seq103_I103G,Nb252 reported_seq I103G,Nb252 IMGT 111A I>G,Nb252 chain C auth 103 I>G,103,I,G,CDR3,True,3,8112103,Nb252_WT_rep03_seed8112103,429.38241226150336,-69.80239018068079,-92.97225698382601,-117.83207087104265,16.060338498048583,24,37,0.9166666666666666,0.8918918918918919,0.04340477378478103,2.3171457874975747,33;37;45;47;50;53;58;98;100;102;103;104;105;106;107;108;109;110;111;112;113;114;115;116,33;40;44;82;86;89;90;93;96;97;98;99;101;102;105;106;109;110;172;174;177;178;179;180;181;182;269;277;278;279;290;293;294;297;298;301;302,24,37,1.0,1.0,4.6622010522743835,3.551017435221354,-0.12528965855581475,True,True,True,True,True,pass
Nb252_aff_seq103_I103H,Nb252 reported_seq I103H,Nb252 IMGT 111A I>H,Nb252 chain C auth 103 I>H,103,I,H,CDR3,True,1,8112101,Nb252_WT_rep01_seed8112101,425.93597732090643,-72.15965176432007,-95.41017842794244,-121.78314759491825,16.039651041357033,24,37,0.9166666666666666,0.8918918918918919,0.043609327184235484,2.320872788528343,33;37;45;47;50;53;58;98;100;102;103;104;105;106;107;108;109;110;111;112;113;114;115;116,33;40;44;82;86;89;90;93;96;97;98;99;101;102;105;106;109;110;172;174;177;178;179;180;181;182;269;277;278;279;290;293;294;297;298;301;302,24,37,1.0,1.0,2.4157853950588333,1.1130959911049274,-0.14597711524736567,True,True,True,True,True,pass
Nb252_aff_seq103_I103H,Nb252 reported_seq I103H,Nb252 IMGT 111A I>H,Nb252 chain C auth 103 I>H,103,I,H,CDR3,True,2,8112102,Nb252_WT_rep02_seed8112102,425.93597732090643,-72.15965176432007,-95.41017842794244,-121.78314759491825,16.039651041357033,24,37,0.9166666666666666,0.8918918918918919,0.043609327184235484,2.320872788528343,33;37;45;47;50;53;58;98;100;102;103;104;105;106;107;108;109;110;111;112;113;114;115;116,33;40;44;82;86;89;90;93;96;97;98;99;101;102;105;106;109;110;172;174;177;178;179;180;181;182;269;277;278;279;290;293;294;297;298;301;302,24,37,1.0,1.0,2.304939468635098,1.1130959911049274,-0.14597711524736567,True,True,True,True,True,pass
Nb252_aff_seq103_I103H,Nb252 reported_seq I103H,Nb252 IMGT 111A I>H,Nb252 chain C auth 103 I>H,103,I,H,CDR3,True,3,8112103,Nb252_WT_rep03_seed8112103,425.93597732090643,-73.16523414095758,-95.41017842794244,-121.78314759491825,16.039651041357033,24,37,0.9166666666666666,0.8918918918918919,0.043609327184235484,2.320872788528343,33;37;45;47;50;53;58;98;100;102;103;104;105;106;107;108;109;110;111;112;113;114;115;116,33;40;44;82;86;89;90;93;96;97;98;99;101;102;105;106;109;110;172;174;177;178;179;180;181;182;269;277;278;279;290;293;294;297;298;301;302,24,37,1.0,1.0,1.2993570919975923,1.1130959911049274,-0.14597711524736567,True,True,True,True,True,pass
Nb252_aff_seq103_I103K,Nb252 reported_seq I103K,Nb252 IMGT 111A I>K,Nb252 chain C auth 103 I>K,103,I,K,CDR3,True,1,8112101,Nb252_WT_rep01_seed8112101,425.9057473602024,-68.70473921644123,-95.07146041815199,-121.06960618417243,16.36176508442329,24,37,0.9166666666666666,0.8918918918918919,0.04341140297802409,2.322388486266504,33;37;45;47;50;53;58;98;100;102;103;104;105;106;107;108;109;110;111;112;113;114;115;116,33;40;44;82;86;89;90;93;96;97;98;99;101;102;105;106;109;110;172;174;177;178;179;180;181;182;269;277;278;279;290;293;294;297;298;301;302,24,37,1.0,1.0,5.8706979429376815,1.4518140008953822,0.17613692781889156,True,True,True,True,True,pass
Nb252_aff_seq103_I103K,Nb252 reported_seq I103K,Nb252 IMGT 111A I>K,Nb252 chain C auth 103 I>K,103,I,K,CDR3,True,2,8112102,Nb252_WT_rep02_seed8112102,425.9057473602024,-69.37004948045211,-95.07146041815199,-121.06960618417243,16.36176508442329,24,37,0.9166666666666666,0.8918918918918919,0.04341140297802409,2.322388486266504,33;37;45;47;50;53;58;98;100;102;103;104;105;106;107;108;109;110;111;112;113;114;115;116,33;40;44;82;86;89;90;93;96;97;98;99;101;102;105;106;109;110;172;174;177;178;179;180;181;182;269;277;278;279;290;293;294;297;298;301;302,24,37,1.0,1.0,5.094541752503062,1.4518140008953822,0.17613692781889156,True,True,True,True,True,pass
Nb252_aff_seq103_I103K,Nb252 reported_seq I103K,Nb252 IMGT 111A I>K,Nb252 chain C auth 103 I>K,103,I,K,CDR3,True,3,8112103,Nb252_WT_rep03_seed8112103,425.9057473602024,-69.77942405413052,-95.07146041815199,-121.06960618417243,16.36176508442329,24,37,0.9166666666666666,0.8918918918918919,0.04341140297802409,2.322388486266504,33;37;45;47;50;53;58;98;100;102;103;104;105;106;107;108;109;110;111;112;113;114;115;116,33;40;44;82;86;89;90;93;96;97;98;99;101;102;105;106;109;110;172;174;177;178;179;180;181;182;269;277;278;279;290;293;294;297;298;301;302,24,37,1.0,1.0,4.685167178824656,1.4518140008953822,0.17613692781889156,True,True,True,True,True,pass
Nb252_aff_seq103_I103L,Nb252 reported_seq I103L,Nb252 IMGT 111A I>L,Nb252 chain C auth 103 I>L,103,I,L,CDR3,True,1,8112101,Nb252_WT_rep01_seed8112101,425.903579458837,-70.38868490266071,-94.36993527590161,-121.63155849864054,19.046610798396543,24,38,0.9166666666666666,0.918918918918919,0.04456987918146456,2.3197956164058224,33;37;45;47;50;53;58;98;100;102;103;104;105;106;107;108;109;110;111;112;113;114;115;116,33;37;40;44;82;86;89;90;93;96;97;98;99;101;102;105;106;109;110;172;174;177;178;179;180;181;182;269;277;278;279;290;293;294;297;298;301;302,24,37,1.0,1.0,4.186752256718194,2.1533391431457574,2.8609826417921447,True,True,True,True,True,pass
Nb252_aff_seq103_I103L,Nb252 reported_seq I103L,Nb252 IMGT 111A I>L,Nb252 chain C auth 103 I>L,103,I,L,CDR3,True,2,8112102,Nb252_WT_rep02_seed8112102,425.903579458837,-69.17509523966692,-94.36993527590161,-121.63155849864054,19.046610798396543,24,38,0.9166666666666666,0.918918918918919,0.04456987918146456,2.3197956164058224,33;37;45;47;50;53;58;98;100;102;103;104;105;106;107;108;109;110;111;112;113;114;115;116,33;37;40;44;82;86;89;90;93;96;97;98;99;101;102;105;106;109;110;172;174;177;178;179;180;181;182;269;277;278;279;290;293;294;297;298;301;302,24,37,1.0,1.0,5.289495993288256,2.1533391431457574,2.8609826417921447,True,True,True,True,True,pass
Nb252_aff_seq103_I103L,Nb252 reported_seq I103L,Nb252 IMGT 111A I>L,Nb252 chain C auth 103 I>L,103,I,L,CDR3,True,3,8112103,Nb252_WT_rep03_seed8112103,425.903579458837,-69.60292370879915,-94.36993527590161,-121.63155849864054,19.046610798396543,24,38,0.9166666666666666,0.918918918918919,0.04456987918146456,2.3197956164058224,33;37;45;47;50;53;58;98;100;102;103;104;105;106;107;108;109;110;111;112;113;114;115;116,33;37;40;44;82;86;89;90;93;96;97;98;99;101;102;105;106;109;110;172;174;177;178;179;180;181;182;269;277;278;279;290;293;294;297;298;301;302,24,37,1.0,1.0,4.861667524156019,2.1533391431457574,2.8609826417921447,True,True,True,True,True,pass
Nb252_aff_seq103_I103M,Nb252 reported_seq I103M,Nb252 IMGT 111A I>M,Nb252 chain C auth 103 I>M,103,I,M,CDR3,True,1,8112101,Nb252_WT_rep01_seed8112101,426.05389553665304,-72.50980357240616,-96.80512972915933,-122.54450798212054,17.452797530144405,24,38,0.9166666666666666,0.918918918918919,0.043375123959507045,2.3134309154405557,33;37;45;47;50;53;58;98;100;102;103;104;105;106;107;108;109;110;111;112;113;114;115;116,33;37;40;44;82;86;89;90;93;96;97;98;99;101;102;105;106;109;110;172;174;177;178;179;180;181;182;269;277;278;279;290;293;294;297;298;301;302,24,37,1.0,1.0,2.0656335869727513,-0.28185531011196474,1.267169373540007,True,True,True,True,True,pass
Nb252_aff_seq103_I103M,Nb252 reported_seq I103M,Nb252 IMGT 111A I>M,Nb252 chain C auth 103 I>M,103,I,M,CDR3,True,2,8112102,Nb252_WT_rep02_seed8112102,426.05389553665304,-74.31244200579704,-96.80512972915933,-122.54450798212054,17.452797530144405,24,38,0.9166666666666666,0.918918918918919,0.043375123959507045,2.3134309154405557,33;37;45;47;50;53;58;98;100;102;103;104;105;106;107;108;109;110;111;112;113;114;115;116,33;37;40;44;82;86;89;90;93;96;97;98;99;101;102;105;106;109;110;172;174;177;178;179;180;181;182;269;277;278;279;290;293;294;297;298;301;302,24,37,1.0,1.0,0.15214922715813373,-0.28185531011196474,1.267169373540007,True,True,True,True,True,pass
Nb252_aff_seq103_I103M,Nb252 reported_seq I103M,Nb252 IMGT 111A I>M,Nb252 chain C auth 103 I>M,103,I,M,CDR3,True,3,8112103,Nb252_WT_rep03_seed8112103,426.05389553665304,-71.62374473208484,-96.80512972915933,-122.54450798212054,17.452797530144405,24,38,0.9166666666666666,0.918918918918919,0.043375123959507045,2.3134309154405557,33;37;45;47;50;53;58;98;100;102;103;104;105;106;107;108;109;110;111;112;113;114;115;116,33;37;40;44;82;86;89;90;93;96;97;98;99;101;102;105;106;109;110;172;174;177;178;179;180;181;182;269;277;278;279;290;293;294;297;298;301;302,24,37,1.0,1.0,2.8408465008703274,-0.28185531011196474,1.267169373540007,True,True,True,True,True,pass
Nb252_aff_seq103_I103N,Nb252 reported_seq I103N,Nb252 IMGT 111A I>N,Nb252 chain C auth 103 I>N,103,I,N,CDR3,True,1,8112101,Nb252_WT_rep01_seed8112101,425.9874961363177,-71.08291644938481,-94.46009408571432,-120.00484177605556,15.767117920136565,24,38,0.9166666666666666,0.918918918918919,0.043649042105483093,2.3130872042288417,33;37;45;47;50;53;58;98;100;102;103;104;105;106;107;108;109;110;111;112;113;114;115;116,33;37;40;44;82;86;89;90;93;96;97;98;99;101;102;105;106;109;110;172;174;177;178;179;180;181;182;269;277;278;279;290;293;294;297;298;301;302,24,37,1.0,1.0,3.4925207099940963,2.063180333333051,-0.41851023646783325,True,True,True,True,True,pass
Nb252_aff_seq103_I103N,Nb252 reported_seq I103N,Nb252 IMGT 111A I>N,Nb252 chain C auth 103 I>N,103,I,N,CDR3,True,2,8112102,Nb252_WT_rep02_seed8112102,425.9874961363177,-71.49993150078444,-94.46009408571432,-120.00484177605556,15.767117920136565,24,38,0.9166666666666666,0.918918918918919,0.043649042105483093,2.3130872042288417,33;37;45;47;50;53;58;98;100;102;103;104;105;106;107;108;109;110;111;112;113;114;115;116,33;37;40;44;82;86;89;90;93;96;97;98;99;101;102;105;106;109;110;172;174;177;178;179;180;181;182;269;277;278;279;290;293;294;297;298;301;302,24,37,1.0,1.0,2.9646597321707304,2.063180333333051,-0.41851023646783325,True,True,True,True,True,pass
Nb252_aff_seq103_I103N,Nb252 reported_seq I103N,Nb252 IMGT 111A I>N,Nb252 chain C auth 103 I>N,103,I,N,CDR3,True,3,8112103,Nb252_WT_rep03_seed8112103,425.9874961363177,-72.03635504737707,-94.46009408571432,-120.00484177605556,15.767117920136565,24,38,0.9166666666666666,0.918918918918919,0.043649042105483093,2.3130872042288417,33;37;45;47;50;53;58;98;100;102;103;104;105;106;107;108;109;110;111;112;113;114;115;116,33;37;40;44;82;86;89;90;93;96;97;98;99;101;102;105;106;109;110;172;174;177;178;179;180;181;182;269;277;278;279;290;293;294;297;298;301;302,24,37,1.0,1.0,2.4282361855781005,2.063180333333051,-0.41851023646783325,True,True,True,True,True,pass
Nb252_aff_seq103_I103P,Nb252 reported_seq I103P,Nb252 IMGT 111A I>P,Nb252 chain C auth 103 I>P,103,I,P,CDR3,True,1,8112101,Nb252_WT_rep01_seed8112101,516.6645395753258,-66.79375789288747,-89.28014255544537,-119.90962879718388,18.022745264516043,24,37,0.9166666666666666,0.918918918918919,0.04045790005234966,2.326177186498147,33;37;45;47;50;53;58;98;100;102;103;104;105;106;107;108;109;110;111;112;113;114;115;116,33;37;40;44;82;86;89;90;93;96;97;98;99;101;102;105;109;110;172;174;177;178;179;180;181;182;269;277;278;279;290;293;294;297;298;301;302,24,37,1.0,0.972972972972973,7.781679266491437,7.243131863602002,1.837117107911645,True,True,True,True,True,pass
Nb252_aff_seq103_I103P,Nb252 reported_seq I103P,Nb252 IMGT 111A I>P,Nb252 chain C auth 103 I>P,103,I,P,CDR3,True,2,8112102,Nb252_WT_rep02_seed8112102,516.6645395753258,-65.925813845064,-89.28014255544537,-119.90962879718388,18.022745264516043,24,37,0.9166666666666666,0.918918918918919,0.04045790005234966,2.326177186498147,33;37;45;47;50;53;58;98;100;102;103;104;105;106;107;108;109;110;111;112;113;114;115;116,33;37;40;44;82;86;89;90;93;96;97;98;99;101;102;105;109;110;172;174;177;178;179;180;181;182;269;277;278;279;290;293;294;297;298;301;302,24,37,1.0,0.972972972972973,8.538777387891173,7.243131863602002,1.837117107911645,True,True,True,True,True,pass
Nb252_aff_seq103_I103P,Nb252 reported_seq I103P,Nb252 IMGT 111A I>P,Nb252 chain C auth 103 I>P,103,I,P,CDR3,True,3,8112103,Nb252_WT_rep03_seed8112103,516.6645395753258,-65.925813845064,-89.28014255544537,-119.90962879718388,18.022745264516043,24,37,0.9166666666666666,0.918918918918919,0.04045790005234966,2.326177186498147,33;37;45;47;50;53;58;98;100;102;103;104;105;106;107;108;109;110;111;112;113;114;115;116,33;37;40;44;82;86;89;90;93;96;97;98;99;101;102;105;109;110;172;174;177;178;179;180;181;182;269;277;278;279;290;293;294;297;298;301;302,24,37,1.0,0.972972972972973,8.538777387891173,7.243131863602002,1.837117107911645,True,True,True,True,True,pass
Nb252_aff_seq103_I103Q,Nb252 reported_seq I103Q,Nb252 IMGT 111A I>Q,Nb252 chain C auth 103 I>Q,103,I,Q,CDR3,True,1,8112101,Nb252_WT_rep01_seed8112101,427.14398819978777,-67.625450115408,-95.12261386822497,-120.39679177324797,16.258146132472362,24,37,0.9166666666666666,0.8918918918918919,0.0438171185714886,2.317760195981361,33;37;45;47;50;53;58;98;100;102;103;104;105;106;107;108;109;110;111;112;113;114;115;116,33;40;44;82;86;89;90;93;96;97;98;99;101;102;105;106;109;110;172;174;177;178;179;180;181;182;269;277;278;279;290;293;294;297;298;301;302,24,37,1.0,1.0,6.949987043970907,1.4006605508223942,0.07251797586796371,True,True,True,True,True,pass
Nb252_aff_seq103_I103Q,Nb252 reported_seq I103Q,Nb252 IMGT 111A I>Q,Nb252 chain C auth 103 I>Q,103,I,Q,CDR3,True,2,8112102,Nb252_WT_rep02_seed8112102,427.14398819978777,-68.54402764373367,-95.12261386822497,-120.39679177324797,16.258146132472362,24,37,0.9166666666666666,0.8918918918918919,0.0438171185714886,2.317760195981361,33;37;45;47;50;53;58;98;100;102;103;104;105;106;107;108;109;110;111;112;113;114;115;116,33;40;44;82;86;89;90;93;96;97;98;99;101;102;105;106;109;110;172;174;177;178;179;180;181;182;269;277;278;279;290;293;294;297;298;301;302,24,37,1.0,1.0,5.920563589221501,1.4006605508223942,0.07251797586796371,True,True,True,True,True,pass
Nb252_aff_seq103_I103Q,Nb252 reported_seq I103Q,Nb252 IMGT 111A I>Q,Nb252 chain C auth 103 I>Q,103,I,Q,CDR3,True,3,8112103,Nb252_WT_rep03_seed8112103,427.14398819978777,-67.625450115408,-95.12261386822497,-120.39679177324797,16.258146132472362,24,37,0.9166666666666666,0.8918918918918919,0.0438171185714886,2.317760195981361,33;37;45;47;50;53;58;98;100;102;103;104;105;106;107;108;109;110;111;112;113;114;115;116,33;40;44;82;86;89;90;93;96;97;98;99;101;102;105;106;109;110;172;174;177;178;179;180;181;182;269;277;278;279;290;293;294;297;298;301;302,24,37,1.0,1.0,6.839141117547172,1.4006605508223942,0.07251797586796371,True,True,True,True,True,pass
Nb252_aff_seq103_I103R,Nb252 reported_seq I103R,Nb252 IMGT 111A I>R,Nb252 chain C auth 103 I>R,103,I,R,CDR3,True,1,8112101,Nb252_WT_rep01_seed8112101,425.92198655714355,-68.72178861956041,-95.29076227116437,-121.79497991256362,16.529366472159417,24,37,0.9166666666666666,0.8918918918918919,0.04398674991463473,2.316993220793044,33;37;45;47;50;53;58;98;100;102;103;104;105;106;107;108;109;110;111;112;113;114;115;116,33;40;44;82;86;89;90;93;96;97;98;99;101;102;105;106;109;110;172;174;177;178;179;180;181;182;269;277;278;279;290;293;294;297;298;301;302,24,37,1.0,1.0,5.853648539818494,1.232512147883,0.34373831555501866,True,True,True,True,True,pass
Nb252_aff_seq103_I103R,Nb252 reported_seq I103R,Nb252 IMGT 111A I>R,Nb252 chain C auth 103 I>R,103,I,R,CDR3,True,2,8112102,Nb252_WT_rep02_seed8112102,425.92198655714355,-69.01275320524275,-95.29076227116437,-121.79497991256362,16.529366472159417,24,37,0.9166666666666666,0.8918918918918919,0.04398674991463473,2.316993220793044,33;37;45;47;50;53;58;98;100;102;103;104;105;106;107;108;109;110;111;112;113;114;115;116,33;40;44;82;86;89;90;93;96;97;98;99;101;102;105;106;109;110;172;174;177;178;179;180;181;182;269;277;278;279;290;293;294;297;298;301;302,24,37,1.0,1.0,5.4518380277124265,1.232512147883,0.34373831555501866,True,True,True,True,True,pass
Nb252_aff_seq103_I103R,Nb252 reported_seq I103R,Nb252 IMGT 111A I>R,Nb252 chain C auth 103 I>R,103,I,R,CDR3,True,3,8112103,Nb252_WT_rep03_seed8112103,425.92198655714355,-70.00926149810726,-95.29076227116437,-121.79497991256362,16.529366472159417,24,37,0.9166666666666666,0.8918918918918919,0.04398674991463473,2.316993220793044,33;37;45;47;50;53;58;98;100;102;103;104;105;106;107;108;109;110;111;112;113;114;115;116,33;40;44;82;86;89;90;93;96;97;98;99;101;102;105;106;109;110;172;174;177;178;179;180;181;182;269;277;278;279;290;293;294;297;298;301;302,24,37,1.0,1.0,4.455329734847908,1.232512147883,0.34373831555501866,True,True,True,True,True,pass
Nb252_aff_seq103_I103S,Nb252 reported_seq I103S,Nb252 IMGT 111A I>S,Nb252 chain C auth 103 I>S,103,I,S,CDR3,True,1,8112101,Nb252_WT_rep01_seed8112101,425.76028634903,-69.5426192106155,-93.64865462010063,-118.3850372571221,15.705631312260092,24,37,0.9166666666666666,0.8918918918918919,0.04404076582108,2.327909623560899,33;37;45;47;50;53;58;98;100;102;103;104;105;106;107;108;109;110;111;112;113;114;115;116,33;40;44;82;86;89;90;93;96;97;98;99;101;102;105;106;109;110;172;174;177;178;179;180;181;182;269;277;278;279;290;293;294;297;298;301;302,24,37,1.0,1.0,5.032817948763409,2.874619798946739,-0.47999684434430634,True,True,True,True,True,pass
Nb252_aff_seq103_I103S,Nb252 reported_seq I103S,Nb252 IMGT 111A I>S,Nb252 chain C auth 103 I>S,103,I,S,CDR3,True,2,8112102,Nb252_WT_rep02_seed8112102,425.76028634903,-70.44988260310288,-93.64865462010063,-118.3850372571221,15.705631312260092,24,37,0.9166666666666666,0.8918918918918919,0.04404076582108,2.327909623560899,33;37;45;47;50;53;58;98;100;102;103;104;105;106;107;108;109;110;111;112;113;114;115;116,33;40;44;82;86;89;90;93;96;97;98;99;101;102;105;106;109;110;172;174;177;178;179;180;181;182;269;277;278;279;290;293;294;297;298;301;302,24,37,1.0,1.0,4.014708629852294,2.874619798946739,-0.47999684434430634,True,True,True,True,True,pass
Nb252_aff_seq103_I103S,Nb252 reported_seq I103S,Nb252 IMGT 111A I>S,Nb252 chain C auth 103 I>S,103,I,S,CDR3,True,3,8112103,Nb252_WT_rep03_seed8112103,425.76028634903,-70.44988260310288,-93.64865462010063,-118.3850372571221,15.705631312260092,24,37,0.9166666666666666,0.8918918918918919,0.04404076582108,2.327909623560899,33;37;45;47;50;53;58;98;100;102;103;104;105;106;107;108;109;110;111;112;113;114;115;116,33;40;44;82;86;89;90;93;96;97;98;99;101;102;105;106;109;110;172;174;177;178;179;180;181;182;269;277;278;279;290;293;294;297;298;301;302,24,37,1.0,1.0,4.014708629852294,2.874619798946739,-0.47999684434430634,True,True,True,True,True,pass
Nb252_aff_seq103_I103T,Nb252 reported_seq I103T,Nb252 IMGT 111A I>T,Nb252 chain C auth 103 I>T,103,I,T,CDR3,True,1,8112101,Nb252_WT_rep01_seed8112101,423.2791022123712,-72.460386468698,-94.95602474029462,-119.27641323989121,15.588053049699134,24,37,0.9166666666666666,0.8918918918918919,0.043960118290452474,2.318753102355772,33;37;45;47;50;53;58;98;100;102;103;104;105;106;107;108;109;110;111;112;113;114;115;116,33;40;44;82;86;89;90;93;96;97;98;99;101;102;105;106;109;110;172;174;177;178;179;180;181;182;269;277;278;279;290;293;294;297;298;301;302,24,37,1.0,1.0,2.115050690680903,1.567249678752745,-0.5975751069052642,True,True,True,True,True,pass
Nb252_aff_seq103_I103T,Nb252 reported_seq I103T,Nb252 IMGT 111A I>T,Nb252 chain C auth 103 I>T,103,I,T,CDR3,True,2,8112102,Nb252_WT_rep02_seed8112102,423.2791022123712,-71.52574377833207,-94.95602474029462,-119.27641323989121,15.588053049699134,24,37,0.9166666666666666,0.8918918918918919,0.043960118290452474,2.318753102355772,33;37;45;47;50;53;58;98;100;102;103;104;105;106;107;108;109;110;111;112;113;114;115;116,33;40;44;82;86;89;90;93;96;97;98;99;101;102;105;106;109;110;172;174;177;178;179;180;181;182;269;277;278;279;290;293;294;297;298;301;302,24,37,1.0,1.0,2.938847454623101,1.567249678752745,-0.5975751069052642,True,True,True,True,True,pass
Nb252_aff_seq103_I103T,Nb252 reported_seq I103T,Nb252 IMGT 111A I>T,Nb252 chain C auth 103 I>T,103,I,T,CDR3,True,3,8112103,Nb252_WT_rep03_seed8112103,423.2791022123712,-71.52574377833207,-94.95602474029462,-119.27641323989121,15.588053049699134,24,37,0.9166666666666666,0.8918918918918919,0.043960118290452474,2.318753102355772,33;37;45;47;50;53;58;98;100;102;103;104;105;106;107;108;109;110;111;112;113;114;115;116,33;40;44;82;86;89;90;93;96;97;98;99;101;102;105;106;109;110;172;174;177;178;179;180;181;182;269;277;278;279;290;293;294;297;298;301;302,24,37,1.0,1.0,2.938847454623101,1.567249678752745,-0.5975751069052642,True,True,True,True,True,pass
Nb252_aff_seq103_I103V,Nb252 reported_seq I103V,Nb252 IMGT 111A I>V,Nb252 chain C auth 103 I>V,103,I,V,CDR3,True,1,8112101,Nb252_WT_rep01_seed8112101,421.8757844224543,-73.98399303763568,-96.15927471582653,-120.34271303617078,16.29866813036404,24,37,0.9166666666666666,0.8918918918918919,0.04361592946546406,2.3126954235805144,33;37;45;47;50;53;58;98;100;102;103;104;105;106;107;108;109;110;111;112;113;114;115;116,33;40;44;82;86;89;90;93;96;97;98;99;101;102;105;106;109;110;172;174;177;178;179;180;181;182;269;277;278;279;290;293;294;297;298;301;302,24,37,1.0,1.0,0.5914441217432227,0.3639997032208413,0.11303997375964059,True,True,True,True,True,pass
Nb252_aff_seq103_I103V,Nb252 reported_seq I103V,Nb252 IMGT 111A I>V,Nb252 chain C auth 103 I>V,103,I,V,CDR3,True,2,8112102,Nb252_WT_rep02_seed8112102,421.8757844224543,-73.06322538311179,-96.15927471582653,-120.34271303617078,16.29866813036404,24,37,0.9166666666666666,0.8918918918918919,0.04361592946546406,2.3126954235805144,33;37;45;47;50;53;58;98;100;102;103;104;105;106;107;108;109;110;111;112;113;114;115;116,33;40;44;82;86;89;90;93;96;97;98;99;101;102;105;106;109;110;172;174;177;178;179;180;181;182;269;277;278;279;290;293;294;297;298;301;302,24,37,1.0,1.0,1.401365849843387,0.3639997032208413,0.11303997375964059,True,True,True,True,True,pass
Nb252_aff_seq103_I103V,Nb252 reported_seq I103V,Nb252 IMGT 111A I>V,Nb252 chain C auth 103 I>V,103,I,V,CDR3,True,3,8112103,Nb252_WT_rep03_seed8112103,421.8757844224543,-73.98399303763568,-96.15927471582653,-120.34271303617078,16.29866813036404,24,37,0.9166666666666666,0.8918918918918919,0.04361592946546406,2.3126954235805144,33;37;45;47;50;53;58;98;100;102;103;104;105;106;107;108;109;110;111;112;113;114;115;116,33;40;44;82;86;89;90;93;96;97;98;99;101;102;105;106;109;110;172;174;177;178;179;180;181;182;269;277;278;279;290;293;294;297;298;301;302,24,37,1.0,1.0,0.48059819531948733,0.3639997032208413,0.11303997375964059,True,True,True,True,True,pass
Nb252_aff_seq103_I103W,Nb252 reported_seq I103W,Nb252 IMGT 111A I>W,Nb252 chain C auth 103 I>W,103,I,W,CDR3,True,1,8112101,Nb252_WT_rep01_seed8112101,425.39055982257935,-74.98723435969237,-99.50062017333647,-125.53169075961395,17.246672776141548,24,39,0.9166666666666666,0.918918918918919,0.043822022062028544,2.316249504917212,33;37;45;47;50;53;58;98;100;102;103;104;105;106;107;108;109;110;111;112;113;114;115;116,33;37;40;41;44;82;86;89;90;93;96;97;98;99;101;102;105;106;109;110;172;174;177;178;179;180;181;182;269;277;278;279;290;293;294;297;298;301;302,24,37,1.0,1.0,-0.41179720031345823,-2.9773457542891038,1.0610446195371495,True,True,True,True,True,pass
Nb252_aff_seq103_I103W,Nb252 reported_seq I103W,Nb252 IMGT 111A I>W,Nb252 chain C auth 103 I>W,103,I,W,CDR3,True,2,8112102,Nb252_WT_rep02_seed8112102,425.39055982257935,-75.58050589727583,-99.50062017333647,-125.53169075961395,17.246672776141548,24,39,0.9166666666666666,0.918918918918919,0.043822022062028544,2.316249504917212,33;37;45;47;50;53;58;98;100;102;103;104;105;106;107;108;109;110;111;112;113;114;115;116,33;37;40;41;44;82;86;89;90;93;96;97;98;99;101;102;105;106;109;110;172;174;177;178;179;180;181;182;269;277;278;279;290;293;294;297;298;301;302,24,37,1.0,1.0,-1.1159146643206554,-2.9773457542891038,1.0610446195371495,True,True,True,True,True,pass
Nb252_aff_seq103_I103W,Nb252 reported_seq I103W,Nb252 IMGT 111A I>W,Nb252 chain C auth 103 I>W,103,I,W,CDR3,True,3,8112103,Nb252_WT_rep03_seed8112103,431.4457010841088,-75.23673944716711,-98.60802172084664,-125.0469145149124,17.136974309687215,24,39,0.9166666666666666,0.918918918918919,0.043220187954319936,2.3158685424139622,33;37;45;47;50;53;58;98;100;102;103;104;105;106;107;108;109;110;111;112;113;114;115;116,33;37;40;41;44;82;86;89;90;93;96;97;98;99;101;102;105;106;109;110;172;174;177;178;179;180;181;182;269;277;278;279;290;293;294;297;298;301;302,24,37,1.0,1.0,-0.7721482142119385,-2.0847473017992684,0.9513461530828167,True,True,True,True,True,pass
Nb252_aff_seq103_I103Y,Nb252 reported_seq I103Y,Nb252 IMGT 111A I>Y,Nb252 chain C auth 103 I>Y,103,I,Y,CDR3,True,1,8112101,Nb252_WT_rep01_seed8112101,426.765286559369,-68.54155859059375,-91.11678160181194,-119.29257146515371,16.311529930553867,24,38,0.9166666666666666,0.8918918918918919,0.0447229424405315,2.3116928350521566,33;37;45;47;50;53;58;98;100;102;103;104;105;106;107;108;109;110;111;112;113;114;115;116,33;40;43;44;82;86;89;90;93;96;97;98;99;101;102;105;106;109;110;172;174;177;178;179;180;181;182;269;277;278;279;290;293;294;297;298;301;302,24,37,1.0,1.0,6.0338785687851555,5.406492817235431,0.12590177394946878,True,True,True,True,True,pass
Nb252_aff_seq103_I103Y,Nb252 reported_seq I103Y,Nb252 IMGT 111A I>Y,Nb252 chain C auth 103 I>Y,103,I,Y,CDR3,True,2,8112102,Nb252_WT_rep02_seed8112102,426.765286559369,-69.38518015310052,-91.11678160181194,-119.29257146515371,16.311529930553867,24,38,0.9166666666666666,0.8918918918918919,0.0447229424405315,2.3116928350521566,33;37;45;47;50;53;58;98;100;102;103;104;105;106;107;108;109;110;111;112;113;114;115;116,33;40;43;44;82;86;89;90;93;96;97;98;99;101;102;105;106;109;110;172;174;177;178;179;180;181;182;269;277;278;279;290;293;294;297;298;301;302,24,37,1.0,1.0,5.079411079854651,5.406492817235431,0.12590177394946878,True,True,True,True,True,pass
Nb252_aff_seq103_I103Y,Nb252 reported_seq I103Y,Nb252 IMGT 111A I>Y,Nb252 chain C auth 103 I>Y,103,I,Y,CDR3,True,3,8112103,Nb252_WT_rep03_seed8112103,426.765286559369,-69.80059845750276,-91.11678160181194,-119.29257146515371,16.311529930553867,24,38,0.9166666666666666,0.8918918918918919,0.0447229424405315,2.3116928350521566,33;37;45;47;50;53;58;98;100;102;103;104;105;106;107;108;109;110;111;112;113;114;115;116,33;40;43;44;82;86;89;90;93;96;97;98;99;101;102;105;106;109;110;172;174;177;178;179;180;181;182;269;277;278;279;290;293;294;297;298;301;302,24,37,1.0,1.0,4.663992775452414,5.406492817235431,0.12590177394946878,True,True,True,True,True,pass
Nb252_aff_seq104_I104A,Nb252 reported_seq I104A,Nb252 IMGT 111B I>A,Nb252 chain C auth 104 I>A,104,I,A,CDR3,False,1,8112101,Nb252_WT_rep01_seed8112101,427.9259263609879,-69.99933542549536,-91.30460103676099,-115.86363171738468,15.25372114250561,24,35,0.9166666666666666,0.8378378378378378,0.044448702177222334,2.3050304911292403,33;37;45;47;50;53;58;98;100;102;103;104;105;106;107;108;109;110;111;112;113;114;115;116,33;40;44;82;86;90;93;96;97;98;99;102;105;106;109;110;172;174;177;178;179;180;181;182;269;277;278;279;290;293;294;297;298;301;302,24,37,1.0,0.9459459459459459,4.576101733883547,5.218673382286383,-0.9319070140987886,True,True,True,True,True,pass
Nb252_aff_seq104_I104A,Nb252 reported_seq I104A,Nb252 IMGT 111B I>A,Nb252 chain C auth 104 I>A,104,I,A,CDR3,False,2,8112102,Nb252_WT_rep02_seed8112102,427.9259263609879,-69.1623211061659,-91.30460103676099,-115.86363171738468,15.25372114250561,24,35,0.9166666666666666,0.8378378378378378,0.044448702177222334,2.3050304911292403,33;37;45;47;50;53;58;98;100;102;103;104;105;106;107;108;109;110;111;112;113;114;115;116,33;40;44;82;86;90;93;96;97;98;99;102;105;106;109;110;172;174;177;178;179;180;181;182;269;277;278;279;290;293;294;297;298;301;302,24,37,1.0,0.9459459459459459,5.302270126789267,5.218673382286383,-0.9319070140987886,True,True,True,True,True,pass
Nb252_aff_seq104_I104A,Nb252 reported_seq I104A,Nb252 IMGT 111B I>A,Nb252 chain C auth 104 I>A,104,I,A,CDR3,False,3,8112103,Nb252_WT_rep03_seed8112103,427.9259263609879,-70.84295251619699,-91.30460103676099,-115.86363171738468,15.25372114250561,24,35,0.9166666666666666,0.8378378378378378,0.044448702177222334,2.3050304911292403,33;37;45;47;50;53;58;98;100;102;103;104;105;106;107;108;109;110;111;112;113;114;115;116,33;40;44;82;86;90;93;96;97;98;99;102;105;106;109;110;172;174;177;178;179;180;181;182;269;277;278;279;290;293;294;297;298;301;302,24,37,1.0,0.9459459459459459,3.6216387167581843,5.218673382286383,-0.9319070140987886,True,True,True,True,True,pass
Nb252_aff_seq104_I104C,Nb252 reported_seq I104C,Nb252 IMGT 111B I>C,Nb252 chain C auth 104 I>C,104,I,C,CDR3,False,1,8112101,Nb252_WT_rep01_seed8112101,427.76423325061353,-70.02105303155304,-93.20253833941527,-117.98428458853024,15.202234894427562,24,35,0.9166666666666666,0.8378378378378378,0.04451199393012965,2.3080872925931906,33;37;45;47;50;53;58;98;100;102;103;104;105;106;107;108;109;110;111;112;113;114;115;116,33;40;44;82;86;90;93;96;97;98;99;102;105;106;109;110;172;174;177;178;179;180;181;182;269;277;278;279;290;293;294;297;298;301;302,24,37,1.0,0.9459459459459459,4.55438412782587,3.3207360796320984,-0.9833932621768362,True,True,True,True,True,pass
Nb252_aff_seq104_I104C,Nb252 reported_seq I104C,Nb252 IMGT 111B I>C,Nb252 chain C auth 104 I>C,104,I,C,CDR3,False,2,8112102,Nb252_WT_rep02_seed8112102,427.76423325061353,-70.02105303155304,-93.20253833941527,-117.98428458853024,15.202234894427562,24,35,0.9166666666666666,0.8378378378378378,0.04451199393012965,2.3080872925931906,33;37;45;47;50;53;58;98;100;102;103;104;105;106;107;108;109;110;111;112;113;114;115;116,33;40;44;82;86;90;93;96;97;98;99;102;105;106;109;110;172;174;177;178;179;180;181;182;269;277;278;279;290;293;294;297;298;301;302,24,37,1.0,0.9459459459459459,4.443538201402134,3.3207360796320984,-0.9833932621768362,True,True,True,True,True,pass
Nb252_aff_seq104_I104C,Nb252 reported_seq I104C,Nb252 IMGT 111B I>C,Nb252 chain C auth 104 I>C,104,I,C,CDR3,False,3,8112103,Nb252_WT_rep03_seed8112103,433.18251745818736,-70.50294543418033,-93.07105130604428,-117.27828839657535,14.684063051430915,24,35,0.9166666666666666,0.8378378378378378,0.04307710299065726,2.3065854199807085,33;37;45;47;50;53;58;98;100;102;103;104;105;106;107;108;109;110;111;112;113;114;115;116,33;40;44;82;86;90;93;96;97;98;99;102;105;106;109;110;172;174;177;178;179;180;181;182;269;277;278;279;290;293;294;297;298;301;302,24,37,1.0,0.9459459459459459,3.961645798774839,3.452223113003086,-1.5015651051734835,True,True,True,True,True,pass
Nb252_aff_seq104_I104D,Nb252 reported_seq I104D,Nb252 IMGT 111B I>D,Nb252 chain C auth 104 I>D,104,I,D,CDR3,False,1,8112101,Nb252_WT_rep01_seed8112101,427.8678433079464,-69.20324119659494,-89.8036602253488,-117.80351263741647,15.762017235611822,24,36,0.9166666666666666,0.8648648648648649,0.044574547284949625,2.3131951251774194,33;37;45;47;50;53;58;98;100;102;103;104;105;106;107;108;109;110;111;112;113;114;115;116,33;40;44;82;86;89;90;93;96;97;98;99;102;105;106;109;110;172;174;177;178;179;180;181;182;269;277;278;279;290;293;294;297;298;301;302,24,37,1.0,0.972972972972973,5.372195962783962,6.719614193698561,-0.42361092099257647,True,True,True,True,True,pass
Nb252_aff_seq104_I104D,Nb252 reported_seq I104D,Nb252 IMGT 111B I>D,Nb252 chain C auth 104 I>D,104,I,D,CDR3,False,2,8112102,Nb252_WT_rep02_seed8112102,427.8678433079464,-67.03841926405391,-89.8036602253488,-117.80351263741647,15.762017235611822,24,36,0.9166666666666666,0.8648648648648649,0.044574547284949625,2.3131951251774194,33;37;45;47;50;53;58;98;100;102;103;104;105;106;107;108;109;110;111;112;113;114;115;116,33;40;44;82;86;89;90;93;96;97;98;99;102;105;106;109;110;172;174;177;178;179;180;181;182;269;277;278;279;290;293;294;297;298;301;302,24,37,1.0,0.972972972972973,7.426171968901258,6.719614193698561,-0.42361092099257647,True,True,True,True,True,pass
Nb252_aff_seq104_I104D,Nb252 reported_seq I104D,Nb252 IMGT 111B I>D,Nb252 chain C auth 104 I>D,104,I,D,CDR3,False,3,8112103,Nb252_WT_rep03_seed8112103,427.8678433079464,-67.03841926405391,-89.8036602253488,-117.80351263741647,15.762017235611822,24,36,0.9166666666666666,0.8648648648648649,0.044574547284949625,2.3131951251774194,33;37;45;47;50;53;58;98;100;102;103;104;105;106;107;108;109;110;111;112;113;114;115;116,33;40;44;82;86;89;90;93;96;97;98;99;102;105;106;109;110;172;174;177;178;179;180;181;182;269;277;278;279;290;293;294;297;298;301;302,24,37,1.0,0.972972972972973,7.426171968901258,6.719614193698561,-0.42361092099257647,True,True,True,True,True,pass
Nb252_aff_seq104_I104E,Nb252 reported_seq I104E,Nb252 IMGT 111B I>E,Nb252 chain C auth 104 I>E,104,I,E,CDR3,False,1,8112101,Nb252_WT_rep01_seed8112101,428.9150011357277,-65.48335265035007,-89.5063113283459,-120.51474680368024,15.554024834296353,24,37,0.9166666666666666,0.8918918918918919,0.04383375778452472,2.317698892797368,33;37;45;47;50;53;58;98;100;102;103;104;105;106;107;108;109;110;111;112;113;114;115;116,33;40;44;82;86;89;90;93;96;97;98;99;101;102;105;106;109;110;172;174;177;178;179;180;181;182;269;277;278;279;290;293;294;297;298;301;302,24,37,1.0,1.0,9.092084509028837,7.016963090701466,-0.6316033223080453,True,True,True,True,True,pass
Nb252_aff_seq104_I104E,Nb252 reported_seq I104E,Nb252 IMGT 111B I>E,Nb252 chain C auth 104 I>E,104,I,E,CDR3,False,2,8112102,Nb252_WT_rep02_seed8112102,428.9150011357277,-66.69381403435352,-89.5063113283459,-120.51474680368024,15.554024834296353,24,37,0.9166666666666666,0.8918918918918919,0.04383375778452472,2.317698892797368,33;37;45;47;50;53;58;98;100;102;103;104;105;106;107;108;109;110;111;112;113;114;115;116,33;40;44;82;86;89;90;93;96;97;98;99;101;102;105;106;109;110;172;174;177;178;179;180;181;182;269;277;278;279;290;293;294;297;298;301;302,24,37,1.0,1.0,7.77077719860165,7.016963090701466,-0.6316033223080453,True,True,True,True,True,pass
Nb252_aff_seq104_I104E,Nb252 reported_seq I104E,Nb252 IMGT 111B I>E,Nb252 chain C auth 104 I>E,104,I,E,CDR3,False,3,8112103,Nb252_WT_rep03_seed8112103,428.9150011357277,-66.69381403435352,-89.5063113283459,-120.51474680368024,15.554024834296353,24,37,0.9166666666666666,0.8918918918918919,0.04383375778452472,2.317698892797368,33;37;45;47;50;53;58;98;100;102;103;104;105;106;107;108;109;110;111;112;113;114;115;116,33;40;44;82;86;89;90;93;96;97;98;99;101;102;105;106;109;110;172;174;177;178;179;180;181;182;269;277;278;279;290;293;294;297;298;301;302,24,37,1.0,1.0,7.77077719860165,7.016963090701466,-0.6316033223080453,True,True,True,True,True,pass
Nb252_aff_seq104_I104F,Nb252 reported_seq I104F,Nb252 IMGT 111B I>F,Nb252 chain C auth 104 I>F,104,I,F,CDR3,False,1,8112101,Nb252_WT_rep01_seed8112101,435.5584381667383,-63.00023941698947,-92.55026282515489,-120.04276479839336,17.622559395331262,24,37,0.9166666666666666,0.8918918918918919,0.04406785206008958,2.3090180049817284,33;37;45;47;50;53;58;98;100;102;103;104;105;106;107;108;109;110;111;112;113;114;115;116,33;37;40;44;82;86;90;93;96;97;98;99;101;102;105;106;109;110;172;174;177;178;179;180;181;182;269;277;278;279;290;293;294;297;298;301;302,24,37,1.0,0.972972972972973,11.575197742389435,3.9730115938924797,1.4369312387268636,True,True,True,True,True,pass
Nb252_aff_seq104_I104F,Nb252 reported_seq I104F,Nb252 IMGT 111B I>F,Nb252 chain C auth 104 I>F,104,I,F,CDR3,False,2,8112102,Nb252_WT_rep02_seed8112102,430.6046220384475,-79.0012596509224,-92.57728412737268,-118.29672298333577,15.443459563600738,24,37,0.9166666666666666,0.8918918918918919,0.04668148016424194,2.3098231528935624,33;37;45;47;50;53;58;98;100;102;103;104;105;106;107;108;109;110;111;112;113;114;115;116,33;40;44;82;86;89;90;93;96;97;98;99;101;102;105;106;109;110;172;174;177;178;179;180;181;182;269;277;278;279;290;293;294;297;298;301;302,24,37,1.0,1.0,-4.536668417967235,3.94599029167469,-0.7421685930036599,True,True,True,True,True,pass
Nb252_aff_seq104_I104F,Nb252 reported_seq I104F,Nb252 IMGT 111B I>F,Nb252 chain C auth 104 I>F,104,I,F,CDR3,False,3,8112103,Nb252_WT_rep03_seed8112103,432.8571223196143,-63.851202335373046,-93.05251764293509,-120.7249176878175,18.753816527970535,24,37,0.9166666666666666,0.8918918918918919,0.04460462321047361,2.3131633619138454,33;37;45;47;50;53;58;98;100;102;103;104;105;106;107;108;109;110;111;112;113;114;115;116,33;37;40;44;82;86;90;93;96;97;98;99;101;102;105;106;109;110;172;174;177;178;179;180;181;182;269;277;278;279;290;293;294;297;298;301;302,24,37,1.0,0.972972972972973,10.613388897582126,3.4707567761122817,2.568188371366137,True,True,True,True,True,pass
Nb252_aff_seq104_I104G,Nb252 reported_seq I104G,Nb252 IMGT 111B I>G,Nb252 chain C auth 104 I>G,104,I,G,CDR3,False,1,8112101,Nb252_WT_rep01_seed8112101,433.45714871507863,-66.44096740573178,-88.66785415220605,-114.50126784681153,15.123454307065405,23,35,0.875,0.8378378378378378,0.04390370592304936,2.3172156357314613,33;37;45;47;50;53;58;98;100;102;104;105;106;107;108;109;110;111;112;113;114;115;116,33;40;44;82;86;90;93;96;97;98;99;102;105;106;109;110;172;174;177;178;179;180;181;182;269;277;278;279;290;293;294;297;298;301;302,24,37,0.9583333333333334,0.9459459459459459,8.134469753647124,7.855420266841321,-1.0621738495389934,True,True,True,True,True,pass
Nb252_aff_seq104_I104G,Nb252 reported_seq I104G,Nb252 IMGT 111B I>G,Nb252 chain C auth 104 I>G,104,I,G,CDR3,False,2,8112102,Nb252_WT_rep02_seed8112102,433.45714871507863,-67.31110204308436,-88.66785415220605,-114.50126784681153,15.123454307065405,23,35,0.875,0.8378378378378378,0.04390370592304936,2.3172156357314613,33;37;45;47;50;53;58;98;100;102;104;105;106;107;108;109;110;111;112;113;114;115;116,33;40;44;82;86;90;93;96;97;98;99;102;105;106;109;110;172;174;177;178;179;180;181;182;269;277;278;279;290;293;294;297;298;301;302,24,37,0.9583333333333334,0.9459459459459459,7.153489189870811,7.855420266841321,-1.0621738495389934,True,True,True,True,True,pass
Nb252_aff_seq104_I104G,Nb252 reported_seq I104G,Nb252 IMGT 111B I>G,Nb252 chain C auth 104 I>G,104,I,G,CDR3,False,3,8112103,Nb252_WT_rep03_seed8112103,433.45714871507863,-68.97581585902435,-88.66785415220605,-114.50126784681153,15.123454307065405,23,35,0.875,0.8378378378378378,0.04390370592304936,2.3172156357314613,33;37;45;47;50;53;58;98;100;102;104;105;106;107;108;109;110;111;112;113;114;115;116,33;40;44;82;86;90;93;96;97;98;99;102;105;106;109;110;172;174;177;178;179;180;181;182;269;277;278;279;290;293;294;297;298;301;302,24,37,0.9583333333333334,0.9459459459459459,5.488775373930821,7.855420266841321,-1.0621738495389934,True,True,True,True,True,pass
Nb252_aff_seq104_I104H,Nb252 reported_seq I104H,Nb252 IMGT 111B I>H,Nb252 chain C auth 104 I>H,104,I,H,CDR3,False,1,8112101,Nb252_WT_rep01_seed8112101,431.3240322919697,-64.43467645546104,-90.11574051954106,-119.71633010181577,16.043374062179605,24,36,0.9166666666666666,0.8648648648648649,0.044034516043639144,2.3164531096418512,33;37;45;47;50;53;58;98;100;102;103;104;105;106;107;108;109;110;111;112;113;114;115;116,33;40;44;82;86;90;93;96;97;98;99;101;102;105;106;109;110;172;174;177;178;179;180;181;182;269;277;278;279;290;293;294;297;298;301;302,24,37,1.0,0.972972972972973,10.140760703917863,6.407533899506305,-0.14225409442479275,True,True,True,True,True,pass
Nb252_aff_seq104_I104H,Nb252 reported_seq I104H,Nb252 IMGT 111B I>H,Nb252 chain C auth 104 I>H,104,I,H,CDR3,False,2,8112102,Nb252_WT_rep02_seed8112102,431.3240322919697,-65.33437408124774,-90.11574051954106,-119.71633010181577,16.043374062179605,24,36,0.9166666666666666,0.8648648648648649,0.044034516043639144,2.3164531096418512,33;37;45;47;50;53;58;98;100;102;103;104;105;106;107;108;109;110;111;112;113;114;115;116,33;40;44;82;86;90;93;96;97;98;99;101;102;105;106;109;110;172;174;177;178;179;180;181;182;269;277;278;279;290;293;294;297;298;301;302,24,37,1.0,0.972972972972973,9.130217151707427,6.407533899506305,-0.14225409442479275,True,True,True,True,True,pass
Nb252_aff_seq104_I104H,Nb252 reported_seq I104H,Nb252 IMGT 111B I>H,Nb252 chain C auth 104 I>H,104,I,H,CDR3,False,3,8112103,Nb252_WT_rep03_seed8112103,431.3240322919697,-65.33437408124774,-90.11574051954106,-119.71633010181577,16.043374062179605,24,36,0.9166666666666666,0.8648648648648649,0.044034516043639144,2.3164531096418512,33;37;45;47;50;53;58;98;100;102;103;104;105;106;107;108;109;110;111;112;113;114;115;116,33;40;44;82;86;90;93;96;97;98;99;101;102;105;106;109;110;172;174;177;178;179;180;181;182;269;277;278;279;290;293;294;297;298;301;302,24,37,1.0,0.972972972972973,9.130217151707427,6.407533899506305,-0.14225409442479275,True,True,True,True,True,pass
Nb252_aff_seq104_I104K,Nb252 reported_seq I104K,Nb252 IMGT 111B I>K,Nb252 chain C auth 104 I>K,104,I,K,CDR3,False,1,8112101,Nb252_WT_rep01_seed8112101,432.1663424223573,-65.82689325682759,-90.51271131704813,-122.97045279938293,16.44285269214784,24,37,0.9166666666666666,0.8918918918918919,0.04442114119162801,2.3119479592661687,33;37;45;47;50;53;58;98;100;102;103;104;105;106;107;108;109;110;111;112;113;114;115;116,33;40;44;82;86;89;90;93;96;97;98;99;101;102;105;106;109;110;172;174;177;178;179;180;181;182;269;277;278;279;290;293;294;297;298;301;302,24,37,1.0,1.0,8.748543902551319,6.010563101999239,0.25722453554344327,True,True,True,True,True,pass
Nb252_aff_seq104_I104K,Nb252 reported_seq I104K,Nb252 IMGT 111B I>K,Nb252 chain C auth 104 I>K,104,I,K,CDR3,False,2,8112102,Nb252_WT_rep02_seed8112102,432.1663424223573,-64.96383042216218,-90.51271131704813,-122.97045279938293,16.44285269214784,24,37,0.9166666666666666,0.8918918918918919,0.04442114119162801,2.3119479592661687,33;37;45;47;50;53;58;98;100;102;103;104;105;106;107;108;109;110;111;112;113;114;115;116,33;40;44;82;86;89;90;93;96;97;98;99;101;102;105;106;109;110;172;174;177;178;179;180;181;182;269;277;278;279;290;293;294;297;298;301;302,24,37,1.0,1.0,9.500760810792997,6.010563101999239,0.25722453554344327,True,True,True,True,True,pass
Nb252_aff_seq104_I104K,Nb252 reported_seq I104K,Nb252 IMGT 111B I>K,Nb252 chain C auth 104 I>K,104,I,K,CDR3,False,3,8112103,Nb252_WT_rep03_seed8112103,432.1663424223573,-65.82689325682759,-90.51271131704813,-122.97045279938293,16.44285269214784,24,37,0.9166666666666666,0.8918918918918919,0.04442114119162801,2.3119479592661687,33;37;45;47;50;53;58;98;100;102;103;104;105;106;107;108;109;110;111;112;113;114;115;116,33;40;44;82;86;89;90;93;96;97;98;99;101;102;105;106;109;110;172;174;177;178;179;180;181;182;269;277;278;279;290;293;294;297;298;301;302,24,37,1.0,1.0,8.637697976127583,6.010563101999239,0.25722453554344327,True,True,True,True,True,pass
Nb252_aff_seq104_I104L,Nb252 reported_seq I104L,Nb252 IMGT 111B I>L,Nb252 chain C auth 104 I>L,104,I,L,CDR3,False,1,8112101,Nb252_WT_rep01_seed8112101,421.87622626365976,-74.21906056022362,-97.2719754039049,-121.21290319822401,16.105394031852708,24,37,0.9166666666666666,0.8918918918918919,0.04374567005063042,2.311352583382259,33;37;45;47;50;53;58;98;100;102;103;104;105;106;107;108;109;110;111;112;113;114;115;116,33;40;44;82;86;89;90;93;96;97;98;99;101;102;105;106;109;110;172;174;177;178;179;180;181;182;269;277;278;279;290;293;294;297;298;301;302,24,37,1.0,1.0,0.35637659915528275,-0.7487009848575354,-0.08023412475169067,True,True,True,True,True,pass
Nb252_aff_seq104_I104L,Nb252 reported_seq I104L,Nb252 IMGT 111B I>L,Nb252 chain C auth 104 I>L,104,I,L,CDR3,False,2,8112102,Nb252_WT_rep02_seed8112102,421.87622626365976,-73.29622462196221,-97.2719754039049,-121.21290319822401,16.105394031852708,24,37,0.9166666666666666,0.8918918918918919,0.04374567005063042,2.311352583382259,33;37;45;47;50;53;58;98;100;102;103;104;105;106;107;108;109;110;111;112;113;114;115;116,33;40;44;82;86;89;90;93;96;97;98;99;101;102;105;106;109;110;172;174;177;178;179;180;181;182;269;277;278;279;290;293;294;297;298;301;302,24,37,1.0,1.0,1.1683666109929618,-0.7487009848575354,-0.08023412475169067,True,True,True,True,True,pass
Nb252_aff_seq104_I104L,Nb252 reported_seq I104L,Nb252 IMGT 111B I>L,Nb252 chain C auth 104 I>L,104,I,L,CDR3,False,3,8112103,Nb252_WT_rep03_seed8112103,421.87622626365976,-74.21906056022362,-97.2719754039049,-121.21290319822401,16.105394031852708,24,37,0.9166666666666666,0.8918918918918919,0.04374567005063042,2.311352583382259,33;37;45;47;50;53;58;98;100;102;103;104;105;106;107;108;109;110;111;112;113;114;115;116,33;40;44;82;86;89;90;93;96;97;98;99;101;102;105;106;109;110;172;174;177;178;179;180;181;182;269;277;278;279;290;293;294;297;298;301;302,24,37,1.0,1.0,0.24553067273154738,-0.7487009848575354,-0.08023412475169067,True,True,True,True,True,pass
Nb252_aff_seq104_I104M,Nb252 reported_seq I104M,Nb252 IMGT 111B I>M,Nb252 chain C auth 104 I>M,104,I,M,CDR3,False,1,8112101,Nb252_WT_rep01_seed8112101,423.20713572926707,-75.8094040928774,-98.21234415184314,-123.29741920199831,16.46191502449725,24,37,0.9166666666666666,0.8918918918918919,0.04435508365924043,2.3197493282166666,33;37;45;47;50;53;58;98;100;102;103;104;105;106;107;108;109;110;111;112;113;114;115;116,33;40;44;82;86;89;90;93;96;97;98;99;101;102;105;106;109;110;172;174;177;178;179;180;181;182;269;277;278;279;290;293;294;297;298;301;302,24,37,1.0,1.0,-1.2339669334984933,-1.6890697327957724,0.2762868678928534,True,True,True,True,True,pass
Nb252_aff_seq104_I104M,Nb252 reported_seq I104M,Nb252 IMGT 111B I>M,Nb252 chain C auth 104 I>M,104,I,M,CDR3,False,2,8112102,Nb252_WT_rep02_seed8112102,423.20713572926707,-76.0836314520804,-98.21234415184314,-123.29741920199831,16.46191502449725,24,37,0.9166666666666666,0.8918918918918919,0.04435508365924043,2.3197493282166666,33;37;45;47;50;53;58;98;100;102;103;104;105;106;107;108;109;110;111;112;113;114;115;116,33;40;44;82;86;89;90;93;96;97;98;99;101;102;105;106;109;110;172;174;177;178;179;180;181;182;269;277;278;279;290;293;294;297;298;301;302,24,37,1.0,1.0,-1.6190402191252247,-1.6890697327957724,0.2762868678928534,True,True,True,True,True,pass
Nb252_aff_seq104_I104M,Nb252 reported_seq I104M,Nb252 IMGT 111B I>M,Nb252 chain C auth 104 I>M,104,I,M,CDR3,False,3,8112103,Nb252_WT_rep03_seed8112103,423.20713572926707,-75.39662420708225,-98.21234415184314,-123.29741920199831,16.46191502449725,24,37,0.9166666666666666,0.8918918918918919,0.04435508365924043,2.3197493282166666,33;37;45;47;50;53;58;98;100;102;103;104;105;106;107;108;109;110;111;112;113;114;115;116,33;40;44;82;86;89;90;93;96;97;98;99;101;102;105;106;109;110;172;174;177;178;179;180;181;182;269;277;278;279;290;293;294;297;298;301;302,24,37,1.0,1.0,-0.9320329741270825,-1.6890697327957724,0.2762868678928534,True,True,True,True,True,pass
Nb252_aff_seq104_I104N,Nb252 reported_seq I104N,Nb252 IMGT 111B I>N,Nb252 chain C auth 104 I>N,104,I,N,CDR3,False,1,8112101,Nb252_WT_rep01_seed8112101,427.98020601956864,-68.22266021643372,-90.48598179719247,-118.51775122376038,15.572847618953348,23,35,0.875,0.8378378378378378,0.04382516060119797,2.321054007341296,33;37;45;47;50;53;58;98;100;102;104;105;106;107;108;109;110;111;112;113;114;115;116,33;40;44;82;86;90;93;96;97;98;99;102;105;106;109;110;172;174;177;178;179;180;181;182;269;277;278;279;290;293;294;297;298;301;302,24,37,0.9583333333333334,0.9459459459459459,6.352776942945184,6.037292621854903,-0.6127805376510498,True,True,True,True,True,pass
Nb252_aff_seq104_I104N,Nb252 reported_seq I104N,Nb252 IMGT 111B I>N,Nb252 chain C auth 104 I>N,104,I,N,CDR3,False,2,8112102,Nb252_WT_rep02_seed8112102,427.98020601956864,-68.22266021643372,-90.48598179719247,-118.51775122376038,15.572847618953348,23,35,0.875,0.8378378378378378,0.04382516060119797,2.321054007341296,33;37;45;47;50;53;58;98;100;102;104;105;106;107;108;109;110;111;112;113;114;115;116,33;40;44;82;86;90;93;96;97;98;99;102;105;106;109;110;172;174;177;178;179;180;181;182;269;277;278;279;290;293;294;297;298;301;302,24,37,0.9583333333333334,0.9459459459459459,6.241931016521448,6.037292621854903,-0.6127805376510498,True,True,True,True,True,pass
Nb252_aff_seq104_I104N,Nb252 reported_seq I104N,Nb252 IMGT 111B I>N,Nb252 chain C auth 104 I>N,104,I,N,CDR3,False,3,8112103,Nb252_WT_rep03_seed8112103,427.98020601956864,-68.83485182537771,-90.48598179719247,-118.51775122376038,15.572847618953348,23,35,0.875,0.8378378378378378,0.04382516060119797,2.321054007341296,33;37;45;47;50;53;58;98;100;102;104;105;106;107;108;109;110;111;112;113;114;115;116,33;40;44;82;86;90;93;96;97;98;99;102;105;106;109;110;172;174;177;178;179;180;181;182;269;277;278;279;290;293;294;297;298;301;302,24,37,0.9583333333333334,0.9459459459459459,5.6297394075774605,6.037292621854903,-0.6127805376510498,True,True,True,True,True,pass
Nb252_aff_seq104_I104P,Nb252 reported_seq I104P,Nb252 IMGT 111B I>P,Nb252 chain C auth 104 I>P,104,I,P,CDR3,False,1,8112101,Nb252_WT_rep01_seed8112101,430.8274712625561,-63.28673806236105,-86.75530649117218,-116.07776537255353,15.883988003416231,23,35,0.875,0.8378378378378378,0.04474235301640383,2.3134760029558614,33;37;45;47;50;53;58;98;100;102;104;105;106;107;108;109;110;111;112;113;114;115;116,33;40;44;82;86;90;93;96;97;98;99;102;105;106;109;110;172;174;177;178;179;180;181;182;269;277;278;279;290;293;294;297;298;301;302,24,37,0.9583333333333334,0.9459459459459459,11.288699097017854,9.76796792787519,-0.30164015318816695,True,True,True,True,True,pass
Nb252_aff_seq104_I104P,Nb252 reported_seq I104P,Nb252 IMGT 111B I>P,Nb252 chain C auth 104 I>P,104,I,P,CDR3,False,2,8112102,Nb252_WT_rep02_seed8112102,430.8274712625561,-64.13667191432938,-86.75530649117218,-116.07776537255353,15.883988003416231,23,35,0.875,0.8378378378378378,0.04474235301640383,2.3134760029558614,33;37;45;47;50;53;58;98;100;102;104;105;106;107;108;109;110;111;112;113;114;115;116,33;40;44;82;86;90;93;96;97;98;99;102;105;106;109;110;172;174;177;178;179;180;181;182;269;277;278;279;290;293;294;297;298;301;302,24,37,0.9583333333333334,0.9459459459459459,10.327919318625788,9.76796792787519,-0.30164015318816695,True,True,True,True,True,pass
Nb252_aff_seq104_I104P,Nb252 reported_seq I104P,Nb252 IMGT 111B I>P,Nb252 chain C auth 104 I>P,104,I,P,CDR3,False,3,8112103,Nb252_WT_rep03_seed8112103,430.8274712625561,-64.13667191432938,-86.75530649117218,-116.07776537255353,15.883988003416231,23,35,0.875,0.8378378378378378,0.04474235301640383,2.3134760029558614,33;37;45;47;50;53;58;98;100;102;104;105;106;107;108;109;110;111;112;113;114;115;116,33;40;44;82;86;90;93;96;97;98;99;102;105;106;109;110;172;174;177;178;179;180;181;182;269;277;278;279;290;293;294;297;298;301;302,24,37,0.9583333333333334,0.9459459459459459,10.327919318625788,9.76796792787519,-0.30164015318816695,True,True,True,True,True,pass
Nb252_aff_seq104_I104Q,Nb252 reported_seq I104Q,Nb252 IMGT 111B I>Q,Nb252 chain C auth 104 I>Q,104,I,Q,CDR3,False,1,8112101,Nb252_WT_rep01_seed8112101,430.3138166226165,-66.22660181341308,-91.65625460802381,-119.9009320862105,15.899732594108894,24,36,0.9166666666666666,0.8648648648648649,0.043770343580761095,2.3215894834250825,33;37;45;47;50;53;58;98;100;102;103;104;105;106;107;108;109;110;111;112;113;114;115;116,33;40;44;82;86;89;90;93;96;97;98;99;102;105;106;109;110;172;174;177;178;179;180;181;182;269;277;278;279;290;293;294;297;298;301;302,24,37,1.0,0.972972972972973,8.348835345965824,4.867019811023553,-0.2858955624955044,True,True,True,True,True,pass
Nb252_aff_seq104_I104Q,Nb252 reported_seq I104Q,Nb252 IMGT 111B I>Q,Nb252 chain C auth 104 I>Q,104,I,Q,CDR3,False,2,8112102,Nb252_WT_rep02_seed8112102,430.3138166226165,-67.13125545812267,-91.65625460802381,-119.9009320862105,15.899732594108894,24,36,0.9166666666666666,0.8648648648648649,0.043770343580761095,2.3215894834250825,33;37;45;47;50;53;58;98;100;102;103;104;105;106;107;108;109;110;111;112;113;114;115;116,33;40;44;82;86;89;90;93;96;97;98;99;102;105;106;109;110;172;174;177;178;179;180;181;182;269;277;278;279;290;293;294;297;298;301;302,24,37,1.0,0.972972972972973,7.333335774832506,4.867019811023553,-0.2858955624955044,True,True,True,True,True,pass
Nb252_aff_seq104_I104Q,Nb252 reported_seq I104Q,Nb252 IMGT 111B I>Q,Nb252 chain C auth 104 I>Q,104,I,Q,CDR3,False,3,8112103,Nb252_WT_rep03_seed8112103,430.3138166226165,-66.09318185750527,-91.65625460802381,-119.9009320862105,15.899732594108894,24,36,0.9166666666666666,0.8648648648648649,0.043770343580761095,2.3215894834250825,33;37;45;47;50;53;58;98;100;102;103;104;105;106;107;108;109;110;111;112;113;114;115;116,33;40;44;82;86;89;90;93;96;97;98;99;102;105;106;109;110;172;174;177;178;179;180;181;182;269;277;278;279;290;293;294;297;298;301;302,24,37,1.0,0.972972972972973,8.3714093754499,4.867019811023553,-0.2858955624955044,True,True,True,True,True,pass
Nb252_aff_seq104_I104R,Nb252 reported_seq I104R,Nb252 IMGT 111B I>R,Nb252 chain C auth 104 I>R,104,I,R,CDR3,False,1,8112101,Nb252_WT_rep01_seed8112101,429.6913774042722,-66.09069345381391,-90.9643541514197,-121.7924328638267,17.410316862587653,24,36,0.9166666666666666,0.8648648648648649,0.046347464892322,2.3074919196873953,33;37;45;47;50;53;58;98;100;102;103;104;105;106;107;108;109;110;111;112;113;114;115;116,33;40;44;82;86;90;93;96;97;98;99;101;102;105;106;109;110;172;174;177;178;179;180;181;182;269;277;278;279;290;293;294;297;298;301;302,24,37,1.0,0.972972972972973,8.484743705564995,5.55892026762767,1.2246887059832545,True,True,True,True,True,pass
Nb252_aff_seq104_I104R,Nb252 reported_seq I104R,Nb252 IMGT 111B I>R,Nb252 chain C auth 104 I>R,104,I,R,CDR3,False,2,8112102,Nb252_WT_rep02_seed8112102,429.6913774042722,-66.09069345381391,-90.9643541514197,-121.7924328638267,17.410316862587653,24,36,0.9166666666666666,0.8648648648648649,0.046347464892322,2.3074919196873953,33;37;45;47;50;53;58;98;100;102;103;104;105;106;107;108;109;110;111;112;113;114;115;116,33;40;44;82;86;90;93;96;97;98;99;101;102;105;106;109;110;172;174;177;178;179;180;181;182;269;277;278;279;290;293;294;297;298;301;302,24,37,1.0,0.972972972972973,8.37389777914126,5.55892026762767,1.2246887059832545,True,True,True,True,True,pass
Nb252_aff_seq104_I104R,Nb252 reported_seq I104R,Nb252 IMGT 111B I>R,Nb252 chain C auth 104 I>R,104,I,R,CDR3,False,3,8112103,Nb252_WT_rep03_seed8112103,429.6913774042722,-66.09069345381391,-90.9643541514197,-121.7924328638267,17.410316862587653,24,36,0.9166666666666666,0.8648648648648649,0.046347464892322,2.3074919196873953,33;37;45;47;50;53;58;98;100;102;103;104;105;106;107;108;109;110;111;112;113;114;115;116,33;40;44;82;86;90;93;96;97;98;99;101;102;105;106;109;110;172;174;177;178;179;180;181;182;269;277;278;279;290;293;294;297;298;301;302,24,37,1.0,0.972972972972973,8.37389777914126,5.55892026762767,1.2246887059832545,True,True,True,True,True,pass
Nb252_aff_seq104_I104S,Nb252 reported_seq I104S,Nb252 IMGT 111B I>S,Nb252 chain C auth 104 I>S,104,I,S,CDR3,False,1,8112101,Nb252_WT_rep01_seed8112101,428.3478741846548,-66.9767772368537,-90.05665194790507,-116.08693041817496,15.161106187644098,24,35,0.9166666666666666,0.8378378378378378,0.044278205546565044,2.3218859899386657,33;37;45;47;50;53;58;98;100;102;103;104;105;106;107;108;109;110;111;112;113;114;115;116,33;40;44;82;86;90;93;96;97;98;99;102;105;106;109;110;172;174;177;178;179;180;181;182;269;277;278;279;290;293;294;297;298;301;302,24,37,1.0,0.9459459459459459,7.598659922525201,6.466622471142301,-1.0245219689603005,True,True,True,True,True,pass
Nb252_aff_seq104_I104S,Nb252 reported_seq I104S,Nb252 IMGT 111B I>S,Nb252 chain C auth 104 I>S,104,I,S,CDR3,False,2,8112102,Nb252_WT_rep02_seed8112102,428.3478741846548,-66.9767772368537,-90.05665194790507,-116.08693041817496,15.161106187644098,24,35,0.9166666666666666,0.8378378378378378,0.044278205546565044,2.3218859899386657,33;37;45;47;50;53;58;98;100;102;103;104;105;106;107;108;109;110;111;112;113;114;115;116,33;40;44;82;86;90;93;96;97;98;99;102;105;106;109;110;172;174;177;178;179;180;181;182;269;277;278;279;290;293;294;297;298;301;302,24,37,1.0,0.9459459459459459,7.487813996101465,6.466622471142301,-1.0245219689603005,True,True,True,True,True,pass
Nb252_aff_seq104_I104S,Nb252 reported_seq I104S,Nb252 IMGT 111B I>S,Nb252 chain C auth 104 I>S,104,I,S,CDR3,False,3,8112103,Nb252_WT_rep03_seed8112103,428.3478741846548,-67.82569397479284,-90.05665194790507,-116.08693041817496,15.161106187644098,24,35,0.9166666666666666,0.8378378378378378,0.044278205546565044,2.3218859899386657,33;37;45;47;50;53;58;98;100;102;103;104;105;106;107;108;109;110;111;112;113;114;115;116,33;40;44;82;86;90;93;96;97;98;99;102;105;106;109;110;172;174;177;178;179;180;181;182;269;277;278;279;290;293;294;297;298;301;302,24,37,1.0,0.9459459459459459,6.638897258162331,6.466622471142301,-1.0245219689603005,True,True,True,True,True,pass
Nb252_aff_seq104_I104T,Nb252 reported_seq I104T,Nb252 IMGT 111B I>T,Nb252 chain C auth 104 I>T,104,I,T,CDR3,False,1,8112101,Nb252_WT_rep01_seed8112101,426.93331786809904,-69.34926838786885,-92.20635121800974,-117.19514268053994,15.08628619595268,24,35,0.9166666666666666,0.8378378378378378,0.04409844476125914,2.3149989311758716,33;37;45;47;50;53;58;98;100;102;103;104;105;106;107;108;109;110;111;112;113;114;115;116,33;40;44;82;86;90;93;96;97;98;99;102;105;106;109;110;172;174;177;178;179;180;181;182;269;277;278;279;290;293;294;297;298;301;302,24,37,1.0,0.9459459459459459,5.226168771510061,4.316923201037625,-1.099341960651719,True,True,True,True,True,pass
Nb252_aff_seq104_I104T,Nb252 reported_seq I104T,Nb252 IMGT 111B I>T,Nb252 chain C auth 104 I>T,104,I,T,CDR3,False,2,8112102,Nb252_WT_rep02_seed8112102,426.93331786809904,-70.11495437913015,-92.20635121800974,-117.19514268053994,15.08628619595268,24,35,0.9166666666666666,0.8378378378378378,0.04409844476125914,2.3149989311758716,33;37;45;47;50;53;58;98;100;102;103;104;105;106;107;108;109;110;111;112;113;114;115;116,33;40;44;82;86;90;93;96;97;98;99;102;105;106;109;110;172;174;177;178;179;180;181;182;269;277;278;279;290;293;294;297;298;301;302,24,37,1.0,0.9459459459459459,4.349636853825018,4.316923201037625,-1.099341960651719,True,True,True,True,True,pass
Nb252_aff_seq104_I104T,Nb252 reported_seq I104T,Nb252 IMGT 111B I>T,Nb252 chain C auth 104 I>T,104,I,T,CDR3,False,3,8112103,Nb252_WT_rep03_seed8112103,426.93331786809904,-69.21582885202281,-92.20635121800974,-117.19514268053994,15.08628619595268,24,35,0.9166666666666666,0.8378378378378378,0.04409844476125914,2.3149989311758716,33;37;45;47;50;53;58;98;100;102;103;104;105;106;107;108;109;110;111;112;113;114;115;116,33;40;44;82;86;90;93;96;97;98;99;102;105;106;109;110;172;174;177;178;179;180;181;182;269;277;278;279;290;293;294;297;298;301;302,24,37,1.0,0.9459459459459459,5.248762380932362,4.316923201037625,-1.099341960651719,True,True,True,True,True,pass
Nb252_aff_seq104_I104V,Nb252 reported_seq I104V,Nb252 IMGT 111B I>V,Nb252 chain C auth 104 I>V,104,I,V,CDR3,False,1,8112101,Nb252_WT_rep01_seed8112101,422.53973327872205,-71.95150913523736,-94.49320652776869,-118.34109828977618,15.190354280481868,24,35,0.9166666666666666,0.8378378378378378,0.044547077793790905,2.318660263868739,33;37;45;47;50;53;58;98;100;102;103;104;105;106;107;108;109;110;111;112;113;114;115;116,33;40;44;82;86;90;93;96;97;98;99;102;105;106;109;110;172;174;177;178;179;180;181;182;269;277;278;279;290;293;294;297;298;301;302,24,37,1.0,0.9459459459459459,2.6239280241415486,2.0300678912786765,-0.9952738761225302,True,True,True,True,True,pass
Nb252_aff_seq104_I104V,Nb252 reported_seq I104V,Nb252 IMGT 111B I>V,Nb252 chain C auth 104 I>V,104,I,V,CDR3,False,2,8112102,Nb252_WT_rep02_seed8112102,422.53973327872205,-71.51350421531703,-94.49320652776869,-118.34109828977618,15.190354280481868,24,35,0.9166666666666666,0.8378378378378378,0.044547077793790905,2.318660263868739,33;37;45;47;50;53;58;98;100;102;103;104;105;106;107;108;109;110;111;112;113;114;115;116,33;40;44;82;86;90;93;96;97;98;99;102;105;106;109;110;172;174;177;178;179;180;181;182;269;277;278;279;290;293;294;297;298;301;302,24,37,1.0,0.9459459459459459,2.9510870176381445,2.0300678912786765,-0.9952738761225302,True,True,True,True,True,pass
Nb252_aff_seq104_I104V,Nb252 reported_seq I104V,Nb252 IMGT 111B I>V,Nb252 chain C auth 104 I>V,104,I,V,CDR3,False,3,8112103,Nb252_WT_rep03_seed8112103,422.53973327872205,-73.32173011093238,-94.49320652776869,-118.34109828977618,15.190354280481868,24,35,0.9166666666666666,0.8378378378378378,0.044547077793790905,2.318660263868739,33;37;45;47;50;53;58;98;100;102;103;104;105;106;107;108;109;110;111;112;113;114;115;116,33;40;44;82;86;90;93;96;97;98;99;102;105;106;109;110;172;174;177;178;179;180;181;182;269;277;278;279;290;293;294;297;298;301;302,24,37,1.0,0.9459459459459459,1.1428611220227936,2.0300678912786765,-0.9952738761225302,True,True,True,True,True,pass
Nb252_aff_seq104_I104W,Nb252 reported_seq I104W,Nb252 IMGT 111B I>W,Nb252 chain C auth 104 I>W,104,I,W,CDR3,False,1,8112101,Nb252_WT_rep01_seed8112101,427.3699494899354,-74.26465946878022,-92.10654930525084,-118.92815252412754,15.695302967359448,24,37,0.9166666666666666,0.8918918918918919,0.04714910266253863,2.3075815539822933,33;37;45;47;50;53;58;98;100;102;103;104;105;106;107;108;109;110;111;112;113;114;115;116,33;40;44;82;86;89;90;93;96;97;98;99;101;102;105;106;109;110;172;174;177;178;179;180;181;182;269;277;278;279;290;293;294;297;298;301;302,24,37,1.0,1.0,0.3107776905986839,4.416725113796531,-0.4903251892449507,True,True,True,True,True,pass
Nb252_aff_seq104_I104W,Nb252 reported_seq I104W,Nb252 IMGT 111B I>W,Nb252 chain C auth 104 I>W,104,I,W,CDR3,False,2,8112102,Nb252_WT_rep02_seed8112102,428.2423062618632,-71.45959615895032,-91.84113603836127,-119.01908476010382,15.99670538504219,24,37,0.9166666666666666,0.8918918918918919,0.04733892636264628,2.3107089344694405,33;37;45;47;50;53;58;98;100;102;103;104;105;106;107;108;109;110;111;112;113;114;115;116,33;40;44;82;86;89;90;93;96;97;98;99;101;102;105;106;109;110;172;174;177;178;179;180;181;182;269;277;278;279;290;293;294;297;298;301;302,24,37,1.0,1.0,3.004995074004853,4.682138380686098,-0.18892277156220771,True,True,True,True,True,pass
Nb252_aff_seq104_I104W,Nb252 reported_seq I104W,Nb252 IMGT 111B I>W,Nb252 chain C auth 104 I>W,104,I,W,CDR3,False,3,8112103,Nb252_WT_rep03_seed8112103,427.3699494899354,-71.74451754807069,-92.10654930525084,-118.92815252412754,15.695302967359448,24,37,0.9166666666666666,0.8918918918918919,0.04714910266253863,2.3075815539822933,33;37;45;47;50;53;58;98;100;102;103;104;105;106;107;108;109;110;111;112;113;114;115;116,33;40;44;82;86;89;90;93;96;97;98;99;101;102;105;106;109;110;172;174;177;178;179;180;181;182;269;277;278;279;290;293;294;297;298;301;302,24,37,1.0,1.0,2.7200736848844826,4.416725113796531,-0.4903251892449507,True,True,True,True,True,pass
Nb252_aff_seq104_I104Y,Nb252 reported_seq I104Y,Nb252 IMGT 111B I>Y,Nb252 chain C auth 104 I>Y,104,I,Y,CDR3,False,1,8112101,Nb252_WT_rep01_seed8112101,429.7231792447816,-71.71082761683726,-92.63546683738184,-119.3526282865204,15.524945801501548,24,37,0.9166666666666666,0.8918918918918919,0.0468048121082314,2.309935799648626,33;37;45;47;50;53;58;98;100;102;103;104;105;106;107;108;109;110;111;112;113;114;115;116,33;40;44;82;86;89;90;93;96;97;98;99;101;102;105;106;109;110;172;174;177;178;179;180;181;182;269;277;278;279;290;293;294;297;298;301;302,24,37,1.0,1.0,2.8646095425416433,3.887807581665527,-0.6606823551028498,True,True,True,True,True,pass
Nb252_aff_seq104_I104Y,Nb252 reported_seq I104Y,Nb252 IMGT 111B I>Y,Nb252 chain C auth 104 I>Y,104,I,Y,CDR3,False,2,8112102,Nb252_WT_rep02_seed8112102,432.8660684958047,-65.57884795844166,-92.53977424144428,-121.4055019899179,18.472881166124115,24,37,0.9166666666666666,0.8918918918918919,0.04484695626137748,2.3140461898005995,33;37;45;47;50;53;58;98;100;102;103;104;105;106;107;108;109;110;111;112;113;114;115;116,33;37;40;44;82;86;90;93;96;97;98;99;101;102;105;106;109;110;172;174;177;178;179;180;181;182;269;277;278;279;290;293;294;297;298;301;302,24,37,1.0,0.972972972972973,8.885743274513516,3.9835001776030907,2.2872530095197163,True,True,True,True,True,pass
Nb252_aff_seq104_I104Y,Nb252 reported_seq I104Y,Nb252 IMGT 111B I>Y,Nb252 chain C auth 104 I>Y,104,I,Y,CDR3,False,3,8112103,Nb252_WT_rep03_seed8112103,429.7231792447816,-77.28320348092404,-92.63546683738184,-119.3526282865204,15.524945801501548,24,37,0.9166666666666666,0.8918918918918919,0.0468048121082314,2.309935799648626,33;37;45;47;50;53;58;98;100;102;103;104;105;106;107;108;109;110;111;112;113;114;115;116,33;40;44;82;86;89;90;93;96;97;98;99;101;102;105;106;109;110;172;174;177;178;179;180;181;182;269;277;278;279;290;293;294;297;298;301;302,24,37,1.0,1.0,-2.818612247968872,3.887807581665527,-0.6606823551028498,True,True,True,True,True,pass
Nb252_aff_seq105_E105A,Nb252 reported_seq E105A,Nb252 IMGT 111C E>A,Nb252 chain C auth 105 E>A,105,E,A,CDR3,False,1,8112101,Nb252_WT_rep01_seed8112101,421.85351463245877,-76.10415512656243,-95.62477897302803,-118.65840585023633,15.97120166353318,24,36,0.9166666666666666,0.8648648648648649,0.04386527895524734,2.315626927629819,33;37;45;47;50;53;58;98;100;102;103;104;105;106;107;108;109;110;111;112;113;114;115;116,33;44;82;86;89;90;93;96;97;98;99;101;102;105;106;109;110;172;174;177;178;179;180;181;182;269;277;278;279;290;293;294;297;298;301;302,24,37,1.0,0.972972972972973,-1.5287179671835247,0.8984954460193393,-0.21442649307121897,True,True,True,True,True,pass
Nb252_aff_seq105_E105A,Nb252 reported_seq E105A,Nb252 IMGT 111C E>A,Nb252 chain C auth 105 E>A,105,E,A,CDR3,False,2,8112102,Nb252_WT_rep02_seed8112102,421.85351463245877,-74.03123949937515,-95.62477897302803,-118.65840585023633,15.97120166353318,24,36,0.9166666666666666,0.8648648648648649,0.04386527895524734,2.315626927629819,33;37;45;47;50;53;58;98;100;102;103;104;105;106;107;108;109;110;111;112;113;114;115;116,33;44;82;86;89;90;93;96;97;98;99;101;102;105;106;109;110;172;174;177;178;179;180;181;182;269;277;278;279;290;293;294;297;298;301;302,24,37,1.0,0.972972972972973,0.4333517335800252,0.8984954460193393,-0.21442649307121897,True,True,True,True,True,pass
Nb252_aff_seq105_E105A,Nb252 reported_seq E105A,Nb252 IMGT 111C E>A,Nb252 chain C auth 105 E>A,105,E,A,CDR3,False,3,8112103,Nb252_WT_rep03_seed8112103,421.85351463245877,-74.94892216344772,-95.62477897302803,-118.65840585023633,15.97120166353318,24,36,0.9166666666666666,0.8648648648648649,0.04386527895524734,2.315626927629819,33;37;45;47;50;53;58;98;100;102;103;104;105;106;107;108;109;110;111;112;113;114;115;116,33;44;82;86;89;90;93;96;97;98;99;101;102;105;106;109;110;172;174;177;178;179;180;181;182;269;277;278;279;290;293;294;297;298;301;302,24,37,1.0,0.972972972972973,-0.48433093049254694,0.8984954460193393,-0.21442649307121897,True,True,True,True,True,pass
Nb252_aff_seq105_E105C,Nb252 reported_seq E105C,Nb252 IMGT 111C E>C,Nb252 chain C auth 105 E>C,105,E,C,CDR3,False,1,8112101,Nb252_WT_rep01_seed8112101,425.6721448444001,-76.57400124631783,-97.27049003126177,-119.4816748831256,15.699008792096011,24,37,0.9166666666666666,0.8918918918918919,0.04421367451196524,2.3139023442446724,33;37;45;47;50;53;58;98;100;102;103;104;105;106;107;108;109;110;111;112;113;114;115;116,33;40;44;82;86;89;90;93;96;97;98;99;101;102;105;106;109;110;172;174;177;178;179;180;181;182;269;277;278;279;290;293;294;297;298;301;302,24,37,1.0,1.0,-1.9985640869389272,-0.7472156122144042,-0.48661936450838716,True,True,True,True,True,pass
Nb252_aff_seq105_E105C,Nb252 reported_seq E105C,Nb252 IMGT 111C E>C,Nb252 chain C auth 105 E>C,105,E,C,CDR3,False,2,8112102,Nb252_WT_rep02_seed8112102,421.48643382398643,-75.45933579956477,-97.43566351987491,-120.05807464249168,15.878042842939303,24,37,0.9166666666666666,0.8918918918918919,0.044039619533025855,2.32372179064285,33;37;45;47;50;53;58;98;100;102;103;104;105;106;107;108;109;110;111;112;113;114;115;116,33;40;44;82;86;89;90;93;96;97;98;99;101;102;105;106;109;110;172;174;177;178;179;180;181;182;269;277;278;279;290;293;294;297;298;301;302,24,37,1.0,1.0,-0.9947445666095973,-0.9123891008275393,-0.30758531366509523,True,True,True,True,True,pass
Nb252_aff_seq105_E105C,Nb252 reported_seq E105C,Nb252 IMGT 111C E>C,Nb252 chain C auth 105 E>C,105,E,C,CDR3,False,3,8112103,Nb252_WT_rep03_seed8112103,421.48643382398643,-77.86865198836193,-97.43566351987491,-120.05807464249168,15.878042842939303,24,37,0.9166666666666666,0.8918918918918919,0.044039619533025855,2.32372179064285,33;37;45;47;50;53;58;98;100;102;103;104;105;106;107;108;109;110;111;112;113;114;115;116,33;40;44;82;86;89;90;93;96;97;98;99;101;102;105;106;109;110;172;174;177;178;179;180;181;182;269;277;278;279;290;293;294;297;298;301;302,24,37,1.0,1.0,-3.4040607554067606,-0.9123891008275393,-0.30758531366509523,True,True,True,True,True,pass
Nb252_aff_seq105_E105D,Nb252 reported_seq E105D,Nb252 IMGT 111C E>D,Nb252 chain C auth 105 E>D,105,E,D,CDR3,False,1,8112101,Nb252_WT_rep01_seed8112101,423.4910346131487,-71.54533055544482,-94.81518370143617,-119.72133060537539,16.044440041148786,24,37,0.9166666666666666,0.8918918918918919,0.04413750579179985,2.3174685638917296,33;37;45;47;50;53;58;98;100;102;103;104;105;106;107;108;109;110;111;112;113;114;115;116,33;40;44;82;86;89;90;93;96;97;98;99;101;102;105;106;109;110;172;174;177;178;179;180;181;182;269;277;278;279;290;293;294;297;298;301;302,24,37,1.0,1.0,3.0301066039340867,1.7080907176111992,-0.14118811545561272,True,True,True,True,True,pass
Nb252_aff_seq105_E105D,Nb252 reported_seq E105D,Nb252 IMGT 111C E>D,Nb252 chain C auth 105 E>D,105,E,D,CDR3,False,2,8112102,Nb252_WT_rep02_seed8112102,423.4910346131487,-72.87466676805718,-94.81518370143617,-119.72133060537539,16.044440041148786,24,37,0.9166666666666666,0.8918918918918919,0.04413750579179985,2.3174685638917296,33;37;45;47;50;53;58;98;100;102;103;104;105;106;107;108;109;110;111;112;113;114;115;116,33;40;44;82;86;89;90;93;96;97;98;99;101;102;105;106;109;110;172;174;177;178;179;180;181;182;269;277;278;279;290;293;294;297;298;301;302,24,37,1.0,1.0,1.5899244648979902,1.7080907176111992,-0.14118811545561272,True,True,True,True,True,pass
Nb252_aff_seq105_E105D,Nb252 reported_seq E105D,Nb252 IMGT 111C E>D,Nb252 chain C auth 105 E>D,105,E,D,CDR3,False,3,8112103,Nb252_WT_rep03_seed8112103,423.4910346131487,-71.96186281424673,-94.81518370143617,-119.72133060537539,16.044440041148786,24,37,0.9166666666666666,0.8918918918918919,0.04413750579179985,2.3174685638917296,33;37;45;47;50;53;58;98;100;102;103;104;105;106;107;108;109;110;111;112;113;114;115;116,33;40;44;82;86;89;90;93;96;97;98;99;101;102;105;106;109;110;172;174;177;178;179;180;181;182;269;277;278;279;290;293;294;297;298;301;302,24,37,1.0,1.0,2.5027284187084433,1.7080907176111992,-0.14118811545561272,True,True,True,True,True,pass
Nb252_aff_seq105_E105F,Nb252 reported_seq E105F,Nb252 IMGT 111C E>F,Nb252 chain C auth 105 E>F,105,E,F,CDR3,False,1,8112101,Nb252_WT_rep01_seed8112101,414.3442019242968,-78.57027937925596,-102.22695657439799,-126.56673039672494,19.374671561926142,24,37,0.9166666666666666,0.8918918918918919,0.045276587898753426,2.3142821463557732,33;37;45;47;50;53;58;98;100;102;103;104;105;106;107;108;109;110;111;112;113;114;115;116,33;40;44;82;86;89;90;93;96;97;98;99;101;102;105;106;109;110;172;174;177;178;179;180;181;182;269;277;278;279;290;293;294;297;298;301;302,24,37,1.0,1.0,-3.9948422198770572,-5.70368215535062,3.189043405321744,True,True,True,True,True,pass
Nb252_aff_seq105_E105F,Nb252 reported_seq E105F,Nb252 IMGT 111C E>F,Nb252 chain C auth 105 E>F,105,E,F,CDR3,False,2,8112102,Nb252_WT_rep02_seed8112102,414.3442019242968,-78.57027937925596,-102.22695657439799,-126.56673039672494,19.374671561926142,24,37,0.9166666666666666,0.8918918918918919,0.045276587898753426,2.3142821463557732,33;37;45;47;50;53;58;98;100;102;103;104;105;106;107;108;109;110;111;112;113;114;115;116,33;40;44;82;86;89;90;93;96;97;98;99;101;102;105;106;109;110;172;174;177;178;179;180;181;182;269;277;278;279;290;293;294;297;298;301;302,24,37,1.0,1.0,-4.105688146300793,-5.70368215535062,3.189043405321744,True,True,True,True,True,pass
Nb252_aff_seq105_E105F,Nb252 reported_seq E105F,Nb252 IMGT 111C E>F,Nb252 chain C auth 105 E>F,105,E,F,CDR3,False,3,8112103,Nb252_WT_rep03_seed8112103,414.3442019242968,-78.98965519830114,-102.22695657439799,-126.56673039672494,19.374671561926142,24,37,0.9166666666666666,0.8918918918918919,0.045276587898753426,2.3142821463557732,33;37;45;47;50;53;58;98;100;102;103;104;105;106;107;108;109;110;111;112;113;114;115;116,33;40;44;82;86;89;90;93;96;97;98;99;101;102;105;106;109;110;172;174;177;178;179;180;181;182;269;277;278;279;290;293;294;297;298;301;302,24,37,1.0,1.0,-4.525063965345964,-5.70368215535062,3.189043405321744,True,True,True,True,True,pass
Nb252_aff_seq105_E105G,Nb252 reported_seq E105G,Nb252 IMGT 111C E>G,Nb252 chain C auth 105 E>G,105,E,G,CDR3,False,1,8112101,Nb252_WT_rep01_seed8112101,424.79951875355937,-74.18800580957088,-95.78684323262529,-118.87087612971207,15.89819087839258,24,36,0.9166666666666666,0.8648648648648649,0.043876634135676544,2.322399773876764,33;37;45;47;50;53;58;98;100;102;103;104;105;106;107;108;109;110;111;112;113;114;115;116,33;44;82;86;89;90;93;96;97;98;99;101;102;105;106;109;110;172;174;177;178;179;180;181;182;269;277;278;279;290;293;294;297;298;301;302,24,37,1.0,0.972972972972973,0.3874313498080255,0.7364311864220809,-0.28743727821181864,True,True,True,True,True,pass
Nb252_aff_seq105_E105G,Nb252 reported_seq E105G,Nb252 IMGT 111C E>G,Nb252 chain C auth 105 E>G,105,E,G,CDR3,False,2,8112102,Nb252_WT_rep02_seed8112102,424.79951875355937,-75.7679538457823,-95.78684323262529,-118.87087612971207,15.89819087839258,24,36,0.9166666666666666,0.8648648648648649,0.043876634135676544,2.322399773876764,33;37;45;47;50;53;58;98;100;102;103;104;105;106;107;108;109;110;111;112;113;114;115;116,33;44;82;86;89;90;93;96;97;98;99;101;102;105;106;109;110;172;174;177;178;179;180;181;182;269;277;278;279;290;293;294;297;298;301;302,24,37,1.0,0.972972972972973,-1.3033626128271294,0.7364311864220809,-0.28743727821181864,True,True,True,True,True,pass
Nb252_aff_seq105_E105G,Nb252 reported_seq E105G,Nb252 IMGT 111C E>G,Nb252 chain C auth 105 E>G,105,E,G,CDR3,False,3,8112103,Nb252_WT_rep03_seed8112103,424.79951875355937,-74.45608162105384,-95.78684323262529,-118.87087612971207,15.89819087839258,24,36,0.9166666666666666,0.8648648648648649,0.043876634135676544,2.322399773876764,33;37;45;47;50;53;58;98;100;102;103;104;105;106;107;108;109;110;111;112;113;114;115;116,33;44;82;86;89;90;93;96;97;98;99;101;102;105;106;109;110;172;174;177;178;179;180;181;182;269;277;278;279;290;293;294;297;298;301;302,24,37,1.0,0.972972972972973,0.008509611901331482,0.7364311864220809,-0.28743727821181864,True,True,True,True,True,pass
Nb252_aff_seq105_E105H,Nb252 reported_seq E105H,Nb252 IMGT 111C E>H,Nb252 chain C auth 105 E>H,105,E,H,CDR3,False,1,8112101,Nb252_WT_rep01_seed8112101,417.90147724219366,-77.8415296008842,-102.1611069167271,-126.9105805533754,18.49379282081585,24,37,0.9166666666666666,0.8918918918918919,0.04474383942742703,2.306160756515252,33;37;45;47;50;53;58;98;100;102;103;104;105;106;107;108;109;110;111;112;113;114;115;116,33;40;44;82;86;89;90;93;96;97;98;99;101;102;105;106;109;110;172;174;177;178;179;180;181;182;269;277;278;279;290;293;294;297;298;301;302,24,37,1.0,1.0,-3.266092441505293,-5.637832497679739,2.3081646642114535,True,True,True,True,True,pass
Nb252_aff_seq105_E105H,Nb252 reported_seq E105H,Nb252 IMGT 111C E>H,Nb252 chain C auth 105 E>H,105,E,H,CDR3,False,2,8112102,Nb252_WT_rep02_seed8112102,423.5952146784027,-71.1989702282059,-95.58495989520921,-121.1218517139635,16.767834078274728,24,37,0.9166666666666666,0.8918918918918919,0.04475321212257961,2.316790084209158,33;37;45;47;50;53;58;98;100;102;103;104;105;106;107;108;109;110;111;112;113;114;115;116,33;40;44;82;86;89;90;93;96;97;98;99;101;102;105;106;109;110;172;174;177;178;179;180;181;182;269;277;278;279;290;293;294;297;298;301;302,24,37,1.0,1.0,3.2656210047492777,0.9383145238381587,0.5822059216703295,True,True,True,True,True,pass
Nb252_aff_seq105_E105H,Nb252 reported_seq E105H,Nb252 IMGT 111C E>H,Nb252 chain C auth 105 E>H,105,E,H,CDR3,False,3,8112103,Nb252_WT_rep03_seed8112103,417.90147724219366,-77.41155668180602,-102.1611069167271,-126.9105805533754,18.49379282081585,24,37,0.9166666666666666,0.8918918918918919,0.04474383942742703,2.306160756515252,33;37;45;47;50;53;58;98;100;102;103;104;105;106;107;108;109;110;111;112;113;114;115;116,33;40;44;82;86;89;90;93;96;97;98;99;101;102;105;106;109;110;172;174;177;178;179;180;181;182;269;277;278;279;290;293;294;297;298;301;302,24,37,1.0,1.0,-2.9469654488508468,-5.637832497679739,2.3081646642114535,True,True,True,True,True,pass
Nb252_aff_seq105_E105I,Nb252 reported_seq E105I,Nb252 IMGT 111C E>I,Nb252 chain C auth 105 E>I,105,E,I,CDR3,False,1,8112101,Nb252_WT_rep01_seed8112101,418.7924558330973,-77.78575673436671,-96.54643836514599,-119.51248939904785,16.096029398451847,24,37,0.9166666666666666,0.8918918918918919,0.04417484438197744,2.3176549522854892,33;37;45;47;50;53;58;98;100;102;103;104;105;106;107;108;109;110;111;112;113;114;115;116,33;40;43;44;82;86;89;90;93;96;97;98;99;101;102;105;106;109;110;172;174;177;178;179;180;181;182;269;277;278;279;290;293;294;297;298;301,24,37,1.0,0.972972972972973,-3.210319574987807,-0.02316394609862016,-0.08959875815255103,True,True,True,True,True,pass
Nb252_aff_seq105_E105I,Nb252 reported_seq E105I,Nb252 IMGT 111C E>I,Nb252 chain C auth 105 E>I,105,E,I,CDR3,False,2,8112102,Nb252_WT_rep02_seed8112102,418.7924558330973,-76.81710791287605,-96.54643836514599,-119.51248939904785,16.096029398451847,24,37,0.9166666666666666,0.8918918918918919,0.04417484438197744,2.3176549522854892,33;37;45;47;50;53;58;98;100;102;103;104;105;106;107;108;109;110;111;112;113;114;115;116,33;40;43;44;82;86;89;90;93;96;97;98;99;101;102;105;106;109;110;172;174;177;178;179;180;181;182;269;277;278;279;290;293;294;297;298;301,24,37,1.0,0.972972972972973,-2.352516679920882,-0.02316394609862016,-0.08959875815255103,True,True,True,True,True,pass
Nb252_aff_seq105_E105I,Nb252 reported_seq E105I,Nb252 IMGT 111C E>I,Nb252 chain C auth 105 E>I,105,E,I,CDR3,False,3,8112103,Nb252_WT_rep03_seed8112103,418.7924558330973,-77.21913192444981,-96.54643836514599,-119.51248939904785,16.096029398451847,24,37,0.9166666666666666,0.8918918918918919,0.04417484438197744,2.3176549522854892,33;37;45;47;50;53;58;98;100;102;103;104;105;106;107;108;109;110;111;112;113;114;115;116,33;40;43;44;82;86;89;90;93;96;97;98;99;101;102;105;106;109;110;172;174;177;178;179;180;181;182;269;277;278;279;290;293;294;297;298;301,24,37,1.0,0.972972972972973,-2.7545406914946398,-0.02316394609862016,-0.08959875815255103,True,True,True,True,True,pass
Nb252_aff_seq105_E105K,Nb252 reported_seq E105K,Nb252 IMGT 111C E>K,Nb252 chain C auth 105 E>K,105,E,K,CDR3,False,1,8112101,Nb252_WT_rep01_seed8112101,420.2760191400689,-75.69147048067123,-96.95783415485202,-120.71767864551434,15.957846709819286,24,37,0.9166666666666666,0.8918918918918919,0.04404503013151394,2.318031956580079,33;37;45;47;50;53;58;98;100;102;103;104;105;106;107;108;109;110;111;112;113;114;115;116,33;40;44;82;86;89;90;93;96;97;98;99;101;102;105;106;109;110;172;174;177;178;179;180;181;182;269;277;278;279;290;293;294;297;298;301;302,24,37,1.0,1.0,-1.1160333212923206,-0.4345597358046547,-0.22778144678511225,True,True,True,True,True,pass
Nb252_aff_seq105_E105K,Nb252 reported_seq E105K,Nb252 IMGT 111C E>K,Nb252 chain C auth 105 E>K,105,E,K,CDR3,False,2,8112102,Nb252_WT_rep02_seed8112102,420.2760191400689,-75.04293735818158,-96.95783415485202,-120.71767864551434,15.957846709819286,24,37,0.9166666666666666,0.8918918918918919,0.04404503013151394,2.318031956580079,33;37;45;47;50;53;58;98;100;102;103;104;105;106;107;108;109;110;111;112;113;114;115;116,33;40;44;82;86;89;90;93;96;97;98;99;101;102;105;106;109;110;172;174;177;178;179;180;181;182;269;277;278;279;290;293;294;297;298;301;302,24,37,1.0,1.0,-0.5783461252264033,-0.4345597358046547,-0.22778144678511225,True,True,True,True,True,pass
Nb252_aff_seq105_E105K,Nb252 reported_seq E105K,Nb252 IMGT 111C E>K,Nb252 chain C auth 105 E>K,105,E,K,CDR3,False,3,8112103,Nb252_WT_rep03_seed8112103,420.2760191400689,-75.04293735818158,-96.95783415485202,-120.71767864551434,15.957846709819286,24,37,0.9166666666666666,0.8918918918918919,0.04404503013151394,2.318031956580079,33;37;45;47;50;53;58;98;100;102;103;104;105;106;107;108;109;110;111;112;113;114;115;116,33;40;44;82;86;89;90;93;96;97;98;99;101;102;105;106;109;110;172;174;177;178;179;180;181;182;269;277;278;279;290;293;294;297;298;301;302,24,37,1.0,1.0,-0.5783461252264033,-0.4345597358046547,-0.22778144678511225,True,True,True,True,True,pass
Nb252_aff_seq105_E105L,Nb252 reported_seq E105L,Nb252 IMGT 111C E>L,Nb252 chain C auth 105 E>L,105,E,L,CDR3,False,1,8112101,Nb252_WT_rep01_seed8112101,416.33666594552466,-78.45197427455992,-98.70521053276654,-121.04241111355694,16.542751121920723,24,37,0.9166666666666666,0.8918918918918919,0.04411452944854277,2.315068321781768,33;37;45;47;50;53;58;98;100;102;103;104;105;106;107;108;109;110;111;112;113;114;115;116,33;40;44;82;86;89;90;93;96;97;98;99;101;102;105;106;109;110;172;174;177;178;179;180;181;182;269;277;278;279;290;293;294;297;298;301;302,24,37,1.0,1.0,-3.8765371151810086,-2.181936113719175,0.35712296531632504,True,True,True,True,True,pass
Nb252_aff_seq105_E105L,Nb252 reported_seq E105L,Nb252 IMGT 111C E>L,Nb252 chain C auth 105 E>L,105,E,L,CDR3,False,2,8112102,Nb252_WT_rep02_seed8112102,416.33666594552466,-77.55440141855519,-98.70521053276654,-121.04241111355694,16.542751121920723,24,37,0.9166666666666666,0.8918918918918919,0.04411452944854277,2.315068321781768,33;37;45;47;50;53;58;98;100;102;103;104;105;106;107;108;109;110;111;112;113;114;115;116,33;40;44;82;86;89;90;93;96;97;98;99;101;102;105;106;109;110;172;174;177;178;179;180;181;182;269;277;278;279;290;293;294;297;298;301;302,24,37,1.0,1.0,-3.0898101856000153,-2.181936113719175,0.35712296531632504,True,True,True,True,True,pass
Nb252_aff_seq105_E105L,Nb252 reported_seq E105L,Nb252 IMGT 111C E>L,Nb252 chain C auth 105 E>L,105,E,L,CDR3,False,3,8112103,Nb252_WT_rep03_seed8112103,416.33666594552466,-78.45197427455992,-98.70521053276654,-121.04241111355694,16.542751121920723,24,37,0.9166666666666666,0.8918918918918919,0.04411452944854277,2.315068321781768,33;37;45;47;50;53;58;98;100;102;103;104;105;106;107;108;109;110;111;112;113;114;115;116,33;40;44;82;86;89;90;93;96;97;98;99;101;102;105;106;109;110;172;174;177;178;179;180;181;182;269;277;278;279;290;293;294;297;298;301;302,24,37,1.0,1.0,-3.987383041604744,-2.181936113719175,0.35712296531632504,True,True,True,True,True,pass
Nb252_aff_seq105_E105M,Nb252 reported_seq E105M,Nb252 IMGT 111C E>M,Nb252 chain C auth 105 E>M,105,E,M,CDR3,False,1,8112101,Nb252_WT_rep01_seed8112101,415.73564012387396,-78.06414289283634,-98.19175488959026,-120.6704480571274,16.89519990437596,24,37,0.9166666666666666,0.8918918918918919,0.04410477833212923,2.3201919936394733,33;37;45;47;50;53;58;98;100;102;103;104;105;106;107;108;109;110;111;112;113;114;115;116,33;40;43;44;82;86;89;90;93;96;97;98;99;101;102;105;106;109;110;172;174;177;178;179;180;181;182;269;277;278;279;290;293;294;297;298;301,24,37,1.0,0.972972972972973,-3.4887057334574365,-1.6684804705428888,0.7095717477715624,True,True,True,True,True,pass
Nb252_aff_seq105_E105M,Nb252 reported_seq E105M,Nb252 IMGT 111C E>M,Nb252 chain C auth 105 E>M,105,E,M,CDR3,False,2,8112102,Nb252_WT_rep02_seed8112102,415.73564012387396,-78.06414289283634,-98.19175488959026,-120.6704480571274,16.89519990437596,24,37,0.9166666666666666,0.8918918918918919,0.04410477833212923,2.3201919936394733,33;37;45;47;50;53;58;98;100;102;103;104;105;106;107;108;109;110;111;112;113;114;115;116,33;40;43;44;82;86;89;90;93;96;97;98;99;101;102;105;106;109;110;172;174;177;178;179;180;181;182;269;277;278;279;290;293;294;297;298;301,24,37,1.0,0.972972972972973,-3.599551659881172,-1.6684804705428888,0.7095717477715624,True,True,True,True,True,pass
Nb252_aff_seq105_E105M,Nb252 reported_seq E105M,Nb252 IMGT 111C E>M,Nb252 chain C auth 105 E>M,105,E,M,CDR3,False,3,8112103,Nb252_WT_rep03_seed8112103,415.73564012387396,-80.02030175772688,-98.19175488959026,-120.6704480571274,16.89519990437596,24,37,0.9166666666666666,0.8918918918918919,0.04410477833212923,2.3201919936394733,33;37;45;47;50;53;58;98;100;102;103;104;105;106;107;108;109;110;111;112;113;114;115;116,33;40;43;44;82;86;89;90;93;96;97;98;99;101;102;105;106;109;110;172;174;177;178;179;180;181;182;269;277;278;279;290;293;294;297;298;301,24,37,1.0,0.972972972972973,-5.555710524771712,-1.6684804705428888,0.7095717477715624,True,True,True,True,True,pass
Nb252_aff_seq105_E105N,Nb252 reported_seq E105N,Nb252 IMGT 111C E>N,Nb252 chain C auth 105 E>N,105,E,N,CDR3,False,1,8112101,Nb252_WT_rep01_seed8112101,420.6522033584283,-75.39456352685033,-96.31070852560248,-120.25773904114632,15.880168958349177,24,37,0.9166666666666666,0.8918918918918919,0.04366891080609194,2.3190695376418025,33;37;45;47;50;53;58;98;100;102;103;104;105;106;107;108;109;110;111;112;113;114;115;116,33;40;44;82;86;89;90;93;96;97;98;99;101;102;105;106;109;110;172;174;177;178;179;180;181;182;269;277;278;279;290;293;294;297;298;301;302,24,37,1.0,1.0,-0.8191263674714264,0.2125658934448893,-0.30545919825522105,True,True,True,True,True,pass
Nb252_aff_seq105_E105N,Nb252 reported_seq E105N,Nb252 IMGT 111C E>N,Nb252 chain C auth 105 E>N,105,E,N,CDR3,False,2,8112102,Nb252_WT_rep02_seed8112102,420.6522033584283,-75.37942837707169,-96.31070852560248,-120.25773904114632,15.880168958349177,24,37,0.9166666666666666,0.8918918918918919,0.04366891080609194,2.3190695376418025,33;37;45;47;50;53;58;98;100;102;103;104;105;106;107;108;109;110;111;112;113;114;115;116,33;40;44;82;86;89;90;93;96;97;98;99;101;102;105;106;109;110;172;174;177;178;179;180;181;182;269;277;278;279;290;293;294;297;298;301;302,24,37,1.0,1.0,-0.9148371441165182,0.2125658934448893,-0.30545919825522105,True,True,True,True,True,pass
Nb252_aff_seq105_E105N,Nb252 reported_seq E105N,Nb252 IMGT 111C E>N,Nb252 chain C auth 105 E>N,105,E,N,CDR3,False,3,8112103,Nb252_WT_rep03_seed8112103,420.6522033584283,-76.18861965415067,-96.31070852560248,-120.25773904114632,15.880168958349177,24,37,0.9166666666666666,0.8918918918918919,0.04366891080609194,2.3190695376418025,33;37;45;47;50;53;58;98;100;102;103;104;105;106;107;108;109;110;111;112;113;114;115;116,33;40;44;82;86;89;90;93;96;97;98;99;101;102;105;106;109;110;172;174;177;178;179;180;181;182;269;277;278;279;290;293;294;297;298;301;302,24,37,1.0,1.0,-1.7240284211954986,0.2125658934448893,-0.30545919825522105,True,True,True,True,True,pass
Nb252_aff_seq105_E105P,Nb252 reported_seq E105P,Nb252 IMGT 111C E>P,Nb252 chain C auth 105 E>P,105,E,P,CDR3,False,1,8112101,Nb252_WT_rep01_seed8112101,432.16474638233416,-73.99019071960316,-96.77635486169055,-120.67897220468623,17.737138373429953,24,36,0.9166666666666666,0.8648648648648649,0.05012255901539597,2.30796809900749,33;37;45;47;50;53;58;98;100;102;103;104;105;106;107;108;109;110;111;112;113;114;115;116,33;44;82;86;89;90;93;96;97;98;99;101;102;105;106;109;110;172;174;177;178;179;180;181;182;269;277;278;279;290;293;294;297;298;301;302,24,37,1.0,0.972972972972973,0.5852464397757444,-0.2530804426431814,1.5515102168255552,True,True,True,True,True,pass
Nb252_aff_seq105_E105P,Nb252 reported_seq E105P,Nb252 IMGT 111C E>P,Nb252 chain C auth 105 E>P,105,E,P,CDR3,False,2,8112102,Nb252_WT_rep02_seed8112102,432.16474638233416,-73.99019071960316,-96.77635486169055,-120.67897220468623,17.737138373429953,24,36,0.9166666666666666,0.8648648648648649,0.05012255901539597,2.30796809900749,33;37;45;47;50;53;58;98;100;102;103;104;105;106;107;108;109;110;111;112;113;114;115;116,33;44;82;86;89;90;93;96;97;98;99;101;102;105;106;109;110;172;174;177;178;179;180;181;182;269;277;278;279;290;293;294;297;298;301;302,24,37,1.0,0.972972972972973,0.47440051335200906,-0.2530804426431814,1.5515102168255552,True,True,True,True,True,pass
Nb252_aff_seq105_E105P,Nb252 reported_seq E105P,Nb252 IMGT 111C E>P,Nb252 chain C auth 105 E>P,105,E,P,CDR3,False,3,8112103,Nb252_WT_rep03_seed8112103,432.16474638233416,-74.80302208904601,-96.77635486169055,-120.67897220468623,17.737138373429953,24,36,0.9166666666666666,0.8648648648648649,0.05012255901539597,2.30796809900749,33;37;45;47;50;53;58;98;100;102;103;104;105;106;107;108;109;110;111;112;113;114;115;116,33;44;82;86;89;90;93;96;97;98;99;101;102;105;106;109;110;172;174;177;178;179;180;181;182;269;277;278;279;290;293;294;297;298;301;302,24,37,1.0,0.972972972972973,-0.338430856090838,-0.2530804426431814,1.5515102168255552,True,True,True,True,True,pass
Nb252_aff_seq105_E105Q,Nb252 reported_seq E105Q,Nb252 IMGT 111C E>Q,Nb252 chain C auth 105 E>Q,105,E,Q,CDR3,False,1,8112101,Nb252_WT_rep01_seed8112101,419.3116376918964,-75.1665792175487,-97.66741964831601,-121.15932653492999,16.185402768429583,24,37,0.9166666666666666,0.8918918918918919,0.044020485397392915,2.3199740966233935,33;37;45;47;50;53;58;98;100;102;103;104;105;106;107;108;109;110;111;112;113;114;115;116,33;40;44;82;86;89;90;93;96;97;98;99;101;102;105;106;109;110;172;174;177;178;179;180;181;182;269;277;278;279;290;293;294;297;298;301;302,24,37,1.0,1.0,-0.5911420581697939,-1.144145229268645,-0.00022538817481532192,True,True,True,True,True,pass
Nb252_aff_seq105_E105Q,Nb252 reported_seq E105Q,Nb252 IMGT 111C E>Q,Nb252 chain C auth 105 E>Q,105,E,Q,CDR3,False,2,8112102,Nb252_WT_rep02_seed8112102,419.3116376918964,-77.68900741226878,-97.66741964831601,-121.15932653492999,16.185402768429583,24,37,0.9166666666666666,0.8918918918918919,0.044020485397392915,2.3199740966233935,33;37;45;47;50;53;58;98;100;102;103;104;105;106;107;108;109;110;111;112;113;114;115;116,33;40;44;82;86;89;90;93;96;97;98;99;101;102;105;106;109;110;172;174;177;178;179;180;181;182;269;277;278;279;290;293;294;297;298;301;302,24,37,1.0,1.0,-3.2244161793136072,-1.144145229268645,-0.00022538817481532192,True,True,True,True,True,pass
Nb252_aff_seq105_E105Q,Nb252 reported_seq E105Q,Nb252 IMGT 111C E>Q,Nb252 chain C auth 105 E>Q,105,E,Q,CDR3,False,3,8112103,Nb252_WT_rep03_seed8112103,419.3116376918964,-76.09925174568093,-97.66741964831601,-121.15932653492999,16.185402768429583,24,37,0.9166666666666666,0.8918918918918919,0.044020485397392915,2.3199740966233935,33;37;45;47;50;53;58;98;100;102;103;104;105;106;107;108;109;110;111;112;113;114;115;116,33;40;44;82;86;89;90;93;96;97;98;99;101;102;105;106;109;110;172;174;177;178;179;180;181;182;269;277;278;279;290;293;294;297;298;301;302,24,37,1.0,1.0,-1.634660512725759,-1.144145229268645,-0.00022538817481532192,True,True,True,True,True,pass
Nb252_aff_seq105_E105R,Nb252 reported_seq E105R,Nb252 IMGT 111C E>R,Nb252 chain C auth 105 E>R,105,E,R,CDR3,False,1,8112101,Nb252_WT_rep01_seed8112101,420.59537266773145,-75.65317272614811,-96.64775808605738,-120.62713384601686,16.317571161979764,24,36,0.9166666666666666,0.8648648648648649,0.04403860144559596,2.3216460467254025,33;37;45;47;50;53;58;98;100;102;103;104;105;106;107;108;109;110;111;112;113;114;115;116,33;44;82;86;89;90;93;96;97;98;99;101;102;105;106;109;110;172;174;177;178;179;180;181;182;269;277;278;279;290;293;294;297;298;301;302,24,37,1.0,0.972972972972973,-1.0777355667692063,-0.12448366701001135,0.13194300537536563,True,True,True,True,True,pass
Nb252_aff_seq105_E105R,Nb252 reported_seq E105R,Nb252 IMGT 111C E>R,Nb252 chain C auth 105 E>R,105,E,R,CDR3,False,2,8112102,Nb252_WT_rep02_seed8112102,420.59537266773145,-75.19884774220282,-96.64775808605738,-120.62713384601686,16.317571161979764,24,36,0.9166666666666666,0.8648648648648649,0.04403860144559596,2.3216460467254025,33;37;45;47;50;53;58;98;100;102;103;104;105;106;107;108;109;110;111;112;113;114;115;116,33;44;82;86;89;90;93;96;97;98;99;101;102;105;106;109;110;172;174;177;178;179;180;181;182;269;277;278;279;290;293;294;297;298;301;302,24,37,1.0,0.972972972972973,-0.7342565092476434,-0.12448366701001135,0.13194300537536563,True,True,True,True,True,pass
Nb252_aff_seq105_E105R,Nb252 reported_seq E105R,Nb252 IMGT 111C E>R,Nb252 chain C auth 105 E>R,105,E,R,CDR3,False,3,8112103,Nb252_WT_rep03_seed8112103,420.59537266773145,-74.28720071870362,-96.64775808605738,-120.62713384601686,16.317571161979764,24,36,0.9166666666666666,0.8648648648648649,0.04403860144559596,2.3216460467254025,33;37;45;47;50;53;58;98;100;102;103;104;105;106;107;108;109;110;111;112;113;114;115;116,33;44;82;86;89;90;93;96;97;98;99;101;102;105;106;109;110;172;174;177;178;179;180;181;182;269;277;278;279;290;293;294;297;298;301;302,24,37,1.0,0.972972972972973,0.17739051425155594,-0.12448366701001135,0.13194300537536563,True,True,True,True,True,pass
Nb252_aff_seq105_E105S,Nb252 reported_seq E105S,Nb252 IMGT 111C E>S,Nb252 chain C auth 105 E>S,105,E,S,CDR3,False,1,8112101,Nb252_WT_rep01_seed8112101,421.1927101869473,-74.25259730915246,-95.6184599623614,-119.05298267357206,16.026705744465897,24,36,0.9166666666666666,0.8648648648648649,0.044217597673892814,2.318012507275625,33;37;45;47;50;53;58;98;100;102;103;104;105;106;107;108;109;110;111;112;113;114;115;116,33;44;82;86;89;90;93;96;97;98;99;101;102;105;106;109;110;172;174;177;178;179;180;181;182;269;277;278;279;290;293;294;297;298;301;302,24,37,1.0,0.972972972972973,0.322839850226444,0.904814456685969,-0.15892241213850156,True,True,True,True,True,pass
Nb252_aff_seq105_E105S,Nb252 reported_seq E105S,Nb252 IMGT 111C E>S,Nb252 chain C auth 105 E>S,105,E,S,CDR3,False,2,8112102,Nb252_WT_rep02_seed8112102,421.1927101869473,-73.41430689236,-95.6184599623614,-119.05298267357206,16.026705744465897,24,36,0.9166666666666666,0.8648648648648649,0.044217597673892814,2.318012507275625,33;37;45;47;50;53;58;98;100;102;103;104;105;106;107;108;109;110;111;112;113;114;115;116,33;44;82;86;89;90;93;96;97;98;99;101;102;105;106;109;110;172;174;177;178;179;180;181;182;269;277;278;279;290;293;294;297;298;301;302,24,37,1.0,0.972972972972973,1.0502843405951694,0.904814456685969,-0.15892241213850156,True,True,True,True,True,pass
Nb252_aff_seq105_E105S,Nb252 reported_seq E105S,Nb252 IMGT 111C E>S,Nb252 chain C auth 105 E>S,105,E,S,CDR3,False,3,8112103,Nb252_WT_rep03_seed8112103,421.1927101869473,-73.83894815134914,-95.6184599623614,-119.05298267357206,16.026705744465897,24,36,0.9166666666666666,0.8648648648648649,0.044217597673892814,2.318012507275625,33;37;45;47;50;53;58;98;100;102;103;104;105;106;107;108;109;110;111;112;113;114;115;116,33;44;82;86;89;90;93;96;97;98;99;101;102;105;106;109;110;172;174;177;178;179;180;181;182;269;277;278;279;290;293;294;297;298;301;302,24,37,1.0,0.972972972972973,0.6256430816060288,0.904814456685969,-0.15892241213850156,True,True,True,True,True,pass
Nb252_aff_seq105_E105T,Nb252 reported_seq E105T,Nb252 IMGT 111C E>T,Nb252 chain C auth 105 E>T,105,E,T,CDR3,False,1,8112101,Nb252_WT_rep01_seed8112101,422.7373353330978,-76.33641309266704,-97.37514952830472,-120.14351092737522,16.2016621668101,24,36,0.9166666666666666,0.8648648648648649,0.044313374181313384,2.3180655624413373,33;37;45;47;50;53;58;98;100;102;103;104;105;106;107;108;109;110;111;112;113;114;115;116,33;44;82;86;89;90;93;96;97;98;99;101;102;105;106;109;110;172;174;177;178;179;180;181;182;269;277;278;279;290;293;294;297;298;301;302,24,37,1.0,0.972972972972973,-1.7609759332881367,-0.8518751092573495,0.01603401020570061,True,True,True,True,True,pass
Nb252_aff_seq105_E105T,Nb252 reported_seq E105T,Nb252 IMGT 111C E>T,Nb252 chain C auth 105 E>T,105,E,T,CDR3,False,2,8112102,Nb252_WT_rep02_seed8112102,422.7373353330978,-75.82719861163457,-97.37514952830472,-120.14351092737522,16.2016621668101,24,36,0.9166666666666666,0.8648648648648649,0.044313374181313384,2.3180655624413373,33;37;45;47;50;53;58;98;100;102;103;104;105;106;107;108;109;110;111;112;113;114;115;116,33;44;82;86;89;90;93;96;97;98;99;101;102;105;106;109;110;172;174;177;178;179;180;181;182;269;277;278;279;290;293;294;297;298;301;302,24,37,1.0,0.972972972972973,-1.3626073786793995,-0.8518751092573495,0.01603401020570061,True,True,True,True,True,pass
Nb252_aff_seq105_E105T,Nb252 reported_seq E105T,Nb252 IMGT 111C E>T,Nb252 chain C auth 105 E>T,105,E,T,CDR3,False,3,8112103,Nb252_WT_rep03_seed8112103,422.7373353330978,-75.91582923220085,-97.37514952830472,-120.14351092737522,16.2016621668101,24,36,0.9166666666666666,0.8648648648648649,0.044313374181313384,2.3180655624413373,33;37;45;47;50;53;58;98;100;102;103;104;105;106;107;108;109;110;111;112;113;114;115;116,33;44;82;86;89;90;93;96;97;98;99;101;102;105;106;109;110;172;174;177;178;179;180;181;182;269;277;278;279;290;293;294;297;298;301;302,24,37,1.0,0.972972972972973,-1.4512379992456772,-0.8518751092573495,0.01603401020570061,True,True,True,True,True,pass
Nb252_aff_seq105_E105V,Nb252 reported_seq E105V,Nb252 IMGT 111C E>V,Nb252 chain C auth 105 E>V,105,E,V,CDR3,False,1,8112101,Nb252_WT_rep01_seed8112101,424.4481814288242,-76.23493195587099,-96.68774032409358,-120.60300467733481,16.862705163668483,23,36,0.875,0.8648648648648649,0.04894899948316879,2.3135091598467143,33;37;45;47;50;53;58;98;100;102;104;105;106;107;108;109;110;111;112;113;114;115;116,33;44;82;86;89;90;93;96;97;98;99;101;102;105;106;109;110;172;174;177;178;179;180;181;182;269;277;278;279;290;293;294;297;298;301;302,24,37,0.9583333333333334,0.972972972972973,-1.6594947964920834,-0.16446590504621383,0.677077007064085,True,True,True,True,True,pass
Nb252_aff_seq105_E105V,Nb252 reported_seq E105V,Nb252 IMGT 111C E>V,Nb252 chain C auth 105 E>V,105,E,V,CDR3,False,2,8112102,Nb252_WT_rep02_seed8112102,424.4481814288242,-74.94393604721847,-96.68774032409358,-120.60300467733481,16.862705163668483,23,36,0.875,0.8648648648648649,0.04894899948316879,2.3135091598467143,33;37;45;47;50;53;58;98;100;102;104;105;106;107;108;109;110;111;112;113;114;115;116,33;44;82;86;89;90;93;96;97;98;99;101;102;105;106;109;110;172;174;177;178;179;180;181;182;269;277;278;279;290;293;294;297;298;301;302,24,37,0.9583333333333334,0.972972972972973,-0.47934481426329967,-0.16446590504621383,0.677077007064085,True,True,True,True,True,pass
Nb252_aff_seq105_E105V,Nb252 reported_seq E105V,Nb252 IMGT 111C E>V,Nb252 chain C auth 105 E>V,105,E,V,CDR3,False,3,8112103,Nb252_WT_rep03_seed8112103,424.4481814288242,-75.75501907961194,-96.68774032409358,-120.60300467733481,16.862705163668483,23,36,0.875,0.8648648648648649,0.04894899948316879,2.3135091598467143,33;37;45;47;50;53;58;98;100;102;104;105;106;107;108;109;110;111;112;113;114;115;116,33;44;82;86;89;90;93;96;97;98;99;101;102;105;106;109;110;172;174;177;178;179;180;181;182;269;277;278;279;290;293;294;297;298;301;302,24,37,0.9583333333333334,0.972972972972973,-1.290427846656769,-0.16446590504621383,0.677077007064085,True,True,True,True,True,pass
Nb252_aff_seq105_E105W,Nb252 reported_seq E105W,Nb252 IMGT 111C E>W,Nb252 chain C auth 105 E>W,105,E,W,CDR3,False,1,8112101,Nb252_WT_rep01_seed8112101,416.64892263320985,-78.9663347131584,-104.55991141648367,-128.7562717027427,18.524909039524438,24,37,0.9166666666666666,0.8918918918918919,0.04444454942323168,2.3127209375007145,33;37;45;47;50;53;58;98;100;102;103;104;105;106;107;108;109;110;111;112;113;114;115;116,33;40;44;82;86;89;90;93;96;97;98;99;101;102;105;106;109;110;172;174;177;178;179;180;181;182;269;277;278;279;290;293;294;297;298;301;302,24,37,1.0,1.0,-4.390897553779496,-8.036636997436304,2.3392808829200398,True,True,True,True,True,pass
Nb252_aff_seq105_E105W,Nb252 reported_seq E105W,Nb252 IMGT 111C E>W,Nb252 chain C auth 105 E>W,105,E,W,CDR3,False,2,8112102,Nb252_WT_rep02_seed8112102,416.64892263320985,-77.92065668422396,-104.55991141648367,-128.7562717027427,18.524909039524438,24,37,0.9166666666666666,0.8918918918918919,0.04444454942323168,2.3127209375007145,33;37;45;47;50;53;58;98;100;102;103;104;105;106;107;108;109;110;111;112;113;114;115;116,33;40;44;82;86;89;90;93;96;97;98;99;101;102;105;106;109;110;172;174;177;178;179;180;181;182;269;277;278;279;290;293;294;297;298;301;302,24,37,1.0,1.0,-3.4560654512687847,-8.036636997436304,2.3392808829200398,True,True,True,True,True,pass
Nb252_aff_seq105_E105W,Nb252 reported_seq E105W,Nb252 IMGT 111C E>W,Nb252 chain C auth 105 E>W,105,E,W,CDR3,False,3,8112103,Nb252_WT_rep03_seed8112103,416.64892263320985,-77.48400972098892,-104.55991141648367,-128.7562717027427,18.524909039524438,24,37,0.9166666666666666,0.8918918918918919,0.04444454942323168,2.3127209375007145,33;37;45;47;50;53;58;98;100;102;103;104;105;106;107;108;109;110;111;112;113;114;115;116,33;40;44;82;86;89;90;93;96;97;98;99;101;102;105;106;109;110;172;174;177;178;179;180;181;182;269;277;278;279;290;293;294;297;298;301;302,24,37,1.0,1.0,-3.0194184880337502,-8.036636997436304,2.3392808829200398,True,True,True,True,True,pass
Nb252_aff_seq105_E105Y,Nb252 reported_seq E105Y,Nb252 IMGT 111C E>Y,Nb252 chain C auth 105 E>Y,105,E,Y,CDR3,False,1,8112101,Nb252_WT_rep01_seed8112101,414.2291120615723,-131.76959890584828,-102.29625511305638,-126.82387838905404,19.372277155344282,24,37,0.9166666666666666,0.8918918918918919,0.045464086911308606,2.3137392955103606,33;37;45;47;50;53;58;98;100;102;103;104;105;106;107;108;109;110;111;112;113;114;115;116,33;40;44;82;86;89;90;93;96;97;98;99;101;102;105;106;109;110;172;174;177;178;179;180;181;182;269;277;278;279;290;293;294;297;298;301;302,24,37,1.0,1.0,-57.194161746469376,-5.772980694009007,3.1866489987398836,True,True,True,True,True,pass
Nb252_aff_seq105_E105Y,Nb252 reported_seq E105Y,Nb252 IMGT 111C E>Y,Nb252 chain C auth 105 E>Y,105,E,Y,CDR3,False,2,8112102,Nb252_WT_rep02_seed8112102,414.2291120615723,-78.61073356076383,-102.29625511305638,-126.82387838905404,19.372277155344282,24,37,0.9166666666666666,0.8918918918918919,0.045464086911308606,2.3137392955103606,33;37;45;47;50;53;58;98;100;102;103;104;105;106;107;108;109;110;111;112;113;114;115;116,33;40;44;82;86;89;90;93;96;97;98;99;101;102;105;106;109;110;172;174;177;178;179;180;181;182;269;277;278;279;290;293;294;297;298;301;302,24,37,1.0,1.0,-4.146142327808661,-5.772980694009007,3.1866489987398836,True,True,True,True,True,pass
Nb252_aff_seq105_E105Y,Nb252 reported_seq E105Y,Nb252 IMGT 111C E>Y,Nb252 chain C auth 105 E>Y,105,E,Y,CDR3,False,3,8112103,Nb252_WT_rep03_seed8112103,414.2291120615723,-79.91154191353041,-102.29625511305638,-126.82387838905404,19.372277155344282,24,37,0.9166666666666666,0.8918918918918919,0.045464086911308606,2.3137392955103606,33;37;45;47;50;53;58;98;100;102;103;104;105;106;107;108;109;110;111;112;113;114;115;116,33;40;44;82;86;89;90;93;96;97;98;99;101;102;105;106;109;110;172;174;177;178;179;180;181;182;269;277;278;279;290;293;294;297;298;301;302,24,37,1.0,1.0,-5.446950680575242,-5.772980694009007,3.1866489987398836,True,True,True,True,True,pass
Nb252_aff_seq106_W106A,Nb252 reported_seq W106A,Nb252 IMGT 112D W>A,Nb252 chain C auth 106 W>A,106,W,A,CDR3,False,1,8112101,Nb252_WT_rep01_seed8112101,423.5961994022078,-68.54623911393804,-89.75845327061502,-111.6702157471046,15.085162442953019,24,33,0.9166666666666666,0.8378378378378378,0.043588205833368844,2.311423898527955,33;37;45;47;50;53;58;98;100;102;103;104;105;106;107;108;109;110;111;112;113;114;115;116,33;40;86;89;90;93;96;97;98;99;101;102;105;106;109;110;172;174;177;178;179;180;181;182;269;277;278;279;290;293;294;297;298,24,37,1.0,0.8918918918918919,6.0291980454408645,6.764821148432347,-1.1004657136513796,True,True,True,True,True,pass
Nb252_aff_seq106_W106A,Nb252 reported_seq W106A,Nb252 IMGT 112D W>A,Nb252 chain C auth 106 W>A,106,W,A,CDR3,False,2,8112102,Nb252_WT_rep02_seed8112102,423.5961994022078,-67.60454350641731,-89.75845327061502,-111.6702157471046,15.085162442953019,24,33,0.9166666666666666,0.8378378378378378,0.043588205833368844,2.311423898527955,33;37;45;47;50;53;58;98;100;102;103;104;105;106;107;108;109;110;111;112;113;114;115;116,33;40;86;89;90;93;96;97;98;99;101;102;105;106;109;110;172;174;177;178;179;180;181;182;269;277;278;279;290;293;294;297;298,24,37,1.0,0.8918918918918919,6.860047726537857,6.764821148432347,-1.1004657136513796,True,True,True,True,True,pass
Nb252_aff_seq106_W106A,Nb252 reported_seq W106A,Nb252 IMGT 112D W>A,Nb252 chain C auth 106 W>A,106,W,A,CDR3,False,3,8112103,Nb252_WT_rep03_seed8112103,423.5961994022078,-67.60454350641731,-89.75845327061502,-111.6702157471046,15.085162442953019,24,33,0.9166666666666666,0.8378378378378378,0.043588205833368844,2.311423898527955,33;37;45;47;50;53;58;98;100;102;103;104;105;106;107;108;109;110;111;112;113;114;115;116,33;40;86;89;90;93;96;97;98;99;101;102;105;106;109;110;172;174;177;178;179;180;181;182;269;277;278;279;290;293;294;297;298,24,37,1.0,0.8918918918918919,6.860047726537857,6.764821148432347,-1.1004657136513796,True,True,True,True,True,pass
Nb252_aff_seq106_W106C,Nb252 reported_seq W106C,Nb252 IMGT 112D W>C,Nb252 chain C auth 106 W>C,106,W,C,CDR3,False,1,8112101,Nb252_WT_rep01_seed8112101,424.89385700940466,-69.48191440499545,-90.52913187467836,-113.15501531106165,15.192745768644524,24,34,0.9166666666666666,0.8648648648648649,0.04399775818819431,2.3165263919274217,33;37;45;47;50;53;58;98;100;102;103;104;105;106;107;108;109;110;111;112;113;114;115;116,33;40;86;89;90;93;96;97;98;99;101;102;105;106;109;110;172;174;177;178;179;180;181;182;269;277;278;279;290;293;294;297;298;301,24,37,1.0,0.918918918918919,5.093522754383457,5.994142544369012,-0.9928823879598738,True,True,True,True,True,pass
Nb252_aff_seq106_W106C,Nb252 reported_seq W106C,Nb252 IMGT 112D W>C,Nb252 chain C auth 106 W>C,106,W,C,CDR3,False,2,8112102,Nb252_WT_rep02_seed8112102,424.89385700940466,-69.37941769144942,-90.52913187467836,-113.15501531106165,15.192745768644524,24,34,0.9166666666666666,0.8648648648648649,0.04399775818819431,2.3165263919274217,33;37;45;47;50;53;58;98;100;102;103;104;105;106;107;108;109;110;111;112;113;114;115;116,33;40;86;89;90;93;96;97;98;99;101;102;105;106;109;110;172;174;177;178;179;180;181;182;269;277;278;279;290;293;294;297;298;301,24,37,1.0,0.918918918918919,5.085173541505753,5.994142544369012,-0.9928823879598738,True,True,True,True,True,pass
Nb252_aff_seq106_W106C,Nb252 reported_seq W106C,Nb252 IMGT 112D W>C,Nb252 chain C auth 106 W>C,106,W,C,CDR3,False,3,8112103,Nb252_WT_rep03_seed8112103,424.89385700940466,-68.5096436554993,-90.52913187467836,-113.15501531106165,15.192745768644524,24,34,0.9166666666666666,0.8648648648648649,0.04399775818819431,2.3165263919274217,33;37;45;47;50;53;58;98;100;102;103;104;105;106;107;108;109;110;111;112;113;114;115;116,33;40;86;89;90;93;96;97;98;99;101;102;105;106;109;110;172;174;177;178;179;180;181;182;269;277;278;279;290;293;294;297;298;301,24,37,1.0,0.918918918918919,5.954947577455869,5.994142544369012,-0.9928823879598738,True,True,True,True,True,pass
Nb252_aff_seq106_W106D,Nb252 reported_seq W106D,Nb252 IMGT 112D W>D,Nb252 chain C auth 106 W>D,106,W,D,CDR3,False,1,8112101,Nb252_WT_rep01_seed8112101,425.54014984523656,-66.23850242931326,-88.55971290397365,-113.06341616547982,15.332463553644992,24,35,0.9166666666666666,0.8918918918918919,0.04314888151748839,2.3160970430938828,33;37;45;47;50;53;58;98;100;102;103;104;105;106;107;108;109;110;111;112;113;114;115;116,33;40;82;86;89;90;93;96;97;98;99;101;102;105;106;109;110;172;174;177;178;179;180;181;182;269;277;278;279;290;293;294;297;298;301,24,37,1.0,0.9459459459459459,8.33693473006565,7.963561515073721,-0.8531646029594064,True,True,True,True,True,pass
Nb252_aff_seq106_W106D,Nb252 reported_seq W106D,Nb252 IMGT 112D W>D,Nb252 chain C auth 106 W>D,106,W,D,CDR3,False,2,8112102,Nb252_WT_rep02_seed8112102,425.54014984523656,-65.72944855267076,-88.55971290397365,-113.06341616547982,15.332463553644992,24,35,0.9166666666666666,0.8918918918918919,0.04314888151748839,2.3160970430938828,33;37;45;47;50;53;58;98;100;102;103;104;105;106;107;108;109;110;111;112;113;114;115;116,33;40;82;86;89;90;93;96;97;98;99;101;102;105;106;109;110;172;174;177;178;179;180;181;182;269;277;278;279;290;293;294;297;298;301,24,37,1.0,0.9459459459459459,8.735142680284412,7.963561515073721,-0.8531646029594064,True,True,True,True,True,pass
Nb252_aff_seq106_W106D,Nb252 reported_seq W106D,Nb252 IMGT 112D W>D,Nb252 chain C auth 106 W>D,106,W,D,CDR3,False,3,8112103,Nb252_WT_rep03_seed8112103,425.54014984523656,-66.64007686433365,-88.55971290397365,-113.06341616547982,15.332463553644992,24,35,0.9166666666666666,0.8918918918918919,0.04314888151748839,2.3160970430938828,33;37;45;47;50;53;58;98;100;102;103;104;105;106;107;108;109;110;111;112;113;114;115;116,33;40;82;86;89;90;93;96;97;98;99;101;102;105;106;109;110;172;174;177;178;179;180;181;182;269;277;278;279;290;293;294;297;298;301,24,37,1.0,0.9459459459459459,7.8245143686215215,7.963561515073721,-0.8531646029594064,True,True,True,True,True,pass
Nb252_aff_seq106_W106E,Nb252 reported_seq W106E,Nb252 IMGT 112D W>E,Nb252 chain C auth 106 W>E,106,W,E,CDR3,False,1,8112101,Nb252_WT_rep01_seed8112101,423.77675508826735,-66.25436904156442,-89.56707381613926,-113.5673868341847,15.358785602407643,24,33,0.9166666666666666,0.8378378378378378,0.04407951793090886,2.3133294737498744,33;37;45;47;50;53;58;98;100;102;103;104;105;106;107;108;109;110;111;112;113;114;115;116,33;40;86;89;90;93;96;97;98;99;101;102;105;106;109;110;172;174;177;178;179;180;181;182;269;277;278;279;290;293;294;297;298,24,37,1.0,0.8918918918918919,8.321068117814491,6.956200602908112,-0.8268425541967552,True,True,True,True,True,pass
Nb252_aff_seq106_W106E,Nb252 reported_seq W106E,Nb252 IMGT 112D W>E,Nb252 chain C auth 106 W>E,106,W,E,CDR3,False,2,8112102,Nb252_WT_rep02_seed8112102,423.77675508826735,-66.25436904156442,-89.56707381613926,-113.5673868341847,15.358785602407643,24,33,0.9166666666666666,0.8378378378378378,0.04407951793090886,2.3133294737498744,33;37;45;47;50;53;58;98;100;102;103;104;105;106;107;108;109;110;111;112;113;114;115;116,33;40;86;89;90;93;96;97;98;99;101;102;105;106;109;110;172;174;177;178;179;180;181;182;269;277;278;279;290;293;294;297;298,24,37,1.0,0.8918918918918919,8.210222191390756,6.956200602908112,-0.8268425541967552,True,True,True,True,True,pass
Nb252_aff_seq106_W106E,Nb252 reported_seq W106E,Nb252 IMGT 112D W>E,Nb252 chain C auth 106 W>E,106,W,E,CDR3,False,3,8112103,Nb252_WT_rep03_seed8112103,423.77675508826735,-67.61424533723829,-89.56707381613926,-113.5673868341847,15.358785602407643,24,33,0.9166666666666666,0.8378378378378378,0.04407951793090886,2.3133294737498744,33;37;45;47;50;53;58;98;100;102;103;104;105;106;107;108;109;110;111;112;113;114;115;116,33;40;86;89;90;93;96;97;98;99;101;102;105;106;109;110;172;174;177;178;179;180;181;182;269;277;278;279;290;293;294;297;298,24,37,1.0,0.8918918918918919,6.850345895716885,6.956200602908112,-0.8268425541967552,True,True,True,True,True,pass
Nb252_aff_seq106_W106F,Nb252 reported_seq W106F,Nb252 IMGT 112D W>F,Nb252 chain C auth 106 W>F,106,W,F,CDR3,False,1,8112101,Nb252_WT_rep01_seed8112101,419.6175028520107,-74.77114492583291,-95.23668361884347,-117.65260809764847,15.826688065012673,24,35,0.9166666666666666,0.8918918918918919,0.04372912400104931,2.313043015091756,33;37;45;47;50;53;58;98;100;102;103;104;105;106;107;108;109;110;111;112;113;114;115;116,33;40;82;86;89;90;93;96;97;98;99;101;102;105;106;109;110;172;174;177;178;179;180;181;182;269;277;278;279;290;293;294;297;298;301,24,37,1.0,0.9459459459459459,-0.19570776645400656,1.2865908002038964,-0.3589400915917249,True,True,True,True,True,pass
Nb252_aff_seq106_W106F,Nb252 reported_seq W106F,Nb252 IMGT 112D W>F,Nb252 chain C auth 106 W>F,106,W,F,CDR3,False,2,8112102,Nb252_WT_rep02_seed8112102,419.6175028520107,-75.193766861011,-95.23668361884347,-117.65260809764847,15.826688065012673,24,35,0.9166666666666666,0.8918918918918919,0.04372912400104931,2.313043015091756,33;37;45;47;50;53;58;98;100;102;103;104;105;106;107;108;109;110;111;112;113;114;115;116,33;40;82;86;89;90;93;96;97;98;99;101;102;105;106;109;110;172;174;177;178;179;180;181;182;269;277;278;279;290;293;294;297;298;301,24,37,1.0,0.9459459459459459,-0.7291756280558275,1.2865908002038964,-0.3589400915917249,True,True,True,True,True,pass
Nb252_aff_seq106_W106F,Nb252 reported_seq W106F,Nb252 IMGT 112D W>F,Nb252 chain C auth 106 W>F,106,W,F,CDR3,False,3,8112103,Nb252_WT_rep03_seed8112103,419.6175028520107,-76.18569339277383,-95.23668361884347,-117.65260809764847,15.826688065012673,24,35,0.9166666666666666,0.8918918918918919,0.04372912400104931,2.313043015091756,33;37;45;47;50;53;58;98;100;102;103;104;105;106;107;108;109;110;111;112;113;114;115;116,33;40;82;86;89;90;93;96;97;98;99;101;102;105;106;109;110;172;174;177;178;179;180;181;182;269;277;278;279;290;293;294;297;298;301,24,37,1.0,0.9459459459459459,-1.7211021598186562,1.2865908002038964,-0.3589400915917249,True,True,True,True,True,pass
Nb252_aff_seq106_W106G,Nb252 reported_seq W106G,Nb252 IMGT 112D W>G,Nb252 chain C auth 106 W>G,106,W,G,CDR3,False,1,8112101,Nb252_WT_rep01_seed8112101,426.4101284638825,-67.8894361789524,-88.8896908300131,-111.65288507995585,15.6767427719695,24,34,0.9166666666666666,0.8648648648648649,0.04353977668783061,2.3140898704016952,33;37;45;47;50;53;58;98;100;102;103;104;105;106;107;108;109;110;111;112;113;114;115;116,33;40;82;86;89;90;93;96;97;98;99;101;102;105;106;109;110;172;174;177;178;179;180;181;182;269;277;278;279;290;293;294;297;298,24,37,1.0,0.918918918918919,6.686000980426513,7.633583589034274,-0.5088853846348975,True,True,True,True,True,pass
Nb252_aff_seq106_W106G,Nb252 reported_seq W106G,Nb252 IMGT 112D W>G,Nb252 chain C auth 106 W>G,106,W,G,CDR3,False,2,8112102,Nb252_WT_rep02_seed8112102,426.4101284638825,-67.8894361789524,-88.8896908300131,-111.65288507995585,15.6767427719695,24,34,0.9166666666666666,0.8648648648648649,0.04353977668783061,2.3140898704016952,33;37;45;47;50;53;58;98;100;102;103;104;105;106;107;108;109;110;111;112;113;114;115;116,33;40;82;86;89;90;93;96;97;98;99;101;102;105;106;109;110;172;174;177;178;179;180;181;182;269;277;278;279;290;293;294;297;298,24,37,1.0,0.918918918918919,6.575155054002778,7.633583589034274,-0.5088853846348975,True,True,True,True,True,pass
Nb252_aff_seq106_W106G,Nb252 reported_seq W106G,Nb252 IMGT 112D W>G,Nb252 chain C auth 106 W>G,106,W,G,CDR3,False,3,8112103,Nb252_WT_rep03_seed8112103,426.4101284638825,-67.8894361789524,-88.8896908300131,-111.65288507995585,15.6767427719695,24,34,0.9166666666666666,0.8648648648648649,0.04353977668783061,2.3140898704016952,33;37;45;47;50;53;58;98;100;102;103;104;105;106;107;108;109;110;111;112;113;114;115;116,33;40;82;86;89;90;93;96;97;98;99;101;102;105;106;109;110;172;174;177;178;179;180;181;182;269;277;278;279;290;293;294;297;298,24,37,1.0,0.918918918918919,6.575155054002778,7.633583589034274,-0.5088853846348975,True,True,True,True,True,pass
Nb252_aff_seq106_W106H,Nb252 reported_seq W106H,Nb252 IMGT 112D W>H,Nb252 chain C auth 106 W>H,106,W,H,CDR3,False,1,8112101,Nb252_WT_rep01_seed8112101,425.28248299844313,-72.85199054690702,-90.95224748205969,-114.44608406371235,15.402017002815226,24,34,0.9166666666666666,0.8648648648648649,0.044759955769577454,2.3144659751931767,33;37;45;47;50;53;58;98;100;102;103;104;105;106;107;108;109;110;111;112;113;114;115;116,33;40;86;89;90;93;96;97;98;99;101;102;105;106;109;110;172;174;177;178;179;180;181;182;269;277;278;279;290;293;294;297;298;301,24,37,1.0,0.918918918918919,1.7234466124718892,5.571026936987678,-0.7836111537891721,True,True,True,True,True,pass
Nb252_aff_seq106_W106H,Nb252 reported_seq W106H,Nb252 IMGT 112D W>H,Nb252 chain C auth 106 W>H,106,W,H,CDR3,False,2,8112102,Nb252_WT_rep02_seed8112102,421.5107184098761,-71.87144573955027,-91.38666064568766,-115.05924565067882,15.355463642043732,24,35,0.9166666666666666,0.8918918918918919,0.04400549814298549,2.3124895449408704,33;37;45;47;50;53;58;98;100;102;103;104;105;106;107;108;109;110;111;112;113;114;115;116,33;40;82;86;89;90;93;96;97;98;99;101;102;105;106;109;110;172;174;177;178;179;180;181;182;269;277;278;279;290;293;294;297;298;301,24,37,1.0,0.9459459459459459,2.5931454934049043,5.136613773359713,-0.830164514560666,True,True,True,True,True,pass
Nb252_aff_seq106_W106H,Nb252 reported_seq W106H,Nb252 IMGT 112D W>H,Nb252 chain C auth 106 W>H,106,W,H,CDR3,False,3,8112103,Nb252_WT_rep03_seed8112103,421.5107184098761,-70.89611825203798,-91.38666064568766,-115.05924565067882,15.355463642043732,24,35,0.9166666666666666,0.8918918918918919,0.04400549814298549,2.3124895449408704,33;37;45;47;50;53;58;98;100;102;103;104;105;106;107;108;109;110;111;112;113;114;115;116,33;40;82;86;89;90;93;96;97;98;99;101;102;105;106;109;110;172;174;177;178;179;180;181;182;269;277;278;279;290;293;294;297;298;301,24,37,1.0,0.9459459459459459,3.5684729809171927,5.136613773359713,-0.830164514560666,True,True,True,True,True,pass
Nb252_aff_seq106_W106I,Nb252 reported_seq W106I,Nb252 IMGT 112D W>I,Nb252 chain C auth 106 W>I,106,W,I,CDR3,False,1,8112101,Nb252_WT_rep01_seed8112101,427.54827095545335,-72.30612364153154,-92.12674224738971,-115.61848743490017,16.282797585755716,24,35,0.9166666666666666,0.8918918918918919,0.044067661482357356,2.3051475484111448,33;37;45;47;50;53;58;98;100;102;103;104;105;106;107;108;109;110;111;112;113;114;115;116,33;37;40;82;86;89;90;93;96;97;98;99;101;102;105;106;109;110;172;174;177;178;179;180;181;182;269;277;278;279;290;293;294;297;298,24,37,1.0,0.918918918918919,2.2693135178473653,4.396532171657654,0.0971694291513181,True,True,True,True,True,pass
Nb252_aff_seq106_W106I,Nb252 reported_seq W106I,Nb252 IMGT 112D W>I,Nb252 chain C auth 106 W>I,106,W,I,CDR3,False,2,8112102,Nb252_WT_rep02_seed8112102,432.1086673939578,-64.11528087303549,-90.59733391904645,-116.60779474357778,19.009441935270925,24,34,0.9166666666666666,0.8648648648648649,0.04596485344220421,2.31347199250982,33;37;45;47;50;53;58;98;100;102;103;104;105;106;107;108;109;110;111;112;113;114;115;116,33;40;82;86;89;90;93;96;97;98;99;101;102;105;106;109;110;172;174;177;178;179;180;181;182;269;277;278;279;290;293;294;297;298,24,37,1.0,0.918918918918919,10.349310359919684,5.9259405000009195,2.8238137786665263,True,True,True,True,True,pass
Nb252_aff_seq106_W106I,Nb252 reported_seq W106I,Nb252 IMGT 112D W>I,Nb252 chain C auth 106 W>I,106,W,I,CDR3,False,3,8112103,Nb252_WT_rep03_seed8112103,432.1086673939578,-63.21869880639616,-90.59733391904645,-116.60779474357778,19.009441935270925,24,34,0.9166666666666666,0.8648648648648649,0.04596485344220421,2.31347199250982,33;37;45;47;50;53;58;98;100;102;103;104;105;106;107;108;109;110;111;112;113;114;115;116,33;40;82;86;89;90;93;96;97;98;99;101;102;105;106;109;110;172;174;177;178;179;180;181;182;269;277;278;279;290;293;294;297;298,24,37,1.0,0.918918918918919,11.24589242655901,5.9259405000009195,2.8238137786665263,True,True,True,True,True,pass
Nb252_aff_seq106_W106K,Nb252 reported_seq W106K,Nb252 IMGT 112D W>K,Nb252 chain C auth 106 W>K,106,W,K,CDR3,False,1,8112101,Nb252_WT_rep01_seed8112101,431.6485108498156,-65.75989647408636,-89.21503600939117,-119.12961675675847,16.302561907387847,24,37,0.9166666666666666,0.8918918918918919,0.04405203755009272,2.320370466282553,33;37;45;47;50;53;58;98;100;102;103;104;105;106;107;108;109;110;111;112;113;114;115;116,33;40;44;82;83;86;89;90;93;96;97;98;99;101;102;105;106;109;110;172;174;177;178;179;180;181;182;269;277;278;279;290;293;294;297;298;301,24,37,1.0,0.972972972972973,8.815540685292547,7.308238409656198,0.11693375078344914,True,True,True,True,True,pass
Nb252_aff_seq106_W106K,Nb252 reported_seq W106K,Nb252 IMGT 112D W>K,Nb252 chain C auth 106 W>K,106,W,K,CDR3,False,2,8112102,Nb252_WT_rep02_seed8112102,427.37356252885786,-64.6308491010792,-87.86746884057837,-118.27243352193776,15.339833545272098,24,37,0.9166666666666666,0.8918918918918919,0.04492599781565812,2.3200575739957268,33;37;45;47;50;53;58;98;100;102;103;104;105;106;107;108;109;110;111;112;113;114;115;116,33;40;44;82;83;86;89;90;93;96;97;98;99;101;102;105;106;109;110;172;174;177;178;179;180;181;182;269;277;278;279;290;293;294;297;298;301,24,37,1.0,0.972972972972973,9.833742131875965,8.655805578469,-0.8457946113323,True,True,True,True,True,pass
Nb252_aff_seq106_W106K,Nb252 reported_seq W106K,Nb252 IMGT 112D W>K,Nb252 chain C auth 106 W>K,106,W,K,CDR3,False,3,8112103,Nb252_WT_rep03_seed8112103,433.03775697999686,-64.76079097206087,-88.4269915006483,-119.3052180799901,16.922312155534996,24,38,0.9166666666666666,0.918918918918919,0.04362572633014885,2.3133933402560127,33;37;45;47;50;53;58;98;100;102;103;104;105;106;107;108;109;110;111;112;113;114;115;116,33;37;40;44;82;83;86;89;90;93;96;97;98;99;101;102;105;106;109;110;172;174;177;178;179;180;181;182;269;277;278;279;290;293;294;297;298;301,24,37,1.0,0.972972972972973,9.703800260894297,8.09628291839907,0.736683998930598,True,True,True,True,True,pass
Nb252_aff_seq106_W106L,Nb252 reported_seq W106L,Nb252 IMGT 112D W>L,Nb252 chain C auth 106 W>L,106,W,L,CDR3,False,1,8112101,Nb252_WT_rep01_seed8112101,424.48059194713386,-68.15707066660889,-93.74150601882026,-115.42199787601339,16.02780261872304,24,35,0.9166666666666666,0.8918918918918919,0.04376163534062389,2.31420739366517,33;37;45;47;50;53;58;98;100;102;103;104;105;106;107;108;109;110;111;112;113;114;115;116,33;40;82;86;89;90;93;96;97;98;99;101;102;105;106;109;110;172;174;177;178;179;180;181;182;269;277;278;279;290;293;294;297;298;301,24,37,1.0,0.9459459459459459,6.418366492770019,2.781768400227108,-0.157825537881358,True,True,True,True,True,pass
Nb252_aff_seq106_W106L,Nb252 reported_seq W106L,Nb252 IMGT 112D W>L,Nb252 chain C auth 106 W>L,106,W,L,CDR3,False,2,8112102,Nb252_WT_rep02_seed8112102,425.04270526897733,-74.39150673212146,-95.36178728105982,-117.4254361054387,16.042087278215647,24,35,0.9166666666666666,0.8918918918918919,0.04414768415095544,2.316728297404668,33;37;45;47;50;53;58;98;100;102;103;104;105;106;107;108;109;110;111;112;113;114;115;116,33;40;82;86;89;90;93;96;97;98;99;101;102;105;106;109;110;172;174;177;178;179;180;181;182;269;277;278;279;290;293;294;297;298;301,24,37,1.0,0.9459459459459459,0.07308450083371554,1.1614871379875495,-0.14354087838875174,True,True,True,True,True,pass
Nb252_aff_seq106_W106L,Nb252 reported_seq W106L,Nb252 IMGT 112D W>L,Nb252 chain C auth 106 W>L,106,W,L,CDR3,False,3,8112103,Nb252_WT_rep03_seed8112103,425.04270526897733,-73.45085315984352,-95.36178728105982,-117.4254361054387,16.042087278215647,24,35,0.9166666666666666,0.8918918918918919,0.04414768415095544,2.316728297404668,33;37;45;47;50;53;58;98;100;102;103;104;105;106;107;108;109;110;111;112;113;114;115;116,33;40;82;86;89;90;93;96;97;98;99;101;102;105;106;109;110;172;174;177;178;179;180;181;182;269;277;278;279;290;293;294;297;298;301,24,37,1.0,0.9459459459459459,1.0137380731116536,1.1614871379875495,-0.14354087838875174,True,True,True,True,True,pass
Nb252_aff_seq106_W106M,Nb252 reported_seq W106M,Nb252 IMGT 112D W>M,Nb252 chain C auth 106 W>M,106,W,M,CDR3,False,1,8112101,Nb252_WT_rep01_seed8112101,438.65309493852567,-56.806704544147635,-90.82941851859553,-117.07070234652535,18.882400387118018,24,35,0.9166666666666666,0.8918918918918919,0.04378759056970005,2.3163773645140466,33;37;45;47;50;53;58;98;100;102;103;104;105;106;107;108;109;110;111;112;113;114;115;116,33;40;82;86;89;90;93;96;97;98;99;101;102;105;106;109;110;172;174;177;178;179;180;181;182;269;277;278;279;290;293;294;297;298;301,24,37,1.0,0.9459459459459459,17.768732615231272,5.693855900451837,2.69677223051362,True,True,True,True,True,pass
Nb252_aff_seq106_W106M,Nb252 reported_seq W106M,Nb252 IMGT 112D W>M,Nb252 chain C auth 106 W>M,106,W,M,CDR3,False,2,8112102,Nb252_WT_rep02_seed8112102,427.9790612202463,-71.0317570306953,-95.25406361971842,-118.58306845008607,17.02406240742628,24,36,0.9166666666666666,0.8918918918918919,0.04409780186286273,2.3182599523428165,33;37;45;47;50;53;58;98;100;102;103;104;105;106;107;108;109;110;111;112;113;114;115;116,33;40;82;83;86;89;90;93;96;97;98;99;101;102;105;106;109;110;172;174;177;178;179;180;181;182;269;277;278;279;290;293;294;297;298;301,24,37,1.0,0.9459459459459459,3.432834202259869,1.2692107993289454,0.8384342508218801,True,True,True,True,True,pass
Nb252_aff_seq106_W106M,Nb252 reported_seq W106M,Nb252 IMGT 112D W>M,Nb252 chain C auth 106 W>M,106,W,M,CDR3,False,3,8112103,Nb252_WT_rep03_seed8112103,423.2719233211436,-70.47142107235425,-95.38967421463651,-117.61167989741527,15.666737912740585,24,36,0.9166666666666666,0.8918918918918919,0.04454088935175079,2.313376116745947,33;37;45;47;50;53;58;98;100;102;103;104;105;106;107;108;109;110;111;112;113;114;115;116,33;40;82;83;86;89;90;93;96;97;98;99;101;102;105;106;109;110;172;174;177;178;179;180;181;182;269;277;278;279;290;293;294;297;298;301,24,37,1.0,0.9459459459459459,3.9931701606009256,1.133600204410854,-0.5188902438638134,True,True,True,True,True,pass
Nb252_aff_seq106_W106N,Nb252 reported_seq W106N,Nb252 IMGT 112D W>N,Nb252 chain C auth 106 W>N,106,W,N,CDR3,False,1,8112101,Nb252_WT_rep01_seed8112101,424.4665194610351,-66.76077224357869,-89.65829387902457,-113.56877214330531,15.293774083358553,24,35,0.9166666666666666,0.8918918918918919,0.04371032445942818,2.318790466345863,33;37;45;47;50;53;58;98;100;102;103;104;105;106;107;108;109;110;111;112;113;114;115;116,33;40;82;86;89;90;93;96;97;98;99;101;102;105;106;109;110;172;174;177;178;179;180;181;182;269;277;278;279;290;293;294;297;298;301,24,37,1.0,0.9459459459459459,7.814664915800222,6.864980540022799,-0.8918540732458453,True,True,True,True,True,pass
Nb252_aff_seq106_W106N,Nb252 reported_seq W106N,Nb252 IMGT 112D W>N,Nb252 chain C auth 106 W>N,106,W,N,CDR3,False,2,8112102,Nb252_WT_rep02_seed8112102,424.4665194610351,-69.45606284317148,-89.65829387902457,-113.56877214330531,15.293774083358553,24,35,0.9166666666666666,0.8918918918918919,0.04371032445942818,2.318790466345863,33;37;45;47;50;53;58;98;100;102;103;104;105;106;107;108;109;110;111;112;113;114;115;116,33;40;82;86;89;90;93;96;97;98;99;101;102;105;106;109;110;172;174;177;178;179;180;181;182;269;277;278;279;290;293;294;297;298;301,24,37,1.0,0.9459459459459459,5.008528389783692,6.864980540022799,-0.8918540732458453,True,True,True,True,True,pass
Nb252_aff_seq106_W106N,Nb252 reported_seq W106N,Nb252 IMGT 112D W>N,Nb252 chain C auth 106 W>N,106,W,N,CDR3,False,3,8112103,Nb252_WT_rep03_seed8112103,424.4665194610351,-69.45606284317148,-89.65829387902457,-113.56877214330531,15.293774083358553,24,35,0.9166666666666666,0.8918918918918919,0.04371032445942818,2.318790466345863,33;37;45;47;50;53;58;98;100;102;103;104;105;106;107;108;109;110;111;112;113;114;115;116,33;40;82;86;89;90;93;96;97;98;99;101;102;105;106;109;110;172;174;177;178;179;180;181;182;269;277;278;279;290;293;294;297;298;301,24,37,1.0,0.9459459459459459,5.008528389783692,6.864980540022799,-0.8918540732458453,True,True,True,True,True,pass
Nb252_aff_seq106_W106P,Nb252 reported_seq W106P,Nb252 IMGT 112D W>P,Nb252 chain C auth 106 W>P,106,W,P,CDR3,False,1,8112101,Nb252_WT_rep01_seed8112101,421.13883096349065,-68.24800788937597,-89.94631081575488,-113.10440773069577,15.59462755823789,24,33,0.9166666666666666,0.8378378378378378,0.04309229116333861,2.316314177067764,33;37;45;47;50;53;58;98;100;102;103;104;105;106;107;108;109;110;111;112;113;114;115;116,33;40;86;89;90;93;96;97;98;99;101;102;105;106;109;110;172;174;177;178;179;180;181;182;269;277;278;279;290;293;294;297;298,24,37,1.0,0.8918918918918919,6.327429270002938,6.576963603292484,-0.5910005983665076,True,True,True,True,True,pass
Nb252_aff_seq106_W106P,Nb252 reported_seq W106P,Nb252 IMGT 112D W>P,Nb252 chain C auth 106 W>P,106,W,P,CDR3,False,2,8112102,Nb252_WT_rep02_seed8112102,421.13883096349065,-69.53707943036551,-89.94631081575488,-113.10440773069577,15.59462755823789,24,33,0.9166666666666666,0.8378378378378378,0.04309229116333861,2.316314177067764,33;37;45;47;50;53;58;98;100;102;103;104;105;106;107;108;109;110;111;112;113;114;115;116,33;40;86;89;90;93;96;97;98;99;101;102;105;106;109;110;172;174;177;178;179;180;181;182;269;277;278;279;290;293;294;297;298,24,37,1.0,0.8918918918918919,4.927511802589663,6.576963603292484,-0.5910005983665076,True,True,True,True,True,pass
Nb252_aff_seq106_W106P,Nb252 reported_seq W106P,Nb252 IMGT 112D W>P,Nb252 chain C auth 106 W>P,106,W,P,CDR3,False,3,8112103,Nb252_WT_rep03_seed8112103,421.13883096349065,-70.42928167992079,-89.94631081575488,-113.10440773069577,15.59462755823789,24,33,0.9166666666666666,0.8378378378378378,0.04309229116333861,2.316314177067764,33;37;45;47;50;53;58;98;100;102;103;104;105;106;107;108;109;110;111;112;113;114;115;116,33;40;86;89;90;93;96;97;98;99;101;102;105;106;109;110;172;174;177;178;179;180;181;182;269;277;278;279;290;293;294;297;298,24,37,1.0,0.8918918918918919,4.035309553034381,6.576963603292484,-0.5910005983665076,True,True,True,True,True,pass
Nb252_aff_seq106_W106Q,Nb252 reported_seq W106Q,Nb252 IMGT 112D W>Q,Nb252 chain C auth 106 W>Q,106,W,Q,CDR3,False,1,8112101,Nb252_WT_rep01_seed8112101,423.599260439984,-68.47028421226486,-89.90558438984091,-113.97296251186249,15.18543425100641,24,33,0.9166666666666666,0.8378378378378378,0.0437396977637896,2.323487336743552,33;37;45;47;50;53;58;98;100;102;103;104;105;106;107;108;109;110;111;112;113;114;115;116,33;40;86;89;90;93;96;97;98;99;101;102;105;106;109;110;172;174;177;178;179;180;181;182;269;277;278;279;290;293;294;297;298,24,37,1.0,0.8918918918918919,6.10515294711405,6.617690029206457,-1.000193905597989,True,True,True,True,True,pass
Nb252_aff_seq106_W106Q,Nb252 reported_seq W106Q,Nb252 IMGT 112D W>Q,Nb252 chain C auth 106 W>Q,106,W,Q,CDR3,False,2,8112102,Nb252_WT_rep02_seed8112102,423.599260439984,-68.47028421226486,-89.90558438984091,-113.97296251186249,15.18543425100641,24,33,0.9166666666666666,0.8378378378378378,0.0437396977637896,2.323487336743552,33;37;45;47;50;53;58;98;100;102;103;104;105;106;107;108;109;110;111;112;113;114;115;116,33;40;86;89;90;93;96;97;98;99;101;102;105;106;109;110;172;174;177;178;179;180;181;182;269;277;278;279;290;293;294;297;298,24,37,1.0,0.8918918918918919,5.994307020690314,6.617690029206457,-1.000193905597989,True,True,True,True,True,pass
Nb252_aff_seq106_W106Q,Nb252 reported_seq W106Q,Nb252 IMGT 112D W>Q,Nb252 chain C auth 106 W>Q,106,W,Q,CDR3,False,3,8112103,Nb252_WT_rep03_seed8112103,423.599260439984,-67.95933053115067,-89.90558438984091,-113.97296251186249,15.18543425100641,24,33,0.9166666666666666,0.8378378378378378,0.0437396977637896,2.323487336743552,33;37;45;47;50;53;58;98;100;102;103;104;105;106;107;108;109;110;111;112;113;114;115;116,33;40;86;89;90;93;96;97;98;99;101;102;105;106;109;110;172;174;177;178;179;180;181;182;269;277;278;279;290;293;294;297;298,24,37,1.0,0.8918918918918919,6.505260701804502,6.617690029206457,-1.000193905597989,True,True,True,True,True,pass
Nb252_aff_seq106_W106R,Nb252 reported_seq W106R,Nb252 IMGT 112D W>R,Nb252 chain C auth 106 W>R,106,W,R,CDR3,False,1,8112101,Nb252_WT_rep01_seed8112101,424.5839617548378,-68.96123429702175,-90.59912992787609,-118.63215176922648,16.175007739700778,24,37,0.9166666666666666,0.8918918918918919,0.04545590257887192,2.3150313026711022,33;37;45;47;50;53;58;98;100;102;103;104;105;106;107;108;109;110;111;112;113;114;115;116,33;40;44;82;86;89;90;93;96;97;98;99;101;102;105;106;109;110;172;174;177;178;179;180;181;182;269;277;278;279;290;293;294;297;298;301;302,24,37,1.0,1.0,5.6142028623571605,5.924144491171276,-0.010620416903620367,True,True,True,True,True,pass
Nb252_aff_seq106_W106R,Nb252 reported_seq W106R,Nb252 IMGT 112D W>R,Nb252 chain C auth 106 W>R,106,W,R,CDR3,False,2,8112102,Nb252_WT_rep02_seed8112102,432.2932461230264,-64.44229219210746,-89.55739937457068,-118.52298100414298,16.49609046953955,24,35,0.9166666666666666,0.8648648648648649,0.04347612696334068,2.315093440286364,33;37;45;47;50;53;58;98;100;102;103;104;105;106;107;108;109;110;111;112;113;114;115;116,33;40;82;85;86;89;90;93;96;97;98;99;101;102;105;106;109;110;172;174;177;178;179;180;181;182;269;277;278;279;290;293;294;297;298,24,37,1.0,0.918918918918919,10.022299040847713,6.9658750444766895,0.3104623129351509,True,True,True,True,True,pass
Nb252_aff_seq106_W106R,Nb252 reported_seq W106R,Nb252 IMGT 112D W>R,Nb252 chain C auth 106 W>R,106,W,R,CDR3,False,3,8112103,Nb252_WT_rep03_seed8112103,432.2932461230264,-65.41051501128453,-89.55739937457068,-118.52298100414298,16.49609046953955,24,35,0.9166666666666666,0.8648648648648649,0.04347612696334068,2.315093440286364,33;37;45;47;50;53;58;98;100;102;103;104;105;106;107;108;109;110;111;112;113;114;115;116,33;40;82;85;86;89;90;93;96;97;98;99;101;102;105;106;109;110;172;174;177;178;179;180;181;182;269;277;278;279;290;293;294;297;298,24,37,1.0,0.918918918918919,9.054076221670641,6.9658750444766895,0.3104623129351509,True,True,True,True,True,pass
Nb252_aff_seq106_W106S,Nb252 reported_seq W106S,Nb252 IMGT 112D W>S,Nb252 chain C auth 106 W>S,106,W,S,CDR3,False,1,8112101,Nb252_WT_rep01_seed8112101,422.5772941885628,-67.21764971846909,-88.8024099252729,-112.0046908404833,15.114089811696825,24,33,0.9166666666666666,0.8378378378378378,0.04424540645167556,2.315977422522796,33;37;45;47;50;53;58;98;100;102;103;104;105;106;107;108;109;110;111;112;113;114;115;116,33;40;86;89;90;93;96;97;98;99;101;102;105;106;109;110;172;174;177;178;179;180;181;182;269;277;278;279;290;293;294;297;298,24,37,1.0,0.8918918918918919,7.357787440909817,7.720864493774471,-1.071538344907573,True,True,True,True,True,pass
Nb252_aff_seq106_W106S,Nb252 reported_seq W106S,Nb252 IMGT 112D W>S,Nb252 chain C auth 106 W>S,106,W,S,CDR3,False,2,8112102,Nb252_WT_rep02_seed8112102,422.5772941885628,-68.14443814043835,-88.8024099252729,-112.0046908404833,15.114089811696825,24,33,0.9166666666666666,0.8378378378378378,0.04424540645167556,2.315977422522796,33;37;45;47;50;53;58;98;100;102;103;104;105;106;107;108;109;110;111;112;113;114;115;116,33;40;86;89;90;93;96;97;98;99;101;102;105;106;109;110;172;174;177;178;179;180;181;182;269;277;278;279;290;293;294;297;298,24,37,1.0,0.8918918918918919,6.320153092516819,7.720864493774471,-1.071538344907573,True,True,True,True,True,pass
Nb252_aff_seq106_W106S,Nb252 reported_seq W106S,Nb252 IMGT 112D W>S,Nb252 chain C auth 106 W>S,106,W,S,CDR3,False,3,8112103,Nb252_WT_rep03_seed8112103,422.5772941885628,-68.14443814043835,-88.8024099252729,-112.0046908404833,15.114089811696825,24,33,0.9166666666666666,0.8378378378378378,0.04424540645167556,2.315977422522796,33;37;45;47;50;53;58;98;100;102;103;104;105;106;107;108;109;110;111;112;113;114;115;116,33;40;86;89;90;93;96;97;98;99;101;102;105;106;109;110;172;174;177;178;179;180;181;182;269;277;278;279;290;293;294;297;298,24,37,1.0,0.8918918918918919,6.320153092516819,7.720864493774471,-1.071538344907573,True,True,True,True,True,pass
Nb252_aff_seq106_W106T,Nb252 reported_seq W106T,Nb252 IMGT 112D W>T,Nb252 chain C auth 106 W>T,106,W,T,CDR3,False,1,8112101,Nb252_WT_rep01_seed8112101,430.0413008915546,-63.43136811038028,-86.93497648950581,-113.97794945583016,18.454709931203617,24,34,0.9166666666666666,0.8648648648648649,0.04633034400866328,2.3126799638227693,33;37;45;47;50;53;58;98;100;102;103;104;105;106;107;108;109;110;111;112;113;114;115;116,33;40;82;86;89;90;93;96;97;98;99;101;102;105;106;109;110;172;174;177;178;179;180;181;182;269;277;278;279;290;293;294;297;298,24,37,1.0,0.918918918918919,11.144069048998631,9.588297929541554,2.2690817745992184,True,True,True,True,True,pass
Nb252_aff_seq106_W106T,Nb252 reported_seq W106T,Nb252 IMGT 112D W>T,Nb252 chain C auth 106 W>T,106,W,T,CDR3,False,2,8112102,Nb252_WT_rep02_seed8112102,430.0413008915546,-63.43136811038028,-86.93497648950581,-113.97794945583016,18.454709931203617,24,34,0.9166666666666666,0.8648648648648649,0.04633034400866328,2.3126799638227693,33;37;45;47;50;53;58;98;100;102;103;104;105;106;107;108;109;110;111;112;113;114;115;116,33;40;82;86;89;90;93;96;97;98;99;101;102;105;106;109;110;172;174;177;178;179;180;181;182;269;277;278;279;290;293;294;297;298,24,37,1.0,0.918918918918919,11.033223122574896,9.588297929541554,2.2690817745992184,True,True,True,True,True,pass
Nb252_aff_seq106_W106T,Nb252 reported_seq W106T,Nb252 IMGT 112D W>T,Nb252 chain C auth 106 W>T,106,W,T,CDR3,False,3,8112103,Nb252_WT_rep03_seed8112103,430.0413008915546,-63.83179149865839,-86.93497648950581,-113.97794945583016,18.454709931203617,24,34,0.9166666666666666,0.8648648648648649,0.04633034400866328,2.3126799638227693,33;37;45;47;50;53;58;98;100;102;103;104;105;106;107;108;109;110;111;112;113;114;115;116,33;40;82;86;89;90;93;96;97;98;99;101;102;105;106;109;110;172;174;177;178;179;180;181;182;269;277;278;279;290;293;294;297;298,24,37,1.0,0.918918918918919,10.632799734296782,9.588297929541554,2.2690817745992184,True,True,True,True,True,pass
Nb252_aff_seq106_W106V,Nb252 reported_seq W106V,Nb252 IMGT 112D W>V,Nb252 chain C auth 106 W>V,106,W,V,CDR3,False,1,8112101,Nb252_WT_rep01_seed8112101,428.5595243562931,-68.09458917943039,-90.25840194553167,-114.30932278109539,17.819972191019747,24,34,0.9166666666666666,0.8648648648648649,0.04536073923675244,2.3138402692750994,33;37;45;47;50;53;58;98;100;102;103;104;105;106;107;108;109;110;111;112;113;114;115;116,33;40;82;86;89;90;93;96;97;98;99;101;102;105;106;109;110;172;174;177;178;179;180;181;182;269;277;278;279;290;293;294;297;298,24,37,1.0,0.918918918918919,6.480847979948521,6.264872473515695,1.6343440344153493,True,True,True,True,True,pass
Nb252_aff_seq106_W106V,Nb252 reported_seq W106V,Nb252 IMGT 112D W>V,Nb252 chain C auth 106 W>V,106,W,V,CDR3,False,2,8112102,Nb252_WT_rep02_seed8112102,428.5595243562931,-68.72787239094282,-90.25840194553167,-114.30932278109539,17.819972191019747,24,34,0.9166666666666666,0.8648648648648649,0.04536073923675244,2.3138402692750994,33;37;45;47;50;53;58;98;100;102;103;104;105;106;107;108;109;110;111;112;113;114;115;116,33;40;82;86;89;90;93;96;97;98;99;101;102;105;106;109;110;172;174;177;178;179;180;181;182;269;277;278;279;290;293;294;297;298,24,37,1.0,0.918918918918919,5.736718842012351,6.264872473515695,1.6343440344153493,True,True,True,True,True,pass
Nb252_aff_seq106_W106V,Nb252 reported_seq W106V,Nb252 IMGT 112D W>V,Nb252 chain C auth 106 W>V,106,W,V,CDR3,False,3,8112103,Nb252_WT_rep03_seed8112103,428.5595243562931,-67.15923724107245,-90.25840194553167,-114.30932278109539,17.819972191019747,24,34,0.9166666666666666,0.8648648648648649,0.04536073923675244,2.3138402692750994,33;37;45;47;50;53;58;98;100;102;103;104;105;106;107;108;109;110;111;112;113;114;115;116,33;40;82;86;89;90;93;96;97;98;99;101;102;105;106;109;110;172;174;177;178;179;180;181;182;269;277;278;279;290;293;294;297;298,24,37,1.0,0.918918918918919,7.3053539918827255,6.264872473515695,1.6343440344153493,True,True,True,True,True,pass
Nb252_aff_seq106_W106Y,Nb252 reported_seq W106Y,Nb252 IMGT 112D W>Y,Nb252 chain C auth 106 W>Y,106,W,Y,CDR3,False,1,8112101,Nb252_WT_rep01_seed8112101,418.4143523404855,-74.44301905211455,-94.99622783996644,-117.95062564056978,15.396431757537659,24,36,0.9166666666666666,0.8918918918918919,0.044471171806362446,2.316515384534219,33;37;45;47;50;53;58;98;100;102;103;104;105;106;107;108;109;110;111;112;113;114;115;116,33;40;82;86;89;90;93;96;97;98;99;101;102;105;106;109;110;172;174;177;178;179;180;181;182;269;277;278;279;290;293;294;297;298;301;302,24,37,1.0,0.972972972972973,0.13241810726435688,1.527046579080931,-0.7891963990667392,True,True,True,True,True,pass
Nb252_aff_seq106_W106Y,Nb252 reported_seq W106Y,Nb252 IMGT 112D W>Y,Nb252 chain C auth 106 W>Y,106,W,Y,CDR3,False,2,8112102,Nb252_WT_rep02_seed8112102,418.4143523404855,-75.93140858539175,-94.99622783996644,-117.95062564056978,15.396431757537659,24,36,0.9166666666666666,0.8918918918918919,0.044471171806362446,2.316515384534219,33;37;45;47;50;53;58;98;100;102;103;104;105;106;107;108;109;110;111;112;113;114;115;116,33;40;82;86;89;90;93;96;97;98;99;101;102;105;106;109;110;172;174;177;178;179;180;181;182;269;277;278;279;290;293;294;297;298;301;302,24,37,1.0,0.972972972972973,-1.4668173524365784,1.527046579080931,-0.7891963990667392,True,True,True,True,True,pass
Nb252_aff_seq106_W106Y,Nb252 reported_seq W106Y,Nb252 IMGT 112D W>Y,Nb252 chain C auth 106 W>Y,106,W,Y,CDR3,False,3,8112103,Nb252_WT_rep03_seed8112103,418.4143523404855,-74.35832915253422,-94.99622783996644,-117.95062564056978,15.396431757537659,24,36,0.9166666666666666,0.8918918918918919,0.044471171806362446,2.316515384534219,33;37;45;47;50;53;58;98;100;102;103;104;105;106;107;108;109;110;111;112;113;114;115;116,33;40;82;86;89;90;93;96;97;98;99;101;102;105;106;109;110;172;174;177;178;179;180;181;182;269;277;278;279;290;293;294;297;298;301;302,24,37,1.0,0.972972972972973,0.10626208042094731,1.527046579080931,-0.7891963990667392,True,True,True,True,True,pass
Nb252_aff_seq107_N107A,Nb252 reported_seq N107A,Nb252 IMGT 112C N>A,Nb252 chain C auth 107 N>A,107,N,A,CDR3,False,1,8112101,Nb252_WT_rep01_seed8112101,420.1857853852203,-78.3609452775915,-97.59035042210725,-118.93590105095548,15.608127108337252,24,37,0.9166666666666666,0.8918918918918919,0.044490610608114836,2.3218579489977587,33;37;45;47;50;53;58;98;100;102;103;104;105;106;107;108;109;110;111;112;113;114;115;116,33;40;44;82;86;89;90;93;96;97;98;99;101;102;105;106;109;110;172;174;177;178;179;180;181;182;269;277;278;279;290;293;294;297;298;301;302,24,37,1.0,1.0,-3.78550811821259,-1.0670760030598814,-0.5775010482671465,True,True,True,True,True,pass
Nb252_aff_seq107_N107A,Nb252 reported_seq N107A,Nb252 IMGT 112C N>A,Nb252 chain C auth 107 N>A,107,N,A,CDR3,False,2,8112102,Nb252_WT_rep02_seed8112102,420.1857853852203,-77.02787867183991,-97.59035042210725,-118.93590105095548,15.608127108337252,24,37,0.9166666666666666,0.8918918918918919,0.044490610608114836,2.3218579489977587,33;37;45;47;50;53;58;98;100;102;103;104;105;106;107;108;109;110;111;112;113;114;115;116,33;40;44;82;86;89;90;93;96;97;98;99;101;102;105;106;109;110;172;174;177;178;179;180;181;182;269;277;278;279;290;293;294;297;298;301;302,24,37,1.0,1.0,-2.5632874388847426,-1.0670760030598814,-0.5775010482671465,True,True,True,True,True,pass
Nb252_aff_seq107_N107A,Nb252 reported_seq N107A,Nb252 IMGT 112C N>A,Nb252 chain C auth 107 N>A,107,N,A,CDR3,False,3,8112103,Nb252_WT_rep03_seed8112103,420.1857853852203,-77.02787867183991,-97.59035042210725,-118.93590105095548,15.608127108337252,24,37,0.9166666666666666,0.8918918918918919,0.044490610608114836,2.3218579489977587,33;37;45;47;50;53;58;98;100;102;103;104;105;106;107;108;109;110;111;112;113;114;115;116,33;40;44;82;86;89;90;93;96;97;98;99;101;102;105;106;109;110;172;174;177;178;179;180;181;182;269;277;278;279;290;293;294;297;298;301;302,24,37,1.0,1.0,-2.5632874388847426,-1.0670760030598814,-0.5775010482671465,True,True,True,True,True,pass
Nb252_aff_seq107_N107C,Nb252 reported_seq N107C,Nb252 IMGT 112C N>C,Nb252 chain C auth 107 N>C,107,N,C,CDR3,False,1,8112101,Nb252_WT_rep01_seed8112101,423.35059441492433,-75.35441967559046,-95.79007290084503,-119.84310348003005,16.29128214611627,24,37,0.9166666666666666,0.8918918918918919,0.04414735604404656,2.31465706642683,33;37;45;47;50;53;58;98;100;102;103;104;105;106;107;108;109;110;111;112;113;114;115;116,33;40;44;82;86;89;90;93;96;97;98;99;101;102;105;106;109;110;172;174;177;178;179;180;181;182;269;277;278;279;290;293;294;297;298;301;302,24,37,1.0,1.0,-0.7789825162115562,0.7332015182023355,0.10565398951187177,True,True,True,True,True,pass
Nb252_aff_seq107_N107C,Nb252 reported_seq N107C,Nb252 IMGT 112C N>C,Nb252 chain C auth 107 N>C,107,N,C,CDR3,False,2,8112102,Nb252_WT_rep02_seed8112102,423.35059441492433,-74.50230577891779,-95.79007290084503,-119.84310348003005,16.29128214611627,24,37,0.9166666666666666,0.8918918918918919,0.04414735604404656,2.31465706642683,33;37;45;47;50;53;58;98;100;102;103;104;105;106;107;108;109;110;111;112;113;114;115;116,33;40;44;82;86;89;90;93;96;97;98;99;101;102;105;106;109;110;172;174;177;178;179;180;181;182;269;277;278;279;290;293;294;297;298;301;302,24,37,1.0,1.0,-0.03771454596261492,0.7332015182023355,0.10565398951187177,True,True,True,True,True,pass
Nb252_aff_seq107_N107C,Nb252 reported_seq N107C,Nb252 IMGT 112C N>C,Nb252 chain C auth 107 N>C,107,N,C,CDR3,False,3,8112103,Nb252_WT_rep03_seed8112103,423.35059441492433,-76.90410750685771,-95.79007290084503,-119.84310348003005,16.29128214611627,24,37,0.9166666666666666,0.8918918918918919,0.04414735604404656,2.31465706642683,33;37;45;47;50;53;58;98;100;102;103;104;105;106;107;108;109;110;111;112;113;114;115;116,33;40;44;82;86;89;90;93;96;97;98;99;101;102;105;106;109;110;172;174;177;178;179;180;181;182;269;277;278;279;290;293;294;297;298;301;302,24,37,1.0,1.0,-2.439516273902541,0.7332015182023355,0.10565398951187177,True,True,True,True,True,pass
Nb252_aff_seq107_N107D,Nb252 reported_seq N107D,Nb252 IMGT 112C N>D,Nb252 chain C auth 107 N>D,107,N,D,CDR3,False,1,8112101,Nb252_WT_rep01_seed8112101,425.10539574383074,-70.15214581057319,-95.04223848203978,-119.90112756873494,16.460601435325753,24,36,0.9166666666666666,0.8648648648648649,0.04380536466074546,2.309056253222454,33;37;45;47;50;53;58;98;100;102;103;104;105;106;107;108;109;110;111;112;113;114;115;116,33;40;44;82;86;89;90;93;96;97;98;99;101;102;105;106;109;110;172;174;177;178;179;180;181;182;269;277;278;279;290;293;294;297;301;302,24,37,1.0,0.972972972972973,4.423291348805719,1.48103593700759,0.2749732787213546,True,True,True,True,True,pass
Nb252_aff_seq107_N107D,Nb252 reported_seq N107D,Nb252 IMGT 112C N>D,Nb252 chain C auth 107 N>D,107,N,D,CDR3,False,2,8112102,Nb252_WT_rep02_seed8112102,425.10539574383074,-69.75594333308015,-95.04223848203978,-119.90112756873494,16.460601435325753,24,36,0.9166666666666666,0.8648648648648649,0.04380536466074546,2.309056253222454,33;37;45;47;50;53;58;98;100;102;103;104;105;106;107;108;109;110;111;112;113;114;115;116,33;40;44;82;86;89;90;93;96;97;98;99;101;102;105;106;109;110;172;174;177;178;179;180;181;182;269;277;278;279;290;293;294;297;301;302,24,37,1.0,0.972972972972973,4.708647899875018,1.48103593700759,0.2749732787213546,True,True,True,True,True,pass
Nb252_aff_seq107_N107D,Nb252 reported_seq N107D,Nb252 IMGT 112C N>D,Nb252 chain C auth 107 N>D,107,N,D,CDR3,False,3,8112103,Nb252_WT_rep03_seed8112103,425.10539574383074,-70.72784025422834,-95.04223848203978,-119.90112756873494,16.460601435325753,24,36,0.9166666666666666,0.8648648648648649,0.04380536466074546,2.309056253222454,33;37;45;47;50;53;58;98;100;102;103;104;105;106;107;108;109;110;111;112;113;114;115;116,33;40;44;82;86;89;90;93;96;97;98;99;101;102;105;106;109;110;172;174;177;178;179;180;181;182;269;277;278;279;290;293;294;297;301;302,24,37,1.0,0.972972972972973,3.736750978726832,1.48103593700759,0.2749732787213546,True,True,True,True,True,pass
Nb252_aff_seq107_N107E,Nb252 reported_seq N107E,Nb252 IMGT 112C N>E,Nb252 chain C auth 107 N>E,107,N,E,CDR3,False,1,8112101,Nb252_WT_rep01_seed8112101,428.67097838094537,-68.56458254902645,-95.0824625910259,-121.99273952407219,17.810206965949078,24,37,0.9166666666666666,0.8918918918918919,0.043739444311104644,2.3167539086911995,33;37;45;47;50;53;58;98;100;102;103;104;105;106;107;108;109;110;111;112;113;114;115;116,33;40;44;82;86;89;90;93;96;97;98;99;101;102;105;106;109;110;172;174;177;178;179;180;181;182;269;277;278;279;290;293;294;297;298;301;302,24,37,1.0,1.0,6.010854610352453,1.4408118280214666,1.6245788093446798,True,True,True,True,True,pass
Nb252_aff_seq107_N107E,Nb252 reported_seq N107E,Nb252 IMGT 112C N>E,Nb252 chain C auth 107 N>E,107,N,E,CDR3,False,2,8112102,Nb252_WT_rep02_seed8112102,428.67097838094537,-68.0971200464441,-95.0824625910259,-121.99273952407219,17.810206965949078,24,37,0.9166666666666666,0.8918918918918919,0.043739444311104644,2.3167539086911995,33;37;45;47;50;53;58;98;100;102;103;104;105;106;107;108;109;110;111;112;113;114;115;116,33;40;44;82;86;89;90;93;96;97;98;99;101;102;105;106;109;110;172;174;177;178;179;180;181;182;269;277;278;279;290;293;294;297;298;301;302,24,37,1.0,1.0,6.367471186511068,1.4408118280214666,1.6245788093446798,True,True,True,True,True,pass
Nb252_aff_seq107_N107E,Nb252 reported_seq N107E,Nb252 IMGT 112C N>E,Nb252 chain C auth 107 N>E,107,N,E,CDR3,False,3,8112103,Nb252_WT_rep03_seed8112103,432.870040525966,-68.80908271103971,-94.43148653369711,-121.4891184870536,17.84501385326443,24,38,0.9166666666666666,0.918918918918919,0.04365218681922876,2.312031787739037,33;37;45;47;50;53;58;98;100;102;103;104;105;106;107;108;109;110;111;112;113;114;115;116,33;37;40;44;82;86;89;90;93;96;97;98;99;101;102;105;106;109;110;172;174;177;178;179;180;181;182;269;277;278;279;290;293;294;297;298;301;302,24,37,1.0,1.0,5.655508521915465,2.091787885350257,1.6593856966600313,True,True,True,True,True,pass
Nb252_aff_seq107_N107F,Nb252 reported_seq N107F,Nb252 IMGT 112C N>F,Nb252 chain C auth 107 N>F,107,N,F,CDR3,False,1,8112101,Nb252_WT_rep01_seed8112101,425.0478130029934,-74.02738144541843,-97.99233591741236,-122.51873628057858,16.869270321444084,24,36,0.9166666666666666,0.8648648648648649,0.04390778463466061,2.3121408185026264,33;37;45;47;50;53;58;98;100;102;103;104;105;106;107;108;109;110;111;112;113;114;115;116,33;40;44;82;86;89;90;93;96;97;98;99;101;102;105;106;109;110;172;174;177;178;179;180;181;182;269;277;278;279;290;293;294;297;301;302,24,37,1.0,0.972972972972973,0.5480557139604798,-1.4690614983649937,0.6836421648396858,True,True,True,True,True,pass
Nb252_aff_seq107_N107F,Nb252 reported_seq N107F,Nb252 IMGT 112C N>F,Nb252 chain C auth 107 N>F,107,N,F,CDR3,False,2,8112102,Nb252_WT_rep02_seed8112102,425.0478130029934,-73.46200271141834,-97.99233591741236,-122.51873628057858,16.869270321444084,24,36,0.9166666666666666,0.8648648648648649,0.04390778463466061,2.3121408185026264,33;37;45;47;50;53;58;98;100;102;103;104;105;106;107;108;109;110;111;112;113;114;115;116,33;40;44;82;86;89;90;93;96;97;98;99;101;102;105;106;109;110;172;174;177;178;179;180;181;182;269;277;278;279;290;293;294;297;301;302,24,37,1.0,0.972972972972973,1.0025885215368362,-1.4690614983649937,0.6836421648396858,True,True,True,True,True,pass
Nb252_aff_seq107_N107F,Nb252 reported_seq N107F,Nb252 IMGT 112C N>F,Nb252 chain C auth 107 N>F,107,N,F,CDR3,False,3,8112103,Nb252_WT_rep03_seed8112103,425.0478130029934,-72.92619732694936,-97.99233591741236,-122.51873628057858,16.869270321444084,24,36,0.9166666666666666,0.8648648648648649,0.04390778463466061,2.3121408185026264,33;37;45;47;50;53;58;98;100;102;103;104;105;106;107;108;109;110;111;112;113;114;115;116,33;40;44;82;86;89;90;93;96;97;98;99;101;102;105;106;109;110;172;174;177;178;179;180;181;182;269;277;278;279;290;293;294;297;301;302,24,37,1.0,0.972972972972973,1.5383939060058083,-1.4690614983649937,0.6836421648396858,True,True,True,True,True,pass
Nb252_aff_seq107_N107G,Nb252 reported_seq N107G,Nb252 IMGT 112C N>G,Nb252 chain C auth 107 N>G,107,N,G,CDR3,False,1,8112101,Nb252_WT_rep01_seed8112101,425.86093315036135,-71.12759398703406,-94.2661258174813,-116.62303698887209,15.859601317715224,24,36,0.9166666666666666,0.8648648648648649,0.04357506477811235,2.30668073442725,33;37;45;47;50;53;58;98;100;102;103;104;105;106;107;108;109;110;111;112;113;114;115;116,33;40;44;82;86;89;90;93;96;97;98;99;101;102;105;106;109;110;172;174;177;178;179;180;181;182;269;277;278;279;290;293;294;297;301;302,24,37,1.0,0.972972972972973,3.4478431723448466,2.2571486015660724,-0.32602683888917383,True,True,True,True,True,pass
Nb252_aff_seq107_N107G,Nb252 reported_seq N107G,Nb252 IMGT 112C N>G,Nb252 chain C auth 107 N>G,107,N,G,CDR3,False,2,8112102,Nb252_WT_rep02_seed8112102,425.86093315036135,-71.12759398703406,-94.2661258174813,-116.62303698887209,15.859601317715224,24,36,0.9166666666666666,0.8648648648648649,0.04357506477811235,2.30668073442725,33;37;45;47;50;53;58;98;100;102;103;104;105;106;107;108;109;110;111;112;113;114;115;116,33;40;44;82;86;89;90;93;96;97;98;99;101;102;105;106;109;110;172;174;177;178;179;180;181;182;269;277;278;279;290;293;294;297;301;302,24,37,1.0,0.972972972972973,3.3369972459211112,2.2571486015660724,-0.32602683888917383,True,True,True,True,True,pass
Nb252_aff_seq107_N107G,Nb252 reported_seq N107G,Nb252 IMGT 112C N>G,Nb252 chain C auth 107 N>G,107,N,G,CDR3,False,3,8112103,Nb252_WT_rep03_seed8112103,425.86093315036135,-72.45618260065658,-94.2661258174813,-116.62303698887209,15.859601317715224,24,36,0.9166666666666666,0.8648648648648649,0.04357506477811235,2.30668073442725,33;37;45;47;50;53;58;98;100;102;103;104;105;106;107;108;109;110;111;112;113;114;115;116,33;40;44;82;86;89;90;93;96;97;98;99;101;102;105;106;109;110;172;174;177;178;179;180;181;182;269;277;278;279;290;293;294;297;301;302,24,37,1.0,0.972972972972973,2.008408632298597,2.2571486015660724,-0.32602683888917383,True,True,True,True,True,pass
Nb252_aff_seq107_N107H,Nb252 reported_seq N107H,Nb252 IMGT 112C N>H,Nb252 chain C auth 107 N>H,107,N,H,CDR3,False,1,8112101,Nb252_WT_rep01_seed8112101,427.8374117869066,-68.26923610426513,-96.44425238710521,-121.49330944339918,16.014533071107838,24,36,0.9166666666666666,0.8648648648648649,0.04373677737984809,2.3157946200634094,33;37;45;47;50;53;58;98;100;102;103;104;105;106;107;108;109;110;111;112;113;114;115;116,33;40;44;82;86;89;90;93;96;97;98;99;101;102;105;106;109;110;172;174;177;178;179;180;181;182;269;277;278;279;290;293;294;297;301;302,24,37,1.0,0.972972972972973,6.306201055113775,0.07902203194215929,-0.17109508549656027,True,True,True,True,True,pass
Nb252_aff_seq107_N107H,Nb252 reported_seq N107H,Nb252 IMGT 112C N>H,Nb252 chain C auth 107 N>H,107,N,H,CDR3,False,2,8112102,Nb252_WT_rep02_seed8112102,427.8374117869066,-68.26923610426513,-96.44425238710521,-121.49330944339918,16.014533071107838,24,36,0.9166666666666666,0.8648648648648649,0.04373677737984809,2.3157946200634094,33;37;45;47;50;53;58;98;100;102;103;104;105;106;107;108;109;110;111;112;113;114;115;116,33;40;44;82;86;89;90;93;96;97;98;99;101;102;105;106;109;110;172;174;177;178;179;180;181;182;269;277;278;279;290;293;294;297;301;302,24,37,1.0,0.972972972972973,6.195355128690039,0.07902203194215929,-0.17109508549656027,True,True,True,True,True,pass
Nb252_aff_seq107_N107H,Nb252 reported_seq N107H,Nb252 IMGT 112C N>H,Nb252 chain C auth 107 N>H,107,N,H,CDR3,False,3,8112103,Nb252_WT_rep03_seed8112103,427.8374117869066,-67.82791990249268,-96.44425238710521,-121.49330944339918,16.014533071107838,24,36,0.9166666666666666,0.8648648648648649,0.04373677737984809,2.3157946200634094,33;37;45;47;50;53;58;98;100;102;103;104;105;106;107;108;109;110;111;112;113;114;115;116,33;40;44;82;86;89;90;93;96;97;98;99;101;102;105;106;109;110;172;174;177;178;179;180;181;182;269;277;278;279;290;293;294;297;301;302,24,37,1.0,0.972972972972973,6.636671330462491,0.07902203194215929,-0.17109508549656027,True,True,True,True,True,pass
Nb252_aff_seq107_N107I,Nb252 reported_seq N107I,Nb252 IMGT 112C N>I,Nb252 chain C auth 107 N>I,107,N,I,CDR3,False,1,8112101,Nb252_WT_rep01_seed8112101,432.18389218849495,-67.44356205602503,-95.72884940319959,-119.76020652203539,18.26902688418639,24,37,0.9166666666666666,0.918918918918919,0.04411481756883509,2.3183145736661492,33;37;45;47;50;53;58;98;100;102;103;104;105;106;107;108;109;110;111;112;113;114;115;116,33;37;40;44;82;86;89;90;93;96;97;98;99;101;102;105;106;109;110;172;174;177;178;179;180;181;182;269;277;278;279;290;293;294;297;298;301,24,37,1.0,0.972972972972973,7.131875103353877,0.7944250158477786,2.08339872758199,True,True,True,True,True,pass
Nb252_aff_seq107_N107I,Nb252 reported_seq N107I,Nb252 IMGT 112C N>I,Nb252 chain C auth 107 N>I,107,N,I,CDR3,False,2,8112102,Nb252_WT_rep02_seed8112102,432.18389218849495,-67.18624722820596,-95.72884940319959,-119.76020652203539,18.26902688418639,24,37,0.9166666666666666,0.918918918918919,0.04411481756883509,2.3183145736661492,33;37;45;47;50;53;58;98;100;102;103;104;105;106;107;108;109;110;111;112;113;114;115;116,33;37;40;44;82;86;89;90;93;96;97;98;99;101;102;105;106;109;110;172;174;177;178;179;180;181;182;269;277;278;279;290;293;294;297;298;301,24,37,1.0,0.972972972972973,7.278344004749215,0.7944250158477786,2.08339872758199,True,True,True,True,True,pass
Nb252_aff_seq107_N107I,Nb252 reported_seq N107I,Nb252 IMGT 112C N>I,Nb252 chain C auth 107 N>I,107,N,I,CDR3,False,3,8112103,Nb252_WT_rep03_seed8112103,426.2766332928519,-71.51404879781649,-96.17403340116088,-121.86412338927519,18.397575706012855,24,36,0.9166666666666666,0.8918918918918919,0.04457098510256281,2.3188091469389054,33;37;45;47;50;53;58;98;100;102;103;104;105;106;107;108;109;110;111;112;113;114;115;116,33;40;44;82;86;89;90;93;96;97;98;99;101;102;105;106;109;110;172;174;177;178;179;180;181;182;269;277;278;279;290;293;294;297;298;301,24,37,1.0,0.972972972972973,2.9505424351386864,0.34924101788648443,2.211947549408457,True,True,True,True,True,pass
Nb252_aff_seq107_N107K,Nb252 reported_seq N107K,Nb252 IMGT 112C N>K,Nb252 chain C auth 107 N>K,107,N,K,CDR3,False,1,8112101,Nb252_WT_rep01_seed8112101,424.9497848689524,-70.7615757607291,-94.73669217676186,-122.16418499230453,18.0809101259845,24,37,0.9166666666666666,0.8918918918918919,0.045175966389003466,2.3114539681321253,33;37;45;47;50;53;58;98;100;102;103;104;105;106;107;108;109;110;111;112;113;114;115;116,33;40;44;82;86;89;90;93;96;97;98;99;101;102;105;106;109;110;172;174;177;178;179;180;181;182;269;277;278;279;290;293;294;297;298;301;302,24,37,1.0,1.0,3.813861398649806,1.7865822422855047,1.8952819693801004,True,True,True,True,True,pass
Nb252_aff_seq107_N107K,Nb252 reported_seq N107K,Nb252 IMGT 112C N>K,Nb252 chain C auth 107 N>K,107,N,K,CDR3,False,2,8112102,Nb252_WT_rep02_seed8112102,424.9497848689524,-70.48400612703676,-94.73669217676186,-122.16418499230453,18.0809101259845,24,37,0.9166666666666666,0.8918918918918919,0.045175966389003466,2.3114539681321253,33;37;45;47;50;53;58;98;100;102;103;104;105;106;107;108;109;110;111;112;113;114;115;116,33;40;44;82;86;89;90;93;96;97;98;99;101;102;105;106;109;110;172;174;177;178;179;180;181;182;269;277;278;279;290;293;294;297;298;301;302,24,37,1.0,1.0,3.980585105918408,1.7865822422855047,1.8952819693801004,True,True,True,True,True,pass
Nb252_aff_seq107_N107K,Nb252 reported_seq N107K,Nb252 IMGT 112C N>K,Nb252 chain C auth 107 N>K,107,N,K,CDR3,False,3,8112103,Nb252_WT_rep03_seed8112103,424.9497848689524,-71.32192952094476,-94.73669217676186,-122.16418499230453,18.0809101259845,24,37,0.9166666666666666,0.8918918918918919,0.045175966389003466,2.3114539681321253,33;37;45;47;50;53;58;98;100;102;103;104;105;106;107;108;109;110;111;112;113;114;115;116,33;40;44;82;86;89;90;93;96;97;98;99;101;102;105;106;109;110;172;174;177;178;179;180;181;182;269;277;278;279;290;293;294;297;298;301;302,24,37,1.0,1.0,3.1426617120104083,1.7865822422855047,1.8952819693801004,True,True,True,True,True,pass
Nb252_aff_seq107_N107L,Nb252 reported_seq N107L,Nb252 IMGT 112C N>L,Nb252 chain C auth 107 N>L,107,N,L,CDR3,False,1,8112101,Nb252_WT_rep01_seed8112101,427.6323956330535,-69.74424127790058,-99.06414902919111,-121.70884121499928,17.120802900595727,24,37,0.9166666666666666,0.8918918918918919,0.04471697244318013,2.3138606878368555,33;37;45;47;50;53;58;98;100;102;103;104;105;106;107;108;109;110;111;112;113;114;115;116,33;40;44;82;86;89;90;93;96;97;98;99;101;102;105;106;109;110;172;174;177;178;179;180;181;182;269;277;278;279;290;293;294;297;298;301;302,24,37,1.0,1.0,4.8311958814783225,-2.540874610143746,0.9351747439913289,True,True,True,True,True,pass
Nb252_aff_seq107_N107L,Nb252 reported_seq N107L,Nb252 IMGT 112C N>L,Nb252 chain C auth 107 N>L,107,N,L,CDR3,False,2,8112102,Nb252_WT_rep02_seed8112102,426.765755923899,-70.96736698849782,-95.97518324618952,-122.4541548125939,18.52437036606288,24,36,0.9166666666666666,0.8648648648648649,0.04366753874616624,2.3104372694153064,33;37;45;47;50;53;58;98;100;102;103;104;105;106;107;108;109;110;111;112;113;114;115;116,33;40;44;82;86;89;90;93;96;97;98;99;101;102;105;106;109;110;172;174;177;178;179;180;181;182;269;277;278;279;290;293;294;297;301;302,24,37,1.0,0.972972972972973,3.4972242444573567,0.5480911728578519,2.3387422094584807,True,True,True,True,True,pass
Nb252_aff_seq107_N107L,Nb252 reported_seq N107L,Nb252 IMGT 112C N>L,Nb252 chain C auth 107 N>L,107,N,L,CDR3,False,3,8112103,Nb252_WT_rep03_seed8112103,426.765755923899,-71.51782187174899,-95.97518324618952,-122.4541548125939,18.52437036606288,24,36,0.9166666666666666,0.8648648648648649,0.04366753874616624,2.3104372694153064,33;37;45;47;50;53;58;98;100;102;103;104;105;106;107;108;109;110;111;112;113;114;115;116,33;40;44;82;86;89;90;93;96;97;98;99;101;102;105;106;109;110;172;174;177;178;179;180;181;182;269;277;278;279;290;293;294;297;301;302,24,37,1.0,0.972972972972973,2.9467693612061794,0.5480911728578519,2.3387422094584807,True,True,True,True,True,pass
Nb252_aff_seq107_N107M,Nb252 reported_seq N107M,Nb252 IMGT 112C N>M,Nb252 chain C auth 107 N>M,107,N,M,CDR3,False,1,8112101,Nb252_WT_rep01_seed8112101,425.59036055976765,-72.54388989307762,-95.55146249324618,-121.74857229702265,17.842068853633293,24,37,0.9166666666666666,0.8918918918918919,0.0444890348788845,2.3110683097091234,33;37;45;47;50;53;58;98;100;102;103;104;105;106;107;108;109;110;111;112;113;114;115;116,33;40;44;82;86;89;90;93;96;97;98;99;101;102;105;106;109;110;172;174;177;178;179;180;181;182;269;277;278;279;290;293;294;297;298;301;302,24,37,1.0,1.0,2.0315472663012883,0.971811925801191,1.656440697028895,True,True,True,True,True,pass
Nb252_aff_seq107_N107M,Nb252 reported_seq N107M,Nb252 IMGT 112C N>M,Nb252 chain C auth 107 N>M,107,N,M,CDR3,False,2,8112102,Nb252_WT_rep02_seed8112102,425.59036055976765,-73.0857037143142,-95.55146249324618,-121.74857229702265,17.842068853633293,24,37,0.9166666666666666,0.8918918918918919,0.0444890348788845,2.3110683097091234,33;37;45;47;50;53;58;98;100;102;103;104;105;106;107;108;109;110;111;112;113;114;115;116,33;40;44;82;86;89;90;93;96;97;98;99;101;102;105;106;109;110;172;174;177;178;179;180;181;182;269;277;278;279;290;293;294;297;298;301;302,24,37,1.0,1.0,1.3788875186409655,0.971811925801191,1.656440697028895,True,True,True,True,True,pass
Nb252_aff_seq107_N107M,Nb252 reported_seq N107M,Nb252 IMGT 112C N>M,Nb252 chain C auth 107 N>M,107,N,M,CDR3,False,3,8112103,Nb252_WT_rep03_seed8112103,427.9261488010946,-70.67641949143257,-98.71539773075168,-121.89543419184844,16.51080512485467,24,36,0.9166666666666666,0.8648648648648649,0.043398304818513325,2.310868406819659,33;37;45;47;50;53;58;98;100;102;103;104;105;106;107;108;109;110;111;112;113;114;115;116,33;40;44;82;86;89;90;93;96;97;98;99;101;102;105;106;109;110;172;174;177;178;179;180;181;182;269;277;278;279;290;293;294;297;301;302,24,37,1.0,0.972972972972973,3.7881717415226035,-2.1921233117043073,0.32517696825027187,True,True,True,True,True,pass
Nb252_aff_seq107_N107P,Nb252 reported_seq N107P,Nb252 IMGT 112C N>P,Nb252 chain C auth 107 N>P,107,N,P,CDR3,False,1,8112101,Nb252_WT_rep01_seed8112101,440.89852243991993,-75.18841937962895,-95.1238468509268,-119.95038103761671,16.63261324048435,24,37,0.9166666666666666,0.8918918918918919,0.04426335908356371,2.3177538202405095,33;37;45;47;50;53;58;98;100;102;103;104;105;106;107;108;109;110;111;112;113;114;115;116,33;40;44;82;86;89;90;93;96;97;98;99;101;102;105;106;109;110;172;174;177;178;179;180;181;182;269;277;278;279;290;293;294;297;298;301;302,24,37,1.0,1.0,-0.6129822202500463,1.3994275681205721,0.4469850838799516,True,True,True,True,True,pass
Nb252_aff_seq107_N107P,Nb252 reported_seq N107P,Nb252 IMGT 112C N>P,Nb252 chain C auth 107 N>P,107,N,P,CDR3,False,2,8112102,Nb252_WT_rep02_seed8112102,440.89852243991993,-74.30406653178227,-95.1238468509268,-119.95038103761671,16.63261324048435,24,37,0.9166666666666666,0.8918918918918919,0.04426335908356371,2.3177538202405095,33;37;45;47;50;53;58;98;100;102;103;104;105;106;107;108;109;110;111;112;113;114;115;116,33;40;44;82;86;89;90;93;96;97;98;99;101;102;105;106;109;110;172;174;177;178;179;180;181;182;269;277;278;279;290;293;294;297;298;301;302,24,37,1.0,1.0,0.1605247011729034,1.3994275681205721,0.4469850838799516,True,True,True,True,True,pass
Nb252_aff_seq107_N107P,Nb252 reported_seq N107P,Nb252 IMGT 112C N>P,Nb252 chain C auth 107 N>P,107,N,P,CDR3,False,3,8112103,Nb252_WT_rep03_seed8112103,440.89852243991993,-75.18841937962895,-95.1238468509268,-119.95038103761671,16.63261324048435,24,37,0.9166666666666666,0.8918918918918919,0.04426335908356371,2.3177538202405095,33;37;45;47;50;53;58;98;100;102;103;104;105;106;107;108;109;110;111;112;113;114;115;116,33;40;44;82;86;89;90;93;96;97;98;99;101;102;105;106;109;110;172;174;177;178;179;180;181;182;269;277;278;279;290;293;294;297;298;301;302,24,37,1.0,1.0,-0.7238281466737817,1.3994275681205721,0.4469850838799516,True,True,True,True,True,pass
Nb252_aff_seq107_N107Q,Nb252 reported_seq N107Q,Nb252 IMGT 112C N>Q,Nb252 chain C auth 107 N>Q,107,N,Q,CDR3,False,1,8112101,Nb252_WT_rep01_seed8112101,423.42900877874,-74.49328834073106,-98.46491736662287,-123.51035440192058,16.583929669033587,24,37,0.9166666666666666,0.8918918918918919,0.043982526820205495,2.31906961169883,33;37;45;47;50;53;58;98;100;102;103;104;105;106;107;108;109;110;111;112;113;114;115;116,33;40;44;82;86;89;90;93;96;97;98;99;101;102;105;106;109;110;172;174;177;178;179;180;181;182;269;277;278;279;290;293;294;297;298;301;302,24,37,1.0,1.0,0.08214881864785184,-1.9416429475755024,0.3983015124291889,True,True,True,True,True,pass
Nb252_aff_seq107_N107Q,Nb252 reported_seq N107Q,Nb252 IMGT 112C N>Q,Nb252 chain C auth 107 N>Q,107,N,Q,CDR3,False,2,8112102,Nb252_WT_rep02_seed8112102,423.42900877874,-72.93013724387811,-98.46491736662287,-123.51035440192058,16.583929669033587,24,37,0.9166666666666666,0.8918918918918919,0.043982526820205495,2.31906961169883,33;37;45;47;50;53;58;98;100;102;103;104;105;106;107;108;109;110;111;112;113;114;115;116,33;40;44;82;86;89;90;93;96;97;98;99;101;102;105;106;109;110;172;174;177;178;179;180;181;182;269;277;278;279;290;293;294;297;298;301;302,24,37,1.0,1.0,1.5344539890770648,-1.9416429475755024,0.3983015124291889,True,True,True,True,True,pass
Nb252_aff_seq107_N107Q,Nb252 reported_seq N107Q,Nb252 IMGT 112C N>Q,Nb252 chain C auth 107 N>Q,107,N,Q,CDR3,False,3,8112103,Nb252_WT_rep03_seed8112103,423.42900877874,-75.41414544192298,-98.46491736662287,-123.51035440192058,16.583929669033587,24,37,0.9166666666666666,0.8918918918918919,0.043982526820205495,2.31906961169883,33;37;45;47;50;53;58;98;100;102;103;104;105;106;107;108;109;110;111;112;113;114;115;116,33;40;44;82;86;89;90;93;96;97;98;99;101;102;105;106;109;110;172;174;177;178;179;180;181;182;269;277;278;279;290;293;294;297;298;301;302,24,37,1.0,1.0,-0.9495542089678111,-1.9416429475755024,0.3983015124291889,True,True,True,True,True,pass
Nb252_aff_seq107_N107R,Nb252 reported_seq N107R,Nb252 IMGT 112C N>R,Nb252 chain C auth 107 N>R,107,N,R,CDR3,False,1,8112101,Nb252_WT_rep01_seed8112101,424.3449258478423,-72.68278239288594,-94.57687752327607,-122.42901121952596,17.804800197181216,24,38,0.9166666666666666,0.8918918918918919,0.04430823536332427,2.3152403313515744,33;37;45;47;50;53;58;98;100;102;103;104;105;106;107;108;109;110;111;112;113;114;115;116,33;40;43;44;82;86;89;90;93;96;97;98;99;101;102;105;106;109;110;172;174;177;178;179;180;181;182;269;277;278;279;290;293;294;297;298;301;302,24,37,1.0,1.0,1.8926547664929672,1.9463968957713007,1.6191720405768173,True,True,True,True,True,pass
Nb252_aff_seq107_N107R,Nb252 reported_seq N107R,Nb252 IMGT 112C N>R,Nb252 chain C auth 107 N>R,107,N,R,CDR3,False,2,8112102,Nb252_WT_rep02_seed8112102,425.3831402799613,-73.56820623501324,-99.3038735563914,-125.47858168535292,16.83449976364963,24,37,0.9166666666666666,0.8648648648648649,0.043971322608102485,2.3090673832526947,33;37;45;47;50;53;58;98;100;102;103;104;105;106;107;108;109;110;111;112;113;114;115;116,33;40;43;44;82;86;89;90;93;96;97;98;99;101;102;105;106;109;110;172;174;177;178;179;180;181;182;269;277;278;279;290;293;294;297;301;302,24,37,1.0,0.972972972972973,0.8963849979419365,-2.7805991373440264,0.6488716070452334,True,True,True,True,True,pass
Nb252_aff_seq107_N107R,Nb252 reported_seq N107R,Nb252 IMGT 112C N>R,Nb252 chain C auth 107 N>R,107,N,R,CDR3,False,3,8112103,Nb252_WT_rep03_seed8112103,425.3831402799613,-72.4754705255803,-99.3038735563914,-125.47858168535292,16.83449976364963,24,37,0.9166666666666666,0.8648648648648649,0.043971322608102485,2.3090673832526947,33;37;45;47;50;53;58;98;100;102;103;104;105;106;107;108;109;110;111;112;113;114;115;116,33;40;43;44;82;86;89;90;93;96;97;98;99;101;102;105;106;109;110;172;174;177;178;179;180;181;182;269;277;278;279;290;293;294;297;301;302,24,37,1.0,0.972972972972973,1.989120707374866,-2.7805991373440264,0.6488716070452334,True,True,True,True,True,pass
Nb252_aff_seq107_N107S,Nb252 reported_seq N107S,Nb252 IMGT 112C N>S,Nb252 chain C auth 107 N>S,107,N,S,CDR3,False,1,8112101,Nb252_WT_rep01_seed8112101,422.6689268015014,-73.55998766411665,-95.15588364948768,-119.07979537871329,15.769861900408367,24,37,0.9166666666666666,0.8918918918918919,0.043939548589091465,2.3183855890086025,33;37;45;47;50;53;58;98;100;102;103;104;105;106;107;108;109;110;111;112;113;114;115;116,33;40;44;82;86;89;90;93;96;97;98;99;101;102;105;106;109;110;172;174;177;178;179;180;181;182;269;277;278;279;290;293;294;297;298;301;302,24,37,1.0,1.0,1.01544949526226,1.367390769559691,-0.41576625619603114,True,True,True,True,True,pass
Nb252_aff_seq107_N107S,Nb252 reported_seq N107S,Nb252 IMGT 112C N>S,Nb252 chain C auth 107 N>S,107,N,S,CDR3,False,2,8112102,Nb252_WT_rep02_seed8112102,422.6689268015014,-74.95488632646021,-95.15588364948768,-119.07979537871329,15.769861900408367,24,37,0.9166666666666666,0.8918918918918919,0.043939548589091465,2.3183855890086025,33;37;45;47;50;53;58;98;100;102;103;104;105;106;107;108;109;110;111;112;113;114;115;116,33;40;44;82;86;89;90;93;96;97;98;99;101;102;105;106;109;110;172;174;177;178;179;180;181;182;269;277;278;279;290;293;294;297;298;301;302,24,37,1.0,1.0,-0.49029509350503986,1.367390769559691,-0.41576625619603114,True,True,True,True,True,pass
Nb252_aff_seq107_N107S,Nb252 reported_seq N107S,Nb252 IMGT 112C N>S,Nb252 chain C auth 107 N>S,107,N,S,CDR3,False,3,8112103,Nb252_WT_rep03_seed8112103,422.6689268015014,-73.88754278741487,-95.15588364948768,-119.07979537871329,15.769861900408367,24,37,0.9166666666666666,0.8918918918918919,0.043939548589091465,2.3183855890086025,33;37;45;47;50;53;58;98;100;102;103;104;105;106;107;108;109;110;111;112;113;114;115;116,33;40;44;82;86;89;90;93;96;97;98;99;101;102;105;106;109;110;172;174;177;178;179;180;181;182;269;277;278;279;290;293;294;297;298;301;302,24,37,1.0,1.0,0.5770484455402993,1.367390769559691,-0.41576625619603114,True,True,True,True,True,pass
Nb252_aff_seq107_N107T,Nb252 reported_seq N107T,Nb252 IMGT 112C N>T,Nb252 chain C auth 107 N>T,107,N,T,CDR3,False,1,8112101,Nb252_WT_rep01_seed8112101,424.309463846731,-72.3185805818556,-94.3809410873116,-118.93508527894653,17.080932882329893,24,36,0.9166666666666666,0.8918918918918919,0.04541949022633585,2.3201860810108434,33;37;45;47;50;53;58;98;100;102;103;104;105;106;107;108;109;110;111;112;113;114;115;116,33;40;44;82;86;89;90;93;96;97;98;99;101;102;105;106;109;110;172;174;177;178;179;180;181;182;269;277;278;279;290;293;294;297;298;301,24,37,1.0,0.972972972972973,2.2568565775233083,2.1423333317357702,0.8953047257254951,True,True,True,True,True,pass
Nb252_aff_seq107_N107T,Nb252 reported_seq N107T,Nb252 IMGT 112C N>T,Nb252 chain C auth 107 N>T,107,N,T,CDR3,False,2,8112102,Nb252_WT_rep02_seed8112102,424.309463846731,-71.32065008529185,-94.3809410873116,-118.93508527894653,17.080932882329893,24,36,0.9166666666666666,0.8918918918918919,0.04541949022633585,2.3201860810108434,33;37;45;47;50;53;58;98;100;102;103;104;105;106;107;108;109;110;111;112;113;114;115;116,33;40;44;82;86;89;90;93;96;97;98;99;101;102;105;106;109;110;172;174;177;178;179;180;181;182;269;277;278;279;290;293;294;297;298;301,24,37,1.0,0.972972972972973,3.1439411476633268,2.1423333317357702,0.8953047257254951,True,True,True,True,True,pass
Nb252_aff_seq107_N107T,Nb252 reported_seq N107T,Nb252 IMGT 112C N>T,Nb252 chain C auth 107 N>T,107,N,T,CDR3,False,3,8112103,Nb252_WT_rep03_seed8112103,424.309463846731,-71.73990318721917,-94.3809410873116,-118.93508527894653,17.080932882329893,24,36,0.9166666666666666,0.8918918918918919,0.04541949022633585,2.3201860810108434,33;37;45;47;50;53;58;98;100;102;103;104;105;106;107;108;109;110;111;112;113;114;115;116,33;40;44;82;86;89;90;93;96;97;98;99;101;102;105;106;109;110;172;174;177;178;179;180;181;182;269;277;278;279;290;293;294;297;298;301,24,37,1.0,0.972972972972973,2.724688045736002,2.1423333317357702,0.8953047257254951,True,True,True,True,True,pass
Nb252_aff_seq107_N107V,Nb252 reported_seq N107V,Nb252 IMGT 112C N>V,Nb252 chain C auth 107 N>V,107,N,V,CDR3,False,1,8112101,Nb252_WT_rep01_seed8112101,431.35829609337463,-68.39643697954324,-96.68386393514476,-123.33151276108464,22.068428547108336,24,37,0.9166666666666666,0.8918918918918919,0.05006013424036663,2.3131218018363073,33;37;45;47;50;53;58;98;100;102;103;104;105;106;107;108;109;110;111;112;113;114;115;116,33;40;44;82;86;89;90;93;96;97;98;99;101;102;105;106;109;110;172;174;177;178;179;180;181;182;269;277;278;279;290;293;294;297;298;301;302,24,37,1.0,1.0,6.179000179835668,-0.1605895160973887,5.882800390503938,True,True,True,True,True,pass
Nb252_aff_seq107_N107V,Nb252 reported_seq N107V,Nb252 IMGT 112C N>V,Nb252 chain C auth 107 N>V,107,N,V,CDR3,False,2,8112102,Nb252_WT_rep02_seed8112102,431.35829609337463,-68.7653217135192,-96.68386393514476,-123.33151276108464,22.068428547108336,24,37,0.9166666666666666,0.8918918918918919,0.05006013424036663,2.3131218018363073,33;37;45;47;50;53;58;98;100;102;103;104;105;106;107;108;109;110;111;112;113;114;115;116,33;40;44;82;86;89;90;93;96;97;98;99;101;102;105;106;109;110;172;174;177;178;179;180;181;182;269;277;278;279;290;293;294;297;298;301;302,24,37,1.0,1.0,5.699269519435973,-0.1605895160973887,5.882800390503938,True,True,True,True,True,pass
Nb252_aff_seq107_N107V,Nb252 reported_seq N107V,Nb252 IMGT 112C N>V,Nb252 chain C auth 107 N>V,107,N,V,CDR3,False,3,8112103,Nb252_WT_rep03_seed8112103,433.08037160810204,-65.8248274103297,-93.23751226013148,-121.25937594136117,22.516290691899368,24,37,0.9166666666666666,0.8918918918918919,0.04979975256176313,2.3139714095568666,33;37;45;47;50;53;58;98;100;102;103;104;105;106;107;108;109;110;111;112;113;114;115;116,33;40;44;82;86;89;90;93;96;97;98;99;101;102;105;106;109;110;172;174;177;178;179;180;181;182;269;277;278;279;290;293;294;297;298;301;302,24,37,1.0,1.0,8.639763822625468,3.2857621589158867,6.3306625352949695,True,True,True,True,True,pass
Nb252_aff_seq107_N107W,Nb252 reported_seq N107W,Nb252 IMGT 112C N>W,Nb252 chain C auth 107 N>W,107,N,W,CDR3,False,1,8112101,Nb252_WT_rep01_seed8112101,426.639874115138,-70.8965458052869,-99.98020331185347,-126.66960341145368,19.981306318029628,24,38,0.9166666666666666,0.8918918918918919,0.04590788312797484,2.3128783676655353,33;37;45;47;50;53;58;98;100;102;103;104;105;106;107;108;109;110;111;112;113;114;115;116,33;40;43;44;82;86;89;90;93;96;97;98;99;101;102;105;106;109;110;172;174;177;178;179;180;181;182;269;277;278;279;290;293;294;297;298;301;302,24,37,1.0,1.0,3.678891354092002,-3.456928892806104,3.7956781614252293,True,True,True,True,True,pass
Nb252_aff_seq107_N107W,Nb252 reported_seq N107W,Nb252 IMGT 112C N>W,Nb252 chain C auth 107 N>W,107,N,W,CDR3,False,2,8112102,Nb252_WT_rep02_seed8112102,426.639874115138,-71.94649259091858,-99.98020331185347,-126.66960341145368,19.981306318029628,24,38,0.9166666666666666,0.8918918918918919,0.04590788312797484,2.3128783676655353,33;37;45;47;50;53;58;98;100;102;103;104;105;106;107;108;109;110;111;112;113;114;115;116,33;40;43;44;82;86;89;90;93;96;97;98;99;101;102;105;106;109;110;172;174;177;178;179;180;181;182;269;277;278;279;290;293;294;297;298;301;302,24,37,1.0,1.0,2.518098642036591,-3.456928892806104,3.7956781614252293,True,True,True,True,True,pass
Nb252_aff_seq107_N107W,Nb252 reported_seq N107W,Nb252 IMGT 112C N>W,Nb252 chain C auth 107 N>W,107,N,W,CDR3,False,3,8112103,Nb252_WT_rep03_seed8112103,426.639874115138,-73.16603132095065,-99.98020331185347,-126.66960341145368,19.981306318029628,24,38,0.9166666666666666,0.8918918918918919,0.04590788312797484,2.3128783676655353,33;37;45;47;50;53;58;98;100;102;103;104;105;106;107;108;109;110;111;112;113;114;115;116,33;40;43;44;82;86;89;90;93;96;97;98;99;101;102;105;106;109;110;172;174;177;178;179;180;181;182;269;277;278;279;290;293;294;297;298;301;302,24,37,1.0,1.0,1.2985599120045208,-3.456928892806104,3.7956781614252293,True,True,True,True,True,pass
Nb252_aff_seq107_N107Y,Nb252 reported_seq N107Y,Nb252 IMGT 112C N>Y,Nb252 chain C auth 107 N>Y,107,N,Y,CDR3,False,1,8112101,Nb252_WT_rep01_seed8112101,423.3384679162276,-73.36102305331508,-98.64040370413669,-122.5641628426201,16.60854688857788,24,36,0.9166666666666666,0.8648648648648649,0.04448558713529385,2.3217095176682867,33;37;45;47;50;53;58;98;100;102;103;104;105;106;107;108;109;110;111;112;113;114;115;116,33;40;44;82;86;89;90;93;96;97;98;99;101;102;105;106;109;110;172;174;177;178;179;180;181;182;269;277;278;279;290;293;294;297;301;302,24,37,1.0,0.972972972972973,1.2144141060638276,-2.1171292850893195,0.42291873197348195,True,True,True,True,True,pass
Nb252_aff_seq107_N107Y,Nb252 reported_seq N107Y,Nb252 IMGT 112C N>Y,Nb252 chain C auth 107 N>Y,107,N,Y,CDR3,False,2,8112102,Nb252_WT_rep02_seed8112102,423.3384679162276,-73.62028274824945,-98.64040370413669,-122.5641628426201,16.60854688857788,24,36,0.9166666666666666,0.8648648648648649,0.04448558713529385,2.3217095176682867,33;37;45;47;50;53;58;98;100;102;103;104;105;106;107;108;109;110;111;112;113;114;115;116,33;40;44;82;86;89;90;93;96;97;98;99;101;102;105;106;109;110;172;174;177;178;179;180;181;182;269;277;278;279;290;293;294;297;301;302,24,37,1.0,0.972972972972973,0.8443084847057207,-2.1171292850893195,0.42291873197348195,True,True,True,True,True,pass
Nb252_aff_seq107_N107Y,Nb252 reported_seq N107Y,Nb252 IMGT 112C N>Y,Nb252 chain C auth 107 N>Y,107,N,Y,CDR3,False,3,8112103,Nb252_WT_rep03_seed8112103,423.3384679162276,-73.67570076882032,-98.64040370413669,-122.5641628426201,16.60854688857788,24,36,0.9166666666666666,0.8648648648648649,0.04448558713529385,2.3217095176682867,33;37;45;47;50;53;58;98;100;102;103;104;105;106;107;108;109;110;111;112;113;114;115;116,33;40;44;82;86;89;90;93;96;97;98;99;101;102;105;106;109;110;172;174;177;178;179;180;181;182;269;277;278;279;290;293;294;297;301;302,24,37,1.0,0.972972972972973,0.7888904641348518,-2.1171292850893195,0.42291873197348195,True,True,True,True,True,pass
Nb252_aff_seq108_V108A,Nb252 reported_seq V108A,Nb252 IMGT 112B V>A,Nb252 chain C auth 108 V>A,108,V,A,CDR3,False,1,8112101,Nb252_WT_rep01_seed8112101,425.5940117111171,-71.99322996116496,-95.87826883370292,-120.49630518254041,16.343968073758816,24,37,0.9166666666666666,0.8918918918918919,0.04446256094125266,2.3186898986043967,33;37;45;47;50;53;58;98;100;102;103;104;105;106;107;108;109;110;111;112;113;114;115;116,33;40;44;82;86;89;90;93;96;97;98;99;101;102;105;106;109;110;172;174;177;178;179;180;181;182;269;277;278;279;290;293;294;297;298;301;302,24,37,1.0,1.0,2.5822071982139505,0.6450055853444496,0.15833991715441798,True,True,True,True,True,pass
Nb252_aff_seq108_V108A,Nb252 reported_seq V108A,Nb252 IMGT 112B V>A,Nb252 chain C auth 108 V>A,108,V,A,CDR3,False,2,8112102,Nb252_WT_rep02_seed8112102,425.5940117111171,-72.84588444438384,-95.87826883370292,-120.49630518254041,16.343968073758816,24,37,0.9166666666666666,0.8918918918918919,0.04446256094125266,2.3186898986043967,33;37;45;47;50;53;58;98;100;102;103;104;105;106;107;108;109;110;111;112;113;114;115;116,33;40;44;82;86;89;90;93;96;97;98;99;101;102;105;106;109;110;172;174;177;178;179;180;181;182;269;277;278;279;290;293;294;297;298;301;302,24,37,1.0,1.0,1.6187067885713304,0.6450055853444496,0.15833991715441798,True,True,True,True,True,pass
Nb252_aff_seq108_V108A,Nb252 reported_seq V108A,Nb252 IMGT 112B V>A,Nb252 chain C auth 108 V>A,108,V,A,CDR3,False,3,8112103,Nb252_WT_rep03_seed8112103,425.5940117111171,-73.11268224382786,-95.87826883370292,-120.49630518254041,16.343968073758816,24,37,0.9166666666666666,0.8918918918918919,0.04446256094125266,2.3186898986043967,33;37;45;47;50;53;58;98;100;102;103;104;105;106;107;108;109;110;111;112;113;114;115;116,33;40;44;82;86;89;90;93;96;97;98;99;101;102;105;106;109;110;172;174;177;178;179;180;181;182;269;277;278;279;290;293;294;297;298;301;302,24,37,1.0,1.0,1.3519089891273097,0.6450055853444496,0.15833991715441798,True,True,True,True,True,pass
Nb252_aff_seq108_V108C,Nb252 reported_seq V108C,Nb252 IMGT 112B V>C,Nb252 chain C auth 108 V>C,108,V,C,CDR3,False,1,8112101,Nb252_WT_rep01_seed8112101,426.1097833807647,-73.60043988057407,-96.28075334290939,-120.73469581532818,16.32691054572024,24,37,0.9166666666666666,0.8918918918918919,0.04354825777123561,2.3154932184562087,33;37;45;47;50;53;58;98;100;102;103;104;105;106;107;108;109;110;111;112;113;114;115;116,33;40;44;82;86;89;90;93;96;97;98;99;101;102;105;106;109;110;172;174;177;178;179;180;181;182;269;277;278;279;290;293;294;297;298;301;302,24,37,1.0,1.0,0.9749972788048353,0.2425210761379759,0.14128238911584035,True,True,True,True,True,pass
Nb252_aff_seq108_V108C,Nb252 reported_seq V108C,Nb252 IMGT 112B V>C,Nb252 chain C auth 108 V>C,108,V,C,CDR3,False,2,8112102,Nb252_WT_rep02_seed8112102,426.1097833807647,-73.37726976883562,-96.28075334290939,-120.73469581532818,16.32691054572024,24,37,0.9166666666666666,0.8918918918918919,0.04354825777123561,2.3154932184562087,33;37;45;47;50;53;58;98;100;102;103;104;105;106;107;108;109;110;111;112;113;114;115;116,33;40;44;82;86;89;90;93;96;97;98;99;101;102;105;106;109;110;172;174;177;178;179;180;181;182;269;277;278;279;290;293;294;297;298;301;302,24,37,1.0,1.0,1.0873214641195545,0.2425210761379759,0.14128238911584035,True,True,True,True,True,pass
Nb252_aff_seq108_V108C,Nb252 reported_seq V108C,Nb252 IMGT 112B V>C,Nb252 chain C auth 108 V>C,108,V,C,CDR3,False,3,8112103,Nb252_WT_rep03_seed8112103,426.1097833807647,-73.98385116575548,-96.28075334290939,-120.73469581532818,16.32691054572024,24,37,0.9166666666666666,0.8918918918918919,0.04354825777123561,2.3154932184562087,33;37;45;47;50;53;58;98;100;102;103;104;105;106;107;108;109;110;111;112;113;114;115;116,33;40;44;82;86;89;90;93;96;97;98;99;101;102;105;106;109;110;172;174;177;178;179;180;181;182;269;277;278;279;290;293;294;297;298;301;302,24,37,1.0,1.0,0.4807400671996902,0.2425210761379759,0.14128238911584035,True,True,True,True,True,pass
Nb252_aff_seq108_V108D,Nb252 reported_seq V108D,Nb252 IMGT 112B V>D,Nb252 chain C auth 108 V>D,108,V,D,CDR3,False,1,8112101,Nb252_WT_rep01_seed8112101,429.16920703601875,-72.94547105000902,-96.37994273173797,-120.82750101101198,16.186728740433352,24,37,0.9166666666666666,0.8918918918918919,0.044229125102738055,2.3207002551741853,33;37;45;47;50;53;58;98;100;102;103;104;105;106;107;108;109;110;111;112;113;114;115;116,33;40;44;82;86;89;90;93;96;97;98;99;101;102;105;106;109;110;172;174;177;178;179;180;181;182;269;277;278;279;290;293;294;297;298;301;302,24,37,1.0,1.0,1.6299661093698887,0.1433316873093986,0.0011005838289541714,True,True,True,True,True,pass
Nb252_aff_seq108_V108D,Nb252 reported_seq V108D,Nb252 IMGT 112B V>D,Nb252 chain C auth 108 V>D,108,V,D,CDR3,False,2,8112102,Nb252_WT_rep02_seed8112102,429.16920703601875,-72.53731523983993,-96.37994273173797,-120.82750101101198,16.186728740433352,24,37,0.9166666666666666,0.8918918918918919,0.044229125102738055,2.3207002551741853,33;37;45;47;50;53;58;98;100;102;103;104;105;106;107;108;109;110;111;112;113;114;115;116,33;40;44;82;86;89;90;93;96;97;98;99;101;102;105;106;109;110;172;174;177;178;179;180;181;182;269;277;278;279;290;293;294;297;298;301;302,24,37,1.0,1.0,1.927275993115245,0.1433316873093986,0.0011005838289541714,True,True,True,True,True,pass
Nb252_aff_seq108_V108D,Nb252 reported_seq V108D,Nb252 IMGT 112B V>D,Nb252 chain C auth 108 V>D,108,V,D,CDR3,False,3,8112103,Nb252_WT_rep03_seed8112103,429.16920703601875,-73.64131471531721,-96.37994273173797,-120.82750101101198,16.186728740433352,24,37,0.9166666666666666,0.8918918918918919,0.044229125102738055,2.3207002551741853,33;37;45;47;50;53;58;98;100;102;103;104;105;106;107;108;109;110;111;112;113;114;115;116,33;40;44;82;86;89;90;93;96;97;98;99;101;102;105;106;109;110;172;174;177;178;179;180;181;182;269;277;278;279;290;293;294;297;298;301;302,24,37,1.0,1.0,0.8232765176379644,0.1433316873093986,0.0011005838289541714,True,True,True,True,True,pass
Nb252_aff_seq108_V108E,Nb252 reported_seq V108E,Nb252 IMGT 112B V>E,Nb252 chain C auth 108 V>E,108,V,E,CDR3,False,1,8112101,Nb252_WT_rep01_seed8112101,426.6625055589933,-72.98945137471435,-96.02188422194433,-121.03681849230631,16.46844471881724,24,37,0.9166666666666666,0.8918918918918919,0.04318140280243912,2.3145305909446523,33;37;45;47;50;53;58;98;100;102;103;104;105;106;107;108;109;110;111;112;113;114;115;116,33;40;44;82;86;89;90;93;96;97;98;99;101;102;105;106;109;110;172;174;177;178;179;180;181;182;269;277;278;279;290;293;294;297;298;301;302,24,37,1.0,1.0,1.5859857846645582,0.501390197103035,0.28281656221284024,True,True,True,True,True,pass
Nb252_aff_seq108_V108E,Nb252 reported_seq V108E,Nb252 IMGT 112B V>E,Nb252 chain C auth 108 V>E,108,V,E,CDR3,False,2,8112102,Nb252_WT_rep02_seed8112102,426.6625055589933,-72.98945137471435,-96.02188422194433,-121.03681849230631,16.46844471881724,24,37,0.9166666666666666,0.8918918918918919,0.04318140280243912,2.3145305909446523,33;37;45;47;50;53;58;98;100;102;103;104;105;106;107;108;109;110;111;112;113;114;115;116,33;40;44;82;86;89;90;93;96;97;98;99;101;102;105;106;109;110;172;174;177;178;179;180;181;182;269;277;278;279;290;293;294;297;298;301;302,24,37,1.0,1.0,1.4751398582408228,0.501390197103035,0.28281656221284024,True,True,True,True,True,pass
Nb252_aff_seq108_V108E,Nb252 reported_seq V108E,Nb252 IMGT 112B V>E,Nb252 chain C auth 108 V>E,108,V,E,CDR3,False,3,8112103,Nb252_WT_rep03_seed8112103,426.6625055589933,-72.10396591843858,-96.02188422194433,-121.03681849230631,16.46844471881724,24,37,0.9166666666666666,0.8918918918918919,0.04318140280243912,2.3145305909446523,33;37;45;47;50;53;58;98;100;102;103;104;105;106;107;108;109;110;111;112;113;114;115;116,33;40;44;82;86;89;90;93;96;97;98;99;101;102;105;106;109;110;172;174;177;178;179;180;181;182;269;277;278;279;290;293;294;297;298;301;302,24,37,1.0,1.0,2.3606253145165965,0.501390197103035,0.28281656221284024,True,True,True,True,True,pass
Nb252_aff_seq108_V108F,Nb252 reported_seq V108F,Nb252 IMGT 112B V>F,Nb252 chain C auth 108 V>F,108,V,F,CDR3,False,1,8112101,Nb252_WT_rep01_seed8112101,426.734451541784,-74.67645326625518,-98.25334126236312,-123.00694872884644,17.494365855460437,24,37,0.9166666666666666,0.8918918918918919,0.04375077021602884,2.3195133150040395,33;37;45;47;50;53;58;98;100;102;103;104;105;106;107;108;109;110;111;112;113;114;115;116,33;40;44;82;86;89;90;93;96;97;98;99;101;102;105;106;109;110;172;174;177;178;179;180;181;182;269;277;278;279;290;293;294;297;298;301;302,24,37,1.0,1.0,-0.10101610687627272,-1.730066843315754,1.3087376988560386,True,True,True,True,True,pass
Nb252_aff_seq108_V108F,Nb252 reported_seq V108F,Nb252 IMGT 112B V>F,Nb252 chain C auth 108 V>F,108,V,F,CDR3,False,2,8112102,Nb252_WT_rep02_seed8112102,426.734451541784,-74.34394942839356,-98.25334126236312,-123.00694872884644,17.494365855460437,24,37,0.9166666666666666,0.8918918918918919,0.04375077021602884,2.3195133150040395,33;37;45;47;50;53;58;98;100;102;103;104;105;106;107;108;109;110;111;112;113;114;115;116,33;40;44;82;86;89;90;93;96;97;98;99;101;102;105;106;109;110;172;174;177;178;179;180;181;182;269;277;278;279;290;293;294;297;298;301;302,24,37,1.0,1.0,0.12064180456161466,-1.730066843315754,1.3087376988560386,True,True,True,True,True,pass
Nb252_aff_seq108_V108F,Nb252 reported_seq V108F,Nb252 IMGT 112B V>F,Nb252 chain C auth 108 V>F,108,V,F,CDR3,False,3,8112103,Nb252_WT_rep03_seed8112103,426.734451541784,-75.13209921772216,-98.25334126236312,-123.00694872884644,17.494365855460437,24,37,0.9166666666666666,0.8918918918918919,0.04375077021602884,2.3195133150040395,33;37;45;47;50;53;58;98;100;102;103;104;105;106;107;108;109;110;111;112;113;114;115;116,33;40;44;82;86;89;90;93;96;97;98;99;101;102;105;106;109;110;172;174;177;178;179;180;181;182;269;277;278;279;290;293;294;297;298;301;302,24,37,1.0,1.0,-0.6675079847669849,-1.730066843315754,1.3087376988560386,True,True,True,True,True,pass
Nb252_aff_seq108_V108G,Nb252 reported_seq V108G,Nb252 IMGT 112B V>G,Nb252 chain C auth 108 V>G,108,V,G,CDR3,False,1,8112101,Nb252_WT_rep01_seed8112101,430.2274405450019,-73.17671476043898,-95.82978332803499,-120.29374076399581,16.12201176789985,24,37,0.9166666666666666,0.8918918918918919,0.043999232845136474,2.318811295533721,33;37;45;47;50;53;58;98;100;102;103;104;105;106;107;108;109;110;111;112;113;114;115;116,33;40;44;82;86;89;90;93;96;97;98;99;101;102;105;106;109;110;172;174;177;178;179;180;181;182;269;277;278;279;290;293;294;297;298;301;302,24,37,1.0,1.0,1.398722398939924,0.6934910910123762,-0.06361638870454911,True,True,True,True,True,pass
Nb252_aff_seq108_V108G,Nb252 reported_seq V108G,Nb252 IMGT 112B V>G,Nb252 chain C auth 108 V>G,108,V,G,CDR3,False,2,8112102,Nb252_WT_rep02_seed8112102,430.2274405450019,-73.17671476043898,-95.82978332803499,-120.29374076399581,16.12201176789985,24,37,0.9166666666666666,0.8918918918918919,0.043999232845136474,2.318811295533721,33;37;45;47;50;53;58;98;100;102;103;104;105;106;107;108;109;110;111;112;113;114;115;116,33;40;44;82;86;89;90;93;96;97;98;99;101;102;105;106;109;110;172;174;177;178;179;180;181;182;269;277;278;279;290;293;294;297;298;301;302,24,37,1.0,1.0,1.2878764725161886,0.6934910910123762,-0.06361638870454911,True,True,True,True,True,pass
Nb252_aff_seq108_V108G,Nb252 reported_seq V108G,Nb252 IMGT 112B V>G,Nb252 chain C auth 108 V>G,108,V,G,CDR3,False,3,8112103,Nb252_WT_rep03_seed8112103,430.2274405450019,-71.78895015062557,-95.82978332803499,-120.29374076399581,16.12201176789985,24,37,0.9166666666666666,0.8918918918918919,0.043999232845136474,2.318811295533721,33;37;45;47;50;53;58;98;100;102;103;104;105;106;107;108;109;110;111;112;113;114;115;116,33;40;44;82;86;89;90;93;96;97;98;99;101;102;105;106;109;110;172;174;177;178;179;180;181;182;269;277;278;279;290;293;294;297;298;301;302,24,37,1.0,1.0,2.675641082329605,0.6934910910123762,-0.06361638870454911,True,True,True,True,True,pass
Nb252_aff_seq108_V108H,Nb252 reported_seq V108H,Nb252 IMGT 112B V>H,Nb252 chain C auth 108 V>H,108,V,H,CDR3,False,1,8112101,Nb252_WT_rep01_seed8112101,424.56087975475407,-73.41633934224853,-97.26421409109729,-121.9790060825635,16.438271924534416,24,37,0.9166666666666666,0.8918918918918919,0.04367626149219234,2.318336331690906,33;37;45;47;50;53;58;98;100;102;103;104;105;106;107;108;109;110;111;112;113;114;115;116,33;40;44;82;86;89;90;93;96;97;98;99;101;102;105;106;109;110;172;174;177;178;179;180;181;182;269;277;278;279;290;293;294;297;298;301;302,24,37,1.0,1.0,1.1590978171303732,-0.7409396720499188,0.2526437679300173,True,True,True,True,True,pass
Nb252_aff_seq108_V108H,Nb252 reported_seq V108H,Nb252 IMGT 112B V>H,Nb252 chain C auth 108 V>H,108,V,H,CDR3,False,2,8112102,Nb252_WT_rep02_seed8112102,424.56087975475407,-74.23672655057709,-97.26421409109729,-121.9790060825635,16.438271924534416,24,37,0.9166666666666666,0.8918918918918919,0.04367626149219234,2.318336331690906,33;37;45;47;50;53;58;98;100;102;103;104;105;106;107;108;109;110;111;112;113;114;115;116,33;40;44;82;86;89;90;93;96;97;98;99;101;102;105;106;109;110;172;174;177;178;179;180;181;182;269;277;278;279;290;293;294;297;298;301;302,24,37,1.0,1.0,0.22786468237808322,-0.7409396720499188,0.2526437679300173,True,True,True,True,True,pass
Nb252_aff_seq108_V108H,Nb252 reported_seq V108H,Nb252 IMGT 112B V>H,Nb252 chain C auth 108 V>H,108,V,H,CDR3,False,3,8112103,Nb252_WT_rep03_seed8112103,426.23891295495713,-73.17033844014799,-96.94204989265688,-121.91946404284921,16.43081986738655,24,37,0.9166666666666666,0.8918918918918919,0.043697453526219156,2.311712740128248,33;37;45;47;50;53;58;98;100;102;103;104;105;106;107;108;109;110;111;112;113;114;115;116,33;40;44;82;86;89;90;93;96;97;98;99;101;102;105;106;109;110;172;174;177;178;179;180;181;182;269;277;278;279;290;293;294;297;298;301;302,24,37,1.0,1.0,1.2942527928071854,-0.4187754736095144,0.24519171078215152,True,True,True,True,True,pass
Nb252_aff_seq108_V108I,Nb252 reported_seq V108I,Nb252 IMGT 112B V>I,Nb252 chain C auth 108 V>I,108,V,I,CDR3,False,1,8112101,Nb252_WT_rep01_seed8112101,422.4558363920392,-74.22105088207223,-97.18821162744689,-121.49440636925056,16.348759727312512,24,37,0.9166666666666666,0.8918918918918919,0.04369188413812963,2.3149629492197517,33;37;45;47;50;53;58;98;100;102;103;104;105;106;107;108;109;110;111;112;113;114;115;116,33;40;44;82;86;89;90;93;96;97;98;99;101;102;105;106;109;110;172;174;177;178;179;180;181;182;269;277;278;279;290;293;294;297;298;301;302,24,37,1.0,1.0,0.3543862773066735,-0.6649372083995218,0.16313157070811357,True,True,True,True,True,pass
Nb252_aff_seq108_V108I,Nb252 reported_seq V108I,Nb252 IMGT 112B V>I,Nb252 chain C auth 108 V>I,108,V,I,CDR3,False,2,8112102,Nb252_WT_rep02_seed8112102,422.4558363920392,-74.22105088207223,-97.18821162744689,-121.49440636925056,16.348759727312512,24,37,0.9166666666666666,0.8918918918918919,0.04369188413812963,2.3149629492197517,33;37;45;47;50;53;58;98;100;102;103;104;105;106;107;108;109;110;111;112;113;114;115;116,33;40;44;82;86;89;90;93;96;97;98;99;101;102;105;106;109;110;172;174;177;178;179;180;181;182;269;277;278;279;290;293;294;297;298;301;302,24,37,1.0,1.0,0.24354035088293813,-0.6649372083995218,0.16313157070811357,True,True,True,True,True,pass
Nb252_aff_seq108_V108I,Nb252 reported_seq V108I,Nb252 IMGT 112B V>I,Nb252 chain C auth 108 V>I,108,V,I,CDR3,False,3,8112103,Nb252_WT_rep03_seed8112103,422.4558363920392,-74.22105088207223,-97.18821162744689,-121.49440636925056,16.348759727312512,24,37,0.9166666666666666,0.8918918918918919,0.04369188413812963,2.3149629492197517,33;37;45;47;50;53;58;98;100;102;103;104;105;106;107;108;109;110;111;112;113;114;115;116,33;40;44;82;86;89;90;93;96;97;98;99;101;102;105;106;109;110;172;174;177;178;179;180;181;182;269;277;278;279;290;293;294;297;298;301;302,24,37,1.0,1.0,0.24354035088293813,-0.6649372083995218,0.16313157070811357,True,True,True,True,True,pass
Nb252_aff_seq108_V108K,Nb252 reported_seq V108K,Nb252 IMGT 112B V>K,Nb252 chain C auth 108 V>K,108,V,K,CDR3,False,1,8112101,Nb252_WT_rep01_seed8112101,422.18107289953844,-73.97289088006636,-96.51242965836904,-120.81053525765188,16.1191298093994,24,37,0.9166666666666666,0.8918918918918919,0.044391846798143626,2.3160470986472155,33;37;45;47;50;53;58;98;100;102;103;104;105;106;107;108;109;110;111;112;113;114;115;116,33;40;44;82;86;89;90;93;96;97;98;99;101;102;105;106;109;110;172;174;177;178;179;180;181;182;269;277;278;279;290;293;294;297;298;301;302,24,37,1.0,1.0,0.6025462793125484,0.010844760678324405,-0.06649834720499825,True,True,True,True,True,pass
Nb252_aff_seq108_V108K,Nb252 reported_seq V108K,Nb252 IMGT 112B V>K,Nb252 chain C auth 108 V>K,108,V,K,CDR3,False,2,8112102,Nb252_WT_rep02_seed8112102,422.18107289953844,-73.97289088006636,-96.51242965836904,-120.81053525765188,16.1191298093994,24,37,0.9166666666666666,0.8918918918918919,0.044391846798143626,2.3160470986472155,33;37;45;47;50;53;58;98;100;102;103;104;105;106;107;108;109;110;111;112;113;114;115;116,33;40;44;82;86;89;90;93;96;97;98;99;101;102;105;106;109;110;172;174;177;178;179;180;181;182;269;277;278;279;290;293;294;297;298;301;302,24,37,1.0,1.0,0.4917003528888131,0.010844760678324405,-0.06649834720499825,True,True,True,True,True,pass
Nb252_aff_seq108_V108K,Nb252 reported_seq V108K,Nb252 IMGT 112B V>K,Nb252 chain C auth 108 V>K,108,V,K,CDR3,False,3,8112103,Nb252_WT_rep03_seed8112103,422.18107289953844,-73.8679145031212,-96.51242965836904,-120.81053525765188,16.1191298093994,24,37,0.9166666666666666,0.8918918918918919,0.044391846798143626,2.3160470986472155,33;37;45;47;50;53;58;98;100;102;103;104;105;106;107;108;109;110;111;112;113;114;115;116,33;40;44;82;86;89;90;93;96;97;98;99;101;102;105;106;109;110;172;174;177;178;179;180;181;182;269;277;278;279;290;293;294;297;298;301;302,24,37,1.0,1.0,0.5966767298339732,0.010844760678324405,-0.06649834720499825,True,True,True,True,True,pass
Nb252_aff_seq108_V108L,Nb252 reported_seq V108L,Nb252 IMGT 112B V>L,Nb252 chain C auth 108 V>L,108,V,L,CDR3,False,1,8112101,Nb252_WT_rep01_seed8112101,425.1629025443876,-74.52605005147404,-97.73860171066009,-121.94864404569562,16.680716930176917,24,37,0.9166666666666666,0.8918918918918919,0.04460283200930286,2.31435428847037,33;37;45;47;50;53;58;98;100;102;103;104;105;106;107;108;109;110;111;112;113;114;115;116,33;40;44;82;86;89;90;93;96;97;98;99;101;102;105;106;109;110;172;174;177;178;179;180;181;182;269;277;278;279;290;293;294;297;298;301;302,24,37,1.0,1.0,0.049387107904863115,-1.2153272916127236,0.4950887735725189,True,True,True,True,True,pass
Nb252_aff_seq108_V108L,Nb252 reported_seq V108L,Nb252 IMGT 112B V>L,Nb252 chain C auth 108 V>L,108,V,L,CDR3,False,2,8112102,Nb252_WT_rep02_seed8112102,425.1629025443876,-75.92969324833751,-97.73860171066009,-121.94864404569562,16.680716930176917,24,37,0.9166666666666666,0.8918918918918919,0.04460283200930286,2.31435428847037,33;37;45;47;50;53;58;98;100;102;103;104;105;106;107;108;109;110;111;112;113;114;115;116,33;40;44;82;86;89;90;93;96;97;98;99;101;102;105;106;109;110;172;174;177;178;179;180;181;182;269;277;278;279;290;293;294;297;298;301;302,24,37,1.0,1.0,-1.4651020153823424,-1.2153272916127236,0.4950887735725189,True,True,True,True,True,pass
Nb252_aff_seq108_V108L,Nb252 reported_seq V108L,Nb252 IMGT 112B V>L,Nb252 chain C auth 108 V>L,108,V,L,CDR3,False,3,8112103,Nb252_WT_rep03_seed8112103,425.1629025443876,-75.36875957358689,-97.73860171066009,-121.94864404569562,16.680716930176917,24,37,0.9166666666666666,0.8918918918918919,0.04460283200930286,2.31435428847037,33;37;45;47;50;53;58;98;100;102;103;104;105;106;107;108;109;110;111;112;113;114;115;116,33;40;44;82;86;89;90;93;96;97;98;99;101;102;105;106;109;110;172;174;177;178;179;180;181;182;269;277;278;279;290;293;294;297;298;301;302,24,37,1.0,1.0,-0.9041683406317134,-1.2153272916127236,0.4950887735725189,True,True,True,True,True,pass
Nb252_aff_seq108_V108M,Nb252 reported_seq V108M,Nb252 IMGT 112B V>M,Nb252 chain C auth 108 V>M,108,V,M,CDR3,False,1,8112101,Nb252_WT_rep01_seed8112101,423.86811672638055,-73.6150691506698,-96.55886469640161,-120.79054731139932,16.088269355192438,24,37,0.9166666666666666,0.8918918918918919,0.043977176682909375,2.3192300369433516,33;37;45;47;50;53;58;98;100;102;103;104;105;106;107;108;109;110;111;112;113;114;115;116,33;40;44;82;86;89;90;93;96;97;98;99;101;102;105;106;109;110;172;174;177;178;179;180;181;182;269;277;278;279;290;293;294;297;298;301;302,24,37,1.0,1.0,0.9603680087091107,-0.03559027735424536,-0.09735880141196063,True,True,True,True,True,pass
Nb252_aff_seq108_V108M,Nb252 reported_seq V108M,Nb252 IMGT 112B V>M,Nb252 chain C auth 108 V>M,108,V,M,CDR3,False,2,8112102,Nb252_WT_rep02_seed8112102,423.86811672638055,-72.71266997660712,-96.55886469640161,-120.79054731139932,16.088269355192438,24,37,0.9166666666666666,0.8918918918918919,0.043977176682909375,2.3192300369433516,33;37;45;47;50;53;58;98;100;102;103;104;105;106;107;108;109;110;111;112;113;114;115;116,33;40;44;82;86;89;90;93;96;97;98;99;101;102;105;106;109;110;172;174;177;178;179;180;181;182;269;277;278;279;290;293;294;297;298;301;302,24,37,1.0,1.0,1.751921256348055,-0.03559027735424536,-0.09735880141196063,True,True,True,True,True,pass
Nb252_aff_seq108_V108M,Nb252 reported_seq V108M,Nb252 IMGT 112B V>M,Nb252 chain C auth 108 V>M,108,V,M,CDR3,False,3,8112103,Nb252_WT_rep03_seed8112103,423.86811672638055,-73.6150691506698,-96.55886469640161,-120.79054731139932,16.088269355192438,24,37,0.9166666666666666,0.8918918918918919,0.043977176682909375,2.3192300369433516,33;37;45;47;50;53;58;98;100;102;103;104;105;106;107;108;109;110;111;112;113;114;115;116,33;40;44;82;86;89;90;93;96;97;98;99;101;102;105;106;109;110;172;174;177;178;179;180;181;182;269;277;278;279;290;293;294;297;298;301;302,24,37,1.0,1.0,0.8495220822853753,-0.03559027735424536,-0.09735880141196063,True,True,True,True,True,pass
Nb252_aff_seq108_V108N,Nb252 reported_seq V108N,Nb252 IMGT 112B V>N,Nb252 chain C auth 108 V>N,108,V,N,CDR3,False,1,8112101,Nb252_WT_rep01_seed8112101,426.1376166253696,-73.04454107383691,-96.282330043076,-120.80899110157787,16.11190727206519,24,37,0.9166666666666666,0.8918918918918919,0.043996608948427385,2.3190602009283143,33;37;45;47;50;53;58;98;100;102;103;104;105;106;107;108;109;110;111;112;113;114;115;116,33;40;44;82;86;89;90;93;96;97;98;99;101;102;105;106;109;110;172;174;177;178;179;180;181;182;269;277;278;279;290;293;294;297;298;301;302,24,37,1.0,1.0,1.5308960855419969,0.24094437597136675,-0.07372088453920966,True,True,True,True,True,pass
Nb252_aff_seq108_V108N,Nb252 reported_seq V108N,Nb252 IMGT 112B V>N,Nb252 chain C auth 108 V>N,108,V,N,CDR3,False,2,8112102,Nb252_WT_rep02_seed8112102,426.1376166253696,-73.04454107383691,-96.282330043076,-120.80899110157787,16.11190727206519,24,37,0.9166666666666666,0.8918918918918919,0.043996608948427385,2.3190602009283143,33;37;45;47;50;53;58;98;100;102;103;104;105;106;107;108;109;110;111;112;113;114;115;116,33;40;44;82;86;89;90;93;96;97;98;99;101;102;105;106;109;110;172;174;177;178;179;180;181;182;269;277;278;279;290;293;294;297;298;301;302,24,37,1.0,1.0,1.4200501591182615,0.24094437597136675,-0.07372088453920966,True,True,True,True,True,pass
Nb252_aff_seq108_V108N,Nb252 reported_seq V108N,Nb252 IMGT 112B V>N,Nb252 chain C auth 108 V>N,108,V,N,CDR3,False,3,8112103,Nb252_WT_rep03_seed8112103,426.1376166253696,-72.35952312118451,-96.282330043076,-120.80899110157787,16.11190727206519,24,37,0.9166666666666666,0.8918918918918919,0.043996608948427385,2.3190602009283143,33;37;45;47;50;53;58;98;100;102;103;104;105;106;107;108;109;110;111;112;113;114;115;116,33;40;44;82;86;89;90;93;96;97;98;99;101;102;105;106;109;110;172;174;177;178;179;180;181;182;269;277;278;279;290;293;294;297;298;301;302,24,37,1.0,1.0,2.105068111770663,0.24094437597136675,-0.07372088453920966,True,True,True,True,True,pass
Nb252_aff_seq108_V108P,Nb252 reported_seq V108P,Nb252 IMGT 112B V>P,Nb252 chain C auth 108 V>P,108,V,P,CDR3,False,1,8112101,Nb252_WT_rep01_seed8112101,464.8610032721748,-72.5985375663605,-91.8659505301969,-119.97116374689597,17.513591296074253,24,37,0.9166666666666666,0.8918918918918919,0.05424849913186298,2.3091841028403013,33;37;45;47;50;53;58;98;100;102;103;104;105;106;107;108;109;110;111;112;113;114;115;116,33;40;44;82;86;89;90;93;96;97;98;99;101;102;105;106;109;110;172;174;177;178;179;180;181;182;269;277;278;279;290;293;294;297;298;301;302,24,37,1.0,1.0,1.976899593018402,4.65732388885047,1.3279631394698548,True,True,True,True,True,pass
Nb252_aff_seq108_V108P,Nb252 reported_seq V108P,Nb252 IMGT 112B V>P,Nb252 chain C auth 108 V>P,108,V,P,CDR3,False,2,8112102,Nb252_WT_rep02_seed8112102,464.8610032721748,-69.7786524423226,-91.8659505301969,-119.97116374689597,17.513591296074253,24,37,0.9166666666666666,0.8918918918918919,0.05424849913186298,2.3091841028403013,33;37;45;47;50;53;58;98;100;102;103;104;105;106;107;108;109;110;111;112;113;114;115;116,33;40;44;82;86;89;90;93;96;97;98;99;101;102;105;106;109;110;172;174;177;178;179;180;181;182;269;277;278;279;290;293;294;297;298;301;302,24,37,1.0,1.0,4.6859387906325765,4.65732388885047,1.3279631394698548,True,True,True,True,True,pass
Nb252_aff_seq108_V108P,Nb252 reported_seq V108P,Nb252 IMGT 112B V>P,Nb252 chain C auth 108 V>P,108,V,P,CDR3,False,3,8112103,Nb252_WT_rep03_seed8112103,464.8610032721748,-71.59287540240018,-91.8659505301969,-119.97116374689597,17.513591296074253,24,37,0.9166666666666666,0.8918918918918919,0.05424849913186298,2.3091841028403013,33;37;45;47;50;53;58;98;100;102;103;104;105;106;107;108;109;110;111;112;113;114;115;116,33;40;44;82;86;89;90;93;96;97;98;99;101;102;105;106;109;110;172;174;177;178;179;180;181;182;269;277;278;279;290;293;294;297;298;301;302,24,37,1.0,1.0,2.87171583055499,4.65732388885047,1.3279631394698548,True,True,True,True,True,pass
Nb252_aff_seq108_V108Q,Nb252 reported_seq V108Q,Nb252 IMGT 112B V>Q,Nb252 chain C auth 108 V>Q,108,V,Q,CDR3,False,1,8112101,Nb252_WT_rep01_seed8112101,424.80241194700875,-72.41833794559011,-95.94552194501175,-120.76386881945513,16.22857346841472,24,37,0.9166666666666666,0.8918918918918919,0.04352261403015303,2.314205182305068,33;37;45;47;50;53;58;98;100;102;103;104;105;106;107;108;109;110;111;112;113;114;115;116,33;40;44;82;86;89;90;93;96;97;98;99;101;102;105;106;109;110;172;174;177;178;179;180;181;182;269;277;278;279;290;293;294;297;298;301;302,24,37,1.0,1.0,2.157099213788797,0.5777524740356199,0.04294531181032113,True,True,True,True,True,pass
Nb252_aff_seq108_V108Q,Nb252 reported_seq V108Q,Nb252 IMGT 112B V>Q,Nb252 chain C auth 108 V>Q,108,V,Q,CDR3,False,2,8112102,Nb252_WT_rep02_seed8112102,424.80241194700875,-74.31623590459787,-95.94552194501175,-120.76386881945513,16.22857346841472,24,37,0.9166666666666666,0.8918918918918919,0.04352261403015303,2.314205182305068,33;37;45;47;50;53;58;98;100;102;103;104;105;106;107;108;109;110;111;112;113;114;115;116,33;40;44;82;86;89;90;93;96;97;98;99;101;102;105;106;109;110;172;174;177;178;179;180;181;182;269;277;278;279;290;293;294;297;298;301;302,24,37,1.0,1.0,0.14835532835729737,0.5777524740356199,0.04294531181032113,True,True,True,True,True,pass
Nb252_aff_seq108_V108Q,Nb252 reported_seq V108Q,Nb252 IMGT 112B V>Q,Nb252 chain C auth 108 V>Q,108,V,Q,CDR3,False,3,8112103,Nb252_WT_rep03_seed8112103,424.80241194700875,-72.41833794559011,-95.94552194501175,-120.76386881945513,16.22857346841472,24,37,0.9166666666666666,0.8918918918918919,0.04352261403015303,2.314205182305068,33;37;45;47;50;53;58;98;100;102;103;104;105;106;107;108;109;110;111;112;113;114;115;116,33;40;44;82;86;89;90;93;96;97;98;99;101;102;105;106;109;110;172;174;177;178;179;180;181;182;269;277;278;279;290;293;294;297;298;301;302,24,37,1.0,1.0,2.0462532873650616,0.5777524740356199,0.04294531181032113,True,True,True,True,True,pass
Nb252_aff_seq108_V108R,Nb252 reported_seq V108R,Nb252 IMGT 112B V>R,Nb252 chain C auth 108 V>R,108,V,R,CDR3,False,1,8112101,Nb252_WT_rep01_seed8112101,423.23195160784485,-72.2580147620398,-96.13062159845258,-120.6902959060535,16.21094786807768,24,37,0.9166666666666666,0.8918918918918919,0.04389959737048534,2.3113740118833905,33;37;45;47;50;53;58;98;100;102;103;104;105;106;107;108;109;110;111;112;113;114;115;116,33;40;44;82;86;89;90;93;96;97;98;99;101;102;105;106;109;110;172;174;177;178;179;180;181;182;269;277;278;279;290;293;294;297;298;301;302,24,37,1.0,1.0,2.317422397339101,0.39265282059479034,0.02531971147328349,True,True,True,True,True,pass
Nb252_aff_seq108_V108R,Nb252 reported_seq V108R,Nb252 IMGT 112B V>R,Nb252 chain C auth 108 V>R,108,V,R,CDR3,False,2,8112102,Nb252_WT_rep02_seed8112102,423.23195160784485,-73.06056929145439,-96.13062159845258,-120.6902959060535,16.21094786807768,24,37,0.9166666666666666,0.8918918918918919,0.04389959737048534,2.3113740118833905,33;37;45;47;50;53;58;98;100;102;103;104;105;106;107;108;109;110;111;112;113;114;115;116,33;40;44;82;86;89;90;93;96;97;98;99;101;102;105;106;109;110;172;174;177;178;179;180;181;182;269;277;278;279;290;293;294;297;298;301;302,24,37,1.0,1.0,1.4040219415007869,0.39265282059479034,0.02531971147328349,True,True,True,True,True,pass
Nb252_aff_seq108_V108R,Nb252 reported_seq V108R,Nb252 IMGT 112B V>R,Nb252 chain C auth 108 V>R,108,V,R,CDR3,False,3,8112103,Nb252_WT_rep03_seed8112103,423.23195160784485,-73.06056929145439,-96.13062159845258,-120.6902959060535,16.21094786807768,24,37,0.9166666666666666,0.8918918918918919,0.04389959737048534,2.3113740118833905,33;37;45;47;50;53;58;98;100;102;103;104;105;106;107;108;109;110;111;112;113;114;115;116,33;40;44;82;86;89;90;93;96;97;98;99;101;102;105;106;109;110;172;174;177;178;179;180;181;182;269;277;278;279;290;293;294;297;298;301;302,24,37,1.0,1.0,1.4040219415007869,0.39265282059479034,0.02531971147328349,True,True,True,True,True,pass
Nb252_aff_seq108_V108S,Nb252 reported_seq V108S,Nb252 IMGT 112B V>S,Nb252 chain C auth 108 V>S,108,V,S,CDR3,False,1,8112101,Nb252_WT_rep01_seed8112101,425.56606237286104,-72.0906971019237,-95.98839581942534,-120.53566834889551,16.189339697693867,24,37,0.9166666666666666,0.8918918918918919,0.043889389356806176,2.3097757469447586,33;37;45;47;50;53;58;98;100;102;103;104;105;106;107;108;109;110;111;112;113;114;115;116,33;40;44;82;86;89;90;93;96;97;98;99;101;102;105;106;109;110;172;174;177;178;179;180;181;182;269;277;278;279;290;293;294;297;298;301;302,24,37,1.0,1.0,2.4847400574552125,0.5348785996220329,0.00371154108946925,True,True,True,True,True,pass
Nb252_aff_seq108_V108S,Nb252 reported_seq V108S,Nb252 IMGT 112B V>S,Nb252 chain C auth 108 V>S,108,V,S,CDR3,False,2,8112102,Nb252_WT_rep02_seed8112102,425.56606237286104,-72.87895221871264,-95.98839581942534,-120.53566834889551,16.189339697693867,24,37,0.9166666666666666,0.8918918918918919,0.043889389356806176,2.3097757469447586,33;37;45;47;50;53;58;98;100;102;103;104;105;106;107;108;109;110;111;112;113;114;115;116,33;40;44;82;86;89;90;93;96;97;98;99;101;102;105;106;109;110;172;174;177;178;179;180;181;182;269;277;278;279;290;293;294;297;298;301;302,24,37,1.0,1.0,1.5856390142425312,0.5348785996220329,0.00371154108946925,True,True,True,True,True,pass
Nb252_aff_seq108_V108S,Nb252 reported_seq V108S,Nb252 IMGT 112B V>S,Nb252 chain C auth 108 V>S,108,V,S,CDR3,False,3,8112103,Nb252_WT_rep03_seed8112103,425.56606237286104,-72.87895221871264,-95.98839581942534,-120.53566834889551,16.189339697693867,24,37,0.9166666666666666,0.8918918918918919,0.043889389356806176,2.3097757469447586,33;37;45;47;50;53;58;98;100;102;103;104;105;106;107;108;109;110;111;112;113;114;115;116,33;40;44;82;86;89;90;93;96;97;98;99;101;102;105;106;109;110;172;174;177;178;179;180;181;182;269;277;278;279;290;293;294;297;298;301;302,24,37,1.0,1.0,1.5856390142425312,0.5348785996220329,0.00371154108946925,True,True,True,True,True,pass
Nb252_aff_seq108_V108T,Nb252 reported_seq V108T,Nb252 IMGT 112B V>T,Nb252 chain C auth 108 V>T,108,V,T,CDR3,False,1,8112101,Nb252_WT_rep01_seed8112101,423.96694608941425,-72.99050205858947,-96.27336238662588,-120.65546188893441,16.1412551465574,24,37,0.9166666666666666,0.8918918918918919,0.04363053870255671,2.3194072333236253,33;37;45;47;50;53;58;98;100;102;103;104;105;106;107;108;109;110;111;112;113;114;115;116,33;40;44;82;86;89;90;93;96;97;98;99;101;102;105;106;109;110;172;174;177;178;179;180;181;182;269;277;278;279;290;293;294;297;298;301;302,24,37,1.0,1.0,1.584935100789437,0.2499120324214914,-0.044373010046999894,True,True,True,True,True,pass
Nb252_aff_seq108_V108T,Nb252 reported_seq V108T,Nb252 IMGT 112B V>T,Nb252 chain C auth 108 V>T,108,V,T,CDR3,False,2,8112102,Nb252_WT_rep02_seed8112102,423.96694608941425,-73.39625788467896,-96.27336238662588,-120.65546188893441,16.1412551465574,24,37,0.9166666666666666,0.8918918918918919,0.04363053870255671,2.3194072333236253,33;37;45;47;50;53;58;98;100;102;103;104;105;106;107;108;109;110;111;112;113;114;115;116,33;40;44;82;86;89;90;93;96;97;98;99;101;102;105;106;109;110;172;174;177;178;179;180;181;182;269;277;278;279;290;293;294;297;298;301;302,24,37,1.0,1.0,1.0683333482762123,0.2499120324214914,-0.044373010046999894,True,True,True,True,True,pass
Nb252_aff_seq108_V108T,Nb252 reported_seq V108T,Nb252 IMGT 112B V>T,Nb252 chain C auth 108 V>T,108,V,T,CDR3,False,3,8112103,Nb252_WT_rep03_seed8112103,423.96694608941425,-72.04402209186816,-96.27336238662588,-120.65546188893441,16.1412551465574,24,37,0.9166666666666666,0.8918918918918919,0.04363053870255671,2.3194072333236253,33;37;45;47;50;53;58;98;100;102;103;104;105;106;107;108;109;110;111;112;113;114;115;116,33;40;44;82;86;89;90;93;96;97;98;99;101;102;105;106;109;110;172;174;177;178;179;180;181;182;269;277;278;279;290;293;294;297;298;301;302,24,37,1.0,1.0,2.4205691410870145,0.2499120324214914,-0.044373010046999894,True,True,True,True,True,pass
Nb252_aff_seq108_V108W,Nb252 reported_seq V108W,Nb252 IMGT 112B V>W,Nb252 chain C auth 108 V>W,108,V,W,CDR3,False,1,8112101,Nb252_WT_rep01_seed8112101,426.96704796228306,-75.58436293260019,-98.43397237351601,-122.85482095350248,16.936421707999152,24,37,0.9166666666666666,0.8918918918918919,0.04368693270084235,2.315190797791414,33;37;45;47;50;53;58;98;100;102;103;104;105;106;107;108;109;110;111;112;113;114;115;116,33;40;44;82;86;89;90;93;96;97;98;99;101;102;105;106;109;110;172;174;177;178;179;180;181;182;269;277;278;279;290;293;294;297;298;301;302,24,37,1.0,1.0,-1.0089257732212786,-1.9106979544686453,0.7507935513947537,True,True,True,True,True,pass
Nb252_aff_seq108_V108W,Nb252 reported_seq V108W,Nb252 IMGT 112B V>W,Nb252 chain C auth 108 V>W,108,V,W,CDR3,False,2,8112102,Nb252_WT_rep02_seed8112102,426.96704796228306,-75.15284364030919,-98.43397237351601,-122.85482095350248,16.936421707999152,24,37,0.9166666666666666,0.8918918918918919,0.04368693270084235,2.315190797791414,33;37;45;47;50;53;58;98;100;102;103;104;105;106;107;108;109;110;111;112;113;114;115;116,33;40;44;82;86;89;90;93;96;97;98;99;101;102;105;106;109;110;172;174;177;178;179;180;181;182;269;277;278;279;290;293;294;297;298;301;302,24,37,1.0,1.0,-0.6882524073540139,-1.9106979544686453,0.7507935513947537,True,True,True,True,True,pass
Nb252_aff_seq108_V108W,Nb252 reported_seq V108W,Nb252 IMGT 112B V>W,Nb252 chain C auth 108 V>W,108,V,W,CDR3,False,3,8112103,Nb252_WT_rep03_seed8112103,426.96704796228306,-74.60762494948705,-98.43397237351601,-122.85482095350248,16.936421707999152,24,37,0.9166666666666666,0.8918918918918919,0.04368693270084235,2.315190797791414,33;37;45;47;50;53;58;98;100;102;103;104;105;106;107;108;109;110;111;112;113;114;115;116,33;40;44;82;86;89;90;93;96;97;98;99;101;102;105;106;109;110;172;174;177;178;179;180;181;182;269;277;278;279;290;293;294;297;298;301;302,24,37,1.0,1.0,-0.1430337165318747,-1.9106979544686453,0.7507935513947537,True,True,True,True,True,pass
Nb252_aff_seq108_V108Y,Nb252 reported_seq V108Y,Nb252 IMGT 112B V>Y,Nb252 chain C auth 108 V>Y,108,V,Y,CDR3,False,1,8112101,Nb252_WT_rep01_seed8112101,430.72557357244784,-77.14592286314326,-98.03578465553106,-122.57772895110415,16.928358908382013,24,37,0.9166666666666666,0.8918918918918919,0.0439810331192821,2.315788215722706,33;37;45;47;50;53;58;98;100;102;103;104;105;106;107;108;109;110;111;112;113;114;115;116,33;40;44;82;86;89;90;93;96;97;98;99;101;102;105;106;109;110;172;174;177;178;179;180;181;182;269;277;278;279;290;293;294;297;298;301;302,24,37,1.0,1.0,-2.570485703764348,-1.512510236483692,0.7427307517776143,True,True,True,True,True,pass
Nb252_aff_seq108_V108Y,Nb252 reported_seq V108Y,Nb252 IMGT 112B V>Y,Nb252 chain C auth 108 V>Y,108,V,Y,CDR3,False,2,8112102,Nb252_WT_rep02_seed8112102,425.81081077016006,-75.12214633855359,-98.19830172194088,-123.17300397783175,17.20792764392166,24,37,0.9166666666666666,0.8918918918918919,0.04448799392006977,2.3145634717471015,33;37;45;47;50;53;58;98;100;102;103;104;105;106;107;108;109;110;111;112;113;114;115;116,33;40;44;82;86;89;90;93;96;97;98;99;101;102;105;106;109;110;172;174;177;178;179;180;181;182;269;277;278;279;290;293;294;297;298;301;302,24,37,1.0,1.0,-0.6575551055984192,-1.6750273028935112,1.0222994873172624,True,True,True,True,True,pass
Nb252_aff_seq108_V108Y,Nb252 reported_seq V108Y,Nb252 IMGT 112B V>Y,Nb252 chain C auth 108 V>Y,108,V,Y,CDR3,False,3,8112103,Nb252_WT_rep03_seed8112103,425.81081077016006,-74.65561786638449,-98.19830172194088,-123.17300397783175,17.20792764392166,24,37,0.9166666666666666,0.8918918918918919,0.04448799392006977,2.3145634717471015,33;37;45;47;50;53;58;98;100;102;103;104;105;106;107;108;109;110;111;112;113;114;115;116,33;40;44;82;86;89;90;93;96;97;98;99;101;102;105;106;109;110;172;174;177;178;179;180;181;182;269;277;278;279;290;293;294;297;298;301;302,24,37,1.0,1.0,-0.19102663342931692,-1.6750273028935112,1.0222994873172624,True,True,True,True,True,pass
Nb252_aff_seq109_Y109A,Nb252 reported_seq Y109A,Nb252 IMGT 112A Y>A,Nb252 chain C auth 109 Y>A,109,Y,A,CDR3,False,1,8112101,Nb252_WT_rep01_seed8112101,426.4443633385832,-71.19975626158987,-92.41235697826623,-109.5155792505257,13.598742287906415,24,35,0.9166666666666666,0.8108108108108109,0.0423491607573196,2.3084484951729487,33;37;45;47;50;53;58;98;100;102;103;104;105;106;107;108;109;110;111;112;113;114;115;116,33;40;44;82;86;89;90;93;96;97;98;99;101;102;105;106;109;172;174;177;178;179;180;181;269;277;278;289;290;293;294;297;298;301;302,24,37,1.0,0.918918918918919,3.3756808977890387,4.110917440781137,-2.5868858686979834,True,True,True,True,True,pass
Nb252_aff_seq109_Y109A,Nb252 reported_seq Y109A,Nb252 IMGT 112A Y>A,Nb252 chain C auth 109 Y>A,109,Y,A,CDR3,False,2,8112102,Nb252_WT_rep02_seed8112102,425.8726817703278,-68.04358978574425,-91.70690127864432,-113.67592986015313,15.746236873307206,24,35,0.9166666666666666,0.8378378378378378,0.04437026164394668,2.3149094885408807,33;37;45;47;50;53;58;98;100;102;103;104;105;106;107;108;109;110;111;112;113;114;115;116,33;40;44;82;86;89;90;93;96;97;98;99;101;102;105;106;109;172;174;177;178;179;180;181;182;277;278;279;290;293;294;297;298;301;302,24,37,1.0,0.9459459459459459,6.4210014472109265,4.816373140403044,-0.43939128329719246,True,True,True,True,True,pass
Nb252_aff_seq109_Y109A,Nb252 reported_seq Y109A,Nb252 IMGT 112A Y>A,Nb252 chain C auth 109 Y>A,109,Y,A,CDR3,False,3,8112103,Nb252_WT_rep03_seed8112103,426.4443633385832,-71.19975626158987,-92.41235697826623,-109.5155792505257,13.598742287906415,24,35,0.9166666666666666,0.8108108108108109,0.0423491607573196,2.3084484951729487,33;37;45;47;50;53;58;98;100;102;103;104;105;106;107;108;109;110;111;112;113;114;115;116,33;40;44;82;86;89;90;93;96;97;98;99;101;102;105;106;109;172;174;177;178;179;180;181;269;277;278;289;290;293;294;297;298;301;302,24,37,1.0,0.918918918918919,3.2648349713653033,4.110917440781137,-2.5868858686979834,True,True,True,True,True,pass
Nb252_aff_seq109_Y109C,Nb252 reported_seq Y109C,Nb252 IMGT 112A Y>C,Nb252 chain C auth 109 Y>C,109,Y,C,CDR3,False,1,8112101,Nb252_WT_rep01_seed8112101,426.91613903876816,-155.6721900291716,-92.08135975689855,-115.18883489023983,15.88966531795851,24,36,0.9166666666666666,0.8648648648648649,0.04412778980550413,2.320856670647341,33;37;45;47;50;53;58;98;100;102;103;104;105;106;107;108;109;110;111;112;113;114;115;116,33;40;44;82;86;89;90;93;96;97;98;99;101;102;105;106;109;172;174;177;178;179;180;181;182;269;277;278;279;290;293;294;297;298;301;302,24,37,1.0,0.972972972972973,-81.09675286979268,4.441914662148818,-0.2959628386458881,True,True,True,True,True,pass
Nb252_aff_seq109_Y109C,Nb252 reported_seq Y109C,Nb252 IMGT 112A Y>C,Nb252 chain C auth 109 Y>C,109,Y,C,CDR3,False,2,8112102,Nb252_WT_rep02_seed8112102,426.91613903876816,-71.16929239149829,-92.08135975689855,-115.18883489023983,15.88966531795851,24,36,0.9166666666666666,0.8648648648648649,0.04412778980550413,2.320856670647341,33;37;45;47;50;53;58;98;100;102;103;104;105;106;107;108;109;110;111;112;113;114;115;116,33;40;44;82;86;89;90;93;96;97;98;99;101;102;105;106;109;172;174;177;178;179;180;181;182;269;277;278;279;290;293;294;297;298;301;302,24,37,1.0,0.972972972972973,3.2952988414568836,4.441914662148818,-0.2959628386458881,True,True,True,True,True,pass
Nb252_aff_seq109_Y109C,Nb252 reported_seq Y109C,Nb252 IMGT 112A Y>C,Nb252 chain C auth 109 Y>C,109,Y,C,CDR3,False,3,8112103,Nb252_WT_rep03_seed8112103,426.91613903876816,-69.67460031536154,-92.08135975689855,-115.18883489023983,15.88966531795851,24,36,0.9166666666666666,0.8648648648648649,0.04412778980550413,2.320856670647341,33;37;45;47;50;53;58;98;100;102;103;104;105;106;107;108;109;110;111;112;113;114;115;116,33;40;44;82;86;89;90;93;96;97;98;99;101;102;105;106;109;172;174;177;178;179;180;181;182;269;277;278;279;290;293;294;297;298;301;302,24,37,1.0,0.972972972972973,4.789990917593627,4.441914662148818,-0.2959628386458881,True,True,True,True,True,pass
Nb252_aff_seq109_Y109D,Nb252 reported_seq Y109D,Nb252 IMGT 112A Y>D,Nb252 chain C auth 109 Y>D,109,Y,D,CDR3,False,1,8112101,Nb252_WT_rep01_seed8112101,426.7187742052711,-67.7080548482569,-90.41747177237745,-115.41462320120995,15.681835379798349,24,37,0.9166666666666666,0.8648648648648649,0.04473034183109239,2.3165694433948665,33;37;45;47;50;53;58;98;100;102;103;104;105;106;107;108;109;110;111;112;113;114;115;116,33;40;44;82;86;89;90;93;96;97;98;99;101;102;105;106;109;172;174;177;178;179;180;181;182;269;277;278;279;289;290;293;294;297;298;301;302,24,37,1.0,0.972972972972973,6.8673823111220145,6.105802646669915,-0.5037927768060495,True,True,True,True,True,pass
Nb252_aff_seq109_Y109D,Nb252 reported_seq Y109D,Nb252 IMGT 112A Y>D,Nb252 chain C auth 109 Y>D,109,Y,D,CDR3,False,2,8112102,Nb252_WT_rep02_seed8112102,426.7187742052711,-67.7080548482569,-90.41747177237745,-115.41462320120995,15.681835379798349,24,37,0.9166666666666666,0.8648648648648649,0.04473034183109239,2.3165694433948665,33;37;45;47;50;53;58;98;100;102;103;104;105;106;107;108;109;110;111;112;113;114;115;116,33;40;44;82;86;89;90;93;96;97;98;99;101;102;105;106;109;172;174;177;178;179;180;181;182;269;277;278;279;289;290;293;294;297;298;301;302,24,37,1.0,0.972972972972973,6.756536384698279,6.105802646669915,-0.5037927768060495,True,True,True,True,True,pass
Nb252_aff_seq109_Y109D,Nb252 reported_seq Y109D,Nb252 IMGT 112A Y>D,Nb252 chain C auth 109 Y>D,109,Y,D,CDR3,False,3,8112103,Nb252_WT_rep03_seed8112103,426.7187742052711,-67.7080548482569,-90.41747177237745,-115.41462320120995,15.681835379798349,24,37,0.9166666666666666,0.8648648648648649,0.04473034183109239,2.3165694433948665,33;37;45;47;50;53;58;98;100;102;103;104;105;106;107;108;109;110;111;112;113;114;115;116,33;40;44;82;86;89;90;93;96;97;98;99;101;102;105;106;109;172;174;177;178;179;180;181;182;269;277;278;279;289;290;293;294;297;298;301;302,24,37,1.0,0.972972972972973,6.756536384698279,6.105802646669915,-0.5037927768060495,True,True,True,True,True,pass
Nb252_aff_seq109_Y109E,Nb252 reported_seq Y109E,Nb252 IMGT 112A Y>E,Nb252 chain C auth 109 Y>E,109,Y,E,CDR3,False,1,8112101,Nb252_WT_rep01_seed8112101,430.45371811690893,-63.104285888929496,-87.21556675006767,-116.95438282232826,15.986869021596288,24,36,0.9166666666666666,0.8648648648648649,0.043925829453698426,2.3126142498266398,33;37;45;47;50;53;58;98;100;102;103;104;105;106;107;108;109;110;111;112;113;114;115;116,33;40;44;82;86;89;90;93;96;97;98;99;101;102;105;106;109;172;174;177;178;179;180;181;182;269;277;278;279;290;293;294;297;298;301;302,24,37,1.0,0.972972972972973,11.471151270449411,9.307707668979702,-0.19875913500811038,True,True,True,True,True,pass
Nb252_aff_seq109_Y109E,Nb252 reported_seq Y109E,Nb252 IMGT 112A Y>E,Nb252 chain C auth 109 Y>E,109,Y,E,CDR3,False,2,8112102,Nb252_WT_rep02_seed8112102,430.45371811690893,-63.52318818989511,-87.21556675006767,-116.95438282232826,15.986869021596288,24,36,0.9166666666666666,0.8648648648648649,0.043925829453698426,2.3126142498266398,33;37;45;47;50;53;58;98;100;102;103;104;105;106;107;108;109;110;111;112;113;114;115;116,33;40;44;82;86;89;90;93;96;97;98;99;101;102;105;106;109;172;174;177;178;179;180;181;182;269;277;278;279;290;293;294;297;298;301;302,24,37,1.0,0.972972972972973,10.941403043060063,9.307707668979702,-0.19875913500811038,True,True,True,True,True,pass
Nb252_aff_seq109_Y109E,Nb252 reported_seq Y109E,Nb252 IMGT 112A Y>E,Nb252 chain C auth 109 Y>E,109,Y,E,CDR3,False,3,8112103,Nb252_WT_rep03_seed8112103,428.98574154491223,-65.07014366871454,-88.83809028485307,-113.97057690344734,15.788529718583575,24,35,0.9166666666666666,0.8378378378378378,0.04461492955642747,2.316345604824361,33;37;45;47;50;53;58;98;100;102;103;104;105;106;107;108;109;110;111;112;113;114;115;116,33;40;44;82;86;89;90;93;96;97;98;99;101;102;105;106;109;172;174;177;178;179;180;181;182;277;278;279;290;293;294;297;298;301;302,24,37,1.0,0.9459459459459459,9.394447564240636,7.6851841341943015,-0.3970984380208229,True,True,True,True,True,pass
Nb252_aff_seq109_Y109F,Nb252 reported_seq Y109F,Nb252 IMGT 112A Y>F,Nb252 chain C auth 109 Y>F,109,Y,F,CDR3,False,1,8112101,Nb252_WT_rep01_seed8112101,422.3680416091791,-74.69407118195153,-95.58404816761005,-120.20835579654283,16.068060324832743,24,37,0.9166666666666666,0.8918918918918919,0.04393600573449585,2.319089409513716,33;37;45;47;50;53;58;98;100;102;103;104;105;106;107;108;109;110;111;112;113;114;115;116,33;40;44;82;86;89;90;93;96;97;98;99;101;102;105;106;109;110;172;174;177;178;179;180;181;182;269;277;278;279;290;293;294;297;298;301;302,24,37,1.0,1.0,-0.11863402257262123,0.9392262514373186,-0.1175678317716553,True,True,True,True,True,pass
Nb252_aff_seq109_Y109F,Nb252 reported_seq Y109F,Nb252 IMGT 112A Y>F,Nb252 chain C auth 109 Y>F,109,Y,F,CDR3,False,2,8112102,Nb252_WT_rep02_seed8112102,422.3680416091791,-73.18964871306713,-95.58404816761005,-120.20835579654283,16.068060324832743,24,37,0.9166666666666666,0.8918918918918919,0.04393600573449585,2.319089409513716,33;37;45;47;50;53;58;98;100;102;103;104;105;106;107;108;109;110;111;112;113;114;115;116,33;40;44;82;86;89;90;93;96;97;98;99;101;102;105;106;109;110;172;174;177;178;179;180;181;182;269;277;278;279;290;293;294;297;298;301;302,24,37,1.0,1.0,1.274942519888043,0.9392262514373186,-0.1175678317716553,True,True,True,True,True,pass
Nb252_aff_seq109_Y109F,Nb252 reported_seq Y109F,Nb252 IMGT 112A Y>F,Nb252 chain C auth 109 Y>F,109,Y,F,CDR3,False,3,8112103,Nb252_WT_rep03_seed8112103,422.3680416091791,-72.95641962545591,-95.58404816761005,-120.20835579654283,16.068060324832743,24,37,0.9166666666666666,0.8918918918918919,0.04393600573449585,2.319089409513716,33;37;45;47;50;53;58;98;100;102;103;104;105;106;107;108;109;110;111;112;113;114;115;116,33;40;44;82;86;89;90;93;96;97;98;99;101;102;105;106;109;110;172;174;177;178;179;180;181;182;269;277;278;279;290;293;294;297;298;301;302,24,37,1.0,1.0,1.5081716074992642,0.9392262514373186,-0.1175678317716553,True,True,True,True,True,pass
Nb252_aff_seq109_Y109G,Nb252 reported_seq Y109G,Nb252 IMGT 112A Y>G,Nb252 chain C auth 109 Y>G,109,Y,G,CDR3,False,1,8112101,Nb252_WT_rep01_seed8112101,429.8276928773497,-65.98306472263198,-89.1457198927717,-112.1866611020187,15.712966461902983,24,35,0.9166666666666666,0.8378378378378378,0.044284529933542274,2.3136956086377474,33;37;45;47;50;53;58;98;100;102;103;104;105;106;107;108;109;110;111;112;113;114;115;116,33;40;44;82;86;89;90;93;96;97;98;99;101;102;105;106;109;172;174;177;178;179;180;181;182;277;278;279;290;293;294;297;298;301;302,24,37,1.0,0.9459459459459459,8.592372436746928,7.377554526275674,-0.47266169470141506,True,True,True,True,True,pass
Nb252_aff_seq109_Y109G,Nb252 reported_seq Y109G,Nb252 IMGT 112A Y>G,Nb252 chain C auth 109 Y>G,109,Y,G,CDR3,False,2,8112102,Nb252_WT_rep02_seed8112102,429.8276928773497,-65.98306472263198,-89.1457198927717,-112.1866611020187,15.712966461902983,24,35,0.9166666666666666,0.8378378378378378,0.044284529933542274,2.3136956086377474,33;37;45;47;50;53;58;98;100;102;103;104;105;106;107;108;109;110;111;112;113;114;115;116,33;40;44;82;86;89;90;93;96;97;98;99;101;102;105;106;109;172;174;177;178;179;180;181;182;277;278;279;290;293;294;297;298;301;302,24,37,1.0,0.9459459459459459,8.481526510323192,7.377554526275674,-0.47266169470141506,True,True,True,True,True,pass
Nb252_aff_seq109_Y109G,Nb252 reported_seq Y109G,Nb252 IMGT 112A Y>G,Nb252 chain C auth 109 Y>G,109,Y,G,CDR3,False,3,8112103,Nb252_WT_rep03_seed8112103,431.8128253519252,-68.26221453740266,-89.29295351937911,-107.8639754722752,13.568774464994782,24,35,0.9166666666666666,0.8108108108108109,0.0427458066039377,2.3055772545617477,33;37;45;47;50;53;58;98;100;102;103;104;105;106;107;108;109;110;111;112;113;114;115;116,33;40;44;82;86;89;90;93;96;97;98;99;101;102;105;106;109;172;174;177;178;179;180;181;269;277;278;289;290;293;294;297;298;301;302,24,37,1.0,0.918918918918919,6.202376695552516,7.230320899668257,-2.6168536916096166,True,True,True,True,True,pass
Nb252_aff_seq109_Y109H,Nb252 reported_seq Y109H,Nb252 IMGT 112A Y>H,Nb252 chain C auth 109 Y>H,109,Y,H,CDR3,False,1,8112101,Nb252_WT_rep01_seed8112101,425.94803933743276,-69.76128274779381,-92.90780271343174,-118.06461956678771,15.796321595412698,24,37,0.9166666666666666,0.8918918918918919,0.043737719881184654,2.3189952253727215,33;37;45;47;50;53;58;98;100;102;103;104;105;106;107;108;109;110;111;112;113;114;115;116,33;40;44;82;86;89;90;93;96;97;98;99;101;102;105;106;109;110;172;174;177;178;179;180;181;182;269;277;278;279;290;293;294;297;298;301;302,24,37,1.0,1.0,4.814154411585093,3.615471705615633,-0.3893065611917006,True,True,True,True,True,pass
Nb252_aff_seq109_Y109H,Nb252 reported_seq Y109H,Nb252 IMGT 112A Y>H,Nb252 chain C auth 109 Y>H,109,Y,H,CDR3,False,2,8112102,Nb252_WT_rep02_seed8112102,425.94803933743276,-71.17010960801161,-92.90780271343174,-118.06461956678771,15.796321595412698,24,37,0.9166666666666666,0.8918918918918919,0.043737719881184654,2.3189952253727215,33;37;45;47;50;53;58;98;100;102;103;104;105;106;107;108;109;110;111;112;113;114;115;116,33;40;44;82;86;89;90;93;96;97;98;99;101;102;105;106;109;110;172;174;177;178;179;180;181;182;269;277;278;279;290;293;294;297;298;301;302,24,37,1.0,1.0,3.2944816249435576,3.615471705615633,-0.3893065611917006,True,True,True,True,True,pass
Nb252_aff_seq109_Y109H,Nb252 reported_seq Y109H,Nb252 IMGT 112A Y>H,Nb252 chain C auth 109 Y>H,109,Y,H,CDR3,False,3,8112103,Nb252_WT_rep03_seed8112103,425.94803933743276,-71.2145786713125,-92.90780271343174,-118.06461956678771,15.796321595412698,24,37,0.9166666666666666,0.8918918918918919,0.043737719881184654,2.3189952253727215,33;37;45;47;50;53;58;98;100;102;103;104;105;106;107;108;109;110;111;112;113;114;115;116,33;40;44;82;86;89;90;93;96;97;98;99;101;102;105;106;109;110;172;174;177;178;179;180;181;182;269;277;278;279;290;293;294;297;298;301;302,24,37,1.0,1.0,3.250012561642677,3.615471705615633,-0.3893065611917006,True,True,True,True,True,pass
Nb252_aff_seq109_Y109I,Nb252 reported_seq Y109I,Nb252 IMGT 112A Y>I,Nb252 chain C auth 109 Y>I,109,Y,I,CDR3,False,1,8112101,Nb252_WT_rep01_seed8112101,426.3908721822982,-67.91537614046848,-95.32086668793984,-117.78259127991002,16.286251614439422,24,35,0.9166666666666666,0.8378378378378378,0.04426567819648226,2.313585619899543,33;37;45;47;50;53;58;98;100;102;103;104;105;106;107;108;109;110;111;112;113;114;115;116,33;40;44;82;86;89;90;93;96;97;98;99;101;102;105;106;109;172;174;177;178;179;180;181;182;277;278;279;290;293;294;297;298;301;302,24,37,1.0,0.9459459459459459,6.660061018910426,1.2024077311075274,0.1006234578350238,True,True,True,True,True,pass
Nb252_aff_seq109_Y109I,Nb252 reported_seq Y109I,Nb252 IMGT 112A Y>I,Nb252 chain C auth 109 Y>I,109,Y,I,CDR3,False,2,8112102,Nb252_WT_rep02_seed8112102,426.3908721822982,-68.92714267836146,-95.32086668793984,-117.78259127991002,16.286251614439422,24,35,0.9166666666666666,0.8378378378378378,0.04426567819648226,2.313585619899543,33;37;45;47;50;53;58;98;100;102;103;104;105;106;107;108;109;110;111;112;113;114;115;116,33;40;44;82;86;89;90;93;96;97;98;99;101;102;105;106;109;172;174;177;178;179;180;181;182;277;278;279;290;293;294;297;298;301;302,24,37,1.0,0.9459459459459459,5.537448554593709,1.2024077311075274,0.1006234578350238,True,True,True,True,True,pass
Nb252_aff_seq109_Y109I,Nb252 reported_seq Y109I,Nb252 IMGT 112A Y>I,Nb252 chain C auth 109 Y>I,109,Y,I,CDR3,False,3,8112103,Nb252_WT_rep03_seed8112103,426.3908721822982,-67.45924474842815,-95.32086668793984,-117.78259127991002,16.286251614439422,24,35,0.9166666666666666,0.8378378378378378,0.04426567819648226,2.313585619899543,33;37;45;47;50;53;58;98;100;102;103;104;105;106;107;108;109;110;111;112;113;114;115;116,33;40;44;82;86;89;90;93;96;97;98;99;101;102;105;106;109;172;174;177;178;179;180;181;182;277;278;279;290;293;294;297;298;301;302,24,37,1.0,0.9459459459459459,7.005346484527024,1.2024077311075274,0.1006234578350238,True,True,True,True,True,pass
Nb252_aff_seq109_Y109K,Nb252 reported_seq Y109K,Nb252 IMGT 112A Y>K,Nb252 chain C auth 109 Y>K,109,Y,K,CDR3,False,1,8112101,Nb252_WT_rep01_seed8112101,429.21463564549776,-66.340461688836,-91.8033838717161,-119.55911439903228,16.400704939472146,24,37,0.9166666666666666,0.8918918918918919,0.04344003979132758,2.316565609886959,33;37;45;47;50;53;58;98;100;102;103;104;105;106;107;108;109;110;111;112;113;114;115;116,33;40;44;82;86;89;90;93;96;97;98;99;101;102;105;106;109;110;172;174;177;178;179;180;181;182;269;277;278;279;290;293;294;297;298;301;302,24,37,1.0,1.0,8.234975470542906,4.719890547331275,0.21507678286774734,True,True,True,True,True,pass
Nb252_aff_seq109_Y109K,Nb252 reported_seq Y109K,Nb252 IMGT 112A Y>K,Nb252 chain C auth 109 Y>K,109,Y,K,CDR3,False,2,8112102,Nb252_WT_rep02_seed8112102,429.21463564549776,-66.11388719013178,-91.8033838717161,-119.55911439903228,16.400704939472146,24,37,0.9166666666666666,0.8918918918918919,0.04344003979132758,2.316565609886959,33;37;45;47;50;53;58;98;100;102;103;104;105;106;107;108;109;110;111;112;113;114;115;116,33;40;44;82;86;89;90;93;96;97;98;99;101;102;105;106;109;110;172;174;177;178;179;180;181;182;269;277;278;279;290;293;294;297;298;301;302,24,37,1.0,1.0,8.350704042823395,4.719890547331275,0.21507678286774734,True,True,True,True,True,pass
Nb252_aff_seq109_Y109K,Nb252 reported_seq Y109K,Nb252 IMGT 112A Y>K,Nb252 chain C auth 109 Y>K,109,Y,K,CDR3,False,3,8112103,Nb252_WT_rep03_seed8112103,429.21463564549776,-118.28440645991054,-91.8033838717161,-119.55911439903228,16.400704939472146,24,37,0.9166666666666666,0.8918918918918919,0.04344003979132758,2.316565609886959,33;37;45;47;50;53;58;98;100;102;103;104;105;106;107;108;109;110;111;112;113;114;115;116,33;40;44;82;86;89;90;93;96;97;98;99;101;102;105;106;109;110;172;174;177;178;179;180;181;182;269;277;278;279;290;293;294;297;298;301;302,24,37,1.0,1.0,-43.81981522695537,4.719890547331275,0.21507678286774734,True,True,True,True,True,pass
Nb252_aff_seq109_Y109L,Nb252 reported_seq Y109L,Nb252 IMGT 112A Y>L,Nb252 chain C auth 109 Y>L,109,Y,L,CDR3,False,1,8112101,Nb252_WT_rep01_seed8112101,427.71302803473486,-66.45781186548504,-92.09258222575939,-117.22920415501979,16.083898118110536,24,36,0.9166666666666666,0.8648648648648649,0.04486424504363843,2.3152488481929443,33;37;45;47;50;53;58;98;100;102;103;104;105;106;107;108;109;110;111;112;113;114;115;116,33;40;44;82;86;89;90;93;96;97;98;99;101;102;105;106;109;172;174;177;178;179;180;181;182;269;277;278;279;290;293;294;297;298;301;302,24,37,1.0,0.972972972972973,8.117625293893866,4.430692193287982,-0.1017300384938622,True,True,True,True,True,pass
Nb252_aff_seq109_Y109L,Nb252 reported_seq Y109L,Nb252 IMGT 112A Y>L,Nb252 chain C auth 109 Y>L,109,Y,L,CDR3,False,2,8112102,Nb252_WT_rep02_seed8112102,427.71302803473486,-67.8978629954866,-92.09258222575939,-117.22920415501979,16.083898118110536,24,36,0.9166666666666666,0.8648648648648649,0.04486424504363843,2.3152488481929443,33;37;45;47;50;53;58;98;100;102;103;104;105;106;107;108;109;110;111;112;113;114;115;116,33;40;44;82;86;89;90;93;96;97;98;99;101;102;105;106;109;172;174;177;178;179;180;181;182;269;277;278;279;290;293;294;297;298;301;302,24,37,1.0,0.972972972972973,6.566728237468567,4.430692193287982,-0.1017300384938622,True,True,True,True,True,pass
Nb252_aff_seq109_Y109L,Nb252 reported_seq Y109L,Nb252 IMGT 112A Y>L,Nb252 chain C auth 109 Y>L,109,Y,L,CDR3,False,3,8112103,Nb252_WT_rep03_seed8112103,427.71302803473486,-67.24593428239325,-92.09258222575939,-117.22920415501979,16.083898118110536,24,36,0.9166666666666666,0.8648648648648649,0.04486424504363843,2.3152488481929443,33;37;45;47;50;53;58;98;100;102;103;104;105;106;107;108;109;110;111;112;113;114;115;116,33;40;44;82;86;89;90;93;96;97;98;99;101;102;105;106;109;172;174;177;178;179;180;181;182;269;277;278;279;290;293;294;297;298;301;302,24,37,1.0,0.972972972972973,7.218656950561922,4.430692193287982,-0.1017300384938622,True,True,True,True,True,pass
Nb252_aff_seq109_Y109M,Nb252 reported_seq Y109M,Nb252 IMGT 112A Y>M,Nb252 chain C auth 109 Y>M,109,Y,M,CDR3,False,1,8112101,Nb252_WT_rep01_seed8112101,426.42845299376233,-68.71492001130116,-93.25991830722673,-118.66188873620249,16.967083082680404,24,36,0.9166666666666666,0.8648648648648649,0.04433917706599585,2.3126512253839366,33;37;45;47;50;53;58;98;100;102;103;104;105;106;107;108;109;110;111;112;113;114;115;116,33;40;44;82;86;89;90;93;96;97;98;99;101;102;105;106;109;172;174;177;178;179;180;181;182;269;277;278;279;290;293;294;297;298;301;302,24,37,1.0,0.972972972972973,5.860517148077747,3.2633561118206416,0.7814549260760053,True,True,True,True,True,pass
Nb252_aff_seq109_Y109M,Nb252 reported_seq Y109M,Nb252 IMGT 112A Y>M,Nb252 chain C auth 109 Y>M,109,Y,M,CDR3,False,2,8112102,Nb252_WT_rep02_seed8112102,429.4289015454927,-67.96941369128416,-90.62553162926905,-115.17521725343171,15.981797812955646,24,36,0.9166666666666666,0.8648648648648649,0.04353665878877313,2.3166683477479566,33;37;45;47;50;53;58;98;100;102;103;104;105;106;107;108;109;110;111;112;113;114;115;116,33;40;44;82;86;89;90;93;96;97;98;99;101;102;105;106;109;110;172;174;177;178;179;180;181;182;277;278;279;290;293;294;297;298;301;302,24,37,1.0,0.972972972972973,6.495177541671012,5.89774278977832,-0.20383034364875208,True,True,True,True,True,pass
Nb252_aff_seq109_Y109M,Nb252 reported_seq Y109M,Nb252 IMGT 112A Y>M,Nb252 chain C auth 109 Y>M,109,Y,M,CDR3,False,3,8112103,Nb252_WT_rep03_seed8112103,426.42845299376233,-68.71492001130116,-93.25991830722673,-118.66188873620249,16.967083082680404,24,36,0.9166666666666666,0.8648648648648649,0.04433917706599585,2.3126512253839366,33;37;45;47;50;53;58;98;100;102;103;104;105;106;107;108;109;110;111;112;113;114;115;116,33;40;44;82;86;89;90;93;96;97;98;99;101;102;105;106;109;172;174;177;178;179;180;181;182;269;277;278;279;290;293;294;297;298;301;302,24,37,1.0,0.972972972972973,5.749671221654012,3.2633561118206416,0.7814549260760053,True,True,True,True,True,pass
Nb252_aff_seq109_Y109N,Nb252 reported_seq Y109N,Nb252 IMGT 112A Y>N,Nb252 chain C auth 109 Y>N,109,Y,N,CDR3,False,1,8112101,Nb252_WT_rep01_seed8112101,427.0034667486565,-66.76356036894941,-90.67406497716625,-115.66010219308521,15.752110766793043,24,36,0.9166666666666666,0.8648648648648649,0.04409775638111533,2.3199165680820317,33;37;45;47;50;53;58;98;100;102;103;104;105;106;107;108;109;110;111;112;113;114;115;116,33;40;44;82;86;89;90;93;96;97;98;99;101;102;105;106;109;172;174;177;178;179;180;181;182;269;277;278;279;290;293;294;297;298;301;302,24,37,1.0,0.972972972972973,7.811876790429494,5.849209441881115,-0.4335173898113549,True,True,True,True,True,pass
Nb252_aff_seq109_Y109N,Nb252 reported_seq Y109N,Nb252 IMGT 112A Y>N,Nb252 chain C auth 109 Y>N,109,Y,N,CDR3,False,2,8112102,Nb252_WT_rep02_seed8112102,427.0034667486565,-66.76356036894941,-90.67406497716625,-115.66010219308521,15.752110766793043,24,36,0.9166666666666666,0.8648648648648649,0.04409775638111533,2.3199165680820317,33;37;45;47;50;53;58;98;100;102;103;104;105;106;107;108;109;110;111;112;113;114;115;116,33;40;44;82;86;89;90;93;96;97;98;99;101;102;105;106;109;172;174;177;178;179;180;181;182;269;277;278;279;290;293;294;297;298;301;302,24,37,1.0,0.972972972972973,7.701030864005759,5.849209441881115,-0.4335173898113549,True,True,True,True,True,pass
Nb252_aff_seq109_Y109N,Nb252 reported_seq Y109N,Nb252 IMGT 112A Y>N,Nb252 chain C auth 109 Y>N,109,Y,N,CDR3,False,3,8112103,Nb252_WT_rep03_seed8112103,427.0034667486565,-68.25232937820448,-90.67406497716625,-115.66010219308521,15.752110766793043,24,36,0.9166666666666666,0.8648648648648649,0.04409775638111533,2.3199165680820317,33;37;45;47;50;53;58;98;100;102;103;104;105;106;107;108;109;110;111;112;113;114;115;116,33;40;44;82;86;89;90;93;96;97;98;99;101;102;105;106;109;172;174;177;178;179;180;181;182;269;277;278;279;290;293;294;297;298;301;302,24,37,1.0,0.972972972972973,6.212261854750693,5.849209441881115,-0.4335173898113549,True,True,True,True,True,pass
Nb252_aff_seq109_Y109P,Nb252 reported_seq Y109P,Nb252 IMGT 112A Y>P,Nb252 chain C auth 109 Y>P,109,Y,P,CDR3,False,1,8112101,Nb252_WT_rep01_seed8112101,430.5942288034905,-69.20133920173942,-91.86867070407708,-116.92414289795806,17.984800292187355,24,35,0.9166666666666666,0.8378378378378378,0.04452645126791555,2.316534660137096,33;37;45;47;50;53;58;98;100;102;103;104;105;106;107;108;109;110;111;112;113;114;115;116,33;40;44;82;86;89;90;93;96;97;98;99;101;102;105;106;109;172;174;177;178;179;180;181;182;277;278;279;290;293;294;297;298;301;302,24,37,1.0,0.9459459459459459,5.374097957639492,4.654603714970293,1.7991721355829569,True,True,True,True,True,pass
Nb252_aff_seq109_Y109P,Nb252 reported_seq Y109P,Nb252 IMGT 112A Y>P,Nb252 chain C auth 109 Y>P,109,Y,P,CDR3,False,2,8112102,Nb252_WT_rep02_seed8112102,430.4937093043858,-72.74228738561811,-92.68443307660365,-112.65752697811511,15.632169182264,24,35,0.9166666666666666,0.8108108108108109,0.04327945918606511,2.3078234630632353,33;37;45;47;50;53;58;98;100;102;103;104;105;106;107;108;109;110;111;112;113;114;115;116,33;40;44;82;86;89;90;93;96;97;98;99;101;102;105;106;109;172;174;177;178;179;180;181;269;277;278;289;290;293;294;297;298;301;302,24,37,1.0,0.918918918918919,1.7223038473370593,3.8388413424437147,-0.5534589743403977,True,True,True,True,True,pass
Nb252_aff_seq109_Y109P,Nb252 reported_seq Y109P,Nb252 IMGT 112A Y>P,Nb252 chain C auth 109 Y>P,109,Y,P,CDR3,False,3,8112103,Nb252_WT_rep03_seed8112103,430.5942288034905,-70.61392441678151,-91.86867070407708,-116.92414289795806,17.984800292187355,24,35,0.9166666666666666,0.8378378378378378,0.04452645126791555,2.316534660137096,33;37;45;47;50;53;58;98;100;102;103;104;105;106;107;108;109;110;111;112;113;114;115;116,33;40;44;82;86;89;90;93;96;97;98;99;101;102;105;106;109;172;174;177;178;179;180;181;182;277;278;279;290;293;294;297;298;301;302,24,37,1.0,0.9459459459459459,3.850666816173657,4.654603714970293,1.7991721355829569,True,True,True,True,True,pass
Nb252_aff_seq109_Y109Q,Nb252 reported_seq Y109Q,Nb252 IMGT 112A Y>Q,Nb252 chain C auth 109 Y>Q,109,Y,Q,CDR3,False,1,8112101,Nb252_WT_rep01_seed8112101,428.7869316564457,-64.19432873753982,-90.13930108886967,-117.9250712602274,16.038452477148848,24,37,0.9166666666666666,0.8918918918918919,0.04485323639018037,2.3078896047770465,33;37;45;47;50;53;58;98;100;102;103;104;105;106;107;108;109;110;111;112;113;114;115;116,33;40;44;82;86;89;90;93;96;97;98;99;101;102;105;106;109;110;172;174;177;178;179;180;181;182;269;277;278;279;290;293;294;297;298;301;302,24,37,1.0,1.0,10.381108421839087,6.383973330177696,-0.14717567945555032,True,True,True,True,True,pass
Nb252_aff_seq109_Y109Q,Nb252 reported_seq Y109Q,Nb252 IMGT 112A Y>Q,Nb252 chain C auth 109 Y>Q,109,Y,Q,CDR3,False,2,8112102,Nb252_WT_rep02_seed8112102,428.7869316564457,-64.19432873753982,-90.13930108886967,-117.9250712602274,16.038452477148848,24,37,0.9166666666666666,0.8918918918918919,0.04485323639018037,2.3078896047770465,33;37;45;47;50;53;58;98;100;102;103;104;105;106;107;108;109;110;111;112;113;114;115;116,33;40;44;82;86;89;90;93;96;97;98;99;101;102;105;106;109;110;172;174;177;178;179;180;181;182;269;277;278;279;290;293;294;297;298;301;302,24,37,1.0,1.0,10.270262495415352,6.383973330177696,-0.14717567945555032,True,True,True,True,True,pass
Nb252_aff_seq109_Y109Q,Nb252 reported_seq Y109Q,Nb252 IMGT 112A Y>Q,Nb252 chain C auth 109 Y>Q,109,Y,Q,CDR3,False,3,8112103,Nb252_WT_rep03_seed8112103,428.7869316564457,-64.19432873753982,-90.13930108886967,-117.9250712602274,16.038452477148848,24,37,0.9166666666666666,0.8918918918918919,0.04485323639018037,2.3078896047770465,33;37;45;47;50;53;58;98;100;102;103;104;105;106;107;108;109;110;111;112;113;114;115;116,33;40;44;82;86;89;90;93;96;97;98;99;101;102;105;106;109;110;172;174;177;178;179;180;181;182;269;277;278;279;290;293;294;297;298;301;302,24,37,1.0,1.0,10.270262495415352,6.383973330177696,-0.14717567945555032,True,True,True,True,True,pass
Nb252_aff_seq109_Y109R,Nb252 reported_seq Y109R,Nb252 IMGT 112A Y>R,Nb252 chain C auth 109 Y>R,109,Y,R,CDR3,False,1,8112101,Nb252_WT_rep01_seed8112101,429.8377396038023,-68.33966030264668,-91.77667099071272,-120.58505172128567,16.512986599695132,24,37,0.9166666666666666,0.8918918918918919,0.04303744020284739,2.3039001290610166,33;37;45;47;50;53;58;98;100;102;103;104;105;106;107;108;109;110;111;112;113;114;115;116,33;40;44;82;86;89;90;93;96;97;98;99;101;102;105;106;109;110;172;174;177;178;179;180;181;182;269;277;278;279;290;293;294;297;298;301;302,24,37,1.0,1.0,6.23577685673223,4.746603428334652,0.32735844309073414,True,True,True,True,True,pass
Nb252_aff_seq109_Y109R,Nb252 reported_seq Y109R,Nb252 IMGT 112A Y>R,Nb252 chain C auth 109 Y>R,109,Y,R,CDR3,False,2,8112102,Nb252_WT_rep02_seed8112102,429.8377396038023,-66.47333745306793,-91.77667099071272,-120.58505172128567,16.512986599695132,24,37,0.9166666666666666,0.8918918918918919,0.04303744020284739,2.3039001290610166,33;37;45;47;50;53;58;98;100;102;103;104;105;106;107;108;109;110;111;112;113;114;115;116,33;40;44;82;86;89;90;93;96;97;98;99;101;102;105;106;109;110;172;174;177;178;179;180;181;182;269;277;278;279;290;293;294;297;298;301;302,24,37,1.0,1.0,7.991253779887245,4.746603428334652,0.32735844309073414,True,True,True,True,True,pass
Nb252_aff_seq109_Y109R,Nb252 reported_seq Y109R,Nb252 IMGT 112A Y>R,Nb252 chain C auth 109 Y>R,109,Y,R,CDR3,False,3,8112103,Nb252_WT_rep03_seed8112103,429.01447540082495,-67.31908534431216,-92.18765916110134,-120.64220697286136,16.34876733521507,24,37,0.9166666666666666,0.8918918918918919,0.04385754648392872,2.3160236890295667,33;37;45;47;50;53;58;98;100;102;103;104;105;106;107;108;109;110;111;112;113;114;115;116,33;40;44;82;86;89;90;93;96;97;98;99;101;102;105;106;109;110;172;174;177;178;179;180;181;182;269;277;278;279;290;293;294;297;298;301;302,24,37,1.0,1.0,7.145505888643015,4.335615257946031,0.1631391786106704,True,True,True,True,True,pass
Nb252_aff_seq109_Y109S,Nb252 reported_seq Y109S,Nb252 IMGT 112A Y>S,Nb252 chain C auth 109 Y>S,109,Y,S,CDR3,False,1,8112101,Nb252_WT_rep01_seed8112101,430.23226653697157,-69.03752219513603,-90.54140997384378,-113.26961945030195,15.396928701782711,24,35,0.9166666666666666,0.8378378378378378,0.04428542843614515,2.3193564252201306,33;37;45;47;50;53;58;98;100;102;103;104;105;106;107;108;109;110;111;112;113;114;115;116,33;40;44;82;86;89;90;93;96;97;98;99;101;102;105;106;109;172;174;177;178;179;180;181;182;277;278;279;290;293;294;297;298;301;302,24,37,1.0,0.9459459459459459,5.537914964242873,5.981864445203584,-0.7886994548216872,True,True,True,True,True,pass
Nb252_aff_seq109_Y109S,Nb252 reported_seq Y109S,Nb252 IMGT 112A Y>S,Nb252 chain C auth 109 Y>S,109,Y,S,CDR3,False,2,8112102,Nb252_WT_rep02_seed8112102,426.62343267478786,-68.07293566166368,-90.51083764534263,-113.83750185711672,15.707161273825262,24,35,0.9166666666666666,0.8378378378378378,0.04415599820442579,2.316806995551736,33;37;45;47;50;53;58;98;100;102;103;104;105;106;107;108;109;110;111;112;113;114;115;116,33;40;44;82;86;89;90;93;96;97;98;99;101;102;105;106;109;172;174;177;178;179;180;181;182;277;278;279;290;293;294;297;298;301;302,24,37,1.0,0.9459459459459459,6.391655571291494,6.012436773704735,-0.47846688277913607,True,True,True,True,True,pass
Nb252_aff_seq109_Y109S,Nb252 reported_seq Y109S,Nb252 IMGT 112A Y>S,Nb252 chain C auth 109 Y>S,109,Y,S,CDR3,False,3,8112103,Nb252_WT_rep03_seed8112103,426.62343267478786,-68.07293566166368,-90.51083764534263,-113.83750185711672,15.707161273825262,24,35,0.9166666666666666,0.8378378378378378,0.04415599820442579,2.316806995551736,33;37;45;47;50;53;58;98;100;102;103;104;105;106;107;108;109;110;111;112;113;114;115;116,33;40;44;82;86;89;90;93;96;97;98;99;101;102;105;106;109;172;174;177;178;179;180;181;182;277;278;279;290;293;294;297;298;301;302,24,37,1.0,0.9459459459459459,6.391655571291494,6.012436773704735,-0.47846688277913607,True,True,True,True,True,pass
Nb252_aff_seq109_Y109T,Nb252 reported_seq Y109T,Nb252 IMGT 112A Y>T,Nb252 chain C auth 109 Y>T,109,Y,T,CDR3,False,1,8112101,Nb252_WT_rep01_seed8112101,426.8137609210521,-67.44303995220321,-93.03196113489932,-116.03255703241808,16.415489619661138,24,35,0.9166666666666666,0.8378378378378378,0.043580569308638434,2.316148785108574,33;37;45;47;50;53;58;98;100;102;103;104;105;106;107;108;109;110;111;112;113;114;115;116,33;40;44;82;86;89;90;93;96;97;98;99;101;102;105;106;109;172;174;177;178;179;180;181;182;277;278;279;290;293;294;297;298;301;302,24,37,1.0,0.9459459459459459,7.1323972071757,3.491313284148049,0.22986146305673927,True,True,True,True,True,pass
Nb252_aff_seq109_Y109T,Nb252 reported_seq Y109T,Nb252 IMGT 112A Y>T,Nb252 chain C auth 109 Y>T,109,Y,T,CDR3,False,2,8112102,Nb252_WT_rep02_seed8112102,426.8137609210521,-67.44303995220321,-93.03196113489932,-116.03255703241808,16.415489619661138,24,35,0.9166666666666666,0.8378378378378378,0.043580569308638434,2.316148785108574,33;37;45;47;50;53;58;98;100;102;103;104;105;106;107;108;109;110;111;112;113;114;115;116,33;40;44;82;86;89;90;93;96;97;98;99;101;102;105;106;109;172;174;177;178;179;180;181;182;277;278;279;290;293;294;297;298;301;302,24,37,1.0,0.9459459459459459,7.021551280751964,3.491313284148049,0.22986146305673927,True,True,True,True,True,pass
Nb252_aff_seq109_Y109T,Nb252 reported_seq Y109T,Nb252 IMGT 112A Y>T,Nb252 chain C auth 109 Y>T,109,Y,T,CDR3,False,3,8112103,Nb252_WT_rep03_seed8112103,426.8137609210521,-67.44303995220321,-93.03196113489932,-116.03255703241808,16.415489619661138,24,35,0.9166666666666666,0.8378378378378378,0.043580569308638434,2.316148785108574,33;37;45;47;50;53;58;98;100;102;103;104;105;106;107;108;109;110;111;112;113;114;115;116,33;40;44;82;86;89;90;93;96;97;98;99;101;102;105;106;109;172;174;177;178;179;180;181;182;277;278;279;290;293;294;297;298;301;302,24,37,1.0,0.9459459459459459,7.021551280751964,3.491313284148049,0.22986146305673927,True,True,True,True,True,pass
Nb252_aff_seq109_Y109V,Nb252 reported_seq Y109V,Nb252 IMGT 112A Y>V,Nb252 chain C auth 109 Y>V,109,Y,V,CDR3,False,1,8112101,Nb252_WT_rep01_seed8112101,423.3592424276154,-71.70226156308217,-95.11067681055651,-116.83690274360455,16.373532713760817,24,35,0.9166666666666666,0.8378378378378378,0.044126366887778865,2.3193286908877297,33;37;45;47;50;53;58;98;100;102;103;104;105;106;107;108;109;110;111;112;113;114;115;116,33;40;44;82;86;89;90;93;96;97;98;99;101;102;105;106;109;172;174;177;178;179;180;181;182;277;278;279;290;293;294;297;298;301;302,24,37,1.0,0.9459459459459459,2.8731755962967327,1.4125976084908558,0.1879045571564184,True,True,True,True,True,pass
Nb252_aff_seq109_Y109V,Nb252 reported_seq Y109V,Nb252 IMGT 112A Y>V,Nb252 chain C auth 109 Y>V,109,Y,V,CDR3,False,2,8112102,Nb252_WT_rep02_seed8112102,426.02057175666897,-70.72105274121708,-93.5826098711815,-112.68198082596449,14.45640311136763,24,35,0.9166666666666666,0.8108108108108109,0.04262574013841231,2.314033292195409,33;37;45;47;50;53;58;98;100;102;103;104;105;106;107;108;109;110;111;112;113;114;115;116,33;40;44;82;86;89;90;93;96;97;98;99;101;102;105;106;109;172;174;177;178;179;180;181;269;277;278;289;290;293;294;297;298;301;302,24,37,1.0,0.918918918918919,3.743538491738093,2.9406645478658646,-1.7292250452367686,True,True,True,True,True,pass
Nb252_aff_seq109_Y109V,Nb252 reported_seq Y109V,Nb252 IMGT 112A Y>V,Nb252 chain C auth 109 Y>V,109,Y,V,CDR3,False,3,8112103,Nb252_WT_rep03_seed8112103,426.02057175666897,-70.72105274121708,-93.5826098711815,-112.68198082596449,14.45640311136763,24,35,0.9166666666666666,0.8108108108108109,0.04262574013841231,2.314033292195409,33;37;45;47;50;53;58;98;100;102;103;104;105;106;107;108;109;110;111;112;113;114;115;116,33;40;44;82;86;89;90;93;96;97;98;99;101;102;105;106;109;172;174;177;178;179;180;181;269;277;278;289;290;293;294;297;298;301;302,24,37,1.0,0.918918918918919,3.743538491738093,2.9406645478658646,-1.7292250452367686,True,True,True,True,True,pass
Nb252_aff_seq109_Y109W,Nb252 reported_seq Y109W,Nb252 IMGT 112A Y>W,Nb252 chain C auth 109 Y>W,109,Y,W,CDR3,False,1,8112101,Nb252_WT_rep01_seed8112101,429.1904338058972,-72.78854361238655,-94.38075730740628,-120.57586510468973,15.324659369241934,24,38,0.9166666666666666,0.8918918918918919,0.04448821010450204,2.322425012930626,33;37;45;47;50;53;58;98;100;102;103;104;105;106;107;108;109;110;111;112;113;114;115;116,33;40;44;82;86;89;90;93;96;97;98;99;101;102;105;106;109;110;172;174;177;178;179;180;181;182;269;277;278;279;289;290;293;294;297;298;301;302,24,37,1.0,1.0,1.78689354699236,2.1425171116410837,-0.8609687873624647,True,True,True,True,True,pass
Nb252_aff_seq109_Y109W,Nb252 reported_seq Y109W,Nb252 IMGT 112A Y>W,Nb252 chain C auth 109 Y>W,109,Y,W,CDR3,False,2,8112102,Nb252_WT_rep02_seed8112102,432.3755978990777,-72.30228959210075,-93.75427475372861,-121.16119992667157,15.672495861937458,24,38,0.9166666666666666,0.8918918918918919,0.0425207904647759,2.3166890769285238,33;37;45;47;50;53;58;98;100;102;103;104;105;106;107;108;109;110;111;112;113;114;115;116,33;40;44;82;86;89;90;93;96;97;98;99;101;102;105;106;109;110;172;174;177;178;179;180;181;182;269;277;278;279;289;290;293;294;297;298;301;302,24,37,1.0,1.0,2.162301640854423,2.768999665318759,-0.5131322946669403,True,True,True,True,True,pass
Nb252_aff_seq109_Y109W,Nb252 reported_seq Y109W,Nb252 IMGT 112A Y>W,Nb252 chain C auth 109 Y>W,109,Y,W,CDR3,False,3,8112103,Nb252_WT_rep03_seed8112103,429.1904338058972,-73.05984373258366,-94.38075730740628,-120.57586510468973,15.324659369241934,24,38,0.9166666666666666,0.8918918918918919,0.04448821010450204,2.322425012930626,33;37;45;47;50;53;58;98;100;102;103;104;105;106;107;108;109;110;111;112;113;114;115;116,33;40;44;82;86;89;90;93;96;97;98;99;101;102;105;106;109;110;172;174;177;178;179;180;181;182;269;277;278;279;289;290;293;294;297;298;301;302,24,37,1.0,1.0,1.4047475003715135,2.1425171116410837,-0.8609687873624647,True,True,True,True,True,pass
Nb252_aff_seq110_Y110A,Nb252 reported_seq Y110A,Nb252 IMGT 112 Y>A,Nb252 chain C auth 110 Y>A,110,Y,A,CDR3,False,1,8112101,Nb252_WT_rep01_seed8112101,426.6050228032113,-73.49817494370905,-95.91767264237664,-120.01020454745634,16.117860250126533,24,37,0.9166666666666666,0.8918918918918919,0.044085597934651,2.3138019548835143,33;37;45;47;50;53;58;98;100;102;103;104;105;106;107;108;109;110;111;112;113;114;115;116,33;40;44;82;86;89;90;93;96;97;98;99;101;102;105;106;109;110;172;174;177;178;179;180;181;182;269;277;278;279;290;293;294;297;298;301;302,24,37,1.0,1.0,1.0772622156698617,0.6056017766707242,-0.06776790647786513,True,True,True,True,True,pass
Nb252_aff_seq110_Y110A,Nb252 reported_seq Y110A,Nb252 IMGT 112 Y>A,Nb252 chain C auth 110 Y>A,110,Y,A,CDR3,False,2,8112102,Nb252_WT_rep02_seed8112102,426.6050228032113,-73.49817494370905,-95.91767264237664,-120.01020454745634,16.117860250126533,24,37,0.9166666666666666,0.8918918918918919,0.044085597934651,2.3138019548835143,33;37;45;47;50;53;58;98;100;102;103;104;105;106;107;108;109;110;111;112;113;114;115;116,33;40;44;82;86;89;90;93;96;97;98;99;101;102;105;106;109;110;172;174;177;178;179;180;181;182;269;277;278;279;290;293;294;297;298;301;302,24,37,1.0,1.0,0.9664162892461263,0.6056017766707242,-0.06776790647786513,True,True,True,True,True,pass
Nb252_aff_seq110_Y110A,Nb252 reported_seq Y110A,Nb252 IMGT 112 Y>A,Nb252 chain C auth 110 Y>A,110,Y,A,CDR3,False,3,8112103,Nb252_WT_rep03_seed8112103,426.6050228032113,-74.3971548704937,-95.91767264237664,-120.01020454745634,16.117860250126533,24,37,0.9166666666666666,0.8918918918918919,0.044085597934651,2.3138019548835143,33;37;45;47;50;53;58;98;100;102;103;104;105;106;107;108;109;110;111;112;113;114;115;116,33;40;44;82;86;89;90;93;96;97;98;99;101;102;105;106;109;110;172;174;177;178;179;180;181;182;269;277;278;279;290;293;294;297;298;301;302,24,37,1.0,1.0,0.06743636246147844,0.6056017766707242,-0.06776790647786513,True,True,True,True,True,pass
Nb252_aff_seq110_Y110C,Nb252 reported_seq Y110C,Nb252 IMGT 112 Y>C,Nb252 chain C auth 110 Y>C,110,Y,C,CDR3,False,1,8112101,Nb252_WT_rep01_seed8112101,428.9548355722977,-73.7922564093318,-96.25238071733071,-120.71677168710343,16.30693471973674,24,37,0.9166666666666666,0.8918918918918919,0.04366976781287995,2.31717105534111,33;37;45;47;50;53;58;98;100;102;103;104;105;106;107;108;109;110;111;112;113;114;115;116,33;40;44;82;86;89;90;93;96;97;98;99;101;102;105;106;109;110;172;174;177;178;179;180;181;182;269;277;278;279;290;293;294;297;298;301;302,24,37,1.0,1.0,0.7831807500471086,0.27089370171665905,0.12130656313234311,True,True,True,True,True,pass
Nb252_aff_seq110_Y110C,Nb252 reported_seq Y110C,Nb252 IMGT 112 Y>C,Nb252 chain C auth 110 Y>C,110,Y,C,CDR3,False,2,8112102,Nb252_WT_rep02_seed8112102,428.9548355722977,-73.7922564093318,-96.25238071733071,-120.71677168710343,16.30693471973674,24,37,0.9166666666666666,0.8918918918918919,0.04366976781287995,2.31717105534111,33;37;45;47;50;53;58;98;100;102;103;104;105;106;107;108;109;110;111;112;113;114;115;116,33;40;44;82;86;89;90;93;96;97;98;99;101;102;105;106;109;110;172;174;177;178;179;180;181;182;269;277;278;279;290;293;294;297;298;301;302,24,37,1.0,1.0,0.6723348236233733,0.27089370171665905,0.12130656313234311,True,True,True,True,True,pass
Nb252_aff_seq110_Y110C,Nb252 reported_seq Y110C,Nb252 IMGT 112 Y>C,Nb252 chain C auth 110 Y>C,110,Y,C,CDR3,False,3,8112103,Nb252_WT_rep03_seed8112103,428.9548355722977,-74.82101831909938,-96.25238071733071,-120.71677168710343,16.30693471973674,24,37,0.9166666666666666,0.8918918918918919,0.04366976781287995,2.31717105534111,33;37;45;47;50;53;58;98;100;102;103;104;105;106;107;108;109;110;111;112;113;114;115;116,33;40;44;82;86;89;90;93;96;97;98;99;101;102;105;106;109;110;172;174;177;178;179;180;181;182;269;277;278;279;290;293;294;297;298;301;302,24,37,1.0,1.0,-0.35642708614420826,0.27089370171665905,0.12130656313234311,True,True,True,True,True,pass
Nb252_aff_seq110_Y110D,Nb252 reported_seq Y110D,Nb252 IMGT 112 Y>D,Nb252 chain C auth 110 Y>D,110,Y,D,CDR3,False,1,8112101,Nb252_WT_rep01_seed8112101,426.2978488524983,-71.89479997101643,-95.07097533419007,-120.53423458698124,15.978836087832718,24,37,0.9166666666666666,0.8918918918918919,0.04434430562514763,2.3148842556890044,33;37;45;47;50;53;58;98;100;102;103;104;105;106;107;108;109;110;111;112;113;114;115;116,33;40;44;82;86;89;90;93;96;97;98;99;101;102;105;106;109;110;172;174;177;178;179;180;181;182;269;277;278;279;290;293;294;297;298;301;302,24,37,1.0,1.0,2.680637188362482,1.4522990848573016,-0.20679206877168,True,True,True,True,True,pass
Nb252_aff_seq110_Y110D,Nb252 reported_seq Y110D,Nb252 IMGT 112 Y>D,Nb252 chain C auth 110 Y>D,110,Y,D,CDR3,False,2,8112102,Nb252_WT_rep02_seed8112102,426.2978488524983,-72.71394923891648,-95.07097533419007,-120.53423458698124,15.978836087832718,24,37,0.9166666666666666,0.8918918918918919,0.04434430562514763,2.3148842556890044,33;37;45;47;50;53;58;98;100;102;103;104;105;106;107;108;109;110;111;112;113;114;115;116,33;40;44;82;86;89;90;93;96;97;98;99;101;102;105;106;109;110;172;174;177;178;179;180;181;182;269;277;278;279;290;293;294;297;298;301;302,24,37,1.0,1.0,1.7506419940386877,1.4522990848573016,-0.20679206877168,True,True,True,True,True,pass
Nb252_aff_seq110_Y110D,Nb252 reported_seq Y110D,Nb252 IMGT 112 Y>D,Nb252 chain C auth 110 Y>D,110,Y,D,CDR3,False,3,8112103,Nb252_WT_rep03_seed8112103,426.2978488524983,-72.71394923891648,-95.07097533419007,-120.53423458698124,15.978836087832718,24,37,0.9166666666666666,0.8918918918918919,0.04434430562514763,2.3148842556890044,33;37;45;47;50;53;58;98;100;102;103;104;105;106;107;108;109;110;111;112;113;114;115;116,33;40;44;82;86;89;90;93;96;97;98;99;101;102;105;106;109;110;172;174;177;178;179;180;181;182;269;277;278;279;290;293;294;297;298;301;302,24,37,1.0,1.0,1.7506419940386877,1.4522990848573016,-0.20679206877168,True,True,True,True,True,pass
Nb252_aff_seq110_Y110E,Nb252 reported_seq Y110E,Nb252 IMGT 112 Y>E,Nb252 chain C auth 110 Y>E,110,Y,E,CDR3,False,1,8112101,Nb252_WT_rep01_seed8112101,424.575252409631,-73.66563039514745,-95.72104761944293,-121.38674650637576,16.23786435006097,24,37,0.9166666666666666,0.8918918918918919,0.04396571956503347,2.317692460308479,33;37;45;47;50;53;58;98;100;102;103;104;105;106;107;108;109;110;111;112;113;114;115;116,33;40;44;82;86;89;90;93;96;97;98;99;101;102;105;106;109;110;172;174;177;178;179;180;181;182;269;277;278;279;290;293;294;297;298;301;302,24,37,1.0,1.0,0.9098067642314618,0.8022267996044405,0.052236193456572266,True,True,True,True,True,pass
Nb252_aff_seq110_Y110E,Nb252 reported_seq Y110E,Nb252 IMGT 112 Y>E,Nb252 chain C auth 110 Y>E,110,Y,E,CDR3,False,2,8112102,Nb252_WT_rep02_seed8112102,424.575252409631,-72.78284257115752,-95.72104761944293,-121.38674650637576,16.23786435006097,24,37,0.9166666666666666,0.8918918918918919,0.04396571956503347,2.317692460308479,33;37;45;47;50;53;58;98;100;102;103;104;105;106;107;108;109;110;111;112;113;114;115;116,33;40;44;82;86;89;90;93;96;97;98;99;101;102;105;106;109;110;172;174;177;178;179;180;181;182;269;277;278;279;290;293;294;297;298;301;302,24,37,1.0,1.0,1.6817486617976556,0.8022267996044405,0.052236193456572266,True,True,True,True,True,pass
Nb252_aff_seq110_Y110E,Nb252 reported_seq Y110E,Nb252 IMGT 112 Y>E,Nb252 chain C auth 110 Y>E,110,Y,E,CDR3,False,3,8112103,Nb252_WT_rep03_seed8112103,424.575252409631,-72.78284257115752,-95.72104761944293,-121.38674650637576,16.23786435006097,24,37,0.9166666666666666,0.8918918918918919,0.04396571956503347,2.317692460308479,33;37;45;47;50;53;58;98;100;102;103;104;105;106;107;108;109;110;111;112;113;114;115;116,33;40;44;82;86;89;90;93;96;97;98;99;101;102;105;106;109;110;172;174;177;178;179;180;181;182;269;277;278;279;290;293;294;297;298;301;302,24,37,1.0,1.0,1.6817486617976556,0.8022267996044405,0.052236193456572266,True,True,True,True,True,pass
Nb252_aff_seq110_Y110F,Nb252 reported_seq Y110F,Nb252 IMGT 112 Y>F,Nb252 chain C auth 110 Y>F,110,Y,F,CDR3,False,1,8112101,Nb252_WT_rep01_seed8112101,427.6050905977222,-74.2060650246354,-96.2121045416386,-120.56663659090884,16.464048077201543,24,37,0.9166666666666666,0.8918918918918919,0.0443516384320544,2.3063965505377233,33;37;45;47;50;53;58;98;100;102;103;104;105;106;107;108;109;110;111;112;113;114;115;116,33;40;44;82;86;89;90;93;96;97;98;99;101;102;105;106;109;110;172;174;177;178;179;180;181;182;269;277;278;279;290;293;294;297;298;301;302,24,37,1.0,1.0,0.3693721347435144,0.3111698774087728,0.2784199205971447,True,True,True,True,True,pass
Nb252_aff_seq110_Y110F,Nb252 reported_seq Y110F,Nb252 IMGT 112 Y>F,Nb252 chain C auth 110 Y>F,110,Y,F,CDR3,False,2,8112102,Nb252_WT_rep02_seed8112102,423.1550398555263,-75.49288366787897,-96.50797364929846,-121.09862948913127,16.54614296908342,24,37,0.9166666666666666,0.8918918918918919,0.04390547028991292,2.323020230773957,33;37;45;47;50;53;58;98;100;102;103;104;105;106;107;108;109;110;111;112;113;114;115;116,33;40;44;82;86;89;90;93;96;97;98;99;101;102;105;106;109;110;172;174;177;178;179;180;181;182;269;277;278;279;290;293;294;297;298;301;302,24,37,1.0,1.0,-1.0282924349237987,0.015300769748904486,0.3605148124790212,True,True,True,True,True,pass
Nb252_aff_seq110_Y110F,Nb252 reported_seq Y110F,Nb252 IMGT 112 Y>F,Nb252 chain C auth 110 Y>F,110,Y,F,CDR3,False,3,8112103,Nb252_WT_rep03_seed8112103,423.1550398555263,-74.37150908078905,-96.50797364929846,-121.09862948913127,16.54614296908342,24,37,0.9166666666666666,0.8918918918918919,0.04390547028991292,2.323020230773957,33;37;45;47;50;53;58;98;100;102;103;104;105;106;107;108;109;110;111;112;113;114;115;116,33;40;44;82;86;89;90;93;96;97;98;99;101;102;105;106;109;110;172;174;177;178;179;180;181;182;269;277;278;279;290;293;294;297;298;301;302,24,37,1.0,1.0,0.0930821521661187,0.015300769748904486,0.3605148124790212,True,True,True,True,True,pass
Nb252_aff_seq110_Y110G,Nb252 reported_seq Y110G,Nb252 IMGT 112 Y>G,Nb252 chain C auth 110 Y>G,110,Y,G,CDR3,False,1,8112101,Nb252_WT_rep01_seed8112101,429.4576229289491,-73.23101796131976,-95.28884289427083,-119.09533132033928,15.842558027010725,24,37,0.9166666666666666,0.8918918918918919,0.0443524205362257,2.316957316919519,33;37;45;47;50;53;58;98;100;102;103;104;105;106;107;108;109;110;111;112;113;114;115;116,33;40;44;82;86;89;90;93;96;97;98;99;101;102;105;106;109;110;172;174;177;178;179;180;181;182;269;277;278;279;290;293;294;297;298;301;302,24,37,1.0,1.0,1.3444191980591427,1.2344315247765394,-0.34307012959367356,True,True,True,True,True,pass
Nb252_aff_seq110_Y110G,Nb252 reported_seq Y110G,Nb252 IMGT 112 Y>G,Nb252 chain C auth 110 Y>G,110,Y,G,CDR3,False,2,8112102,Nb252_WT_rep02_seed8112102,429.4576229289491,-73.23101796131976,-95.28884289427083,-119.09533132033928,15.842558027010725,24,37,0.9166666666666666,0.8918918918918919,0.0443524205362257,2.316957316919519,33;37;45;47;50;53;58;98;100;102;103;104;105;106;107;108;109;110;111;112;113;114;115;116,33;40;44;82;86;89;90;93;96;97;98;99;101;102;105;106;109;110;172;174;177;178;179;180;181;182;269;277;278;279;290;293;294;297;298;301;302,24,37,1.0,1.0,1.2335732716354073,1.2344315247765394,-0.34307012959367356,True,True,True,True,True,pass
Nb252_aff_seq110_Y110G,Nb252 reported_seq Y110G,Nb252 IMGT 112 Y>G,Nb252 chain C auth 110 Y>G,110,Y,G,CDR3,False,3,8112103,Nb252_WT_rep03_seed8112103,429.4576229289491,-73.86837824216025,-95.28884289427083,-119.09533132033928,15.842558027010725,24,37,0.9166666666666666,0.8918918918918919,0.0443524205362257,2.316957316919519,33;37;45;47;50;53;58;98;100;102;103;104;105;106;107;108;109;110;111;112;113;114;115;116,33;40;44;82;86;89;90;93;96;97;98;99;101;102;105;106;109;110;172;174;177;178;179;180;181;182;269;277;278;279;290;293;294;297;298;301;302,24,37,1.0,1.0,0.5962129907949247,1.2344315247765394,-0.34307012959367356,True,True,True,True,True,pass
Nb252_aff_seq110_Y110H,Nb252 reported_seq Y110H,Nb252 IMGT 112 Y>H,Nb252 chain C auth 110 Y>H,110,Y,H,CDR3,False,1,8112101,Nb252_WT_rep01_seed8112101,425.63422799530326,-73.96368137412162,-96.45027846792986,-121.30555855807319,16.232463248800915,24,37,0.9166666666666666,0.8918918918918919,0.04434030370022803,2.313785168904125,33;37;45;47;50;53;58;98;100;102;103;104;105;106;107;108;109;110;111;112;113;114;115;116,33;40;44;82;86;89;90;93;96;97;98;99;101;102;105;106;109;110;172;174;177;178;179;180;181;182;269;277;278;279;290;293;294;297;298;301;302,24,37,1.0,1.0,0.6117557852572872,0.07299595111750534,0.046835092196516825,True,True,True,True,True,pass
Nb252_aff_seq110_Y110H,Nb252 reported_seq Y110H,Nb252 IMGT 112 Y>H,Nb252 chain C auth 110 Y>H,110,Y,H,CDR3,False,2,8112102,Nb252_WT_rep02_seed8112102,425.63422799530326,-73.67173329448485,-96.45027846792986,-121.30555855807319,16.232463248800915,24,37,0.9166666666666666,0.8918918918918919,0.04434030370022803,2.313785168904125,33;37;45;47;50;53;58;98;100;102;103;104;105;106;107;108;109;110;111;112;113;114;115;116,33;40;44;82;86;89;90;93;96;97;98;99;101;102;105;106;109;110;172;174;177;178;179;180;181;182;269;277;278;279;290;293;294;297;298;301;302,24,37,1.0,1.0,0.7928579384703198,0.07299595111750534,0.046835092196516825,True,True,True,True,True,pass
Nb252_aff_seq110_Y110H,Nb252 reported_seq Y110H,Nb252 IMGT 112 Y>H,Nb252 chain C auth 110 Y>H,110,Y,H,CDR3,False,3,8112103,Nb252_WT_rep03_seed8112103,425.63422799530326,-72.88998494054283,-96.45027846792986,-121.30555855807319,16.232463248800915,24,37,0.9166666666666666,0.8918918918918919,0.04434030370022803,2.313785168904125,33;37;45;47;50;53;58;98;100;102;103;104;105;106;107;108;109;110;111;112;113;114;115;116,33;40;44;82;86;89;90;93;96;97;98;99;101;102;105;106;109;110;172;174;177;178;179;180;181;182;269;277;278;279;290;293;294;297;298;301;302,24,37,1.0,1.0,1.5746062924123407,0.07299595111750534,0.046835092196516825,True,True,True,True,True,pass
Nb252_aff_seq110_Y110I,Nb252 reported_seq Y110I,Nb252 IMGT 112 Y>I,Nb252 chain C auth 110 Y>I,110,Y,I,CDR3,False,1,8112101,Nb252_WT_rep01_seed8112101,423.3561472899581,-74.76193158278937,-95.95663919215053,-121.17006061262138,16.580114905394016,24,37,0.9166666666666666,0.8918918918918919,0.04426080963021441,2.311703979517542,33;37;45;47;50;53;58;98;100;102;103;104;105;106;107;108;109;110;111;112;113;114;115;116,33;40;44;82;86;89;90;93;96;97;98;99;101;102;105;106;109;110;172;174;177;178;179;180;181;182;269;277;278;279;290;293;294;297;298;301;302,24,37,1.0,1.0,-0.18649442341046552,0.5666352268968353,0.39448674878961754,True,True,True,True,True,pass
Nb252_aff_seq110_Y110I,Nb252 reported_seq Y110I,Nb252 IMGT 112 Y>I,Nb252 chain C auth 110 Y>I,110,Y,I,CDR3,False,2,8112102,Nb252_WT_rep02_seed8112102,423.3561472899581,-73.99403101100614,-95.95663919215053,-121.17006061262138,16.580114905394016,24,37,0.9166666666666666,0.8918918918918919,0.04426080963021441,2.311703979517542,33;37;45;47;50;53;58;98;100;102;103;104;105;106;107;108;109;110;111;112;113;114;115;116,33;40;44;82;86;89;90;93;96;97;98;99;101;102;105;106;109;110;172;174;177;178;179;180;181;182;269;277;278;279;290;293;294;297;298;301;302,24,37,1.0,1.0,0.4705602219490288,0.5666352268968353,0.39448674878961754,True,True,True,True,True,pass
Nb252_aff_seq110_Y110I,Nb252 reported_seq Y110I,Nb252 IMGT 112 Y>I,Nb252 chain C auth 110 Y>I,110,Y,I,CDR3,False,3,8112103,Nb252_WT_rep03_seed8112103,423.3561472899581,-74.76193158278937,-95.95663919215053,-121.17006061262138,16.580114905394016,24,37,0.9166666666666666,0.8918918918918919,0.04426080963021441,2.311703979517542,33;37;45;47;50;53;58;98;100;102;103;104;105;106;107;108;109;110;111;112;113;114;115;116,33;40;44;82;86;89;90;93;96;97;98;99;101;102;105;106;109;110;172;174;177;178;179;180;181;182;269;277;278;279;290;293;294;297;298;301;302,24,37,1.0,1.0,-0.2973403498342009,0.5666352268968353,0.39448674878961754,True,True,True,True,True,pass
Nb252_aff_seq110_Y110K,Nb252 reported_seq Y110K,Nb252 IMGT 112 Y>K,Nb252 chain C auth 110 Y>K,110,Y,K,CDR3,False,1,8112101,Nb252_WT_rep01_seed8112101,424.83258016423605,-75.8198036971038,-95.70689664685982,-120.63516523487266,16.230647870851023,24,37,0.9166666666666666,0.8918918918918919,0.04396047039382324,2.311078378990978,33;37;45;47;50;53;58;98;100;102;103;104;105;106;107;108;109;110;111;112;113;114;115;116,33;40;44;82;86;89;90;93;96;97;98;99;101;102;105;106;109;110;172;174;177;178;179;180;181;182;269;277;278;279;290;293;294;297;298;301;302,24,37,1.0,1.0,-1.2443665377248863,0.8163777721875505,0.04501971424662443,True,True,True,True,True,pass
Nb252_aff_seq110_Y110K,Nb252 reported_seq Y110K,Nb252 IMGT 112 Y>K,Nb252 chain C auth 110 Y>K,110,Y,K,CDR3,False,2,8112102,Nb252_WT_rep02_seed8112102,424.83258016423605,-74.30702904162757,-95.70689664685982,-120.63516523487266,16.230647870851023,24,37,0.9166666666666666,0.8918918918918919,0.04396047039382324,2.311078378990978,33;37;45;47;50;53;58;98;100;102;103;104;105;106;107;108;109;110;111;112;113;114;115;116,33;40;44;82;86;89;90;93;96;97;98;99;101;102;105;106;109;110;172;174;177;178;179;180;181;182;269;277;278;279;290;293;294;297;298;301;302,24,37,1.0,1.0,0.15756219132759952,0.8163777721875505,0.04501971424662443,True,True,True,True,True,pass
Nb252_aff_seq110_Y110K,Nb252 reported_seq Y110K,Nb252 IMGT 112 Y>K,Nb252 chain C auth 110 Y>K,110,Y,K,CDR3,False,3,8112103,Nb252_WT_rep03_seed8112103,424.83258016423605,-73.4691911707971,-95.70689664685982,-120.63516523487266,16.230647870851023,24,37,0.9166666666666666,0.8918918918918919,0.04396047039382324,2.311078378990978,33;37;45;47;50;53;58;98;100;102;103;104;105;106;107;108;109;110;111;112;113;114;115;116,33;40;44;82;86;89;90;93;96;97;98;99;101;102;105;106;109;110;172;174;177;178;179;180;181;182;269;277;278;279;290;293;294;297;298;301;302,24,37,1.0,1.0,0.995400062158069,0.8163777721875505,0.04501971424662443,True,True,True,True,True,pass
Nb252_aff_seq110_Y110L,Nb252 reported_seq Y110L,Nb252 IMGT 112 Y>L,Nb252 chain C auth 110 Y>L,110,Y,L,CDR3,False,1,8112101,Nb252_WT_rep01_seed8112101,423.32892857871536,-73.79724416242442,-97.15519266686577,-121.14856619670317,16.42111268041416,24,37,0.9166666666666666,0.8918918918918919,0.0446588190026713,2.312116224810655,33;37;45;47;50;53;58;98;100;102;103;104;105;106;107;108;109;110;111;112;113;114;115;116,33;40;44;82;86;89;90;93;96;97;98;99;101;102;105;106;109;110;172;174;177;178;179;180;181;182;269;277;278;279;290;293;294;297;298;301;302,24,37,1.0,1.0,0.7781929969544876,-0.6319182478184047,0.23548452380976315,True,True,True,True,True,pass
Nb252_aff_seq110_Y110L,Nb252 reported_seq Y110L,Nb252 IMGT 112 Y>L,Nb252 chain C auth 110 Y>L,110,Y,L,CDR3,False,2,8112102,Nb252_WT_rep02_seed8112102,423.32892857871536,-73.79724416242442,-97.15519266686577,-121.14856619670317,16.42111268041416,24,37,0.9166666666666666,0.8918918918918919,0.0446588190026713,2.312116224810655,33;37;45;47;50;53;58;98;100;102;103;104;105;106;107;108;109;110;111;112;113;114;115;116,33;40;44;82;86;89;90;93;96;97;98;99;101;102;105;106;109;110;172;174;177;178;179;180;181;182;269;277;278;279;290;293;294;297;298;301;302,24,37,1.0,1.0,0.6673470705307523,-0.6319182478184047,0.23548452380976315,True,True,True,True,True,pass
Nb252_aff_seq110_Y110L,Nb252 reported_seq Y110L,Nb252 IMGT 112 Y>L,Nb252 chain C auth 110 Y>L,110,Y,L,CDR3,False,3,8112103,Nb252_WT_rep03_seed8112103,423.32892857871536,-73.79724416242442,-97.15519266686577,-121.14856619670317,16.42111268041416,24,37,0.9166666666666666,0.8918918918918919,0.0446588190026713,2.312116224810655,33;37;45;47;50;53;58;98;100;102;103;104;105;106;107;108;109;110;111;112;113;114;115;116,33;40;44;82;86;89;90;93;96;97;98;99;101;102;105;106;109;110;172;174;177;178;179;180;181;182;269;277;278;279;290;293;294;297;298;301;302,24,37,1.0,1.0,0.6673470705307523,-0.6319182478184047,0.23548452380976315,True,True,True,True,True,pass
Nb252_aff_seq110_Y110M,Nb252 reported_seq Y110M,Nb252 IMGT 112 Y>M,Nb252 chain C auth 110 Y>M,110,Y,M,CDR3,False,1,8112101,Nb252_WT_rep01_seed8112101,424.4386360849518,-73.91660842688475,-96.31868794943979,-120.9805613206136,16.19911958274878,24,37,0.9166666666666666,0.8918918918918919,0.0445634990033511,2.315808618800165,33;37;45;47;50;53;58;98;100;102;103;104;105;106;107;108;109;110;111;112;113;114;115;116,33;40;44;82;86;89;90;93;96;97;98;99;101;102;105;106;109;110;172;174;177;178;179;180;181;182;269;277;278;279;290;293;294;297;298;301;302,24,37,1.0,1.0,0.6588287324941575,0.20458646960757676,0.01349142614438037,True,True,True,True,True,pass
Nb252_aff_seq110_Y110M,Nb252 reported_seq Y110M,Nb252 IMGT 112 Y>M,Nb252 chain C auth 110 Y>M,110,Y,M,CDR3,False,2,8112102,Nb252_WT_rep02_seed8112102,424.4386360849518,-155.59911060963418,-96.31868794943979,-120.9805613206136,16.19911958274878,24,37,0.9166666666666666,0.8918918918918919,0.0445634990033511,2.315808618800165,33;37;45;47;50;53;58;98;100;102;103;104;105;106;107;108;109;110;111;112;113;114;115;116,33;40;44;82;86;89;90;93;96;97;98;99;101;102;105;106;109;110;172;174;177;178;179;180;181;182;269;277;278;279;290;293;294;297;298;301;302,24,37,1.0,1.0,-81.13451937667901,0.20458646960757676,0.01349142614438037,True,True,True,True,True,pass
Nb252_aff_seq110_Y110M,Nb252 reported_seq Y110M,Nb252 IMGT 112 Y>M,Nb252 chain C auth 110 Y>M,110,Y,M,CDR3,False,3,8112103,Nb252_WT_rep03_seed8112103,424.4386360849518,-73.91660842688475,-96.31868794943979,-120.9805613206136,16.19911958274878,24,37,0.9166666666666666,0.8918918918918919,0.0445634990033511,2.315808618800165,33;37;45;47;50;53;58;98;100;102;103;104;105;106;107;108;109;110;111;112;113;114;115;116,33;40;44;82;86;89;90;93;96;97;98;99;101;102;105;106;109;110;172;174;177;178;179;180;181;182;269;277;278;279;290;293;294;297;298;301;302,24,37,1.0,1.0,0.5479828060704222,0.20458646960757676,0.01349142614438037,True,True,True,True,True,pass
Nb252_aff_seq110_Y110N,Nb252 reported_seq Y110N,Nb252 IMGT 112 Y>N,Nb252 chain C auth 110 Y>N,110,Y,N,CDR3,False,1,8112101,Nb252_WT_rep01_seed8112101,427.71262327022794,-72.4261019694236,-95.78530832513557,-120.92513463690592,16.322983661534085,24,37,0.9166666666666666,0.8918918918918919,0.044280396089426896,2.31339233459363,33;37;45;47;50;53;58;98;100;102;103;104;105;106;107;108;109;110;111;112;113;114;115;116,33;40;44;82;86;89;90;93;96;97;98;99;101;102;105;106;109;110;172;174;177;178;179;180;181;182;269;277;278;279;290;293;294;297;298;301;302,24,37,1.0,1.0,2.149335189955309,0.737966093911794,0.13735550492968684,True,True,True,True,True,pass
Nb252_aff_seq110_Y110N,Nb252 reported_seq Y110N,Nb252 IMGT 112 Y>N,Nb252 chain C auth 110 Y>N,110,Y,N,CDR3,False,2,8112102,Nb252_WT_rep02_seed8112102,427.71262327022794,-71.6527035619772,-95.78530832513557,-120.92513463690592,16.322983661534085,24,37,0.9166666666666666,0.8918918918918919,0.044280396089426896,2.31339233459363,33;37;45;47;50;53;58;98;100;102;103;104;105;106;107;108;109;110;111;112;113;114;115;116,33;40;44;82;86;89;90;93;96;97;98;99;101;102;105;106;109;110;172;174;177;178;179;180;181;182;269;277;278;279;290;293;294;297;298;301;302,24,37,1.0,1.0,2.811887670977967,0.737966093911794,0.13735550492968684,True,True,True,True,True,pass
Nb252_aff_seq110_Y110N,Nb252 reported_seq Y110N,Nb252 IMGT 112 Y>N,Nb252 chain C auth 110 Y>N,110,Y,N,CDR3,False,3,8112103,Nb252_WT_rep03_seed8112103,427.71262327022794,-72.4261019694236,-95.78530832513557,-120.92513463690592,16.322983661534085,24,37,0.9166666666666666,0.8918918918918919,0.044280396089426896,2.31339233459363,33;37;45;47;50;53;58;98;100;102;103;104;105;106;107;108;109;110;111;112;113;114;115;116,33;40;44;82;86;89;90;93;96;97;98;99;101;102;105;106;109;110;172;174;177;178;179;180;181;182;269;277;278;279;290;293;294;297;298;301;302,24,37,1.0,1.0,2.0384892635315737,0.737966093911794,0.13735550492968684,True,True,True,True,True,pass
Nb252_aff_seq110_Y110P,Nb252 reported_seq Y110P,Nb252 IMGT 112 Y>P,Nb252 chain C auth 110 Y>P,110,Y,P,CDR3,False,1,8112101,Nb252_WT_rep01_seed8112101,432.8238571513541,-70.34580929244089,-92.16968343379934,-117.95541356977515,15.71296836771857,24,37,0.9166666666666666,0.8918918918918919,0.04548133448643249,2.308660114446742,33;37;45;47;50;53;58;98;100;102;103;104;105;106;107;108;109;110;111;112;113;114;115;116,33;40;44;82;86;89;90;93;96;97;98;99;101;102;105;106;109;110;172;174;177;178;179;180;181;182;269;277;278;279;290;293;294;297;298;301;302,24,37,1.0,1.0,4.229627866938017,4.353590985248033,-0.47265978888582794,True,True,True,True,True,pass
Nb252_aff_seq110_Y110P,Nb252 reported_seq Y110P,Nb252 IMGT 112 Y>P,Nb252 chain C auth 110 Y>P,110,Y,P,CDR3,False,2,8112102,Nb252_WT_rep02_seed8112102,432.8238571513541,-70.06698984363857,-92.16968343379934,-117.95541356977515,15.71296836771857,24,37,0.9166666666666666,0.8918918918918919,0.04548133448643249,2.308660114446742,33;37;45;47;50;53;58;98;100;102;103;104;105;106;107;108;109;110;111;112;113;114;115;116,33;40;44;82;86;89;90;93;96;97;98;99;101;102;105;106;109;110;172;174;177;178;179;180;181;182;269;277;278;279;290;293;294;297;298;301;302,24,37,1.0,1.0,4.3976013893166055,4.353590985248033,-0.47265978888582794,True,True,True,True,True,pass
Nb252_aff_seq110_Y110P,Nb252 reported_seq Y110P,Nb252 IMGT 112 Y>P,Nb252 chain C auth 110 Y>P,110,Y,P,CDR3,False,3,8112103,Nb252_WT_rep03_seed8112103,432.8238571513541,-70.06698984363857,-92.16968343379934,-117.95541356977515,15.71296836771857,24,37,0.9166666666666666,0.8918918918918919,0.04548133448643249,2.308660114446742,33;37;45;47;50;53;58;98;100;102;103;104;105;106;107;108;109;110;111;112;113;114;115;116,33;40;44;82;86;89;90;93;96;97;98;99;101;102;105;106;109;110;172;174;177;178;179;180;181;182;269;277;278;279;290;293;294;297;298;301;302,24,37,1.0,1.0,4.3976013893166055,4.353590985248033,-0.47265978888582794,True,True,True,True,True,pass
Nb252_aff_seq110_Y110Q,Nb252 reported_seq Y110Q,Nb252 IMGT 112 Y>Q,Nb252 chain C auth 110 Y>Q,110,Y,Q,CDR3,False,1,8112101,Nb252_WT_rep01_seed8112101,423.1481073965955,-73.47193665841121,-96.12079798733838,-121.05327224849707,16.044801351383587,24,37,0.9166666666666666,0.8918918918918919,0.04443147353444462,2.3103541188551935,33;37;45;47;50;53;58;98;100;102;103;104;105;106;107;108;109;110;111;112;113;114;115;116,33;40;44;82;86;89;90;93;96;97;98;99;101;102;105;106;109;110;172;174;177;178;179;180;181;182;269;277;278;279;290;293;294;297;298;301;302,24,37,1.0,1.0,1.103500500967698,0.4024764317089904,-0.14082680522081148,True,True,True,True,True,pass
Nb252_aff_seq110_Y110Q,Nb252 reported_seq Y110Q,Nb252 IMGT 112 Y>Q,Nb252 chain C auth 110 Y>Q,110,Y,Q,CDR3,False,2,8112102,Nb252_WT_rep02_seed8112102,423.1481073965955,-74.34844172087026,-96.12079798733838,-121.05327224849707,16.044801351383587,24,37,0.9166666666666666,0.8918918918918919,0.04443147353444462,2.3103541188551935,33;37;45;47;50;53;58;98;100;102;103;104;105;106;107;108;109;110;111;112;113;114;115;116,33;40;44;82;86;89;90;93;96;97;98;99;101;102;105;106;109;110;172;174;177;178;179;180;181;182;269;277;278;279;290;293;294;297;298;301;302,24,37,1.0,1.0,0.11614951208491675,0.4024764317089904,-0.14082680522081148,True,True,True,True,True,pass
Nb252_aff_seq110_Y110Q,Nb252 reported_seq Y110Q,Nb252 IMGT 112 Y>Q,Nb252 chain C auth 110 Y>Q,110,Y,Q,CDR3,False,3,8112103,Nb252_WT_rep03_seed8112103,423.1481073965955,-75.78608265991375,-96.12079798733838,-121.05327224849707,16.044801351383587,24,37,0.9166666666666666,0.8918918918918919,0.04443147353444462,2.3103541188551935,33;37;45;47;50;53;58;98;100;102;103;104;105;106;107;108;109;110;111;112;113;114;115;116,33;40;44;82;86;89;90;93;96;97;98;99;101;102;105;106;109;110;172;174;177;178;179;180;181;182;269;277;278;279;290;293;294;297;298;301;302,24,37,1.0,1.0,-1.3214914269585734,0.4024764317089904,-0.14082680522081148,True,True,True,True,True,pass
Nb252_aff_seq110_Y110R,Nb252 reported_seq Y110R,Nb252 IMGT 112 Y>R,Nb252 chain C auth 110 Y>R,110,Y,R,CDR3,False,1,8112101,Nb252_WT_rep01_seed8112101,425.1663074628678,-74.31322346569124,-95.80004581099622,-120.69187786207735,16.16518693070957,24,37,0.9166666666666666,0.8918918918918919,0.04392879466585044,2.3134716518709153,33;37;45;47;50;53;58;98;100;102;103;104;105;106;107;108;109;110;111;112;113;114;115;116,33;40;44;82;86;89;90;93;96;97;98;99;101;102;105;106;109;110;172;174;177;178;179;180;181;182;269;277;278;279;290;293;294;297;298;301;302,24,37,1.0,1.0,0.26221369368767,0.7232286080511443,-0.020441225894828108,True,True,True,True,True,pass
Nb252_aff_seq110_Y110R,Nb252 reported_seq Y110R,Nb252 IMGT 112 Y>R,Nb252 chain C auth 110 Y>R,110,Y,R,CDR3,False,2,8112102,Nb252_WT_rep02_seed8112102,425.1663074628678,-75.71604953330069,-95.80004581099622,-120.69187786207735,16.16518693070957,24,37,0.9166666666666666,0.8918918918918919,0.04392879466585044,2.3134716518709153,33;37;45;47;50;53;58;98;100;102;103;104;105;106;107;108;109;110;111;112;113;114;115;116,33;40;44;82;86;89;90;93;96;97;98;99;101;102;105;106;109;110;172;174;177;178;179;180;181;182;269;277;278;279;290;293;294;297;298;301;302,24,37,1.0,1.0,-1.2514583003455186,0.7232286080511443,-0.020441225894828108,True,True,True,True,True,pass
Nb252_aff_seq110_Y110R,Nb252 reported_seq Y110R,Nb252 IMGT 112 Y>R,Nb252 chain C auth 110 Y>R,110,Y,R,CDR3,False,3,8112103,Nb252_WT_rep03_seed8112103,425.1663074628678,-74.31322346569124,-95.80004581099622,-120.69187786207735,16.16518693070957,24,37,0.9166666666666666,0.8918918918918919,0.04392879466585044,2.3134716518709153,33;37;45;47;50;53;58;98;100;102;103;104;105;106;107;108;109;110;111;112;113;114;115;116,33;40;44;82;86;89;90;93;96;97;98;99;101;102;105;106;109;110;172;174;177;178;179;180;181;182;269;277;278;279;290;293;294;297;298;301;302,24,37,1.0,1.0,0.15136776726393464,0.7232286080511443,-0.020441225894828108,True,True,True,True,True,pass
Nb252_aff_seq110_Y110S,Nb252 reported_seq Y110S,Nb252 IMGT 112 Y>S,Nb252 chain C auth 110 Y>S,110,Y,S,CDR3,False,1,8112101,Nb252_WT_rep01_seed8112101,426.91568333529096,-73.50878321806425,-95.51246689760191,-120.16968229236394,15.945196070287757,24,37,0.9166666666666666,0.8918918918918919,0.04442323258351602,2.314996751153026,33;37;45;47;50;53;58;98;100;102;103;104;105;106;107;108;109;110;111;112;113;114;115;116,33;40;44;82;86;89;90;93;96;97;98;99;101;102;105;106;109;110;172;174;177;178;179;180;181;182;269;277;278;279;290;293;294;297;298;301;302,24,37,1.0,1.0,1.0666539413146552,1.0108075214454573,-0.24043208631664115,True,True,True,True,True,pass
Nb252_aff_seq110_Y110S,Nb252 reported_seq Y110S,Nb252 IMGT 112 Y>S,Nb252 chain C auth 110 Y>S,110,Y,S,CDR3,False,2,8112102,Nb252_WT_rep02_seed8112102,426.91568333529096,-72.6089181103489,-95.51246689760191,-120.16968229236394,15.945196070287757,24,37,0.9166666666666666,0.8918918918918919,0.04442323258351602,2.314996751153026,33;37;45;47;50;53;58;98;100;102;103;104;105;106;107;108;109;110;111;112;113;114;115;116,33;40;44;82;86;89;90;93;96;97;98;99;101;102;105;106;109;110;172;174;177;178;179;180;181;182;269;277;278;279;290;293;294;297;298;301;302,24,37,1.0,1.0,1.8556731226062766,1.0108075214454573,-0.24043208631664115,True,True,True,True,True,pass
Nb252_aff_seq110_Y110S,Nb252 reported_seq Y110S,Nb252 IMGT 112 Y>S,Nb252 chain C auth 110 Y>S,110,Y,S,CDR3,False,3,8112103,Nb252_WT_rep03_seed8112103,426.91568333529096,-74.0537888572386,-95.51246689760191,-120.16968229236394,15.945196070287757,24,37,0.9166666666666666,0.8918918918918919,0.04442323258351602,2.314996751153026,33;37;45;47;50;53;58;98;100;102;103;104;105;106;107;108;109;110;111;112;113;114;115;116,33;40;44;82;86;89;90;93;96;97;98;99;101;102;105;106;109;110;172;174;177;178;179;180;181;182;269;277;278;279;290;293;294;297;298;301;302,24,37,1.0,1.0,0.4108023757165711,1.0108075214454573,-0.24043208631664115,True,True,True,True,True,pass
Nb252_aff_seq110_Y110T,Nb252 reported_seq Y110T,Nb252 IMGT 112 Y>T,Nb252 chain C auth 110 Y>T,110,Y,T,CDR3,False,1,8112101,Nb252_WT_rep01_seed8112101,424.89826744289866,-74.7948095058822,-95.56077139445229,-120.32268757368224,15.932489760032997,24,37,0.9166666666666666,0.8918918918918919,0.04453637343308968,2.321045541518241,33;37;45;47;50;53;58;98;100;102;103;104;105;106;107;108;109;110;111;112;113;114;115;116,33;40;44;82;86;89;90;93;96;97;98;99;101;102;105;106;109;110;172;174;177;178;179;180;181;182;269;277;278;279;290;293;294;297;298;301;302,24,37,1.0,1.0,-0.21937234650329174,0.9625030245950796,-0.25313839657140136,True,True,True,True,True,pass
Nb252_aff_seq110_Y110T,Nb252 reported_seq Y110T,Nb252 IMGT 112 Y>T,Nb252 chain C auth 110 Y>T,110,Y,T,CDR3,False,2,8112102,Nb252_WT_rep02_seed8112102,424.89826744289866,-73.98827770531142,-95.56077139445229,-120.32268757368224,15.932489760032997,24,37,0.9166666666666666,0.8918918918918919,0.04453637343308968,2.321045541518241,33;37;45;47;50;53;58;98;100;102;103;104;105;106;107;108;109;110;111;112;113;114;115;116,33;40;44;82;86;89;90;93;96;97;98;99;101;102;105;106;109;110;172;174;177;178;179;180;181;182;269;277;278;279;290;293;294;297;298;301;302,24,37,1.0,1.0,0.4763135276437538,0.9625030245950796,-0.25313839657140136,True,True,True,True,True,pass
Nb252_aff_seq110_Y110T,Nb252 reported_seq Y110T,Nb252 IMGT 112 Y>T,Nb252 chain C auth 110 Y>T,110,Y,T,CDR3,False,3,8112103,Nb252_WT_rep03_seed8112103,424.89826744289866,-73.98827770531142,-95.56077139445229,-120.32268757368224,15.932489760032997,24,37,0.9166666666666666,0.8918918918918919,0.04453637343308968,2.321045541518241,33;37;45;47;50;53;58;98;100;102;103;104;105;106;107;108;109;110;111;112;113;114;115;116,33;40;44;82;86;89;90;93;96;97;98;99;101;102;105;106;109;110;172;174;177;178;179;180;181;182;269;277;278;279;290;293;294;297;298;301;302,24,37,1.0,1.0,0.4763135276437538,0.9625030245950796,-0.25313839657140136,True,True,True,True,True,pass
Nb252_aff_seq110_Y110V,Nb252 reported_seq Y110V,Nb252 IMGT 112 Y>V,Nb252 chain C auth 110 Y>V,110,Y,V,CDR3,False,1,8112101,Nb252_WT_rep01_seed8112101,423.5572439072913,-76.67856954535716,-96.3251591895008,-120.91745563011652,16.40233460697081,24,37,0.9166666666666666,0.8918918918918919,0.04405988245677287,2.3152631426956063,33;37;45;47;50;53;58;98;100;102;103;104;105;106;107;108;109;110;111;112;113;114;115;116,33;40;44;82;86;89;90;93;96;97;98;99;101;102;105;106;109;110;172;174;177;178;179;180;181;182;269;277;278;279;290;293;294;297;298;301;302,24,37,1.0,1.0,-2.103132385978256,0.19811522954657335,0.2167064503664129,True,True,True,True,True,pass
Nb252_aff_seq110_Y110V,Nb252 reported_seq Y110V,Nb252 IMGT 112 Y>V,Nb252 chain C auth 110 Y>V,110,Y,V,CDR3,False,2,8112102,Nb252_WT_rep02_seed8112102,423.5572439072913,-75.21930949673083,-96.3251591895008,-120.91745563011652,16.40233460697081,24,37,0.9166666666666666,0.8918918918918919,0.04405988245677287,2.3152631426956063,33;37;45;47;50;53;58;98;100;102;103;104;105;106;107;108;109;110;111;112;113;114;115;116,33;40;44;82;86;89;90;93;96;97;98;99;101;102;105;106;109;110;172;174;177;178;179;180;181;182;269;277;278;279;290;293;294;297;298;301;302,24,37,1.0,1.0,-0.7547182637756578,0.19811522954657335,0.2167064503664129,True,True,True,True,True,pass
Nb252_aff_seq110_Y110V,Nb252 reported_seq Y110V,Nb252 IMGT 112 Y>V,Nb252 chain C auth 110 Y>V,110,Y,V,CDR3,False,3,8112103,Nb252_WT_rep03_seed8112103,423.5572439072913,-75.21930949673083,-96.3251591895008,-120.91745563011652,16.40233460697081,24,37,0.9166666666666666,0.8918918918918919,0.04405988245677287,2.3152631426956063,33;37;45;47;50;53;58;98;100;102;103;104;105;106;107;108;109;110;111;112;113;114;115;116,33;40;44;82;86;89;90;93;96;97;98;99;101;102;105;106;109;110;172;174;177;178;179;180;181;182;269;277;278;279;290;293;294;297;298;301;302,24,37,1.0,1.0,-0.7547182637756578,0.19811522954657335,0.2167064503664129,True,True,True,True,True,pass
Nb252_aff_seq110_Y110W,Nb252 reported_seq Y110W,Nb252 IMGT 112 Y>W,Nb252 chain C auth 110 Y>W,110,Y,W,CDR3,False,1,8112101,Nb252_WT_rep01_seed8112101,426.97863719721244,-71.17615846377879,-95.08258682446618,-120.55842288071752,16.90281097041463,24,37,0.9166666666666666,0.8918918918918919,0.04560760996779785,2.3151438557678397,33;37;45;47;50;53;58;98;100;102;103;104;105;106;107;108;109;110;111;112;113;114;115;116,33;40;44;82;86;89;90;93;96;97;98;99;101;102;105;106;109;110;172;174;177;178;179;180;181;182;269;277;278;279;290;293;294;297;298;301;302,24,37,1.0,1.0,3.399278695600117,1.4406875945811919,0.7171828138102327,True,True,True,True,True,pass
Nb252_aff_seq110_Y110W,Nb252 reported_seq Y110W,Nb252 IMGT 112 Y>W,Nb252 chain C auth 110 Y>W,110,Y,W,CDR3,False,2,8112102,Nb252_WT_rep02_seed8112102,426.97863719721244,-71.17615846377879,-95.08258682446618,-120.55842288071752,16.90281097041463,24,37,0.9166666666666666,0.8918918918918919,0.04560760996779785,2.3151438557678397,33;37;45;47;50;53;58;98;100;102;103;104;105;106;107;108;109;110;111;112;113;114;115;116,33;40;44;82;86;89;90;93;96;97;98;99;101;102;105;106;109;110;172;174;177;178;179;180;181;182;269;277;278;279;290;293;294;297;298;301;302,24,37,1.0,1.0,3.2884327691763815,1.4406875945811919,0.7171828138102327,True,True,True,True,True,pass
Nb252_aff_seq110_Y110W,Nb252 reported_seq Y110W,Nb252 IMGT 112 Y>W,Nb252 chain C auth 110 Y>W,110,Y,W,CDR3,False,3,8112103,Nb252_WT_rep03_seed8112103,426.97863719721244,-73.43576908690744,-95.08258682446618,-120.55842288071752,16.90281097041463,24,37,0.9166666666666666,0.8918918918918919,0.04560760996779785,2.3151438557678397,33;37;45;47;50;53;58;98;100;102;103;104;105;106;107;108;109;110;111;112;113;114;115;116,33;40;44;82;86;89;90;93;96;97;98;99;101;102;105;106;109;110;172;174;177;178;179;180;181;182;269;277;278;279;290;293;294;297;298;301;302,24,37,1.0,1.0,1.0288221460477303,1.4406875945811919,0.7171828138102327,True,True,True,True,True,pass
Nb252_aff_seq111_Y111A,Nb252 reported_seq Y111A,Nb252 IMGT 113 Y>A,Nb252 chain C auth 111 Y>A,111,Y,A,CDR3,False,1,8112101,Nb252_WT_rep01_seed8112101,420.7531542677068,-70.2635368593547,-91.64182043948217,-110.82305044566775,13.237051143520132,24,34,0.9166666666666666,0.8378378378378378,0.04357514359739168,2.3100734024973657,33;37;45;47;50;53;58;98;100;102;103;104;105;106;107;108;109;110;111;112;113;114;115;116,33;40;44;82;86;89;90;93;96;97;98;99;101;102;105;109;110;172;174;177;178;179;180;181;269;277;278;290;293;294;297;298;301;302,24,37,1.0,0.918918918918919,4.311900300024206,4.881453979565194,-2.9485770130842663,True,True,True,True,True,pass
Nb252_aff_seq111_Y111A,Nb252 reported_seq Y111A,Nb252 IMGT 113 Y>A,Nb252 chain C auth 111 Y>A,111,Y,A,CDR3,False,2,8112102,Nb252_WT_rep02_seed8112102,420.7531542677068,-70.2635368593547,-91.64182043948217,-110.82305044566775,13.237051143520132,24,34,0.9166666666666666,0.8378378378378378,0.04357514359739168,2.3100734024973657,33;37;45;47;50;53;58;98;100;102;103;104;105;106;107;108;109;110;111;112;113;114;115;116,33;40;44;82;86;89;90;93;96;97;98;99;101;102;105;109;110;172;174;177;178;179;180;181;269;277;278;290;293;294;297;298;301;302,24,37,1.0,0.918918918918919,4.201054373600471,4.881453979565194,-2.9485770130842663,True,True,True,True,True,pass
Nb252_aff_seq111_Y111A,Nb252 reported_seq Y111A,Nb252 IMGT 113 Y>A,Nb252 chain C auth 111 Y>A,111,Y,A,CDR3,False,3,8112103,Nb252_WT_rep03_seed8112103,420.7531542677068,-72.25834293884225,-91.64182043948217,-110.82305044566775,13.237051143520132,24,34,0.9166666666666666,0.8378378378378378,0.04357514359739168,2.3100734024973657,33;37;45;47;50;53;58;98;100;102;103;104;105;106;107;108;109;110;111;112;113;114;115;116,33;40;44;82;86;89;90;93;96;97;98;99;101;102;105;109;110;172;174;177;178;179;180;181;269;277;278;290;293;294;297;298;301;302,24,37,1.0,0.918918918918919,2.2062482941129247,4.881453979565194,-2.9485770130842663,True,True,True,True,True,pass
Nb252_aff_seq111_Y111C,Nb252 reported_seq Y111C,Nb252 IMGT 113 Y>C,Nb252 chain C auth 111 Y>C,111,Y,C,CDR3,False,1,8112101,Nb252_WT_rep01_seed8112101,423.5196392279787,-71.95293330730715,-93.51251306272957,-113.46696327449118,13.198181239038037,24,35,0.9166666666666666,0.8378378378378378,0.04323271714800282,2.312629333096683,33;37;45;47;50;53;58;98;100;102;103;104;105;106;107;108;109;110;111;112;113;114;115;116,33;40;44;82;86;89;90;93;96;97;98;99;101;102;105;106;109;110;172;174;177;178;179;180;181;269;277;278;290;293;294;297;298;301;302,24,37,1.0,0.9459459459459459,2.622503852071759,3.0107613563178006,-2.987446917566361,True,True,True,True,True,pass
Nb252_aff_seq111_Y111C,Nb252 reported_seq Y111C,Nb252 IMGT 113 Y>C,Nb252 chain C auth 111 Y>C,111,Y,C,CDR3,False,2,8112102,Nb252_WT_rep02_seed8112102,423.5196392279787,-73.4549928654983,-93.51251306272957,-113.46696327449118,13.198181239038037,24,35,0.9166666666666666,0.8378378378378378,0.04323271714800282,2.312629333096683,33;37;45;47;50;53;58;98;100;102;103;104;105;106;107;108;109;110;111;112;113;114;115;116,33;40;44;82;86;89;90;93;96;97;98;99;101;102;105;106;109;110;172;174;177;178;179;180;181;269;277;278;290;293;294;297;298;301;302,24,37,1.0,0.9459459459459459,1.0095983674568743,3.0107613563178006,-2.987446917566361,True,True,True,True,True,pass
Nb252_aff_seq111_Y111C,Nb252 reported_seq Y111C,Nb252 IMGT 113 Y>C,Nb252 chain C auth 111 Y>C,111,Y,C,CDR3,False,3,8112103,Nb252_WT_rep03_seed8112103,423.5196392279787,-73.4549928654983,-93.51251306272957,-113.46696327449118,13.198181239038037,24,35,0.9166666666666666,0.8378378378378378,0.04323271714800282,2.312629333096683,33;37;45;47;50;53;58;98;100;102;103;104;105;106;107;108;109;110;111;112;113;114;115;116,33;40;44;82;86;89;90;93;96;97;98;99;101;102;105;106;109;110;172;174;177;178;179;180;181;269;277;278;290;293;294;297;298;301;302,24,37,1.0,0.9459459459459459,1.0095983674568743,3.0107613563178006,-2.987446917566361,True,True,True,True,True,pass
Nb252_aff_seq111_Y111D,Nb252 reported_seq Y111D,Nb252 IMGT 113 Y>D,Nb252 chain C auth 111 Y>D,111,Y,D,CDR3,False,1,8112101,Nb252_WT_rep01_seed8112101,424.3346043645645,-65.13687602018047,-87.73699050464195,-113.57454119629577,13.32742512283594,24,35,0.9166666666666666,0.8378378378378378,0.0435031503225916,2.313107752206464,33;37;45;47;50;53;58;98;100;102;103;104;105;106;107;108;109;110;111;112;113;114;115;116,33;40;44;82;86;89;90;93;96;97;98;99;101;102;105;106;109;110;172;174;177;178;179;180;181;269;277;278;290;293;294;297;298;301;302,24,37,1.0,0.9459459459459459,9.438561139198441,8.786283914405416,-2.858203033768458,True,True,True,True,True,pass
Nb252_aff_seq111_Y111D,Nb252 reported_seq Y111D,Nb252 IMGT 113 Y>D,Nb252 chain C auth 111 Y>D,111,Y,D,CDR3,False,2,8112102,Nb252_WT_rep02_seed8112102,424.3346043645645,-65.13687602018047,-87.73699050464195,-113.57454119629577,13.32742512283594,24,35,0.9166666666666666,0.8378378378378378,0.0435031503225916,2.313107752206464,33;37;45;47;50;53;58;98;100;102;103;104;105;106;107;108;109;110;111;112;113;114;115;116,33;40;44;82;86;89;90;93;96;97;98;99;101;102;105;106;109;110;172;174;177;178;179;180;181;269;277;278;290;293;294;297;298;301;302,24,37,1.0,0.9459459459459459,9.327715212774706,8.786283914405416,-2.858203033768458,True,True,True,True,True,pass
Nb252_aff_seq111_Y111D,Nb252 reported_seq Y111D,Nb252 IMGT 113 Y>D,Nb252 chain C auth 111 Y>D,111,Y,D,CDR3,False,3,8112103,Nb252_WT_rep03_seed8112103,424.3346043645645,-65.13687602018047,-87.73699050464195,-113.57454119629577,13.32742512283594,24,35,0.9166666666666666,0.8378378378378378,0.0435031503225916,2.313107752206464,33;37;45;47;50;53;58;98;100;102;103;104;105;106;107;108;109;110;111;112;113;114;115;116,33;40;44;82;86;89;90;93;96;97;98;99;101;102;105;106;109;110;172;174;177;178;179;180;181;269;277;278;290;293;294;297;298;301;302,24,37,1.0,0.9459459459459459,9.327715212774706,8.786283914405416,-2.858203033768458,True,True,True,True,True,pass
Nb252_aff_seq111_Y111E,Nb252 reported_seq Y111E,Nb252 IMGT 113 Y>E,Nb252 chain C auth 111 Y>E,111,Y,E,CDR3,False,1,8112101,Nb252_WT_rep01_seed8112101,424.37552220595126,-65.42439189421043,-87.28574985303746,-115.39179875203924,13.70067327795403,24,36,0.9166666666666666,0.8648648648648649,0.04383759053706498,2.310071215406045,33;37;45;47;50;53;58;98;100;102;103;104;105;106;107;108;109;110;111;112;113;114;115;116,33;40;44;82;86;89;90;93;96;97;98;99;101;102;105;106;109;110;172;174;177;178;179;180;181;182;269;277;278;290;293;294;297;298;301;302,24,37,1.0,0.972972972972973,9.151045265168477,9.23752456600991,-2.4849548786503686,True,True,True,True,True,pass
Nb252_aff_seq111_Y111E,Nb252 reported_seq Y111E,Nb252 IMGT 113 Y>E,Nb252 chain C auth 111 Y>E,111,Y,E,CDR3,False,2,8112102,Nb252_WT_rep02_seed8112102,424.37552220595126,-63.10853217891696,-87.28574985303746,-115.39179875203924,13.70067327795403,24,36,0.9166666666666666,0.8648648648648649,0.04383759053706498,2.310071215406045,33;37;45;47;50;53;58;98;100;102;103;104;105;106;107;108;109;110;111;112;113;114;115;116,33;40;44;82;86;89;90;93;96;97;98;99;101;102;105;106;109;110;172;174;177;178;179;180;181;182;269;277;278;290;293;294;297;298;301;302,24,37,1.0,0.972972972972973,11.356059054038212,9.23752456600991,-2.4849548786503686,True,True,True,True,True,pass
Nb252_aff_seq111_Y111E,Nb252 reported_seq Y111E,Nb252 IMGT 113 Y>E,Nb252 chain C auth 111 Y>E,111,Y,E,CDR3,False,3,8112103,Nb252_WT_rep03_seed8112103,424.37552220595126,-64.35518357874952,-87.28574985303746,-115.39179875203924,13.70067327795403,24,36,0.9166666666666666,0.8648648648648649,0.04383759053706498,2.310071215406045,33;37;45;47;50;53;58;98;100;102;103;104;105;106;107;108;109;110;111;112;113;114;115;116,33;40;44;82;86;89;90;93;96;97;98;99;101;102;105;106;109;110;172;174;177;178;179;180;181;182;269;277;278;290;293;294;297;298;301;302,24,37,1.0,0.972972972972973,10.109407654205654,9.23752456600991,-2.4849548786503686,True,True,True,True,True,pass
Nb252_aff_seq111_Y111F,Nb252 reported_seq Y111F,Nb252 IMGT 113 Y>F,Nb252 chain C auth 111 Y>F,111,Y,F,CDR3,False,1,8112101,Nb252_WT_rep01_seed8112101,422.3184593345201,-72.00545574871666,-96.96841636829816,-119.96460082744251,16.270296804805014,24,37,0.9166666666666666,0.8918918918918919,0.043699861586694526,2.3066879397617517,33;37;45;47;50;53;58;98;100;102;103;104;105;106;107;108;109;110;111;112;113;114;115;116,33;40;44;82;86;89;90;93;96;97;98;99;101;102;105;106;109;110;172;174;177;178;179;180;181;182;269;277;278;279;290;293;294;297;298;301;302,24,37,1.0,1.0,2.569981410662251,-0.44514194925079664,0.08466864820061559,True,True,True,True,True,pass
Nb252_aff_seq111_Y111F,Nb252 reported_seq Y111F,Nb252 IMGT 113 Y>F,Nb252 chain C auth 111 Y>F,111,Y,F,CDR3,False,2,8112102,Nb252_WT_rep02_seed8112102,422.3184593345201,-72.00545574871666,-96.96841636829816,-119.96460082744251,16.270296804805014,24,37,0.9166666666666666,0.8918918918918919,0.043699861586694526,2.3066879397617517,33;37;45;47;50;53;58;98;100;102;103;104;105;106;107;108;109;110;111;112;113;114;115;116,33;40;44;82;86;89;90;93;96;97;98;99;101;102;105;106;109;110;172;174;177;178;179;180;181;182;269;277;278;279;290;293;294;297;298;301;302,24,37,1.0,1.0,2.459135484238516,-0.44514194925079664,0.08466864820061559,True,True,True,True,True,pass
Nb252_aff_seq111_Y111F,Nb252 reported_seq Y111F,Nb252 IMGT 113 Y>F,Nb252 chain C auth 111 Y>F,111,Y,F,CDR3,False,3,8112103,Nb252_WT_rep03_seed8112103,422.3184593345201,-73.50481197052858,-96.96841636829816,-119.96460082744251,16.270296804805014,24,37,0.9166666666666666,0.8918918918918919,0.043699861586694526,2.3066879397617517,33;37;45;47;50;53;58;98;100;102;103;104;105;106;107;108;109;110;111;112;113;114;115;116,33;40;44;82;86;89;90;93;96;97;98;99;101;102;105;106;109;110;172;174;177;178;179;180;181;182;269;277;278;279;290;293;294;297;298;301;302,24,37,1.0,1.0,0.9597792624265935,-0.44514194925079664,0.08466864820061559,True,True,True,True,True,pass
Nb252_aff_seq111_Y111G,Nb252 reported_seq Y111G,Nb252 IMGT 113 Y>G,Nb252 chain C auth 111 Y>G,111,Y,G,CDR3,False,1,8112101,Nb252_WT_rep01_seed8112101,422.1768733484477,-68.0013689017,-89.81029609638026,-109.09130982560835,13.256745265016505,24,34,0.9166666666666666,0.8108108108108109,0.04212462286010559,2.3059972610006603,33;37;45;47;50;53;58;98;100;102;103;104;105;106;107;108;109;110;111;112;113;114;115;116,33;40;44;82;86;89;90;93;96;97;98;99;101;102;105;106;109;110;172;174;177;178;179;180;181;269;278;290;293;294;297;298;301;302,24,37,1.0,0.918918918918919,6.574068257678903,6.712978322667112,-2.928882891587893,True,True,True,True,True,pass
Nb252_aff_seq111_Y111G,Nb252 reported_seq Y111G,Nb252 IMGT 113 Y>G,Nb252 chain C auth 111 Y>G,111,Y,G,CDR3,False,2,8112102,Nb252_WT_rep02_seed8112102,418.0114478987764,-68.66623589379071,-90.1552324914302,-109.3909704207142,13.014325216319401,24,35,0.9166666666666666,0.8378378378378378,0.043278542826939985,2.3092162871027764,33;37;45;47;50;53;58;98;100;102;103;104;105;106;107;108;109;110;111;112;113;114;115;116,33;40;44;82;86;89;90;93;96;97;98;99;101;102;105;106;109;110;172;174;177;178;179;180;181;269;277;278;290;293;294;297;298;301;302,24,37,1.0,0.9459459459459459,5.798355339164459,6.3680419276171705,-3.1713029402849973,True,True,True,True,True,pass
Nb252_aff_seq111_Y111G,Nb252 reported_seq Y111G,Nb252 IMGT 113 Y>G,Nb252 chain C auth 111 Y>G,111,Y,G,CDR3,False,3,8112103,Nb252_WT_rep03_seed8112103,418.0114478987764,-68.66623589379071,-90.1552324914302,-109.3909704207142,13.014325216319401,24,35,0.9166666666666666,0.8378378378378378,0.043278542826939985,2.3092162871027764,33;37;45;47;50;53;58;98;100;102;103;104;105;106;107;108;109;110;111;112;113;114;115;116,33;40;44;82;86;89;90;93;96;97;98;99;101;102;105;106;109;110;172;174;177;178;179;180;181;269;277;278;290;293;294;297;298;301;302,24,37,1.0,0.9459459459459459,5.798355339164459,6.3680419276171705,-3.1713029402849973,True,True,True,True,True,pass
Nb252_aff_seq111_Y111H,Nb252 reported_seq Y111H,Nb252 IMGT 113 Y>H,Nb252 chain C auth 111 Y>H,111,Y,H,CDR3,False,1,8112101,Nb252_WT_rep01_seed8112101,423.0411507397895,-71.43021907948759,-94.686332473258,-119.15875417076008,14.99775114059067,24,36,0.9166666666666666,0.8648648648648649,0.0432536046275309,2.312742917991177,33;37;45;47;50;53;58;98;100;102;103;104;105;106;107;108;109;110;111;112;113;114;115;116,33;40;44;82;86;89;90;93;96;97;98;99;101;102;105;106;109;110;172;174;177;178;179;180;181;269;277;278;279;290;293;294;297;298;301;302,24,37,1.0,0.972972972972973,3.145218079891322,1.8369419457893628,-1.1878770160137275,True,True,True,True,True,pass
Nb252_aff_seq111_Y111H,Nb252 reported_seq Y111H,Nb252 IMGT 113 Y>H,Nb252 chain C auth 111 Y>H,111,Y,H,CDR3,False,2,8112102,Nb252_WT_rep02_seed8112102,427.024898701457,-68.22555994387778,-94.26284759779179,-119.0356486473699,14.830376106400983,24,36,0.9166666666666666,0.8648648648648649,0.04213729027057819,2.3074015560946295,33;37;45;47;50;53;58;98;100;102;103;104;105;106;107;108;109;110;111;112;113;114;115;116,33;40;44;82;86;89;90;93;96;97;98;99;101;102;105;106;109;110;172;174;177;178;179;180;181;269;277;278;279;290;293;294;297;298;301;302,24,37,1.0,0.972972972972973,6.2390312890773885,2.260426821255578,-1.3552520502034149,True,True,True,True,True,pass
Nb252_aff_seq111_Y111H,Nb252 reported_seq Y111H,Nb252 IMGT 113 Y>H,Nb252 chain C auth 111 Y>H,111,Y,H,CDR3,False,3,8112103,Nb252_WT_rep03_seed8112103,427.024898701457,-68.64067467856546,-94.26284759779179,-119.0356486473699,14.830376106400983,24,36,0.9166666666666666,0.8648648648648649,0.04213729027057819,2.3074015560946295,33;37;45;47;50;53;58;98;100;102;103;104;105;106;107;108;109;110;111;112;113;114;115;116,33;40;44;82;86;89;90;93;96;97;98;99;101;102;105;106;109;110;172;174;177;178;179;180;181;269;277;278;279;290;293;294;297;298;301;302,24,37,1.0,0.972972972972973,5.823916554389712,2.260426821255578,-1.3552520502034149,True,True,True,True,True,pass
Nb252_aff_seq111_Y111I,Nb252 reported_seq Y111I,Nb252 IMGT 113 Y>I,Nb252 chain C auth 111 Y>I,111,Y,I,CDR3,False,1,8112101,Nb252_WT_rep01_seed8112101,432.6361486369032,-64.77275659929444,-88.55250403887263,-115.40435485728877,17.03353474390978,24,36,0.9166666666666666,0.8378378378378378,0.04570936897377242,2.3103644547120457,33;37;45;47;50;53;58;98;100;102;103;104;105;106;107;108;109;110;111;112;113;114;115;116,33;40;44;82;86;89;90;93;96;97;98;99;101;102;105;106;109;110;172;174;177;178;179;180;181;269;277;278;289;290;293;294;297;298;301;302,24,37,1.0,0.9459459459459459,9.802680560084468,7.970770380174741,0.8479065873053813,True,True,True,True,True,pass
Nb252_aff_seq111_Y111I,Nb252 reported_seq Y111I,Nb252 IMGT 113 Y>I,Nb252 chain C auth 111 Y>I,111,Y,I,CDR3,False,2,8112102,Nb252_WT_rep02_seed8112102,432.6361486369032,-64.77275659929444,-88.55250403887263,-115.40435485728877,17.03353474390978,24,36,0.9166666666666666,0.8378378378378378,0.04570936897377242,2.3103644547120457,33;37;45;47;50;53;58;98;100;102;103;104;105;106;107;108;109;110;111;112;113;114;115;116,33;40;44;82;86;89;90;93;96;97;98;99;101;102;105;106;109;110;172;174;177;178;179;180;181;269;277;278;289;290;293;294;297;298;301;302,24,37,1.0,0.9459459459459459,9.691834633660733,7.970770380174741,0.8479065873053813,True,True,True,True,True,pass
Nb252_aff_seq111_Y111I,Nb252 reported_seq Y111I,Nb252 IMGT 113 Y>I,Nb252 chain C auth 111 Y>I,111,Y,I,CDR3,False,3,8112103,Nb252_WT_rep03_seed8112103,432.6361486369032,-64.77275659929444,-88.55250403887263,-115.40435485728877,17.03353474390978,24,36,0.9166666666666666,0.8378378378378378,0.04570936897377242,2.3103644547120457,33;37;45;47;50;53;58;98;100;102;103;104;105;106;107;108;109;110;111;112;113;114;115;116,33;40;44;82;86;89;90;93;96;97;98;99;101;102;105;106;109;110;172;174;177;178;179;180;181;269;277;278;289;290;293;294;297;298;301;302,24,37,1.0,0.9459459459459459,9.691834633660733,7.970770380174741,0.8479065873053813,True,True,True,True,True,pass
Nb252_aff_seq111_Y111K,Nb252 reported_seq Y111K,Nb252 IMGT 113 Y>K,Nb252 chain C auth 111 Y>K,111,Y,K,CDR3,False,1,8112101,Nb252_WT_rep01_seed8112101,423.2114289597551,-67.13710785654058,-93.96270291095828,-116.20747415008455,14.278429451045856,24,36,0.9166666666666666,0.8648648648648649,0.044230823950500445,2.3150196345792313,33;37;45;47;50;53;58;98;100;102;103;104;105;106;107;108;109;110;111;112;113;114;115;116,33;40;44;82;86;89;90;93;96;97;98;99;101;102;105;106;109;110;172;174;177;178;179;180;181;182;269;277;278;290;293;294;297;298;301;302,24,37,1.0,0.972972972972973,7.438329302838326,2.560571508089083,-1.9071987055585424,True,True,True,True,True,pass
Nb252_aff_seq111_Y111K,Nb252 reported_seq Y111K,Nb252 IMGT 113 Y>K,Nb252 chain C auth 111 Y>K,111,Y,K,CDR3,False,2,8112102,Nb252_WT_rep02_seed8112102,425.7058646629673,-67.43497452650894,-94.19910521520303,-115.79657769927279,14.059172865634494,24,36,0.9166666666666666,0.8648648648648649,0.043371140068424775,2.3157862799034024,33;37;45;47;50;53;58;98;100;102;103;104;105;106;107;108;109;110;111;112;113;114;115;116,33;40;44;82;86;89;90;93;96;97;98;99;101;102;105;106;109;110;172;174;177;178;179;180;181;182;269;277;278;290;293;294;297;298;301;302,24,37,1.0,0.972972972972973,7.029616706446234,2.3241692038443347,-2.126455290969904,True,True,True,True,True,pass
Nb252_aff_seq111_Y111K,Nb252 reported_seq Y111K,Nb252 IMGT 113 Y>K,Nb252 chain C auth 111 Y>K,111,Y,K,CDR3,False,3,8112103,Nb252_WT_rep03_seed8112103,423.2114289597551,-67.13710785654058,-93.96270291095828,-116.20747415008455,14.278429451045856,24,36,0.9166666666666666,0.8648648648648649,0.044230823950500445,2.3150196345792313,33;37;45;47;50;53;58;98;100;102;103;104;105;106;107;108;109;110;111;112;113;114;115;116,33;40;44;82;86;89;90;93;96;97;98;99;101;102;105;106;109;110;172;174;177;178;179;180;181;182;269;277;278;290;293;294;297;298;301;302,24,37,1.0,0.972972972972973,7.327483376414591,2.560571508089083,-1.9071987055585424,True,True,True,True,True,pass
Nb252_aff_seq111_Y111L,Nb252 reported_seq Y111L,Nb252 IMGT 113 Y>L,Nb252 chain C auth 111 Y>L,111,Y,L,CDR3,False,1,8112101,Nb252_WT_rep01_seed8112101,430.8010969662545,-69.22380107846311,-92.85043197546906,-115.36179256027769,16.908838972407153,24,34,0.9166666666666666,0.8108108108108109,0.04518979958762383,2.319941115120957,33;37;45;47;50;53;58;98;100;102;103;104;105;106;107;108;109;110;111;112;113;114;115;116,33;40;44;82;86;89;90;93;96;97;98;99;101;102;105;106;109;110;172;174;177;178;179;180;181;269;278;290;293;294;297;298;301;302,24,37,1.0,0.918918918918919,5.351636080915796,3.672842443578304,0.723210815802755,True,True,True,True,True,pass
Nb252_aff_seq111_Y111L,Nb252 reported_seq Y111L,Nb252 IMGT 113 Y>L,Nb252 chain C auth 111 Y>L,111,Y,L,CDR3,False,2,8112102,Nb252_WT_rep02_seed8112102,434.54771542758874,-71.75998493820089,-92.62418974937825,-114.75009965600887,16.72441100706233,24,34,0.9166666666666666,0.8108108108108109,0.04531205006825504,2.31176540265423,33;37;45;47;50;53;58;98;100;102;103;104;105;106;107;108;109;110;111;112;113;114;115;116,33;40;44;82;86;89;90;93;96;97;98;99;101;102;105;106;109;110;172;174;177;178;179;180;181;269;278;290;293;294;297;298;301;302,24,37,1.0,0.918918918918919,2.704606294754285,3.899084669669122,0.5387828504579311,True,True,True,True,True,pass
Nb252_aff_seq111_Y111L,Nb252 reported_seq Y111L,Nb252 IMGT 113 Y>L,Nb252 chain C auth 111 Y>L,111,Y,L,CDR3,False,3,8112103,Nb252_WT_rep03_seed8112103,430.8010969662545,-69.30399566561573,-92.85043197546906,-115.36179256027769,16.908838972407153,24,34,0.9166666666666666,0.8108108108108109,0.04518979958762383,2.319941115120957,33;37;45;47;50;53;58;98;100;102;103;104;105;106;107;108;109;110;111;112;113;114;115;116,33;40;44;82;86;89;90;93;96;97;98;99;101;102;105;106;109;110;172;174;177;178;179;180;181;269;278;290;293;294;297;298;301;302,24,37,1.0,0.918918918918919,5.160595567339442,3.672842443578304,0.723210815802755,True,True,True,True,True,pass
Nb252_aff_seq111_Y111M,Nb252 reported_seq Y111M,Nb252 IMGT 113 Y>M,Nb252 chain C auth 111 Y>M,111,Y,M,CDR3,False,1,8112101,Nb252_WT_rep01_seed8112101,447.4498818813888,-48.23171028946024,-87.3361069524031,-116.9782312741851,18.701915536127895,24,37,0.9166666666666666,0.8648648648648649,0.0472457485423531,2.3129037243594204,33;37;45;47;50;53;58;98;100;102;103;104;105;106;107;108;109;110;111;112;113;114;115;116,33;37;40;44;82;86;89;90;93;96;97;98;99;101;102;105;106;109;110;172;174;177;178;179;180;181;269;277;278;289;290;293;294;297;298;301;302,24,37,1.0,0.9459459459459459,26.34372686991867,9.187167466644269,2.5162873795234972,True,True,True,True,True,pass
Nb252_aff_seq111_Y111M,Nb252 reported_seq Y111M,Nb252 IMGT 113 Y>M,Nb252 chain C auth 111 Y>M,111,Y,M,CDR3,False,2,8112102,Nb252_WT_rep02_seed8112102,447.4498818813888,-49.207018813434274,-87.3361069524031,-116.9782312741851,18.701915536127895,24,37,0.9166666666666666,0.8648648648648649,0.0472457485423531,2.3129037243594204,33;37;45;47;50;53;58;98;100;102;103;104;105;106;107;108;109;110;111;112;113;114;115;116,33;37;40;44;82;86;89;90;93;96;97;98;99;101;102;105;106;109;110;172;174;177;178;179;180;181;269;277;278;289;290;293;294;297;298;301;302,24,37,1.0,0.9459459459459459,25.257572419520898,9.187167466644269,2.5162873795234972,True,True,True,True,True,pass
Nb252_aff_seq111_Y111M,Nb252 reported_seq Y111M,Nb252 IMGT 113 Y>M,Nb252 chain C auth 111 Y>M,111,Y,M,CDR3,False,3,8112103,Nb252_WT_rep03_seed8112103,447.4498818813888,-48.23171028946024,-87.3361069524031,-116.9782312741851,18.701915536127895,24,37,0.9166666666666666,0.8648648648648649,0.0472457485423531,2.3129037243594204,33;37;45;47;50;53;58;98;100;102;103;104;105;106;107;108;109;110;111;112;113;114;115;116,33;37;40;44;82;86;89;90;93;96;97;98;99;101;102;105;106;109;110;172;174;177;178;179;180;181;269;277;278;289;290;293;294;297;298;301;302,24,37,1.0,0.9459459459459459,26.232880943494933,9.187167466644269,2.5162873795234972,True,True,True,True,True,pass
Nb252_aff_seq111_Y111N,Nb252 reported_seq Y111N,Nb252 IMGT 113 Y>N,Nb252 chain C auth 111 Y>N,111,Y,N,CDR3,False,1,8112101,Nb252_WT_rep01_seed8112101,420.8474291186428,-68.19847515386357,-91.67272595049539,-114.40580086157655,13.1271897492165,24,35,0.9166666666666666,0.8378378378378378,0.04323775084171243,2.3191615208991148,33;37;45;47;50;53;58;98;100;102;103;104;105;106;107;108;109;110;111;112;113;114;115;116,33;40;44;82;86;89;90;93;96;97;98;99;101;102;105;106;109;110;172;174;177;178;179;180;181;269;277;278;290;293;294;297;298;301;302,24,37,1.0,0.9459459459459459,6.376962005515338,4.8505484685519775,-3.0584384073878983,True,True,True,True,True,pass
Nb252_aff_seq111_Y111N,Nb252 reported_seq Y111N,Nb252 IMGT 113 Y>N,Nb252 chain C auth 111 Y>N,111,Y,N,CDR3,False,2,8112102,Nb252_WT_rep02_seed8112102,420.8474291186428,-69.6774658550612,-91.67272595049539,-114.40580086157655,13.1271897492165,24,35,0.9166666666666666,0.8378378378378378,0.04323775084171243,2.3191615208991148,33;37;45;47;50;53;58;98;100;102;103;104;105;106;107;108;109;110;111;112;113;114;115;116,33;40;44;82;86;89;90;93;96;97;98;99;101;102;105;106;109;110;172;174;177;178;179;180;181;269;277;278;290;293;294;297;298;301;302,24,37,1.0,0.9459459459459459,4.787125377893972,4.8505484685519775,-3.0584384073878983,True,True,True,True,True,pass
Nb252_aff_seq111_Y111N,Nb252 reported_seq Y111N,Nb252 IMGT 113 Y>N,Nb252 chain C auth 111 Y>N,111,Y,N,CDR3,False,3,8112103,Nb252_WT_rep03_seed8112103,420.8474291186428,-68.6625986553255,-91.67272595049539,-114.40580086157655,13.1271897492165,24,35,0.9166666666666666,0.8378378378378378,0.04323775084171243,2.3191615208991148,33;37;45;47;50;53;58;98;100;102;103;104;105;106;107;108;109;110;111;112;113;114;115;116,33;40;44;82;86;89;90;93;96;97;98;99;101;102;105;106;109;110;172;174;177;178;179;180;181;269;277;278;290;293;294;297;298;301;302,24,37,1.0,0.9459459459459459,5.801992577629676,4.8505484685519775,-3.0584384073878983,True,True,True,True,True,pass
Nb252_aff_seq111_Y111P,Nb252 reported_seq Y111P,Nb252 IMGT 113 Y>P,Nb252 chain C auth 111 Y>P,111,Y,P,CDR3,False,1,8112101,Nb252_WT_rep01_seed8112101,600.7559450874204,-47.93762424387751,-80.2192010790917,-108.47275260678047,14.688143154327634,23,35,0.875,0.8648648648648649,0.07286769307423714,2.428718911616392,33;37;45;47;50;53;58;98;100;102;104;105;106;107;108;109;110;111;112;113;114;115;116,33;37;40;44;82;86;89;90;93;96;97;98;99;101;102;105;109;110;172;174;177;178;179;180;181;269;277;278;290;293;294;297;298;301;302,24,37,0.9583333333333334,0.918918918918919,26.6378129155014,16.304073339955664,-1.4974850022767647,True,True,True,True,True,pass
Nb252_aff_seq111_Y111P,Nb252 reported_seq Y111P,Nb252 IMGT 113 Y>P,Nb252 chain C auth 111 Y>P,111,Y,P,CDR3,False,2,8112102,Nb252_WT_rep02_seed8112102,600.7559450874204,-48.43330179398686,-80.2192010790917,-108.47275260678047,14.688143154327634,23,35,0.875,0.8648648648648649,0.07286769307423714,2.428718911616392,33;37;45;47;50;53;58;98;100;102;104;105;106;107;108;109;110;111;112;113;114;115;116,33;37;40;44;82;86;89;90;93;96;97;98;99;101;102;105;109;110;172;174;177;178;179;180;181;269;277;278;290;293;294;297;298;301;302,24,37,0.9583333333333334,0.918918918918919,26.031289438968315,16.304073339955664,-1.4974850022767647,True,True,True,True,True,pass
Nb252_aff_seq111_Y111P,Nb252 reported_seq Y111P,Nb252 IMGT 113 Y>P,Nb252 chain C auth 111 Y>P,111,Y,P,CDR3,False,3,8112103,Nb252_WT_rep03_seed8112103,600.7559450874204,-49.44337738244053,-80.2192010790917,-108.47275260678047,14.688143154327634,23,35,0.875,0.8648648648648649,0.07286769307423714,2.428718911616392,33;37;45;47;50;53;58;98;100;102;104;105;106;107;108;109;110;111;112;113;114;115;116,33;37;40;44;82;86;89;90;93;96;97;98;99;101;102;105;109;110;172;174;177;178;179;180;181;269;277;278;290;293;294;297;298;301;302,24,37,0.9583333333333334,0.918918918918919,25.02121385051464,16.304073339955664,-1.4974850022767647,True,True,True,True,True,pass
Nb252_aff_seq111_Y111Q,Nb252 reported_seq Y111Q,Nb252 IMGT 113 Y>Q,Nb252 chain C auth 111 Y>Q,111,Y,Q,CDR3,False,1,8112101,Nb252_WT_rep01_seed8112101,425.1721121169089,-65.91106048167671,-89.31179095460539,-116.69976376454728,14.246902079764771,24,36,0.9166666666666666,0.8648648648648649,0.04377184738589739,2.311070018480064,33;37;45;47;50;53;58;98;100;102;103;104;105;106;107;108;109;110;111;112;113;114;115;116,33;40;44;82;86;89;90;93;96;97;98;99;101;102;105;106;109;110;172;174;177;178;179;180;181;182;269;277;278;290;293;294;297;298;301;302,24,37,1.0,0.972972972972973,8.664376677702194,7.211483464441983,-1.938726076839627,True,True,True,True,True,pass
Nb252_aff_seq111_Y111Q,Nb252 reported_seq Y111Q,Nb252 IMGT 113 Y>Q,Nb252 chain C auth 111 Y>Q,111,Y,Q,CDR3,False,2,8112102,Nb252_WT_rep02_seed8112102,425.1721121169089,-66.89488488010807,-89.31179095460539,-116.69976376454728,14.246902079764771,24,36,0.9166666666666666,0.8648648648648649,0.04377184738589739,2.311070018480064,33;37;45;47;50;53;58;98;100;102;103;104;105;106;107;108;109;110;111;112;113;114;115;116,33;40;44;82;86;89;90;93;96;97;98;99;101;102;105;106;109;110;172;174;177;178;179;180;181;182;269;277;278;290;293;294;297;298;301;302,24,37,1.0,0.972972972972973,7.569706352847106,7.211483464441983,-1.938726076839627,True,True,True,True,True,pass
Nb252_aff_seq111_Y111Q,Nb252 reported_seq Y111Q,Nb252 IMGT 113 Y>Q,Nb252 chain C auth 111 Y>Q,111,Y,Q,CDR3,False,3,8112103,Nb252_WT_rep03_seed8112103,425.1721121169089,-65.91106048167671,-89.31179095460539,-116.69976376454728,14.246902079764771,24,36,0.9166666666666666,0.8648648648648649,0.04377184738589739,2.311070018480064,33;37;45;47;50;53;58;98;100;102;103;104;105;106;107;108;109;110;111;112;113;114;115;116,33;40;44;82;86;89;90;93;96;97;98;99;101;102;105;106;109;110;172;174;177;178;179;180;181;182;269;277;278;290;293;294;297;298;301;302,24,37,1.0,0.972972972972973,8.553530751278458,7.211483464441983,-1.938726076839627,True,True,True,True,True,pass
Nb252_aff_seq111_Y111R,Nb252 reported_seq Y111R,Nb252 IMGT 113 Y>R,Nb252 chain C auth 111 Y>R,111,Y,R,CDR3,False,1,8112101,Nb252_WT_rep01_seed8112101,440.3663601939426,-56.69945855813961,-85.34164656699828,-117.91254127716174,18.114481986022913,24,37,0.9166666666666666,0.8648648648648649,0.04701624741550416,2.289676376294652,33;37;45;47;50;53;58;98;100;102;103;104;105;106;107;108;109;110;111;112;113;114;115;116,33;37;40;44;82;86;89;90;93;96;97;98;99;101;102;105;106;109;110;172;174;177;178;179;180;181;269;277;278;289;290;293;294;297;298;301;302,24,37,1.0,0.9459459459459459,17.875978601239296,11.18162785204909,1.9288538294185145,True,True,True,True,True,pass
Nb252_aff_seq111_Y111R,Nb252 reported_seq Y111R,Nb252 IMGT 113 Y>R,Nb252 chain C auth 111 Y>R,111,Y,R,CDR3,False,2,8112102,Nb252_WT_rep02_seed8112102,440.3663601939426,-56.69945855813961,-85.34164656699828,-117.91254127716174,18.114481986022913,24,37,0.9166666666666666,0.8648648648648649,0.04701624741550416,2.289676376294652,33;37;45;47;50;53;58;98;100;102;103;104;105;106;107;108;109;110;111;112;113;114;115;116,33;37;40;44;82;86;89;90;93;96;97;98;99;101;102;105;106;109;110;172;174;177;178;179;180;181;269;277;278;289;290;293;294;297;298;301;302,24,37,1.0,0.9459459459459459,17.76513267481556,11.18162785204909,1.9288538294185145,True,True,True,True,True,pass
Nb252_aff_seq111_Y111R,Nb252 reported_seq Y111R,Nb252 IMGT 113 Y>R,Nb252 chain C auth 111 Y>R,111,Y,R,CDR3,False,3,8112103,Nb252_WT_rep03_seed8112103,440.3663601939426,-57.452538549066674,-85.34164656699828,-117.91254127716174,18.114481986022913,24,37,0.9166666666666666,0.8648648648648649,0.04701624741550416,2.289676376294652,33;37;45;47;50;53;58;98;100;102;103;104;105;106;107;108;109;110;111;112;113;114;115;116,33;37;40;44;82;86;89;90;93;96;97;98;99;101;102;105;106;109;110;172;174;177;178;179;180;181;269;277;278;289;290;293;294;297;298;301;302,24,37,1.0,0.9459459459459459,17.0120526838885,11.18162785204909,1.9288538294185145,True,True,True,True,True,pass
Nb252_aff_seq111_Y111S,Nb252 reported_seq Y111S,Nb252 IMGT 113 Y>S,Nb252 chain C auth 111 Y>S,111,Y,S,CDR3,False,1,8112101,Nb252_WT_rep01_seed8112101,419.3952519521876,-69.1776115057421,-90.5475202077854,-111.24548517321048,12.977306931118983,24,35,0.9166666666666666,0.8378378378378378,0.04390490756306645,2.3161593085026784,33;37;45;47;50;53;58;98;100;102;103;104;105;106;107;108;109;110;111;112;113;114;115;116,33;40;44;82;86;89;90;93;96;97;98;99;101;102;105;106;109;110;172;174;177;178;179;180;181;269;277;278;290;293;294;297;298;301;302,24,37,1.0,0.9459459459459459,5.397825653636801,5.975754211261972,-3.208321225485415,True,True,True,True,True,pass
Nb252_aff_seq111_Y111S,Nb252 reported_seq Y111S,Nb252 IMGT 113 Y>S,Nb252 chain C auth 111 Y>S,111,Y,S,CDR3,False,2,8112102,Nb252_WT_rep02_seed8112102,419.3952519521876,-69.1776115057421,-90.5475202077854,-111.24548517321048,12.977306931118983,24,35,0.9166666666666666,0.8378378378378378,0.04390490756306645,2.3161593085026784,33;37;45;47;50;53;58;98;100;102;103;104;105;106;107;108;109;110;111;112;113;114;115;116,33;40;44;82;86;89;90;93;96;97;98;99;101;102;105;106;109;110;172;174;177;178;179;180;181;269;277;278;290;293;294;297;298;301;302,24,37,1.0,0.9459459459459459,5.286979727213065,5.975754211261972,-3.208321225485415,True,True,True,True,True,pass
Nb252_aff_seq111_Y111S,Nb252 reported_seq Y111S,Nb252 IMGT 113 Y>S,Nb252 chain C auth 111 Y>S,111,Y,S,CDR3,False,3,8112103,Nb252_WT_rep03_seed8112103,419.3952519521876,-68.73576056106913,-90.5475202077854,-111.24548517321048,12.977306931118983,24,35,0.9166666666666666,0.8378378378378378,0.04390490756306645,2.3161593085026784,33;37;45;47;50;53;58;98;100;102;103;104;105;106;107;108;109;110;111;112;113;114;115;116,33;40;44;82;86;89;90;93;96;97;98;99;101;102;105;106;109;110;172;174;177;178;179;180;181;269;277;278;290;293;294;297;298;301;302,24,37,1.0,0.9459459459459459,5.728830671886044,5.975754211261972,-3.208321225485415,True,True,True,True,True,pass
Nb252_aff_seq111_Y111T,Nb252 reported_seq Y111T,Nb252 IMGT 113 Y>T,Nb252 chain C auth 111 Y>T,111,Y,T,CDR3,False,1,8112101,Nb252_WT_rep01_seed8112101,425.23327094287316,-67.64688952373473,-90.97630151914493,-113.0266662187579,13.953589525807256,24,34,0.9166666666666666,0.8108108108108109,0.04201503788449169,2.3239941760145473,33;37;45;47;50;53;58;98;100;102;103;104;105;106;107;108;109;110;111;112;113;114;115;116,33;40;44;82;86;89;90;93;96;97;98;99;101;102;105;106;109;110;172;174;177;178;179;180;181;269;278;290;293;294;297;298;301;302,24,37,1.0,0.918918918918919,6.928547635644179,5.546972899902443,-2.232038630797142,True,True,True,True,True,pass
Nb252_aff_seq111_Y111T,Nb252 reported_seq Y111T,Nb252 IMGT 113 Y>T,Nb252 chain C auth 111 Y>T,111,Y,T,CDR3,False,2,8112102,Nb252_WT_rep02_seed8112102,422.12932186149624,-66.93184241876077,-90.4134183671612,-113.58645809258306,14.007568625834697,24,34,0.9166666666666666,0.8378378378378378,0.043750812085139604,2.315739754049781,33;37;45;47;50;53;58;98;100;102;103;104;105;106;107;108;109;110;111;112;113;114;115;116,33;40;44;82;86;89;90;93;96;97;98;99;101;102;105;109;110;172;174;177;178;179;180;181;269;277;278;290;293;294;297;298;301;302,24,37,1.0,0.918918918918919,7.532748814194406,6.109856051886169,-2.1780595307697013,True,True,True,True,True,pass
Nb252_aff_seq111_Y111T,Nb252 reported_seq Y111T,Nb252 IMGT 113 Y>T,Nb252 chain C auth 111 Y>T,111,Y,T,CDR3,False,3,8112103,Nb252_WT_rep03_seed8112103,422.12932186149624,-66.93184241876077,-90.4134183671612,-113.58645809258306,14.007568625834697,24,34,0.9166666666666666,0.8378378378378378,0.043750812085139604,2.315739754049781,33;37;45;47;50;53;58;98;100;102;103;104;105;106;107;108;109;110;111;112;113;114;115;116,33;40;44;82;86;89;90;93;96;97;98;99;101;102;105;109;110;172;174;177;178;179;180;181;269;277;278;290;293;294;297;298;301;302,24,37,1.0,0.918918918918919,7.532748814194406,6.109856051886169,-2.1780595307697013,True,True,True,True,True,pass
Nb252_aff_seq111_Y111V,Nb252 reported_seq Y111V,Nb252 IMGT 113 Y>V,Nb252 chain C auth 111 Y>V,111,Y,V,CDR3,False,1,8112101,Nb252_WT_rep01_seed8112101,433.56694158040636,-65.96630562934104,-88.75574877338843,-112.3898392091327,14.678330683511323,24,36,0.9166666666666666,0.8378378378378378,0.04338523774726225,2.307853235983087,33;37;45;47;50;53;58;98;100;102;103;104;105;106;107;108;109;110;111;112;113;114;115;116,33;40;44;82;86;89;90;93;96;97;98;99;101;102;105;106;109;110;172;174;177;178;179;180;181;269;277;278;289;290;293;294;297;298;301;302,24,37,1.0,0.9459459459459459,8.609131530037871,7.767525645658935,-1.5072974730930753,True,True,True,True,True,pass
Nb252_aff_seq111_Y111V,Nb252 reported_seq Y111V,Nb252 IMGT 113 Y>V,Nb252 chain C auth 111 Y>V,111,Y,V,CDR3,False,2,8112102,Nb252_WT_rep02_seed8112102,426.76655785679054,-67.58043760481007,-89.62703274902628,-113.34234487473292,14.715065050820844,24,36,0.9166666666666666,0.8378378378378378,0.04510362477592975,2.3212095879461505,33;37;45;47;50;53;58;98;100;102;103;104;105;106;107;108;109;110;111;112;113;114;115;116,33;40;44;82;86;89;90;93;96;97;98;99;101;102;105;106;109;110;172;174;177;178;179;180;181;269;277;278;289;290;293;294;297;298;301;302,24,37,1.0,0.9459459459459459,6.8841536281451,6.896241670021084,-1.4705631057835546,True,True,True,True,True,pass
Nb252_aff_seq111_Y111V,Nb252 reported_seq Y111V,Nb252 IMGT 113 Y>V,Nb252 chain C auth 111 Y>V,111,Y,V,CDR3,False,3,8112103,Nb252_WT_rep03_seed8112103,430.2757193239288,-69.08674897321856,-89.97048080420761,-112.67609280676204,14.225762864191024,24,36,0.9166666666666666,0.8378378378378378,0.04526928344165186,2.313987662645332,33;37;45;47;50;53;58;98;100;102;103;104;105;106;107;108;109;110;111;112;113;114;115;116,33;40;44;82;86;89;90;93;96;97;98;99;101;102;105;106;109;110;172;174;177;178;179;180;181;269;277;278;289;290;293;294;297;298;301;302,24,37,1.0,0.9459459459459459,5.37784225973661,6.552793614839757,-1.9598652924133741,True,True,True,True,True,pass
Nb252_aff_seq111_Y111W,Nb252 reported_seq Y111W,Nb252 IMGT 113 Y>W,Nb252 chain C auth 111 Y>W,111,Y,W,CDR3,False,1,8112101,Nb252_WT_rep01_seed8112101,435.1961283414614,-66.83824903031609,-95.28123996232,-120.9676268556087,14.881686559793827,24,36,0.9166666666666666,0.8648648648648649,0.04155867201648337,2.31422765658383,33;37;45;47;50;53;58;98;100;102;103;104;105;106;107;108;109;110;111;112;113;114;115;116,33;40;44;82;86;89;90;93;96;97;98;99;101;102;105;106;109;110;172;174;177;178;179;180;181;182;269;277;278;290;293;294;297;298;301;302,24,37,1.0,0.972972972972973,7.737188129062815,1.2420344567273673,-1.3039415968105708,True,True,True,True,True,pass
Nb252_aff_seq111_Y111W,Nb252 reported_seq Y111W,Nb252 IMGT 113 Y>W,Nb252 chain C auth 111 Y>W,111,Y,W,CDR3,False,2,8112102,Nb252_WT_rep02_seed8112102,435.82856206055135,-66.68032285301854,-95.02037791903841,-121.11823145455443,14.896569141021766,24,36,0.9166666666666666,0.8648648648648649,0.041835527301094314,2.3189009988561917,33;37;45;47;50;53;58;98;100;102;103;104;105;106;107;108;109;110;111;112;113;114;115;116,33;40;44;82;86;89;90;93;96;97;98;99;101;102;105;106;109;110;172;174;177;178;179;180;181;182;269;277;278;290;293;294;297;298;301;302,24,37,1.0,0.972972972972973,7.784268379936634,1.5028965000089585,-1.289059015582632,True,True,True,True,True,pass
Nb252_aff_seq111_Y111W,Nb252 reported_seq Y111W,Nb252 IMGT 113 Y>W,Nb252 chain C auth 111 Y>W,111,Y,W,CDR3,False,3,8112103,Nb252_WT_rep03_seed8112103,435.1961283414614,-66.83824903031609,-95.28123996232,-120.9676268556087,14.881686559793827,24,36,0.9166666666666666,0.8648648648648649,0.04155867201648337,2.31422765658383,33;37;45;47;50;53;58;98;100;102;103;104;105;106;107;108;109;110;111;112;113;114;115;116,33;40;44;82;86;89;90;93;96;97;98;99;101;102;105;106;109;110;172;174;177;178;179;180;181;182;269;277;278;290;293;294;297;298;301;302,24,37,1.0,0.972972972972973,7.62634220263908,1.2420344567273673,-1.3039415968105708,True,True,True,True,True,pass
Nb252_aff_seq112_I112A,Nb252 reported_seq I112A,Nb252 IMGT 114 I>A,Nb252 chain C auth 112 I>A,112,I,A,CDR3,False,1,8112101,Nb252_WT_rep01_seed8112101,427.39015883193827,-71.09178001779014,-94.00956594118213,-118.35852219481029,16.094471778585742,24,37,0.9166666666666666,0.8918918918918919,0.04302278278372912,2.3128658726571603,33;37;45;47;50;53;58;98;100;102;103;104;105;106;107;108;109;110;111;112;113;114;115;116,33;40;44;82;86;89;90;93;96;97;98;99;101;102;105;106;109;110;172;174;177;178;179;180;181;182;269;277;278;279;290;293;294;297;298;301;302,24,37,1.0,1.0,3.4836571415887647,2.5137084778652365,-0.09115637801865617,True,True,True,True,True,pass
Nb252_aff_seq112_I112A,Nb252 reported_seq I112A,Nb252 IMGT 114 I>A,Nb252 chain C auth 112 I>A,112,I,A,CDR3,False,2,8112102,Nb252_WT_rep02_seed8112102,427.39015883193827,-71.09178001779014,-94.00956594118213,-118.35852219481029,16.094471778585742,24,37,0.9166666666666666,0.8918918918918919,0.04302278278372912,2.3128658726571603,33;37;45;47;50;53;58;98;100;102;103;104;105;106;107;108;109;110;111;112;113;114;115;116,33;40;44;82;86;89;90;93;96;97;98;99;101;102;105;106;109;110;172;174;177;178;179;180;181;182;269;277;278;279;290;293;294;297;298;301;302,24,37,1.0,1.0,3.3728112151650294,2.5137084778652365,-0.09115637801865617,True,True,True,True,True,pass
Nb252_aff_seq112_I112A,Nb252 reported_seq I112A,Nb252 IMGT 114 I>A,Nb252 chain C auth 112 I>A,112,I,A,CDR3,False,3,8112103,Nb252_WT_rep03_seed8112103,427.39015883193827,-71.09178001779014,-94.00956594118213,-118.35852219481029,16.094471778585742,24,37,0.9166666666666666,0.8918918918918919,0.04302278278372912,2.3128658726571603,33;37;45;47;50;53;58;98;100;102;103;104;105;106;107;108;109;110;111;112;113;114;115;116,33;40;44;82;86;89;90;93;96;97;98;99;101;102;105;106;109;110;172;174;177;178;179;180;181;182;269;277;278;279;290;293;294;297;298;301;302,24,37,1.0,1.0,3.3728112151650294,2.5137084778652365,-0.09115637801865617,True,True,True,True,True,pass
Nb252_aff_seq112_I112C,Nb252 reported_seq I112C,Nb252 IMGT 114 I>C,Nb252 chain C auth 112 I>C,112,I,C,CDR3,False,1,8112101,Nb252_WT_rep01_seed8112101,425.2945207401833,-71.7091399312427,-94.72579344565776,-119.0565388393742,16.068061574196516,24,37,0.9166666666666666,0.8918918918918919,0.04344750294723056,2.313539373336559,33;37;45;47;50;53;58;98;100;102;103;104;105;106;107;108;109;110;111;112;113;114;115;116,33;40;44;82;86;89;90;93;96;97;98;99;101;102;105;106;109;110;172;174;177;178;179;180;181;182;269;277;278;279;290;293;294;297;298;301;302,24,37,1.0,1.0,2.8662972281362045,1.7974809733896109,-0.11756658240788198,True,True,True,True,True,pass
Nb252_aff_seq112_I112C,Nb252 reported_seq I112C,Nb252 IMGT 114 I>C,Nb252 chain C auth 112 I>C,112,I,C,CDR3,False,2,8112102,Nb252_WT_rep02_seed8112102,425.2945207401833,-71.7091399312427,-94.72579344565776,-119.0565388393742,16.068061574196516,24,37,0.9166666666666666,0.8918918918918919,0.04344750294723056,2.313539373336559,33;37;45;47;50;53;58;98;100;102;103;104;105;106;107;108;109;110;111;112;113;114;115;116,33;40;44;82;86;89;90;93;96;97;98;99;101;102;105;106;109;110;172;174;177;178;179;180;181;182;269;277;278;279;290;293;294;297;298;301;302,24,37,1.0,1.0,2.755451301712469,1.7974809733896109,-0.11756658240788198,True,True,True,True,True,pass
Nb252_aff_seq112_I112C,Nb252 reported_seq I112C,Nb252 IMGT 114 I>C,Nb252 chain C auth 112 I>C,112,I,C,CDR3,False,3,8112103,Nb252_WT_rep03_seed8112103,425.2945207401833,-71.7091399312427,-94.72579344565776,-119.0565388393742,16.068061574196516,24,37,0.9166666666666666,0.8918918918918919,0.04344750294723056,2.313539373336559,33;37;45;47;50;53;58;98;100;102;103;104;105;106;107;108;109;110;111;112;113;114;115;116,33;40;44;82;86;89;90;93;96;97;98;99;101;102;105;106;109;110;172;174;177;178;179;180;181;182;269;277;278;279;290;293;294;297;298;301;302,24,37,1.0,1.0,2.755451301712469,1.7974809733896109,-0.11756658240788198,True,True,True,True,True,pass
Nb252_aff_seq112_I112D,Nb252 reported_seq I112D,Nb252 IMGT 114 I>D,Nb252 chain C auth 112 I>D,112,I,D,CDR3,False,1,8112101,Nb252_WT_rep01_seed8112101,428.5245114641742,-70.52144407195095,-93.07266468997689,-119.02071125814709,15.89612441287619,24,36,0.9166666666666666,0.8918918918918919,0.043910447895206164,2.309347407935316,33;37;45;47;50;53;58;98;100;102;103;104;105;106;107;108;109;110;111;112;113;114;115;116,33;40;44;82;86;89;90;93;96;97;98;99;101;102;105;109;110;172;174;177;178;179;180;181;182;269;277;278;279;290;293;294;297;298;301;302,24,37,1.0,0.972972972972973,4.053993087427955,3.4506097290704787,-0.28950374372820775,True,True,True,True,True,pass
Nb252_aff_seq112_I112D,Nb252 reported_seq I112D,Nb252 IMGT 114 I>D,Nb252 chain C auth 112 I>D,112,I,D,CDR3,False,2,8112102,Nb252_WT_rep02_seed8112102,428.5245114641742,-70.52144407195095,-93.07266468997689,-119.02071125814709,15.89612441287619,24,36,0.9166666666666666,0.8918918918918919,0.043910447895206164,2.309347407935316,33;37;45;47;50;53;58;98;100;102;103;104;105;106;107;108;109;110;111;112;113;114;115;116,33;40;44;82;86;89;90;93;96;97;98;99;101;102;105;109;110;172;174;177;178;179;180;181;182;269;277;278;279;290;293;294;297;298;301;302,24,37,1.0,0.972972972972973,3.9431471610042195,3.4506097290704787,-0.28950374372820775,True,True,True,True,True,pass
Nb252_aff_seq112_I112D,Nb252 reported_seq I112D,Nb252 IMGT 114 I>D,Nb252 chain C auth 112 I>D,112,I,D,CDR3,False,3,8112103,Nb252_WT_rep03_seed8112103,428.5245114641742,-70.52144407195095,-93.07266468997689,-119.02071125814709,15.89612441287619,24,36,0.9166666666666666,0.8918918918918919,0.043910447895206164,2.309347407935316,33;37;45;47;50;53;58;98;100;102;103;104;105;106;107;108;109;110;111;112;113;114;115;116,33;40;44;82;86;89;90;93;96;97;98;99;101;102;105;109;110;172;174;177;178;179;180;181;182;269;277;278;279;290;293;294;297;298;301;302,24,37,1.0,0.972972972972973,3.9431471610042195,3.4506097290704787,-0.28950374372820775,True,True,True,True,True,pass
Nb252_aff_seq112_I112E,Nb252 reported_seq I112E,Nb252 IMGT 114 I>E,Nb252 chain C auth 112 I>E,112,I,E,CDR3,False,1,8112101,Nb252_WT_rep01_seed8112101,426.81369894517684,-72.84240272334574,-92.85564550717915,-119.67113879416057,16.068992492672027,24,37,0.9166666666666666,0.8918918918918919,0.04338215627078037,2.301475988827798,33;37;45;47;50;53;58;98;100;102;103;104;105;106;107;108;109;110;111;112;113;114;115;116,33;40;44;82;86;89;90;93;96;97;98;99;101;102;105;106;109;110;172;174;177;178;179;180;181;182;269;277;278;279;290;293;294;297;298;301;302,24,37,1.0,1.0,1.733034436033165,3.6676289118682206,-0.1166356639323709,True,True,True,True,True,pass
Nb252_aff_seq112_I112E,Nb252 reported_seq I112E,Nb252 IMGT 114 I>E,Nb252 chain C auth 112 I>E,112,I,E,CDR3,False,2,8112102,Nb252_WT_rep02_seed8112102,430.18196775572306,-70.30339426589165,-93.24758140453832,-120.0577151689092,16.189516169200097,24,38,0.9166666666666666,0.8918918918918919,0.04284794495178548,2.298953963800929,33;37;45;47;50;53;58;98;100;102;103;104;105;106;107;108;109;110;111;112;113;114;115;116,33;40;44;82;86;89;90;93;96;97;98;99;101;102;105;106;109;110;172;174;177;178;179;180;181;182;269;277;278;279;286;290;293;294;297;298;301;302,24,37,1.0,1.0,4.161196967063518,3.275693014509045,0.003888012595698598,True,True,True,True,True,pass
Nb252_aff_seq112_I112E,Nb252 reported_seq I112E,Nb252 IMGT 114 I>E,Nb252 chain C auth 112 I>E,112,I,E,CDR3,False,3,8112103,Nb252_WT_rep03_seed8112103,426.81369894517684,-70.7682766005754,-92.85564550717915,-119.67113879416057,16.068992492672027,24,37,0.9166666666666666,0.8918918918918919,0.04338215627078037,2.301475988827798,33;37;45;47;50;53;58;98;100;102;103;104;105;106;107;108;109;110;111;112;113;114;115;116,33;40;44;82;86;89;90;93;96;97;98;99;101;102;105;106;109;110;172;174;177;178;179;180;181;182;269;277;278;279;290;293;294;297;298;301;302,24,37,1.0,1.0,3.6963146323797673,3.6676289118682206,-0.1166356639323709,True,True,True,True,True,pass
Nb252_aff_seq112_I112F,Nb252 reported_seq I112F,Nb252 IMGT 114 I>F,Nb252 chain C auth 112 I>F,112,I,F,CDR3,False,1,8112101,Nb252_WT_rep01_seed8112101,437.45152078311395,-66.68484033325598,-94.73315875971451,-123.11883166879403,18.57400278672031,24,38,0.9166666666666666,0.918918918918919,0.045865338235461815,2.2990724158590576,33;37;45;47;50;53;58;98;100;102;103;104;105;106;107;108;109;110;111;112;113;114;115;116,33;37;40;44;82;86;89;90;93;96;97;98;99;101;102;105;106;109;110;172;174;177;178;179;180;181;182;269;277;278;279;290;293;294;297;298;301;302,24,37,1.0,1.0,7.8905968261229305,1.790115659332855,2.388374630115912,True,True,True,True,True,pass
Nb252_aff_seq112_I112F,Nb252 reported_seq I112F,Nb252 IMGT 114 I>F,Nb252 chain C auth 112 I>F,112,I,F,CDR3,False,2,8112102,Nb252_WT_rep02_seed8112102,437.45152078311395,-66.68484033325598,-94.73315875971451,-123.11883166879403,18.57400278672031,24,38,0.9166666666666666,0.918918918918919,0.045865338235461815,2.2990724158590576,33;37;45;47;50;53;58;98;100;102;103;104;105;106;107;108;109;110;111;112;113;114;115;116,33;37;40;44;82;86;89;90;93;96;97;98;99;101;102;105;106;109;110;172;174;177;178;179;180;181;182;269;277;278;279;290;293;294;297;298;301;302,24,37,1.0,1.0,7.779750899699195,1.790115659332855,2.388374630115912,True,True,True,True,True,pass
Nb252_aff_seq112_I112F,Nb252 reported_seq I112F,Nb252 IMGT 114 I>F,Nb252 chain C auth 112 I>F,112,I,F,CDR3,False,3,8112103,Nb252_WT_rep03_seed8112103,437.45152078311395,-67.07990522878407,-94.73315875971451,-123.11883166879403,18.57400278672031,24,38,0.9166666666666666,0.918918918918919,0.045865338235461815,2.2990724158590576,33;37;45;47;50;53;58;98;100;102;103;104;105;106;107;108;109;110;111;112;113;114;115;116,33;37;40;44;82;86;89;90;93;96;97;98;99;101;102;105;106;109;110;172;174;177;178;179;180;181;182;269;277;278;279;290;293;294;297;298;301;302,24,37,1.0,1.0,7.384686004171101,1.790115659332855,2.388374630115912,True,True,True,True,True,pass
Nb252_aff_seq112_I112G,Nb252 reported_seq I112G,Nb252 IMGT 114 I>G,Nb252 chain C auth 112 I>G,112,I,G,CDR3,False,1,8112101,Nb252_WT_rep01_seed8112101,430.0669177103889,-71.20168656718783,-93.88500019557645,-118.03471192812813,15.870697830829439,24,37,0.9166666666666666,0.8918918918918919,0.043784830872687495,2.309085310439517,33;37;45;47;50;53;58;98;100;102;103;104;105;106;107;108;109;110;111;112;113;114;115;116,33;40;44;82;86;89;90;93;96;97;98;99;101;102;105;106;109;110;172;174;177;178;179;180;181;182;269;277;278;279;290;293;294;297;298;301;302,24,37,1.0,1.0,3.3737505921910724,2.6382742234709156,-0.3149303257749594,True,True,True,True,True,pass
Nb252_aff_seq112_I112G,Nb252 reported_seq I112G,Nb252 IMGT 114 I>G,Nb252 chain C auth 112 I>G,112,I,G,CDR3,False,2,8112102,Nb252_WT_rep02_seed8112102,430.0669177103889,-71.6557433658943,-93.88500019557645,-118.03471192812813,15.870697830829439,24,37,0.9166666666666666,0.8918918918918919,0.043784830872687495,2.309085310439517,33;37;45;47;50;53;58;98;100;102;103;104;105;106;107;108;109;110;111;112;113;114;115;116,33;40;44;82;86;89;90;93;96;97;98;99;101;102;105;106;109;110;172;174;177;178;179;180;181;182;269;277;278;279;290;293;294;297;298;301;302,24,37,1.0,1.0,2.8088478670608765,2.6382742234709156,-0.3149303257749594,True,True,True,True,True,pass
Nb252_aff_seq112_I112G,Nb252 reported_seq I112G,Nb252 IMGT 114 I>G,Nb252 chain C auth 112 I>G,112,I,G,CDR3,False,3,8112103,Nb252_WT_rep03_seed8112103,430.0669177103889,-73.10216507731127,-93.88500019557645,-118.03471192812813,15.870697830829439,24,37,0.9166666666666666,0.8918918918918919,0.043784830872687495,2.309085310439517,33;37;45;47;50;53;58;98;100;102;103;104;105;106;107;108;109;110;111;112;113;114;115;116,33;40;44;82;86;89;90;93;96;97;98;99;101;102;105;106;109;110;172;174;177;178;179;180;181;182;269;277;278;279;290;293;294;297;298;301;302,24,37,1.0,1.0,1.3624261556439023,2.6382742234709156,-0.3149303257749594,True,True,True,True,True,pass
Nb252_aff_seq112_I112H,Nb252 reported_seq I112H,Nb252 IMGT 114 I>H,Nb252 chain C auth 112 I>H,112,I,H,CDR3,False,1,8112101,Nb252_WT_rep01_seed8112101,430.0431828945941,-69.9040070935252,-94.11378306538799,-122.78801945174885,16.88013695439281,24,37,0.9166666666666666,0.8918918918918919,0.044526592269749185,2.2941086298198097,33;37;45;47;50;53;58;98;100;102;103;104;105;106;107;108;109;110;111;112;113;114;115;116,33;40;44;82;86;89;90;93;96;97;98;99;101;102;105;106;109;110;172;174;177;178;179;180;181;182;269;277;278;279;290;293;294;297;298;301;302,24,37,1.0,1.0,4.671430065853713,2.4094913536593765,0.6945087977884121,True,True,True,True,True,pass
Nb252_aff_seq112_I112H,Nb252 reported_seq I112H,Nb252 IMGT 114 I>H,Nb252 chain C auth 112 I>H,112,I,H,CDR3,False,2,8112102,Nb252_WT_rep02_seed8112102,430.0431828945941,-69.15746268782749,-94.11378306538799,-122.78801945174885,16.88013695439281,24,37,0.9166666666666666,0.8918918918918919,0.044526592269749185,2.2941086298198097,33;37;45;47;50;53;58;98;100;102;103;104;105;106;107;108;109;110;111;112;113;114;115;116,33;40;44;82;86;89;90;93;96;97;98;99;101;102;105;106;109;110;172;174;177;178;179;180;181;182;269;277;278;279;290;293;294;297;298;301;302,24,37,1.0,1.0,5.307128545127682,2.4094913536593765,0.6945087977884121,True,True,True,True,True,pass
Nb252_aff_seq112_I112H,Nb252 reported_seq I112H,Nb252 IMGT 114 I>H,Nb252 chain C auth 112 I>H,112,I,H,CDR3,False,3,8112103,Nb252_WT_rep03_seed8112103,430.0431828945941,-69.16730303746931,-94.11378306538799,-122.78801945174885,16.88013695439281,24,37,0.9166666666666666,0.8918918918918919,0.044526592269749185,2.2941086298198097,33;37;45;47;50;53;58;98;100;102;103;104;105;106;107;108;109;110;111;112;113;114;115;116,33;40;44;82;86;89;90;93;96;97;98;99;101;102;105;106;109;110;172;174;177;178;179;180;181;182;269;277;278;279;290;293;294;297;298;301;302,24,37,1.0,1.0,5.297288195485862,2.4094913536593765,0.6945087977884121,True,True,True,True,True,pass
Nb252_aff_seq112_I112K,Nb252 reported_seq I112K,Nb252 IMGT 114 I>K,Nb252 chain C auth 112 I>K,112,I,K,CDR3,False,1,8112101,Nb252_WT_rep01_seed8112101,424.9150800944626,-72.40012922351951,-95.63360193158343,-121.61720543501949,16.005065126486066,24,37,0.9166666666666666,0.8918918918918919,0.04448936938264799,2.3129645821262232,33;37;45;47;50;53;58;98;100;102;103;104;105;106;107;108;109;110;111;112;113;114;115;116,33;40;44;82;86;89;90;93;96;97;98;99;101;102;105;106;109;110;172;174;177;178;179;180;181;182;269;277;278;279;290;293;294;297;298;301;302,24,37,1.0,1.0,2.1753079358593936,0.8896724874639403,-0.18056303011833208,True,True,True,True,True,pass
Nb252_aff_seq112_I112K,Nb252 reported_seq I112K,Nb252 IMGT 114 I>K,Nb252 chain C auth 112 I>K,112,I,K,CDR3,False,2,8112102,Nb252_WT_rep02_seed8112102,427.3747609922914,-71.1093167510736,-95.95945761557266,-121.30997177541978,16.00035933182042,24,37,0.9166666666666666,0.8918918918918919,0.044101881117953025,2.308133118156154,33;37;45;47;50;53;58;98;100;102;103;104;105;106;107;108;109;110;111;112;113;114;115;116,33;40;44;82;86;89;90;93;96;97;98;99;101;102;105;106;109;110;172;174;177;178;179;180;181;182;269;277;278;279;290;293;294;297;298;301;302,24,37,1.0,1.0,3.3552744818815654,0.5638168034747082,-0.18526882478397866,True,True,True,True,True,pass
Nb252_aff_seq112_I112K,Nb252 reported_seq I112K,Nb252 IMGT 114 I>K,Nb252 chain C auth 112 I>K,112,I,K,CDR3,False,3,8112103,Nb252_WT_rep03_seed8112103,427.3747609922914,-69.64182883262413,-95.95945761557266,-121.30997177541978,16.00035933182042,24,37,0.9166666666666666,0.8918918918918919,0.044101881117953025,2.308133118156154,33;37;45;47;50;53;58;98;100;102;103;104;105;106;107;108;109;110;111;112;113;114;115;116,33;40;44;82;86;89;90;93;96;97;98;99;101;102;105;106;109;110;172;174;177;178;179;180;181;182;269;277;278;279;290;293;294;297;298;301;302,24,37,1.0,1.0,4.822762400331044,0.5638168034747082,-0.18526882478397866,True,True,True,True,True,pass
Nb252_aff_seq112_I112L,Nb252 reported_seq I112L,Nb252 IMGT 114 I>L,Nb252 chain C auth 112 I>L,112,I,L,CDR3,False,1,8112101,Nb252_WT_rep01_seed8112101,427.3030361569236,-71.72007194736938,-96.63522425440075,-120.12563538917085,15.566429834021758,24,37,0.9166666666666666,0.8918918918918919,0.043119324358436475,2.297217385015054,33;37;45;47;50;53;58;98;100;102;103;104;105;106;107;108;109;110;111;112;113;114;115;116,33;40;44;82;86;89;90;93;96;97;98;99;101;102;105;106;109;110;172;174;177;178;179;180;181;182;269;277;278;279;290;293;294;297;298;301;302,24,37,1.0,1.0,2.8553652120095308,-0.11194983535338565,-0.6191983225826405,True,True,True,True,True,pass
Nb252_aff_seq112_I112L,Nb252 reported_seq I112L,Nb252 IMGT 114 I>L,Nb252 chain C auth 112 I>L,112,I,L,CDR3,False,2,8112102,Nb252_WT_rep02_seed8112102,427.3030361569236,-72.10946058096278,-96.63522425440075,-120.12563538917085,15.566429834021758,24,37,0.9166666666666666,0.8918918918918919,0.043119324358436475,2.297217385015054,33;37;45;47;50;53;58;98;100;102;103;104;105;106;107;108;109;110;111;112;113;114;115;116,33;40;44;82;86;89;90;93;96;97;98;99;101;102;105;106;109;110;172;174;177;178;179;180;181;182;269;277;278;279;290;293;294;297;298;301;302,24,37,1.0,1.0,2.355130651992397,-0.11194983535338565,-0.6191983225826405,True,True,True,True,True,pass
Nb252_aff_seq112_I112L,Nb252 reported_seq I112L,Nb252 IMGT 114 I>L,Nb252 chain C auth 112 I>L,112,I,L,CDR3,False,3,8112103,Nb252_WT_rep03_seed8112103,425.0489596420946,-74.75563471329548,-96.90023986913631,-121.4651844000365,16.482789143958033,24,37,0.9166666666666666,0.8918918918918919,0.04378951233382288,2.3028371745522094,33;37;45;47;50;53;58;98;100;102;103;104;105;106;107;108;109;110;111;112;113;114;115;116,33;40;44;82;86;89;90;93;96;97;98;99;101;102;105;106;109;110;172;174;177;178;179;180;181;182;269;277;278;279;290;293;294;297;298;301;302,24,37,1.0,1.0,-0.29104348034030636,-0.3769654500889459,0.29716098735363516,True,True,True,True,True,pass
Nb252_aff_seq112_I112M,Nb252 reported_seq I112M,Nb252 IMGT 114 I>M,Nb252 chain C auth 112 I>M,112,I,M,CDR3,False,1,8112101,Nb252_WT_rep01_seed8112101,431.6625542006559,-66.79880556421858,-95.32051432713872,-120.97801466706328,16.312948659553662,24,38,0.9166666666666666,0.8918918918918919,0.04191622756231049,2.303241035026365,33;37;45;47;50;53;58;98;100;102;103;104;105;106;107;108;109;110;111;112;113;114;115;116,33;40;44;82;86;89;90;93;96;97;98;99;101;102;105;106;109;110;172;174;177;178;179;180;181;182;269;277;278;279;286;290;293;294;297;298;301;302,24,37,1.0,1.0,7.776631595160325,1.2027600919086439,0.12732050294926367,True,True,True,True,True,pass
Nb252_aff_seq112_I112M,Nb252 reported_seq I112M,Nb252 IMGT 114 I>M,Nb252 chain C auth 112 I>M,112,I,M,CDR3,False,2,8112102,Nb252_WT_rep02_seed8112102,431.6625542006559,-68.70541696580119,-95.32051432713872,-120.97801466706328,16.312948659553662,24,38,0.9166666666666666,0.8918918918918919,0.04191622756231049,2.303241035026365,33;37;45;47;50;53;58;98;100;102;103;104;105;106;107;108;109;110;111;112;113;114;115;116,33;40;44;82;86;89;90;93;96;97;98;99;101;102;105;106;109;110;172;174;177;178;179;180;181;182;269;277;278;279;286;290;293;294;297;298;301;302,24,37,1.0,1.0,5.7591742671539805,1.2027600919086439,0.12732050294926367,True,True,True,True,True,pass
Nb252_aff_seq112_I112M,Nb252 reported_seq I112M,Nb252 IMGT 114 I>M,Nb252 chain C auth 112 I>M,112,I,M,CDR3,False,3,8112103,Nb252_WT_rep03_seed8112103,431.6625542006559,-67.21005956233716,-95.32051432713872,-120.97801466706328,16.312948659553662,24,38,0.9166666666666666,0.8918918918918919,0.04191622756231049,2.303241035026365,33;37;45;47;50;53;58;98;100;102;103;104;105;106;107;108;109;110;111;112;113;114;115;116,33;40;44;82;86;89;90;93;96;97;98;99;101;102;105;106;109;110;172;174;177;178;179;180;181;182;269;277;278;279;286;290;293;294;297;298;301;302,24,37,1.0,1.0,7.254531670618007,1.2027600919086439,0.12732050294926367,True,True,True,True,True,pass
Nb252_aff_seq112_I112N,Nb252 reported_seq I112N,Nb252 IMGT 114 I>N,Nb252 chain C auth 112 I>N,112,I,N,CDR3,False,1,8112101,Nb252_WT_rep01_seed8112101,425.314555493739,-72.33932271859157,-95.03191962884613,-120.48145405575632,16.184618390295515,24,37,0.9166666666666666,0.8918918918918919,0.04399561137981067,2.3105199666245917,33;37;45;47;50;53;58;98;100;102;103;104;105;106;107;108;109;110;111;112;113;114;115;116,33;40;44;82;86;89;90;93;96;97;98;99;101;102;105;106;109;110;172;174;177;178;179;180;181;182;269;277;278;279;290;293;294;297;298;301;302,24,37,1.0,1.0,2.2361144407873326,1.4913547902012425,-0.0010097663088828313,True,True,True,True,True,pass
Nb252_aff_seq112_I112N,Nb252 reported_seq I112N,Nb252 IMGT 114 I>N,Nb252 chain C auth 112 I>N,112,I,N,CDR3,False,2,8112102,Nb252_WT_rep02_seed8112102,425.314555493739,-72.33932271859157,-95.03191962884613,-120.48145405575632,16.184618390295515,24,37,0.9166666666666666,0.8918918918918919,0.04399561137981067,2.3105199666245917,33;37;45;47;50;53;58;98;100;102;103;104;105;106;107;108;109;110;111;112;113;114;115;116,33;40;44;82;86;89;90;93;96;97;98;99;101;102;105;106;109;110;172;174;177;178;179;180;181;182;269;277;278;279;290;293;294;297;298;301;302,24,37,1.0,1.0,2.125268514363597,1.4913547902012425,-0.0010097663088828313,True,True,True,True,True,pass
Nb252_aff_seq112_I112N,Nb252 reported_seq I112N,Nb252 IMGT 114 I>N,Nb252 chain C auth 112 I>N,112,I,N,CDR3,False,3,8112103,Nb252_WT_rep03_seed8112103,425.314555493739,-72.75308561423753,-95.03191962884613,-120.48145405575632,16.184618390295515,24,37,0.9166666666666666,0.8918918918918919,0.04399561137981067,2.3105199666245917,33;37;45;47;50;53;58;98;100;102;103;104;105;106;107;108;109;110;111;112;113;114;115;116,33;40;44;82;86;89;90;93;96;97;98;99;101;102;105;106;109;110;172;174;177;178;179;180;181;182;269;277;278;279;290;293;294;297;298;301;302,24,37,1.0,1.0,1.7115056187176378,1.4913547902012425,-0.0010097663088828313,True,True,True,True,True,pass
Nb252_aff_seq112_I112P,Nb252 reported_seq I112P,Nb252 IMGT 114 I>P,Nb252 chain C auth 112 I>P,112,I,P,CDR3,False,1,8112101,Nb252_WT_rep01_seed8112101,509.5869607274442,-43.783188147356555,-94.65105144267177,-119.7560878546019,16.464823771184236,24,36,0.9166666666666666,0.8648648648648649,0.049230372018474064,2.310536850592843,33;37;45;47;50;53;58;98;100;102;103;104;105;106;107;108;109;110;111;112;113;114;115;116,33;40;44;82;86;89;90;93;96;97;98;99;101;102;105;106;109;110;172;174;177;178;179;180;181;182;269;277;278;290;293;294;297;298;301;302,24,37,1.0,0.972972972972973,30.792249012022353,1.8722229763755962,0.2791956145798373,True,True,True,True,True,pass
Nb252_aff_seq112_I112P,Nb252 reported_seq I112P,Nb252 IMGT 114 I>P,Nb252 chain C auth 112 I>P,112,I,P,CDR3,False,2,8112102,Nb252_WT_rep02_seed8112102,509.5869607274442,-43.783188147356555,-94.65105144267177,-119.7560878546019,16.464823771184236,24,36,0.9166666666666666,0.8648648648648649,0.049230372018474064,2.310536850592843,33;37;45;47;50;53;58;98;100;102;103;104;105;106;107;108;109;110;111;112;113;114;115;116,33;40;44;82;86;89;90;93;96;97;98;99;101;102;105;106;109;110;172;174;177;178;179;180;181;182;269;277;278;290;293;294;297;298;301;302,24,37,1.0,0.972972972972973,30.681403085598618,1.8722229763755962,0.2791956145798373,True,True,True,True,True,pass
Nb252_aff_seq112_I112P,Nb252 reported_seq I112P,Nb252 IMGT 114 I>P,Nb252 chain C auth 112 I>P,112,I,P,CDR3,False,3,8112103,Nb252_WT_rep03_seed8112103,509.5869607274442,-43.783188147356555,-94.65105144267177,-119.7560878546019,16.464823771184236,24,36,0.9166666666666666,0.8648648648648649,0.049230372018474064,2.310536850592843,33;37;45;47;50;53;58;98;100;102;103;104;105;106;107;108;109;110;111;112;113;114;115;116,33;40;44;82;86;89;90;93;96;97;98;99;101;102;105;106;109;110;172;174;177;178;179;180;181;182;269;277;278;290;293;294;297;298;301;302,24,37,1.0,0.972972972972973,30.681403085598618,1.8722229763755962,0.2791956145798373,True,True,True,True,True,pass
Nb252_aff_seq112_I112Q,Nb252 reported_seq I112Q,Nb252 IMGT 114 I>Q,Nb252 chain C auth 112 I>Q,112,I,Q,CDR3,False,1,8112101,Nb252_WT_rep01_seed8112101,425.8718622186459,-70.51201054864856,-96.34555027781599,-120.68713984344743,15.684863933434539,24,37,0.9166666666666666,0.8918918918918919,0.04442401635430208,2.3169639740734995,33;37;45;47;50;53;58;98;100;102;103;104;105;106;107;108;109;110;111;112;113;114;115;116,33;40;44;82;86;89;90;93;96;97;98;99;101;102;105;106;109;110;172;174;177;178;179;180;181;182;269;277;278;279;290;293;294;297;298;301;302,24,37,1.0,1.0,4.063426610730346,0.17772414123137992,-0.5007642231698597,True,True,True,True,True,pass
Nb252_aff_seq112_I112Q,Nb252 reported_seq I112Q,Nb252 IMGT 114 I>Q,Nb252 chain C auth 112 I>Q,112,I,Q,CDR3,False,2,8112102,Nb252_WT_rep02_seed8112102,425.8718622186459,-70.90681718651496,-96.34555027781599,-120.68713984344743,15.684863933434539,24,37,0.9166666666666666,0.8918918918918919,0.04442401635430208,2.3169639740734995,33;37;45;47;50;53;58;98;100;102;103;104;105;106;107;108;109;110;111;112;113;114;115;116,33;40;44;82;86;89;90;93;96;97;98;99;101;102;105;106;109;110;172;174;177;178;179;180;181;182;269;277;278;279;290;293;294;297;298;301;302,24,37,1.0,1.0,3.5577740464402154,0.17772414123137992,-0.5007642231698597,True,True,True,True,True,pass
Nb252_aff_seq112_I112Q,Nb252 reported_seq I112Q,Nb252 IMGT 114 I>Q,Nb252 chain C auth 112 I>Q,112,I,Q,CDR3,False,3,8112103,Nb252_WT_rep03_seed8112103,425.8718622186459,-71.97338119197678,-96.34555027781599,-120.68713984344743,15.684863933434539,24,37,0.9166666666666666,0.8918918918918919,0.04442401635430208,2.3169639740734995,33;37;45;47;50;53;58;98;100;102;103;104;105;106;107;108;109;110;111;112;113;114;115;116,33;40;44;82;86;89;90;93;96;97;98;99;101;102;105;106;109;110;172;174;177;178;179;180;181;182;269;277;278;279;290;293;294;297;298;301;302,24,37,1.0,1.0,2.4912100409783875,0.17772414123137992,-0.5007642231698597,True,True,True,True,True,pass
Nb252_aff_seq112_I112R,Nb252 reported_seq I112R,Nb252 IMGT 114 I>R,Nb252 chain C auth 112 I>R,112,I,R,CDR3,False,1,8112101,Nb252_WT_rep01_seed8112101,427.40942433070893,-70.19088000447664,-98.22800359007167,-123.35038919915769,16.721210497884897,24,38,0.9166666666666666,0.8918918918918919,0.04309586087428881,2.3143812408419095,33;37;45;47;50;53;58;98;100;102;103;104;105;106;107;108;109;110;111;112;113;114;115;116,33;40;44;82;86;89;90;93;96;97;98;99;101;102;105;106;109;110;172;174;177;178;179;180;181;182;269;277;278;279;286;290;293;294;297;298;301;302,24,37,1.0,1.0,4.384557154902268,-1.7047291710242973,0.5355823412804988,True,True,True,True,True,pass
Nb252_aff_seq112_I112R,Nb252 reported_seq I112R,Nb252 IMGT 114 I>R,Nb252 chain C auth 112 I>R,112,I,R,CDR3,False,2,8112102,Nb252_WT_rep02_seed8112102,427.40942433070893,-70.5689484549855,-98.22800359007167,-123.35038919915769,16.721210497884897,24,38,0.9166666666666666,0.8918918918918919,0.04309586087428881,2.3143812408419095,33;37;45;47;50;53;58;98;100;102;103;104;105;106;107;108;109;110;111;112;113;114;115;116,33;40;44;82;86;89;90;93;96;97;98;99;101;102;105;106;109;110;172;174;177;178;179;180;181;182;269;277;278;279;286;290;293;294;297;298;301;302,24,37,1.0,1.0,3.8956427779696696,-1.7047291710242973,0.5355823412804988,True,True,True,True,True,pass
Nb252_aff_seq112_I112R,Nb252 reported_seq I112R,Nb252 IMGT 114 I>R,Nb252 chain C auth 112 I>R,112,I,R,CDR3,False,3,8112103,Nb252_WT_rep03_seed8112103,427.40942433070893,-70.19088000447664,-98.22800359007167,-123.35038919915769,16.721210497884897,24,38,0.9166666666666666,0.8918918918918919,0.04309586087428881,2.3143812408419095,33;37;45;47;50;53;58;98;100;102;103;104;105;106;107;108;109;110;111;112;113;114;115;116,33;40;44;82;86;89;90;93;96;97;98;99;101;102;105;106;109;110;172;174;177;178;179;180;181;182;269;277;278;279;286;290;293;294;297;298;301;302,24,37,1.0,1.0,4.273711228478533,-1.7047291710242973,0.5355823412804988,True,True,True,True,True,pass
Nb252_aff_seq112_I112S,Nb252 reported_seq I112S,Nb252 IMGT 114 I>S,Nb252 chain C auth 112 I>S,112,I,S,CDR3,False,1,8112101,Nb252_WT_rep01_seed8112101,427.12351364075994,-72.411280085165,-93.87425614002193,-118.47143792968652,15.917809128073776,24,37,0.9166666666666666,0.8918918918918919,0.04351809889065051,2.3117160009434707,33;37;45;47;50;53;58;98;100;102;103;104;105;106;107;108;109;110;111;112;113;114;115;116,33;40;44;82;86;89;90;93;96;97;98;99;101;102;105;106;109;110;172;174;177;178;179;180;181;182;269;277;278;279;290;293;294;297;298;301;302,24,37,1.0,1.0,2.164157074213904,2.649018279025441,-0.26781902853062256,True,True,True,True,True,pass
Nb252_aff_seq112_I112S,Nb252 reported_seq I112S,Nb252 IMGT 114 I>S,Nb252 chain C auth 112 I>S,112,I,S,CDR3,False,2,8112102,Nb252_WT_rep02_seed8112102,427.12351364075994,-70.9439798685512,-93.87425614002193,-118.47143792968652,15.917809128073776,24,37,0.9166666666666666,0.8918918918918919,0.04351809889065051,2.3117160009434707,33;37;45;47;50;53;58;98;100;102;103;104;105;106;107;108;109;110;111;112;113;114;115;116,33;40;44;82;86;89;90;93;96;97;98;99;101;102;105;106;109;110;172;174;177;178;179;180;181;182;269;277;278;279;290;293;294;297;298;301;302,24,37,1.0,1.0,3.520611364403976,2.649018279025441,-0.26781902853062256,True,True,True,True,True,pass
Nb252_aff_seq112_I112S,Nb252 reported_seq I112S,Nb252 IMGT 114 I>S,Nb252 chain C auth 112 I>S,112,I,S,CDR3,False,3,8112103,Nb252_WT_rep03_seed8112103,427.12351364075994,-72.411280085165,-93.87425614002193,-118.47143792968652,15.917809128073776,24,37,0.9166666666666666,0.8918918918918919,0.04351809889065051,2.3117160009434707,33;37;45;47;50;53;58;98;100;102;103;104;105;106;107;108;109;110;111;112;113;114;115;116,33;40;44;82;86;89;90;93;96;97;98;99;101;102;105;106;109;110;172;174;177;178;179;180;181;182;269;277;278;279;290;293;294;297;298;301;302,24,37,1.0,1.0,2.0533111477901684,2.649018279025441,-0.26781902853062256,True,True,True,True,True,pass
Nb252_aff_seq112_I112T,Nb252 reported_seq I112T,Nb252 IMGT 114 I>T,Nb252 chain C auth 112 I>T,112,I,T,CDR3,False,1,8112101,Nb252_WT_rep01_seed8112101,423.75355555936665,-74.14428532355083,-95.18238130528056,-119.12621481045619,15.898763395741888,24,37,0.9166666666666666,0.8918918918918919,0.04377407076618883,2.313299899415458,33;37;45;47;50;53;58;98;100;102;103;104;105;106;107;108;109;110;111;112;113;114;115;116,33;40;44;82;86;89;90;93;96;97;98;99;101;102;105;106;109;110;172;174;177;178;179;180;181;182;269;277;278;279;290;293;294;297;298;301;302,24,37,1.0,1.0,0.43115183582807504,1.3408931137668105,-0.28686476086251034,True,True,True,True,True,pass
Nb252_aff_seq112_I112T,Nb252 reported_seq I112T,Nb252 IMGT 114 I>T,Nb252 chain C auth 112 I>T,112,I,T,CDR3,False,2,8112102,Nb252_WT_rep02_seed8112102,423.75355555936665,-72.6406449441252,-95.18238130528056,-119.12621481045619,15.898763395741888,24,37,0.9166666666666666,0.8918918918918919,0.04377407076618883,2.313299899415458,33;37;45;47;50;53;58;98;100;102;103;104;105;106;107;108;109;110;111;112;113;114;115;116,33;40;44;82;86;89;90;93;96;97;98;99;101;102;105;106;109;110;172;174;177;178;179;180;181;182;269;277;278;279;290;293;294;297;298;301;302,24,37,1.0,1.0,1.8239462888299727,1.3408931137668105,-0.28686476086251034,True,True,True,True,True,pass
Nb252_aff_seq112_I112T,Nb252 reported_seq I112T,Nb252 IMGT 114 I>T,Nb252 chain C auth 112 I>T,112,I,T,CDR3,False,3,8112103,Nb252_WT_rep03_seed8112103,423.75355555936665,-74.14428532355083,-95.18238130528056,-119.12621481045619,15.898763395741888,24,37,0.9166666666666666,0.8918918918918919,0.04377407076618883,2.313299899415458,33;37;45;47;50;53;58;98;100;102;103;104;105;106;107;108;109;110;111;112;113;114;115;116,33;40;44;82;86;89;90;93;96;97;98;99;101;102;105;106;109;110;172;174;177;178;179;180;181;182;269;277;278;279;290;293;294;297;298;301;302,24,37,1.0,1.0,0.3203059094043397,1.3408931137668105,-0.28686476086251034,True,True,True,True,True,pass
Nb252_aff_seq112_I112V,Nb252 reported_seq I112V,Nb252 IMGT 114 I>V,Nb252 chain C auth 112 I>V,112,I,V,CDR3,False,1,8112101,Nb252_WT_rep01_seed8112101,421.7658374171114,-73.31271195376098,-96.15163411260004,-119.86743285272101,16.075637187326723,24,37,0.9166666666666666,0.8918918918918919,0.04405449409083199,2.3139122218229633,33;37;45;47;50;53;58;98;100;102;103;104;105;106;107;108;109;110;111;112;113;114;115;116,33;40;44;82;86;89;90;93;96;97;98;99;101;102;105;106;109;110;172;174;177;178;179;180;181;182;269;277;278;279;290;293;294;297;298;301;302,24,37,1.0,1.0,1.262725205617926,0.3716403064473326,-0.10999096927767482,True,True,True,True,True,pass
Nb252_aff_seq112_I112V,Nb252 reported_seq I112V,Nb252 IMGT 114 I>V,Nb252 chain C auth 112 I>V,112,I,V,CDR3,False,2,8112102,Nb252_WT_rep02_seed8112102,421.7658374171114,-73.31271195376098,-96.15163411260004,-119.86743285272101,16.075637187326723,24,37,0.9166666666666666,0.8918918918918919,0.04405449409083199,2.3139122218229633,33;37;45;47;50;53;58;98;100;102;103;104;105;106;107;108;109;110;111;112;113;114;115;116,33;40;44;82;86;89;90;93;96;97;98;99;101;102;105;106;109;110;172;174;177;178;179;180;181;182;269;277;278;279;290;293;294;297;298;301;302,24,37,1.0,1.0,1.1518792791941905,0.3716403064473326,-0.10999096927767482,True,True,True,True,True,pass
Nb252_aff_seq112_I112V,Nb252 reported_seq I112V,Nb252 IMGT 114 I>V,Nb252 chain C auth 112 I>V,112,I,V,CDR3,False,3,8112103,Nb252_WT_rep03_seed8112103,421.7658374171114,-73.99194646373354,-96.15163411260004,-119.86743285272101,16.075637187326723,24,37,0.9166666666666666,0.8918918918918919,0.04405449409083199,2.3139122218229633,33;37;45;47;50;53;58;98;100;102;103;104;105;106;107;108;109;110;111;112;113;114;115;116,33;40;44;82;86;89;90;93;96;97;98;99;101;102;105;106;109;110;172;174;177;178;179;180;181;182;269;277;278;279;290;293;294;297;298;301;302,24,37,1.0,1.0,0.4726447692216311,0.3716403064473326,-0.10999096927767482,True,True,True,True,True,pass
Nb252_aff_seq112_I112W,Nb252 reported_seq I112W,Nb252 IMGT 114 I>W,Nb252 chain C auth 112 I>W,112,I,W,CDR3,False,1,8112101,Nb252_WT_rep01_seed8112101,438.2076920973483,-65.91738874822408,-93.68468343303991,-124.46310972452478,18.021369897080803,24,38,0.9166666666666666,0.8918918918918919,0.046707891580654526,2.2902529385756885,33;37;45;47;50;53;58;98;100;102;103;104;105;106;107;108;109;110;111;112;113;114;115;116,33;40;44;82;86;89;90;93;96;97;98;99;101;102;105;106;109;110;172;174;177;178;179;180;181;182;269;277;278;279;286;290;293;294;297;298;301;302,24,37,1.0,1.0,8.658048411154823,2.8385909860074605,1.8357417404764043,True,True,True,True,True,pass
Nb252_aff_seq112_I112W,Nb252 reported_seq I112W,Nb252 IMGT 114 I>W,Nb252 chain C auth 112 I>W,112,I,W,CDR3,False,2,8112102,Nb252_WT_rep02_seed8112102,434.70433748000966,-66.35087754427747,-93.76804650190492,-124.96100163790317,18.18156883406646,24,38,0.9166666666666666,0.8918918918918919,0.04734093897452566,2.2784884460714387,33;37;45;47;50;53;58;98;100;102;103;104;105;106;107;108;109;110;111;112;113;114;115;116,33;40;44;82;86;89;90;93;96;97;98;99;101;102;105;106;109;110;172;174;177;178;179;180;181;182;269;277;278;279;286;290;293;294;297;298;301;302,24,37,1.0,1.0,8.113713688677706,2.7552279171424487,1.9959406774620625,True,True,True,True,True,pass
Nb252_aff_seq112_I112W,Nb252 reported_seq I112W,Nb252 IMGT 114 I>W,Nb252 chain C auth 112 I>W,112,I,W,CDR3,False,3,8112103,Nb252_WT_rep03_seed8112103,434.70433748000966,-66.35087754427747,-93.76804650190492,-124.96100163790317,18.18156883406646,24,38,0.9166666666666666,0.8918918918918919,0.04734093897452566,2.2784884460714387,33;37;45;47;50;53;58;98;100;102;103;104;105;106;107;108;109;110;111;112;113;114;115;116,33;40;44;82;86;89;90;93;96;97;98;99;101;102;105;106;109;110;172;174;177;178;179;180;181;182;269;277;278;279;286;290;293;294;297;298;301;302,24,37,1.0,1.0,8.113713688677706,2.7552279171424487,1.9959406774620625,True,True,True,True,True,pass
Nb252_aff_seq112_I112Y,Nb252 reported_seq I112Y,Nb252 IMGT 114 I>Y,Nb252 chain C auth 112 I>Y,112,I,Y,CDR3,False,1,8112101,Nb252_WT_rep01_seed8112101,441.5999533834421,-61.85401482749302,-91.3480878675465,-123.46029096902697,19.165505741197936,24,38,0.9166666666666666,0.918918918918919,0.04966199491234189,2.292832737344715,33;37;45;47;50;53;58;98;100;102;103;104;105;106;107;108;109;110;111;112;113;114;115;116,33;37;40;44;82;86;89;90;93;96;97;98;99;101;102;105;106;109;110;172;174;177;178;179;180;181;182;269;277;278;279;290;293;294;297;298;301;302,24,37,1.0,1.0,12.72142233188589,5.175186551500872,2.979877584593538,True,True,True,True,True,pass
Nb252_aff_seq112_I112Y,Nb252 reported_seq I112Y,Nb252 IMGT 114 I>Y,Nb252 chain C auth 112 I>Y,112,I,Y,CDR3,False,2,8112102,Nb252_WT_rep02_seed8112102,441.5999533834421,-61.85401482749302,-91.3480878675465,-123.46029096902697,19.165505741197936,24,38,0.9166666666666666,0.918918918918919,0.04966199491234189,2.292832737344715,33;37;45;47;50;53;58;98;100;102;103;104;105;106;107;108;109;110;111;112;113;114;115;116,33;37;40;44;82;86;89;90;93;96;97;98;99;101;102;105;106;109;110;172;174;177;178;179;180;181;182;269;277;278;279;290;293;294;297;298;301;302,24,37,1.0,1.0,12.610576405462155,5.175186551500872,2.979877584593538,True,True,True,True,True,pass
Nb252_aff_seq112_I112Y,Nb252 reported_seq I112Y,Nb252 IMGT 114 I>Y,Nb252 chain C auth 112 I>Y,112,I,Y,CDR3,False,3,8112103,Nb252_WT_rep03_seed8112103,441.5999533834421,-61.85401482749302,-91.3480878675465,-123.46029096902697,19.165505741197936,24,38,0.9166666666666666,0.918918918918919,0.04966199491234189,2.292832737344715,33;37;45;47;50;53;58;98;100;102;103;104;105;106;107;108;109;110;111;112;113;114;115;116,33;37;40;44;82;86;89;90;93;96;97;98;99;101;102;105;106;109;110;172;174;177;178;179;180;181;182;269;277;278;279;290;293;294;297;298;301;302,24,37,1.0,1.0,12.610576405462155,5.175186551500872,2.979877584593538,True,True,True,True,True,pass
Nb252_aff_seq113_F113A,Nb252 reported_seq F113A,Nb252 IMGT 115 F>A,Nb252 chain C auth 113 F>A,113,F,A,CDR3,False,1,8112101,Nb252_WT_rep01_seed8112101,426.6920847438761,-68.24996553216482,-89.01211625008203,-111.90531280057115,15.008948382704892,24,34,0.9166666666666666,0.8648648648648649,0.04345177003112221,2.313459552446709,33;37;45;47;50;53;58;98;100;102;103;104;105;106;107;108;109;110;111;112;113;114;115;116,33;40;44;82;86;89;90;93;96;97;98;99;101;105;109;110;174;177;178;179;180;181;182;269;277;278;279;290;293;294;297;298;301;302,24,37,1.0,0.918918918918919,6.325471627214085,7.511158168965338,-1.1766797738995063,True,True,True,True,True,pass
Nb252_aff_seq113_F113A,Nb252 reported_seq F113A,Nb252 IMGT 115 F>A,Nb252 chain C auth 113 F>A,113,F,A,CDR3,False,2,8112102,Nb252_WT_rep02_seed8112102,426.6920847438761,-120.7557317769182,-89.01211625008203,-111.90531280057115,15.008948382704892,24,34,0.9166666666666666,0.8648648648648649,0.04345177003112221,2.313459552446709,33;37;45;47;50;53;58;98;100;102;103;104;105;106;107;108;109;110;111;112;113;114;115;116,33;40;44;82;86;89;90;93;96;97;98;99;101;105;109;110;174;177;178;179;180;181;182;269;277;278;279;290;293;294;297;298;301;302,24,37,1.0,0.918918918918919,-46.291140543963024,7.511158168965338,-1.1766797738995063,True,True,True,True,True,pass
Nb252_aff_seq113_F113A,Nb252 reported_seq F113A,Nb252 IMGT 115 F>A,Nb252 chain C auth 113 F>A,113,F,A,CDR3,False,3,8112103,Nb252_WT_rep03_seed8112103,426.6920847438761,-69.72098331537478,-89.01211625008203,-111.90531280057115,15.008948382704892,24,34,0.9166666666666666,0.8648648648648649,0.04345177003112221,2.313459552446709,33;37;45;47;50;53;58;98;100;102;103;104;105;106;107;108;109;110;111;112;113;114;115;116,33;40;44;82;86;89;90;93;96;97;98;99;101;105;109;110;174;177;178;179;180;181;182;269;277;278;279;290;293;294;297;298;301;302,24,37,1.0,0.918918918918919,4.743607917580391,7.511158168965338,-1.1766797738995063,True,True,True,True,True,pass
Nb252_aff_seq113_F113C,Nb252 reported_seq F113C,Nb252 IMGT 115 F>C,Nb252 chain C auth 113 F>C,113,F,C,CDR3,False,1,8112101,Nb252_WT_rep01_seed8112101,426.52059394378045,-70.12286613528016,-90.81915283151146,-113.86614167312955,14.819771738191765,24,34,0.9166666666666666,0.8648648648648649,0.044113459680266816,2.318035658776227,33;37;45;47;50;53;58;98;100;102;103;104;105;106;107;108;109;110;111;112;113;114;115;116,33;40;44;82;86;89;90;93;96;97;98;99;101;105;109;110;174;177;178;179;180;181;182;269;277;278;279;290;293;294;297;298;301;302,24,37,1.0,0.918918918918919,4.452571024098745,5.704121587535909,-1.3658564184126334,True,True,True,True,True,pass
Nb252_aff_seq113_F113C,Nb252 reported_seq F113C,Nb252 IMGT 115 F>C,Nb252 chain C auth 113 F>C,113,F,C,CDR3,False,2,8112102,Nb252_WT_rep02_seed8112102,426.52059394378045,-70.12286613528016,-90.81915283151146,-113.86614167312955,14.819771738191765,24,34,0.9166666666666666,0.8648648648648649,0.044113459680266816,2.318035658776227,33;37;45;47;50;53;58;98;100;102;103;104;105;106;107;108;109;110;111;112;113;114;115;116,33;40;44;82;86;89;90;93;96;97;98;99;101;105;109;110;174;177;178;179;180;181;182;269;277;278;279;290;293;294;297;298;301;302,24,37,1.0,0.918918918918919,4.34172509767501,5.704121587535909,-1.3658564184126334,True,True,True,True,True,pass
Nb252_aff_seq113_F113C,Nb252 reported_seq F113C,Nb252 IMGT 115 F>C,Nb252 chain C auth 113 F>C,113,F,C,CDR3,False,3,8112103,Nb252_WT_rep03_seed8112103,426.52059394378045,-71.0815996137336,-90.81915283151146,-113.86614167312955,14.819771738191765,24,34,0.9166666666666666,0.8648648648648649,0.044113459680266816,2.318035658776227,33;37;45;47;50;53;58;98;100;102;103;104;105;106;107;108;109;110;111;112;113;114;115;116,33;40;44;82;86;89;90;93;96;97;98;99;101;105;109;110;174;177;178;179;180;181;182;269;277;278;279;290;293;294;297;298;301;302,24,37,1.0,0.918918918918919,3.3829916192215705,5.704121587535909,-1.3658564184126334,True,True,True,True,True,pass
Nb252_aff_seq113_F113D,Nb252 reported_seq F113D,Nb252 IMGT 115 F>D,Nb252 chain C auth 113 F>D,113,F,D,CDR3,False,1,8112101,Nb252_WT_rep01_seed8112101,425.29993999689856,-69.40713591579691,-89.01812284297058,-113.84976801103468,14.94748148809655,24,34,0.9166666666666666,0.8648648648648649,0.04373409011054022,2.320304667088245,33;37;45;47;50;53;58;98;100;102;103;104;105;106;107;108;109;110;111;112;113;114;115;116,33;40;44;82;86;89;90;93;96;97;98;99;101;105;109;110;174;177;178;179;180;181;182;269;277;278;279;290;293;294;297;298;301;302,24,37,1.0,0.918918918918919,5.168301243581993,7.505151576076784,-1.2381466685078486,True,True,True,True,True,pass
Nb252_aff_seq113_F113D,Nb252 reported_seq F113D,Nb252 IMGT 115 F>D,Nb252 chain C auth 113 F>D,113,F,D,CDR3,False,2,8112102,Nb252_WT_rep02_seed8112102,425.29993999689856,-69.40713591579691,-89.01812284297058,-113.84976801103468,14.94748148809655,24,34,0.9166666666666666,0.8648648648648649,0.04373409011054022,2.320304667088245,33;37;45;47;50;53;58;98;100;102;103;104;105;106;107;108;109;110;111;112;113;114;115;116,33;40;44;82;86;89;90;93;96;97;98;99;101;105;109;110;174;177;178;179;180;181;182;269;277;278;279;290;293;294;297;298;301;302,24,37,1.0,0.918918918918919,5.057455317158258,7.505151576076784,-1.2381466685078486,True,True,True,True,True,pass
Nb252_aff_seq113_F113D,Nb252 reported_seq F113D,Nb252 IMGT 115 F>D,Nb252 chain C auth 113 F>D,113,F,D,CDR3,False,3,8112103,Nb252_WT_rep03_seed8112103,425.29993999689856,-69.40713591579691,-89.01812284297058,-113.84976801103468,14.94748148809655,24,34,0.9166666666666666,0.8648648648648649,0.04373409011054022,2.320304667088245,33;37;45;47;50;53;58;98;100;102;103;104;105;106;107;108;109;110;111;112;113;114;115;116,33;40;44;82;86;89;90;93;96;97;98;99;101;105;109;110;174;177;178;179;180;181;182;269;277;278;279;290;293;294;297;298;301;302,24,37,1.0,0.918918918918919,5.057455317158258,7.505151576076784,-1.2381466685078486,True,True,True,True,True,pass
Nb252_aff_seq113_F113E,Nb252 reported_seq F113E,Nb252 IMGT 115 F>E,Nb252 chain C auth 113 F>E,113,F,E,CDR3,False,1,8112101,Nb252_WT_rep01_seed8112101,423.3831137843441,-69.9651383109076,-90.039027028357,-116.62344481315607,15.124643937847981,24,36,0.9166666666666666,0.8918918918918919,0.044100577248165025,2.311765081842116,33;37;45;47;50;53;58;98;100;102;103;104;105;106;107;108;109;110;111;112;113;114;115;116,33;40;44;82;86;89;90;93;96;97;98;99;101;102;105;109;110;172;174;177;178;179;180;181;182;269;277;278;279;290;293;294;297;298;301;302,24,37,1.0,0.972972972972973,4.610298848471302,6.484247390690371,-1.060984218756417,True,True,True,True,True,pass
Nb252_aff_seq113_F113E,Nb252 reported_seq F113E,Nb252 IMGT 115 F>E,Nb252 chain C auth 113 F>E,113,F,E,CDR3,False,2,8112102,Nb252_WT_rep02_seed8112102,423.3831137843441,-69.01581626409626,-90.039027028357,-116.62344481315607,15.124643937847981,24,36,0.9166666666666666,0.8918918918918919,0.044100577248165025,2.311765081842116,33;37;45;47;50;53;58;98;100;102;103;104;105;106;107;108;109;110;111;112;113;114;115;116,33;40;44;82;86;89;90;93;96;97;98;99;101;102;105;109;110;172;174;177;178;179;180;181;182;269;277;278;279;290;293;294;297;298;301;302,24,37,1.0,0.972972972972973,5.448774968858913,6.484247390690371,-1.060984218756417,True,True,True,True,True,pass
Nb252_aff_seq113_F113E,Nb252 reported_seq F113E,Nb252 IMGT 115 F>E,Nb252 chain C auth 113 F>E,113,F,E,CDR3,False,3,8112103,Nb252_WT_rep03_seed8112103,426.7903892595881,-66.13870809265109,-86.63159917552444,-115.08363088655564,14.907668626524247,24,36,0.9166666666666666,0.8918918918918919,0.042634051223091045,2.3096679954751655,33;37;45;47;50;53;58;98;100;102;103;104;105;106;107;108;109;110;111;112;113;114;115;116,33;40;44;82;86;89;90;93;96;97;98;99;101;102;105;109;110;172;174;177;178;179;180;181;182;269;277;278;279;290;293;294;297;298;301;302,24,37,1.0,0.972972972972973,8.325883140304086,9.891675243522926,-1.2779595300801514,True,True,True,True,True,pass
Nb252_aff_seq113_F113G,Nb252 reported_seq F113G,Nb252 IMGT 115 F>G,Nb252 chain C auth 113 F>G,113,F,G,CDR3,False,1,8112101,Nb252_WT_rep01_seed8112101,428.18013761166844,-66.61338536406379,-87.97075231094702,-110.94461873130051,14.34922158304432,24,34,0.9166666666666666,0.8648648648648649,0.044351433579268885,2.312678938097416,33;37;45;47;50;53;58;98;100;102;103;104;105;106;107;108;109;110;111;112;113;114;115;116,33;40;44;82;86;89;90;93;96;97;98;99;101;105;109;110;174;177;178;179;180;181;182;269;277;278;279;290;293;294;297;298;301;302,24,37,1.0,0.918918918918919,7.962051795315119,8.552522108100348,-1.8364065735600779,True,True,True,True,True,pass
Nb252_aff_seq113_F113G,Nb252 reported_seq F113G,Nb252 IMGT 115 F>G,Nb252 chain C auth 113 F>G,113,F,G,CDR3,False,2,8112102,Nb252_WT_rep02_seed8112102,428.18013761166844,-66.61338536406379,-87.97075231094702,-110.94461873130051,14.34922158304432,24,34,0.9166666666666666,0.8648648648648649,0.044351433579268885,2.312678938097416,33;37;45;47;50;53;58;98;100;102;103;104;105;106;107;108;109;110;111;112;113;114;115;116,33;40;44;82;86;89;90;93;96;97;98;99;101;105;109;110;174;177;178;179;180;181;182;269;277;278;279;290;293;294;297;298;301;302,24,37,1.0,0.918918918918919,7.851205868891384,8.552522108100348,-1.8364065735600779,True,True,True,True,True,pass
Nb252_aff_seq113_F113G,Nb252 reported_seq F113G,Nb252 IMGT 115 F>G,Nb252 chain C auth 113 F>G,113,F,G,CDR3,False,3,8112103,Nb252_WT_rep03_seed8112103,428.18013761166844,-68.09980836209371,-87.97075231094702,-110.94461873130051,14.34922158304432,24,34,0.9166666666666666,0.8648648648648649,0.044351433579268885,2.312678938097416,33;37;45;47;50;53;58;98;100;102;103;104;105;106;107;108;109;110;111;112;113;114;115;116,33;40;44;82;86;89;90;93;96;97;98;99;101;105;109;110;174;177;178;179;180;181;182;269;277;278;279;290;293;294;297;298;301;302,24,37,1.0,0.918918918918919,6.364782870861461,8.552522108100348,-1.8364065735600779,True,True,True,True,True,pass
Nb252_aff_seq113_F113H,Nb252 reported_seq F113H,Nb252 IMGT 115 F>H,Nb252 chain C auth 113 F>H,113,F,H,CDR3,False,1,8112101,Nb252_WT_rep01_seed8112101,426.49832222258124,-67.59628674583064,-91.05778483860612,-118.60615804961135,16.19859842403469,24,35,0.9166666666666666,0.8918918918918919,0.04426934411876879,2.321604021990126,33;37;45;47;50;53;58;98;100;102;103;104;105;106;107;108;109;110;111;112;113;114;115;116,33;40;44;82;86;89;90;93;96;97;98;99;101;102;105;109;110;174;177;178;179;180;181;182;269;277;278;279;290;293;294;297;298;301;302,24,37,1.0,0.9459459459459459,6.979150413548268,5.465489580441243,0.012970267430290505,True,True,True,True,True,pass
Nb252_aff_seq113_F113H,Nb252 reported_seq F113H,Nb252 IMGT 115 F>H,Nb252 chain C auth 113 F>H,113,F,H,CDR3,False,2,8112102,Nb252_WT_rep02_seed8112102,426.49832222258124,-68.56853074531011,-91.05778483860612,-118.60615804961135,16.19859842403469,24,35,0.9166666666666666,0.8918918918918919,0.04426934411876879,2.321604021990126,33;37;45;47;50;53;58;98;100;102;103;104;105;106;107;108;109;110;111;112;113;114;115;116,33;40;44;82;86;89;90;93;96;97;98;99;101;102;105;109;110;174;177;178;179;180;181;182;269;277;278;279;290;293;294;297;298;301;302,24,37,1.0,0.9459459459459459,5.896060487645059,5.465489580441243,0.012970267430290505,True,True,True,True,True,pass
Nb252_aff_seq113_F113H,Nb252 reported_seq F113H,Nb252 IMGT 115 F>H,Nb252 chain C auth 113 F>H,113,F,H,CDR3,False,3,8112103,Nb252_WT_rep03_seed8112103,426.49832222258124,-70.28526958770567,-91.05778483860612,-118.60615804961135,16.19859842403469,24,35,0.9166666666666666,0.8918918918918919,0.04426934411876879,2.321604021990126,33;37;45;47;50;53;58;98;100;102;103;104;105;106;107;108;109;110;111;112;113;114;115;116,33;40;44;82;86;89;90;93;96;97;98;99;101;102;105;109;110;174;177;178;179;180;181;182;269;277;278;279;290;293;294;297;298;301;302,24,37,1.0,0.9459459459459459,4.179321645249502,5.465489580441243,0.012970267430290505,True,True,True,True,True,pass
Nb252_aff_seq113_F113I,Nb252 reported_seq F113I,Nb252 IMGT 115 F>I,Nb252 chain C auth 113 F>I,113,F,I,CDR3,False,1,8112101,Nb252_WT_rep01_seed8112101,423.1092004165199,-69.08543908148204,-90.093204212851,-115.52395539038679,14.44622658282551,24,34,0.9166666666666666,0.8648648648648649,0.04308228899270042,2.3165563102991826,33;37;45;47;50;53;58;98;100;102;103;104;105;106;107;108;109;110;111;112;113;114;115;116,33;40;44;82;86;89;90;93;96;97;98;99;101;105;109;110;174;177;178;179;180;181;182;269;277;278;279;290;293;294;297;298;301;302,24,37,1.0,0.918918918918919,5.489998077896871,6.430070206196362,-1.7394015737788884,True,True,True,True,True,pass
Nb252_aff_seq113_F113I,Nb252 reported_seq F113I,Nb252 IMGT 115 F>I,Nb252 chain C auth 113 F>I,113,F,I,CDR3,False,2,8112102,Nb252_WT_rep02_seed8112102,423.1092004165199,-68.12652322176791,-90.093204212851,-115.52395539038679,14.44622658282551,24,34,0.9166666666666666,0.8648648648648649,0.04308228899270042,2.3165563102991826,33;37;45;47;50;53;58;98;100;102;103;104;105;106;107;108;109;110;111;112;113;114;115;116,33;40;44;82;86;89;90;93;96;97;98;99;101;105;109;110;174;177;178;179;180;181;182;269;277;278;279;290;293;294;297;298;301;302,24,37,1.0,0.918918918918919,6.338068011187261,6.430070206196362,-1.7394015737788884,True,True,True,True,True,pass
Nb252_aff_seq113_F113I,Nb252 reported_seq F113I,Nb252 IMGT 115 F>I,Nb252 chain C auth 113 F>I,113,F,I,CDR3,False,3,8112103,Nb252_WT_rep03_seed8112103,423.1092004165199,-70.46662396964149,-90.093204212851,-115.52395539038679,14.44622658282551,24,34,0.9166666666666666,0.8648648648648649,0.04308228899270042,2.3165563102991826,33;37;45;47;50;53;58;98;100;102;103;104;105;106;107;108;109;110;111;112;113;114;115;116,33;40;44;82;86;89;90;93;96;97;98;99;101;105;109;110;174;177;178;179;180;181;182;269;277;278;279;290;293;294;297;298;301;302,24,37,1.0,0.918918918918919,3.997967263313683,6.430070206196362,-1.7394015737788884,True,True,True,True,True,pass
Nb252_aff_seq113_F113K,Nb252 reported_seq F113K,Nb252 IMGT 115 F>K,Nb252 chain C auth 113 F>K,113,F,K,CDR3,False,1,8112101,Nb252_WT_rep01_seed8112101,430.88483375992496,-60.39740470873653,-85.01838669981619,-116.6470485202466,14.305899565577153,24,35,0.9166666666666666,0.8918918918918919,0.04349633542123373,2.3292877449546654,33;37;45;47;50;53;58;98;100;102;103;104;105;106;107;108;109;110;111;112;113;114;115;116,33;40;44;82;86;89;90;93;96;97;98;99;101;102;105;109;110;174;177;178;179;180;181;182;269;277;278;279;290;293;294;297;298;301;302,24,37,1.0,0.9459459459459459,14.178032450642377,11.504887719231178,-1.879728591027245,True,True,True,True,True,pass
Nb252_aff_seq113_F113K,Nb252 reported_seq F113K,Nb252 IMGT 115 F>K,Nb252 chain C auth 113 F>K,113,F,K,CDR3,False,2,8112102,Nb252_WT_rep02_seed8112102,430.7524822690052,-61.457799985811334,-83.20831370512822,-115.57963498421968,14.404593732559029,24,34,0.9166666666666666,0.8648648648648649,0.04377663916047304,2.3170418025077524,33;37;45;47;50;53;58;98;100;102;103;104;105;106;107;108;109;110;111;112;113;114;115;116,33;40;44;82;86;89;90;93;96;97;98;99;101;105;109;110;174;177;178;179;180;181;182;269;277;278;279;290;293;294;297;298;301;302,24,37,1.0,0.918918918918919,13.006791247143838,13.314960713919149,-1.7810344240453695,True,True,True,True,True,pass
Nb252_aff_seq113_F113K,Nb252 reported_seq F113K,Nb252 IMGT 115 F>K,Nb252 chain C auth 113 F>K,113,F,K,CDR3,False,3,8112103,Nb252_WT_rep03_seed8112103,430.7524822690052,-60.469797647750624,-83.20831370512822,-115.57963498421968,14.404593732559029,24,34,0.9166666666666666,0.8648648648648649,0.04377663916047304,2.3170418025077524,33;37;45;47;50;53;58;98;100;102;103;104;105;106;107;108;109;110;111;112;113;114;115;116,33;40;44;82;86;89;90;93;96;97;98;99;101;105;109;110;174;177;178;179;180;181;182;269;277;278;279;290;293;294;297;298;301;302,24,37,1.0,0.918918918918919,13.994793585204548,13.314960713919149,-1.7810344240453695,True,True,True,True,True,pass
Nb252_aff_seq113_F113L,Nb252 reported_seq F113L,Nb252 IMGT 115 F>L,Nb252 chain C auth 113 F>L,113,F,L,CDR3,False,1,8112101,Nb252_WT_rep01_seed8112101,422.81671401745984,-70.45719334609942,-93.79064938639549,-116.83279105056619,15.902614076005152,24,34,0.9166666666666666,0.8648648648648649,0.044005576727162474,2.312056691235835,33;37;45;47;50;53;58;98;100;102;103;104;105;106;107;108;109;110;111;112;113;114;115;116,33;40;44;82;86;89;90;93;96;97;98;99;101;105;109;110;174;177;178;179;180;181;182;269;277;278;279;290;293;294;297;298;301;302,24,37,1.0,0.918918918918919,4.118243813279491,2.7326250326518817,-0.28301408059924604,True,True,True,True,True,pass
Nb252_aff_seq113_F113L,Nb252 reported_seq F113L,Nb252 IMGT 115 F>L,Nb252 chain C auth 113 F>L,113,F,L,CDR3,False,2,8112102,Nb252_WT_rep02_seed8112102,420.39490651164806,-73.96205305842227,-93.88311687927919,-116.81564189490291,15.714172533239134,24,35,0.9166666666666666,0.8648648648648649,0.04388754490612626,2.3072956636663955,33;37;45;47;50;53;58;98;100;102;103;104;105;106;107;108;109;110;111;112;113;114;115;116,33;40;44;82;86;89;90;93;96;97;98;99;101;105;109;110;172;174;177;178;179;180;181;182;269;277;278;279;290;293;294;297;298;301;302,24,37,1.0,0.9459459459459459,0.5025381745329014,2.6401575397681825,-0.47145562336526403,True,True,True,True,True,pass
Nb252_aff_seq113_F113L,Nb252 reported_seq F113L,Nb252 IMGT 115 F>L,Nb252 chain C auth 113 F>L,113,F,L,CDR3,False,3,8112103,Nb252_WT_rep03_seed8112103,422.81671401745984,-70.66596038926912,-93.79064938639549,-116.83279105056619,15.902614076005152,24,34,0.9166666666666666,0.8648648648648649,0.044005576727162474,2.312056691235835,33;37;45;47;50;53;58;98;100;102;103;104;105;106;107;108;109;110;111;112;113;114;115;116,33;40;44;82;86;89;90;93;96;97;98;99;101;105;109;110;174;177;178;179;180;181;182;269;277;278;279;290;293;294;297;298;301;302,24,37,1.0,0.918918918918919,3.7986308436860554,2.7326250326518817,-0.28301408059924604,True,True,True,True,True,pass
Nb252_aff_seq113_F113M,Nb252 reported_seq F113M,Nb252 IMGT 115 F>M,Nb252 chain C auth 113 F>M,113,F,M,CDR3,False,1,8112101,Nb252_WT_rep01_seed8112101,425.164688336155,-68.37630174162143,-88.07445280332273,-114.50361035859474,14.210129999508338,24,34,0.9166666666666666,0.8648648648648649,0.043094401262070016,2.3182098832775213,33;37;45;47;50;53;58;98;100;102;103;104;105;106;107;108;109;110;111;112;113;114;115;116,33;40;44;82;86;89;90;93;96;97;98;99;101;105;109;110;174;177;178;179;180;181;182;269;277;278;279;290;293;294;297;298;301;302,24,37,1.0,0.918918918918919,6.199135417757475,8.44882161572464,-1.9754981570960606,True,True,True,True,True,pass
Nb252_aff_seq113_F113M,Nb252 reported_seq F113M,Nb252 IMGT 115 F>M,Nb252 chain C auth 113 F>M,113,F,M,CDR3,False,2,8112102,Nb252_WT_rep02_seed8112102,425.164688336155,-68.37630174162143,-88.07445280332273,-114.50361035859474,14.210129999508338,24,34,0.9166666666666666,0.8648648648648649,0.043094401262070016,2.3182098832775213,33;37;45;47;50;53;58;98;100;102;103;104;105;106;107;108;109;110;111;112;113;114;115;116,33;40;44;82;86;89;90;93;96;97;98;99;101;105;109;110;174;177;178;179;180;181;182;269;277;278;279;290;293;294;297;298;301;302,24,37,1.0,0.918918918918919,6.0882894913337395,8.44882161572464,-1.9754981570960606,True,True,True,True,True,pass
Nb252_aff_seq113_F113M,Nb252 reported_seq F113M,Nb252 IMGT 115 F>M,Nb252 chain C auth 113 F>M,113,F,M,CDR3,False,3,8112103,Nb252_WT_rep03_seed8112103,425.164688336155,-67.32534901050911,-88.07445280332273,-114.50361035859474,14.210129999508338,24,34,0.9166666666666666,0.8648648648648649,0.043094401262070016,2.3182098832775213,33;37;45;47;50;53;58;98;100;102;103;104;105;106;107;108;109;110;111;112;113;114;115;116,33;40;44;82;86;89;90;93;96;97;98;99;101;105;109;110;174;177;178;179;180;181;182;269;277;278;279;290;293;294;297;298;301;302,24,37,1.0,0.918918918918919,7.139242222446057,8.44882161572464,-1.9754981570960606,True,True,True,True,True,pass
Nb252_aff_seq113_F113N,Nb252 reported_seq F113N,Nb252 IMGT 115 F>N,Nb252 chain C auth 113 F>N,113,F,N,CDR3,False,1,8112101,Nb252_WT_rep01_seed8112101,424.7176436957843,-68.77131348834769,-89.618823899981,-114.69489068191476,14.94087935422742,24,34,0.9166666666666666,0.8648648648648649,0.04358934084905591,2.322637003764082,33;37;45;47;50;53;58;98;100;102;103;104;105;106;107;108;109;110;111;112;113;114;115;116,33;40;44;82;86;89;90;93;96;97;98;99;101;105;109;110;174;177;178;179;180;181;182;269;277;278;279;290;293;294;297;298;301;302,24,37,1.0,0.918918918918919,5.8041236710312205,6.904450519066373,-1.2447488023769786,True,True,True,True,True,pass
Nb252_aff_seq113_F113N,Nb252 reported_seq F113N,Nb252 IMGT 115 F>N,Nb252 chain C auth 113 F>N,113,F,N,CDR3,False,2,8112102,Nb252_WT_rep02_seed8112102,424.7176436957843,-69.69730439118462,-89.618823899981,-114.69489068191476,14.94087935422742,24,34,0.9166666666666666,0.8648648648648649,0.04358934084905591,2.322637003764082,33;37;45;47;50;53;58;98;100;102;103;104;105;106;107;108;109;110;111;112;113;114;115;116,33;40;44;82;86;89;90;93;96;97;98;99;101;105;109;110;174;177;178;179;180;181;182;269;277;278;279;290;293;294;297;298;301;302,24,37,1.0,0.918918918918919,4.767286841770556,6.904450519066373,-1.2447488023769786,True,True,True,True,True,pass
Nb252_aff_seq113_F113N,Nb252 reported_seq F113N,Nb252 IMGT 115 F>N,Nb252 chain C auth 113 F>N,113,F,N,CDR3,False,3,8112103,Nb252_WT_rep03_seed8112103,424.7176436957843,-69.69730439118462,-89.618823899981,-114.69489068191476,14.94087935422742,24,34,0.9166666666666666,0.8648648648648649,0.04358934084905591,2.322637003764082,33;37;45;47;50;53;58;98;100;102;103;104;105;106;107;108;109;110;111;112;113;114;115;116,33;40;44;82;86;89;90;93;96;97;98;99;101;105;109;110;174;177;178;179;180;181;182;269;277;278;279;290;293;294;297;298;301;302,24,37,1.0,0.918918918918919,4.767286841770556,6.904450519066373,-1.2447488023769786,True,True,True,True,True,pass
Nb252_aff_seq113_F113P,Nb252 reported_seq F113P,Nb252 IMGT 115 F>P,Nb252 chain C auth 113 F>P,113,F,P,CDR3,False,1,8112101,Nb252_WT_rep01_seed8112101,450.6827127311532,-56.567316433703695,-78.0167741946291,-115.28734680292007,25.598287326847434,24,35,0.9166666666666666,0.8918918918918919,0.0634146747342798,2.399650162429479,33;37;45;47;50;53;58;98;100;102;103;104;105;106;107;108;109;110;111;112;113;114;115;116,33;37;40;44;82;86;89;90;93;96;97;98;99;101;105;109;110;174;177;178;179;180;181;182;269;277;278;279;290;293;294;297;298;301;302,24,37,1.0,0.918918918918919,18.008120725675212,18.506500224418275,9.412659170243035,True,True,True,True,True,pass
Nb252_aff_seq113_F113P,Nb252 reported_seq F113P,Nb252 IMGT 115 F>P,Nb252 chain C auth 113 F>P,113,F,P,CDR3,False,2,8112102,Nb252_WT_rep02_seed8112102,450.6827127311532,-56.623568085094576,-78.0167741946291,-115.28734680292007,25.598287326847434,24,35,0.9166666666666666,0.8918918918918919,0.0634146747342798,2.399650162429479,33;37;45;47;50;53;58;98;100;102;103;104;105;106;107;108;109;110;111;112;113;114;115;116,33;37;40;44;82;86;89;90;93;96;97;98;99;101;105;109;110;174;177;178;179;180;181;182;269;277;278;279;290;293;294;297;298;301;302,24,37,1.0,0.918918918918919,17.841023147860597,18.506500224418275,9.412659170243035,True,True,True,True,True,pass
Nb252_aff_seq113_F113P,Nb252 reported_seq F113P,Nb252 IMGT 115 F>P,Nb252 chain C auth 113 F>P,113,F,P,CDR3,False,3,8112103,Nb252_WT_rep03_seed8112103,450.6827127311532,-56.623568085094576,-78.0167741946291,-115.28734680292007,25.598287326847434,24,35,0.9166666666666666,0.8918918918918919,0.0634146747342798,2.399650162429479,33;37;45;47;50;53;58;98;100;102;103;104;105;106;107;108;109;110;111;112;113;114;115;116,33;37;40;44;82;86;89;90;93;96;97;98;99;101;105;109;110;174;177;178;179;180;181;182;269;277;278;279;290;293;294;297;298;301;302,24,37,1.0,0.918918918918919,17.841023147860597,18.506500224418275,9.412659170243035,True,True,True,True,True,pass
Nb252_aff_seq113_F113Q,Nb252 reported_seq F113Q,Nb252 IMGT 115 F>Q,Nb252 chain C auth 113 F>Q,113,F,Q,CDR3,False,1,8112101,Nb252_WT_rep01_seed8112101,422.5800124936753,-71.85736737183782,-92.02495371068629,-117.96644232511109,14.883933111901326,24,36,0.9166666666666666,0.8918918918918919,0.04407777104716638,2.3136516088525347,33;37;45;47;50;53;58;98;100;102;103;104;105;106;107;108;109;110;111;112;113;114;115;116,33;40;44;82;86;89;90;93;96;97;98;99;101;102;105;109;110;172;174;177;178;179;180;181;182;269;277;278;279;290;293;294;297;298;301;302,24,37,1.0,0.972972972972973,2.718069787541083,4.498320708361078,-1.301695044703072,True,True,True,True,True,pass
Nb252_aff_seq113_F113Q,Nb252 reported_seq F113Q,Nb252 IMGT 115 F>Q,Nb252 chain C auth 113 F>Q,113,F,Q,CDR3,False,2,8112102,Nb252_WT_rep02_seed8112102,422.5800124936753,-70.93087190810132,-92.02495371068629,-117.96644232511109,14.883933111901326,24,36,0.9166666666666666,0.8918918918918919,0.04407777104716638,2.3136516088525347,33;37;45;47;50;53;58;98;100;102;103;104;105;106;107;108;109;110;111;112;113;114;115;116,33;40;44;82;86;89;90;93;96;97;98;99;101;102;105;109;110;172;174;177;178;179;180;181;182;269;277;278;279;290;293;294;297;298;301;302,24,37,1.0,0.972972972972973,3.5337193248538483,4.498320708361078,-1.301695044703072,True,True,True,True,True,pass
Nb252_aff_seq113_F113Q,Nb252 reported_seq F113Q,Nb252 IMGT 115 F>Q,Nb252 chain C auth 113 F>Q,113,F,Q,CDR3,False,3,8112103,Nb252_WT_rep03_seed8112103,422.5800124936753,-70.93087190810132,-92.02495371068629,-117.96644232511109,14.883933111901326,24,36,0.9166666666666666,0.8918918918918919,0.04407777104716638,2.3136516088525347,33;37;45;47;50;53;58;98;100;102;103;104;105;106;107;108;109;110;111;112;113;114;115;116,33;40;44;82;86;89;90;93;96;97;98;99;101;102;105;109;110;172;174;177;178;179;180;181;182;269;277;278;279;290;293;294;297;298;301;302,24,37,1.0,0.972972972972973,3.5337193248538483,4.498320708361078,-1.301695044703072,True,True,True,True,True,pass
Nb252_aff_seq113_F113R,Nb252 reported_seq F113R,Nb252 IMGT 115 F>R,Nb252 chain C auth 113 F>R,113,F,R,CDR3,False,1,8112101,Nb252_WT_rep01_seed8112101,435.2635483272956,-60.561967934823315,-85.36493040850068,-116.92585583579204,16.061631149419934,24,35,0.9166666666666666,0.8648648648648649,0.04415265098287536,2.309852372262841,33;37;45;47;50;53;58;98;100;102;103;104;105;106;107;108;109;110;111;112;113;114;115;116,33;40;44;82;86;89;90;93;96;97;98;99;101;105;106;109;110;174;177;178;179;180;181;182;269;277;278;279;290;293;294;297;298;301;302,24,37,1.0,0.9459459459459459,14.013469224555593,11.158344010546685,-0.12399700718446383,True,True,True,True,True,pass
Nb252_aff_seq113_F113R,Nb252 reported_seq F113R,Nb252 IMGT 115 F>R,Nb252 chain C auth 113 F>R,113,F,R,CDR3,False,2,8112102,Nb252_WT_rep02_seed8112102,435.2635483272956,-59.96420724697191,-85.36493040850068,-116.92585583579204,16.061631149419934,24,35,0.9166666666666666,0.8648648648648649,0.04415265098287536,2.309852372262841,33;37;45;47;50;53;58;98;100;102;103;104;105;106;107;108;109;110;111;112;113;114;115;116,33;40;44;82;86;89;90;93;96;97;98;99;101;105;106;109;110;174;177;178;179;180;181;182;269;277;278;279;290;293;294;297;298;301;302,24,37,1.0,0.9459459459459459,14.500383985983262,11.158344010546685,-0.12399700718446383,True,True,True,True,True,pass
Nb252_aff_seq113_F113R,Nb252 reported_seq F113R,Nb252 IMGT 115 F>R,Nb252 chain C auth 113 F>R,113,F,R,CDR3,False,3,8112103,Nb252_WT_rep03_seed8112103,434.59040151308204,-58.865518441050085,-81.89418979395666,-119.69869455970608,17.746808684314388,24,36,0.9166666666666666,0.8918918918918919,0.04460179380826547,2.2801524477532764,33;37;45;47;50;53;58;98;100;102;103;104;105;106;107;108;109;110;111;112;113;114;115;116,33;40;44;82;86;89;90;93;96;97;98;99;101;102;105;109;110;172;174;177;178;179;180;181;182;269;277;278;279;290;293;294;297;298;301;302,24,37,1.0,0.972972972972973,15.599072791905087,14.629084625090712,1.5611805277099897,True,True,True,True,True,pass
Nb252_aff_seq113_F113S,Nb252 reported_seq F113S,Nb252 IMGT 115 F>S,Nb252 chain C auth 113 F>S,113,F,S,CDR3,False,1,8112101,Nb252_WT_rep01_seed8112101,426.7126432360493,-68.24757368368029,-88.2083568430849,-112.31198816627062,14.836525445981772,24,34,0.9166666666666666,0.8648648648648649,0.04345503755663989,2.314286898121207,33;37;45;47;50;53;58;98;100;102;103;104;105;106;107;108;109;110;111;112;113;114;115;116,33;40;44;82;86;89;90;93;96;97;98;99;101;105;109;110;174;177;178;179;180;181;182;269;277;278;279;290;293;294;297;298;301;302,24,37,1.0,0.918918918918919,6.327863475698621,8.314917575962468,-1.3491027106226259,True,True,True,True,True,pass
Nb252_aff_seq113_F113S,Nb252 reported_seq F113S,Nb252 IMGT 115 F>S,Nb252 chain C auth 113 F>S,113,F,S,CDR3,False,2,8112102,Nb252_WT_rep02_seed8112102,426.7126432360493,-68.24757368368029,-88.2083568430849,-112.31198816627062,14.836525445981772,24,34,0.9166666666666666,0.8648648648648649,0.04345503755663989,2.314286898121207,33;37;45;47;50;53;58;98;100;102;103;104;105;106;107;108;109;110;111;112;113;114;115;116,33;40;44;82;86;89;90;93;96;97;98;99;101;105;109;110;174;177;178;179;180;181;182;269;277;278;279;290;293;294;297;298;301;302,24,37,1.0,0.918918918918919,6.217017549274885,8.314917575962468,-1.3491027106226259,True,True,True,True,True,pass
Nb252_aff_seq113_F113S,Nb252 reported_seq F113S,Nb252 IMGT 115 F>S,Nb252 chain C auth 113 F>S,113,F,S,CDR3,False,3,8112103,Nb252_WT_rep03_seed8112103,426.7126432360493,-68.24757368368029,-88.2083568430849,-112.31198816627062,14.836525445981772,24,34,0.9166666666666666,0.8648648648648649,0.04345503755663989,2.314286898121207,33;37;45;47;50;53;58;98;100;102;103;104;105;106;107;108;109;110;111;112;113;114;115;116,33;40;44;82;86;89;90;93;96;97;98;99;101;105;109;110;174;177;178;179;180;181;182;269;277;278;279;290;293;294;297;298;301;302,24,37,1.0,0.918918918918919,6.217017549274885,8.314917575962468,-1.3491027106226259,True,True,True,True,True,pass
Nb252_aff_seq113_F113T,Nb252 reported_seq F113T,Nb252 IMGT 115 F>T,Nb252 chain C auth 113 F>T,113,F,T,CDR3,False,1,8112101,Nb252_WT_rep01_seed8112101,427.17301527753557,-66.00697115955018,-85.98231755163137,-112.61831326557157,14.23934396401902,24,34,0.9166666666666666,0.8648648648648649,0.04328060262196875,2.3118691977191994,33;37;45;47;50;53;58;98;100;102;103;104;105;106;107;108;109;110;111;112;113;114;115;116,33;40;44;82;86;89;90;93;96;97;98;99;101;105;109;110;174;177;178;179;180;181;182;269;277;278;279;290;293;294;297;298;301;302,24,37,1.0,0.918918918918919,8.568465999828732,10.540956867416,-1.946284192585379,True,True,True,True,True,pass
Nb252_aff_seq113_F113T,Nb252 reported_seq F113T,Nb252 IMGT 115 F>T,Nb252 chain C auth 113 F>T,113,F,T,CDR3,False,2,8112102,Nb252_WT_rep02_seed8112102,427.17301527753557,-64.9478052609926,-85.98231755163137,-112.61831326557157,14.23934396401902,24,34,0.9166666666666666,0.8648648648648649,0.04328060262196875,2.3118691977191994,33;37;45;47;50;53;58;98;100;102;103;104;105;106;107;108;109;110;111;112;113;114;115;116,33;40;44;82;86;89;90;93;96;97;98;99;101;105;109;110;174;177;178;179;180;181;182;269;277;278;279;290;293;294;297;298;301;302,24,37,1.0,0.918918918918919,9.516785971962577,10.540956867416,-1.946284192585379,True,True,True,True,True,pass
Nb252_aff_seq113_F113T,Nb252 reported_seq F113T,Nb252 IMGT 115 F>T,Nb252 chain C auth 113 F>T,113,F,T,CDR3,False,3,8112103,Nb252_WT_rep03_seed8112103,427.17301527753557,-64.9478052609926,-85.98231755163137,-112.61831326557157,14.23934396401902,24,34,0.9166666666666666,0.8648648648648649,0.04328060262196875,2.3118691977191994,33;37;45;47;50;53;58;98;100;102;103;104;105;106;107;108;109;110;111;112;113;114;115;116,33;40;44;82;86;89;90;93;96;97;98;99;101;105;109;110;174;177;178;179;180;181;182;269;277;278;279;290;293;294;297;298;301;302,24,37,1.0,0.918918918918919,9.516785971962577,10.540956867416,-1.946284192585379,True,True,True,True,True,pass
Nb252_aff_seq113_F113V,Nb252 reported_seq F113V,Nb252 IMGT 115 F>V,Nb252 chain C auth 113 F>V,113,F,V,CDR3,False,1,8112101,Nb252_WT_rep01_seed8112101,425.0652574229762,-66.91552192567872,-87.85155640917307,-113.4517651988435,14.221903329741428,24,34,0.9166666666666666,0.8648648648648649,0.042880019785766874,2.3227698974072273,33;37;45;47;50;53;58;98;100;102;103;104;105;106;107;108;109;110;111;112;113;114;115;116,33;40;44;82;86;89;90;93;96;97;98;99;101;105;109;110;174;177;178;179;180;181;182;269;277;278;279;290;293;294;297;298;301;302,24,37,1.0,0.918918918918919,7.65991523370019,8.671718009874297,-1.9637248268629701,True,True,True,True,True,pass
Nb252_aff_seq113_F113V,Nb252 reported_seq F113V,Nb252 IMGT 115 F>V,Nb252 chain C auth 113 F>V,113,F,V,CDR3,False,2,8112102,Nb252_WT_rep02_seed8112102,425.0652574229762,-67.84869461072549,-87.85155640917307,-113.4517651988435,14.221903329741428,24,34,0.9166666666666666,0.8648648648648649,0.042880019785766874,2.3227698974072273,33;37;45;47;50;53;58;98;100;102;103;104;105;106;107;108;109;110;111;112;113;114;115;116,33;40;44;82;86;89;90;93;96;97;98;99;101;105;109;110;174;177;178;179;180;181;182;269;277;278;279;290;293;294;297;298;301;302,24,37,1.0,0.918918918918919,6.615896622229684,8.671718009874297,-1.9637248268629701,True,True,True,True,True,pass
Nb252_aff_seq113_F113V,Nb252 reported_seq F113V,Nb252 IMGT 115 F>V,Nb252 chain C auth 113 F>V,113,F,V,CDR3,False,3,8112103,Nb252_WT_rep03_seed8112103,425.0652574229762,-66.91552192567872,-87.85155640917307,-113.4517651988435,14.221903329741428,24,34,0.9166666666666666,0.8648648648648649,0.042880019785766874,2.3227698974072273,33;37;45;47;50;53;58;98;100;102;103;104;105;106;107;108;109;110;111;112;113;114;115;116,33;40;44;82;86;89;90;93;96;97;98;99;101;105;109;110;174;177;178;179;180;181;182;269;277;278;279;290;293;294;297;298;301;302,24,37,1.0,0.918918918918919,7.549069307276454,8.671718009874297,-1.9637248268629701,True,True,True,True,True,pass
Nb252_aff_seq113_F113W,Nb252 reported_seq F113W,Nb252 IMGT 115 F>W,Nb252 chain C auth 113 F>W,113,F,W,CDR3,False,1,8112101,Nb252_WT_rep01_seed8112101,444.1191587285176,-57.8223329888865,-81.77288527645673,-126.0327334605185,35.240366163400026,24,39,0.9166666666666666,0.918918918918919,0.05701771092388524,2.3401451555045965,33;37;45;47;50;53;58;98;100;102;103;104;105;106;107;108;109;110;111;112;113;114;115;116,33;37;40;44;82;86;89;90;93;96;97;98;99;101;102;103;105;106;109;110;172;174;177;178;179;180;181;182;269;277;278;279;290;293;294;297;298;301;302,24,37,1.0,1.0,16.753104170492406,14.750389142590635,19.054738006795628,True,True,True,True,True,pass
Nb252_aff_seq113_F113W,Nb252 reported_seq F113W,Nb252 IMGT 115 F>W,Nb252 chain C auth 113 F>W,113,F,W,CDR3,False,2,8112102,Nb252_WT_rep02_seed8112102,444.1191587285176,-56.94771725915143,-81.77288527645673,-126.0327334605185,35.240366163400026,24,39,0.9166666666666666,0.918918918918919,0.05701771092388524,2.3401451555045965,33;37;45;47;50;53;58;98;100;102;103;104;105;106;107;108;109;110;111;112;113;114;115;116,33;37;40;44;82;86;89;90;93;96;97;98;99;101;102;103;105;106;109;110;172;174;177;178;179;180;181;182;269;277;278;279;290;293;294;297;298;301;302,24,37,1.0,1.0,17.51687397380374,14.750389142590635,19.054738006795628,True,True,True,True,True,pass
Nb252_aff_seq113_F113W,Nb252 reported_seq F113W,Nb252 IMGT 115 F>W,Nb252 chain C auth 113 F>W,113,F,W,CDR3,False,3,8112103,Nb252_WT_rep03_seed8112103,444.1191587285176,-57.8223329888865,-81.77288527645673,-126.0327334605185,35.240366163400026,24,39,0.9166666666666666,0.918918918918919,0.05701771092388524,2.3401451555045965,33;37;45;47;50;53;58;98;100;102;103;104;105;106;107;108;109;110;111;112;113;114;115;116,33;37;40;44;82;86;89;90;93;96;97;98;99;101;102;103;105;106;109;110;172;174;177;178;179;180;181;182;269;277;278;279;290;293;294;297;298;301;302,24,37,1.0,1.0,16.64225824406867,14.750389142590635,19.054738006795628,True,True,True,True,True,pass
Nb252_aff_seq113_F113Y,Nb252 reported_seq F113Y,Nb252 IMGT 115 F>Y,Nb252 chain C auth 113 F>Y,113,F,Y,CDR3,False,1,8112101,Nb252_WT_rep01_seed8112101,423.41356764578074,-71.5633303137588,-93.8463599562755,-122.43635520960575,16.61735264863279,24,37,0.9166666666666666,0.8918918918918919,0.044268605758028684,2.3116041897165265,33;37;45;47;50;53;58;98;100;102;103;104;105;106;107;108;109;110;111;112;113;114;115;116,33;40;44;82;86;89;90;93;96;97;98;99;101;102;105;106;109;110;172;174;177;178;179;180;181;182;269;277;278;279;290;293;294;297;298;301;302,24,37,1.0,1.0,3.01210684562011,2.6769144627718617,0.43172449202839047,True,True,True,True,True,pass
Nb252_aff_seq113_F113Y,Nb252 reported_seq F113Y,Nb252 IMGT 115 F>Y,Nb252 chain C auth 113 F>Y,113,F,Y,CDR3,False,2,8112102,Nb252_WT_rep02_seed8112102,423.41356764578074,-71.82658937652764,-93.8463599562755,-122.43635520960575,16.61735264863279,24,37,0.9166666666666666,0.8918918918918919,0.044268605758028684,2.3116041897165265,33;37;45;47;50;53;58;98;100;102;103;104;105;106;107;108;109;110;111;112;113;114;115;116,33;40;44;82;86;89;90;93;96;97;98;99;101;102;105;106;109;110;172;174;177;178;179;180;181;182;269;277;278;279;290;293;294;297;298;301;302,24,37,1.0,1.0,2.638001856427536,2.6769144627718617,0.43172449202839047,True,True,True,True,True,pass
Nb252_aff_seq113_F113Y,Nb252 reported_seq F113Y,Nb252 IMGT 115 F>Y,Nb252 chain C auth 113 F>Y,113,F,Y,CDR3,False,3,8112103,Nb252_WT_rep03_seed8112103,423.41356764578074,-73.30144491891247,-93.8463599562755,-122.43635520960575,16.61735264863279,24,37,0.9166666666666666,0.8918918918918919,0.044268605758028684,2.3116041897165265,33;37;45;47;50;53;58;98;100;102;103;104;105;106;107;108;109;110;111;112;113;114;115;116,33;40;44;82;86;89;90;93;96;97;98;99;101;102;105;106;109;110;172;174;177;178;179;180;181;182;269;277;278;279;290;293;294;297;298;301;302,24,37,1.0,1.0,1.1631463140427059,2.6769144627718617,0.43172449202839047,True,True,True,True,True,pass
Nb252_aff_seq114_S114A,Nb252 reported_seq S114A,Nb252 IMGT 116 S>A,Nb252 chain C auth 114 S>A,114,S,A,CDR3,False,1,8112101,Nb252_WT_rep01_seed8112101,418.3065056361399,-74.13120688757493,-96.86144144639938,-120.72338144189108,16.10604970825526,24,37,0.9166666666666666,0.8918918918918919,0.04452011320871268,2.3160510669171317,33;37;45;47;50;53;58;98;100;102;103;104;105;106;107;108;109;110;111;112;113;114;115;116,33;40;44;82;86;89;90;93;96;97;98;99;101;102;105;106;109;110;172;174;177;178;179;180;181;182;269;277;278;279;290;293;294;297;298;301;302,24,37,1.0,1.0,0.4442302718039741,-0.3381670273520143,-0.07957844834913885,True,True,True,True,True,pass
Nb252_aff_seq114_S114A,Nb252 reported_seq S114A,Nb252 IMGT 116 S>A,Nb252 chain C auth 114 S>A,114,S,A,CDR3,False,2,8112102,Nb252_WT_rep02_seed8112102,418.3065056361399,-74.65580468750716,-96.86144144639938,-120.72338144189108,16.10604970825526,24,37,0.9166666666666666,0.8918918918918919,0.04452011320871268,2.3160510669171317,33;37;45;47;50;53;58;98;100;102;103;104;105;106;107;108;109;110;111;112;113;114;115;116,33;40;44;82;86;89;90;93;96;97;98;99;101;102;105;106;109;110;172;174;177;178;179;180;181;182;269;277;278;279;290;293;294;297;298;301;302,24,37,1.0,1.0,-0.1912134545519848,-0.3381670273520143,-0.07957844834913885,True,True,True,True,True,pass
Nb252_aff_seq114_S114A,Nb252 reported_seq S114A,Nb252 IMGT 116 S>A,Nb252 chain C auth 114 S>A,114,S,A,CDR3,False,3,8112103,Nb252_WT_rep03_seed8112103,418.3065056361399,-75.51895637821553,-96.86144144639938,-120.72338144189108,16.10604970825526,24,37,0.9166666666666666,0.8918918918918919,0.04452011320871268,2.3160510669171317,33;37;45;47;50;53;58;98;100;102;103;104;105;106;107;108;109;110;111;112;113;114;115;116,33;40;44;82;86;89;90;93;96;97;98;99;101;102;105;106;109;110;172;174;177;178;179;180;181;182;269;277;278;279;290;293;294;297;298;301;302,24,37,1.0,1.0,-1.0543651452603626,-0.3381670273520143,-0.07957844834913885,True,True,True,True,True,pass
Nb252_aff_seq114_S114C,Nb252 reported_seq S114C,Nb252 IMGT 116 S>C,Nb252 chain C auth 114 S>C,114,S,C,CDR3,False,1,8112101,Nb252_WT_rep01_seed8112101,421.56353053156323,-74.31507459258137,-96.56594237064985,-122.2073019134883,17.182237666117178,24,37,0.9166666666666666,0.8918918918918919,0.04578760385912447,2.284075472494859,33;37;45;47;50;53;58;98;100;102;103;104;105;106;107;108;109;110;111;112;113;114;115;116,33;40;44;82;86;89;90;93;96;97;98;99;101;102;105;106;109;110;172;174;177;178;179;180;181;182;269;277;278;279;290;293;294;297;298;301;302,24,37,1.0,1.0,0.26036256679753933,-0.042667951602481935,0.9966095095127798,True,True,True,True,True,pass
Nb252_aff_seq114_S114C,Nb252 reported_seq S114C,Nb252 IMGT 116 S>C,Nb252 chain C auth 114 S>C,114,S,C,CDR3,False,2,8112102,Nb252_WT_rep02_seed8112102,421.56353053156323,-73.86246925084583,-96.56594237064985,-122.2073019134883,17.182237666117178,24,37,0.9166666666666666,0.8918918918918919,0.04578760385912447,2.284075472494859,33;37;45;47;50;53;58;98;100;102;103;104;105;106;107;108;109;110;111;112;113;114;115;116,33;40;44;82;86;89;90;93;96;97;98;99;101;102;105;106;109;110;172;174;177;178;179;180;181;182;269;277;278;279;290;293;294;297;298;301;302,24,37,1.0,1.0,0.6021219821093382,-0.042667951602481935,0.9966095095127798,True,True,True,True,True,pass
Nb252_aff_seq114_S114C,Nb252 reported_seq S114C,Nb252 IMGT 116 S>C,Nb252 chain C auth 114 S>C,114,S,C,CDR3,False,3,8112103,Nb252_WT_rep03_seed8112103,421.56353053156323,-74.85402021517683,-96.56594237064985,-122.2073019134883,17.182237666117178,24,37,0.9166666666666666,0.8918918918918919,0.04578760385912447,2.284075472494859,33;37;45;47;50;53;58;98;100;102;103;104;105;106;107;108;109;110;111;112;113;114;115;116,33;40;44;82;86;89;90;93;96;97;98;99;101;102;105;106;109;110;172;174;177;178;179;180;181;182;269;277;278;279;290;293;294;297;298;301;302,24,37,1.0,1.0,-0.3894289822216592,-0.042667951602481935,0.9966095095127798,True,True,True,True,True,pass
Nb252_aff_seq114_S114D,Nb252 reported_seq S114D,Nb252 IMGT 116 S>D,Nb252 chain C auth 114 S>D,114,S,D,CDR3,False,1,8112101,Nb252_WT_rep01_seed8112101,436.5447880449003,-73.87197489301991,-96.03287447568692,-121.05105889088276,16.20210506854468,24,36,0.9166666666666666,0.8918918918918919,0.04468424860703676,2.308503543377187,33;37;45;47;50;53;58;98;100;102;103;104;105;106;107;108;109;110;111;112;113;114;115;116,33;40;44;82;86;89;90;93;96;97;98;99;101;102;105;109;110;172;174;177;178;179;180;181;182;269;277;278;279;290;293;294;297;298;301;302,24,37,1.0,0.972972972972973,0.7034622663589971,0.490399943360444,0.01647691194028056,True,True,True,True,True,pass
Nb252_aff_seq114_S114D,Nb252 reported_seq S114D,Nb252 IMGT 116 S>D,Nb252 chain C auth 114 S>D,114,S,D,CDR3,False,2,8112102,Nb252_WT_rep02_seed8112102,436.5447880449003,-73.39737324035002,-96.03287447568692,-121.05105889088276,16.20210506854468,24,36,0.9166666666666666,0.8918918918918919,0.04468424860703676,2.308503543377187,33;37;45;47;50;53;58;98;100;102;103;104;105;106;107;108;109;110;111;112;113;114;115;116,33;40;44;82;86;89;90;93;96;97;98;99;101;102;105;109;110;172;174;177;178;179;180;181;182;269;277;278;279;290;293;294;297;298;301;302,24,37,1.0,0.972972972972973,1.0672179926051513,0.490399943360444,0.01647691194028056,True,True,True,True,True,pass
Nb252_aff_seq114_S114D,Nb252 reported_seq S114D,Nb252 IMGT 116 S>D,Nb252 chain C auth 114 S>D,114,S,D,CDR3,False,3,8112103,Nb252_WT_rep03_seed8112103,436.5447880449003,-74.72715419606811,-96.03287447568692,-121.05105889088276,16.20210506854468,24,36,0.9166666666666666,0.8918918918918919,0.04468424860703676,2.308503543377187,33;37;45;47;50;53;58;98;100;102;103;104;105;106;107;108;109;110;111;112;113;114;115;116,33;40;44;82;86;89;90;93;96;97;98;99;101;102;105;109;110;172;174;177;178;179;180;181;182;269;277;278;279;290;293;294;297;298;301;302,24,37,1.0,0.972972972972973,-0.26256296311294136,0.490399943360444,0.01647691194028056,True,True,True,True,True,pass
Nb252_aff_seq114_S114E,Nb252 reported_seq S114E,Nb252 IMGT 116 S>E,Nb252 chain C auth 114 S>E,114,S,E,CDR3,False,1,8112101,Nb252_WT_rep01_seed8112101,425.42084947326794,-74.41096122599464,-96.69391602625531,-123.44467839363611,17.519218517531367,24,37,0.9166666666666666,0.8918918918918919,0.046070357324185844,2.298419730638837,33;37;45;47;50;53;58;98;100;102;103;104;105;106;107;108;109;110;111;112;113;114;115;116,33;40;44;82;86;89;90;93;96;97;98;99;101;102;105;106;109;110;172;174;177;178;179;180;181;182;269;277;278;279;290;293;294;297;298;301;302,24,37,1.0,1.0,0.16447593338426714,-0.17064160720794064,1.3335903609269693,True,True,True,True,True,pass
Nb252_aff_seq114_S114E,Nb252 reported_seq S114E,Nb252 IMGT 116 S>E,Nb252 chain C auth 114 S>E,114,S,E,CDR3,False,2,8112102,Nb252_WT_rep02_seed8112102,425.42084947326794,-74.78111471433925,-96.69391602625531,-123.44467839363611,17.519218517531367,24,37,0.9166666666666666,0.8918918918918919,0.046070357324185844,2.298419730638837,33;37;45;47;50;53;58;98;100;102;103;104;105;106;107;108;109;110;111;112;113;114;115;116,33;40;44;82;86;89;90;93;96;97;98;99;101;102;105;106;109;110;172;174;177;178;179;180;181;182;269;277;278;279;290;293;294;297;298;301;302,24,37,1.0,1.0,-0.31652348138408115,-0.17064160720794064,1.3335903609269693,True,True,True,True,True,pass
Nb252_aff_seq114_S114E,Nb252 reported_seq S114E,Nb252 IMGT 116 S>E,Nb252 chain C auth 114 S>E,114,S,E,CDR3,False,3,8112103,Nb252_WT_rep03_seed8112103,425.42084947326794,-157.08312999001862,-96.69391602625531,-123.44467839363611,17.519218517531367,24,37,0.9166666666666666,0.8918918918918919,0.046070357324185844,2.298419730638837,33;37;45;47;50;53;58;98;100;102;103;104;105;106;107;108;109;110;111;112;113;114;115;116,33;40;44;82;86;89;90;93;96;97;98;99;101;102;105;106;109;110;172;174;177;178;179;180;181;182;269;277;278;279;290;293;294;297;298;301;302,24,37,1.0,1.0,-82.61853875706345,-0.17064160720794064,1.3335903609269693,True,True,True,True,True,pass
Nb252_aff_seq114_S114F,Nb252 reported_seq S114F,Nb252 IMGT 116 S>F,Nb252 chain C auth 114 S>F,114,S,F,CDR3,False,1,8112101,Nb252_WT_rep01_seed8112101,450.8217833985763,-60.61419153884941,-94.03309320486979,-123.80931970379798,20.995861284415906,24,38,0.9166666666666666,0.918918918918919,0.04983987062365107,2.629973203792419,33;37;45;47;50;53;58;98;100;102;103;104;105;106;107;108;109;110;111;112;113;114;115;116,33;37;40;44;82;86;89;90;93;96;97;98;99;101;102;105;106;109;110;172;174;177;178;179;180;181;182;269;277;278;279;290;293;294;297;298;301;302,24,37,1.0,1.0,13.961245620529496,2.490181214177582,4.810233127811507,True,True,True,True,True,pass
Nb252_aff_seq114_S114F,Nb252 reported_seq S114F,Nb252 IMGT 116 S>F,Nb252 chain C auth 114 S>F,114,S,F,CDR3,False,2,8112102,Nb252_WT_rep02_seed8112102,450.8217833985763,-59.642181637806914,-94.03309320486979,-123.80931970379798,20.995861284415906,24,38,0.9166666666666666,0.918918918918919,0.04983987062365107,2.629973203792419,33;37;45;47;50;53;58;98;100;102;103;104;105;106;107;108;109;110;111;112;113;114;115;116,33;37;40;44;82;86;89;90;93;96;97;98;99;101;102;105;106;109;110;172;174;177;178;179;180;181;182;269;277;278;279;290;293;294;297;298;301;302,24,37,1.0,1.0,14.822409595148258,2.490181214177582,4.810233127811507,True,True,True,True,True,pass
Nb252_aff_seq114_S114F,Nb252 reported_seq S114F,Nb252 IMGT 116 S>F,Nb252 chain C auth 114 S>F,114,S,F,CDR3,False,3,8112103,Nb252_WT_rep03_seed8112103,450.8217833985763,-59.642181637806914,-94.03309320486979,-123.80931970379798,20.995861284415906,24,38,0.9166666666666666,0.918918918918919,0.04983987062365107,2.629973203792419,33;37;45;47;50;53;58;98;100;102;103;104;105;106;107;108;109;110;111;112;113;114;115;116,33;37;40;44;82;86;89;90;93;96;97;98;99;101;102;105;106;109;110;172;174;177;178;179;180;181;182;269;277;278;279;290;293;294;297;298;301;302,24,37,1.0,1.0,14.822409595148258,2.490181214177582,4.810233127811507,True,True,True,True,True,pass
Nb252_aff_seq114_S114G,Nb252 reported_seq S114G,Nb252 IMGT 116 S>G,Nb252 chain C auth 114 S>G,114,S,G,CDR3,False,1,8112101,Nb252_WT_rep01_seed8112101,422.86422624831425,-74.33095976510276,-96.5002479708334,-120.41915892257498,16.0732286381801,24,37,0.9166666666666666,0.8918918918918919,0.04472590634209961,2.316281145811108,33;37;45;47;50;53;58;98;100;102;103;104;105;106;107;108;109;110;111;112;113;114;115;116,33;40;44;82;86;89;90;93;96;97;98;99;101;102;105;106;109;110;172;174;177;178;179;180;181;182;269;277;278;279;290;293;294;297;298;301;302,24,37,1.0,1.0,0.2444773942761458,0.02302644821396882,-0.11239951842429718,True,True,True,True,True,pass
Nb252_aff_seq114_S114G,Nb252 reported_seq S114G,Nb252 IMGT 116 S>G,Nb252 chain C auth 114 S>G,114,S,G,CDR3,False,2,8112102,Nb252_WT_rep02_seed8112102,422.86422624831425,-75.6189297141529,-96.5002479708334,-120.41915892257498,16.0732286381801,24,37,0.9166666666666666,0.8918918918918919,0.04472590634209961,2.316281145811108,33;37;45;47;50;53;58;98;100;102;103;104;105;106;107;108;109;110;111;112;113;114;115;116,33;40;44;82;86;89;90;93;96;97;98;99;101;102;105;106;109;110;172;174;177;178;179;180;181;182;269;277;278;279;290;293;294;297;298;301;302,24,37,1.0,1.0,-1.1543384811977262,0.02302644821396882,-0.11239951842429718,True,True,True,True,True,pass
Nb252_aff_seq114_S114G,Nb252 reported_seq S114G,Nb252 IMGT 116 S>G,Nb252 chain C auth 114 S>G,114,S,G,CDR3,False,3,8112103,Nb252_WT_rep03_seed8112103,422.86422624831425,-74.33095976510276,-96.5002479708334,-120.41915892257498,16.0732286381801,24,37,0.9166666666666666,0.8918918918918919,0.04472590634209961,2.316281145811108,33;37;45;47;50;53;58;98;100;102;103;104;105;106;107;108;109;110;111;112;113;114;115;116,33;40;44;82;86;89;90;93;96;97;98;99;101;102;105;106;109;110;172;174;177;178;179;180;181;182;269;277;278;279;290;293;294;297;298;301;302,24,37,1.0,1.0,0.13363146785241042,0.02302644821396882,-0.11239951842429718,True,True,True,True,True,pass
Nb252_aff_seq114_S114H,Nb252 reported_seq S114H,Nb252 IMGT 116 S>H,Nb252 chain C auth 114 S>H,114,S,H,CDR3,False,1,8112101,Nb252_WT_rep01_seed8112101,427.3216782634198,-73.55743070968151,-96.26478242139322,-124.93933511669975,17.758430096633727,24,37,0.9166666666666666,0.8918918918918919,0.04991828250605659,2.3760446290698014,33;37;45;47;50;53;58;98;100;102;103;104;105;106;107;108;109;110;111;112;113;114;115;116,33;40;44;82;86;89;90;93;96;97;98;99;101;102;105;106;109;110;172;174;177;178;179;180;181;182;269;277;278;279;290;293;294;297;298;301;302,24,37,1.0,1.0,1.0180064496973955,0.2584919976541471,1.5728019400293292,True,True,True,True,True,pass
Nb252_aff_seq114_S114H,Nb252 reported_seq S114H,Nb252 IMGT 116 S>H,Nb252 chain C auth 114 S>H,114,S,H,CDR3,False,2,8112102,Nb252_WT_rep02_seed8112102,427.3216782634198,-73.82309639217465,-96.26478242139322,-124.93933511669975,17.758430096633727,24,37,0.9166666666666666,0.8918918918918919,0.04991828250605659,2.3760446290698014,33;37;45;47;50;53;58;98;100;102;103;104;105;106;107;108;109;110;111;112;113;114;115;116,33;40;44;82;86;89;90;93;96;97;98;99;101;102;105;106;109;110;172;174;177;178;179;180;181;182;269;277;278;279;290;293;294;297;298;301;302,24,37,1.0,1.0,0.6414948407805241,0.2584919976541471,1.5728019400293292,True,True,True,True,True,pass
Nb252_aff_seq114_S114H,Nb252 reported_seq S114H,Nb252 IMGT 116 S>H,Nb252 chain C auth 114 S>H,114,S,H,CDR3,False,3,8112103,Nb252_WT_rep03_seed8112103,427.3216782634198,-74.90754927244643,-96.26478242139322,-124.93933511669975,17.758430096633727,24,37,0.9166666666666666,0.8918918918918919,0.04991828250605659,2.3760446290698014,33;37;45;47;50;53;58;98;100;102;103;104;105;106;107;108;109;110;111;112;113;114;115;116,33;40;44;82;86;89;90;93;96;97;98;99;101;102;105;106;109;110;172;174;177;178;179;180;181;182;269;277;278;279;290;293;294;297;298;301;302,24,37,1.0,1.0,-0.4429580394912591,0.2584919976541471,1.5728019400293292,True,True,True,True,True,pass
Nb252_aff_seq114_S114I,Nb252 reported_seq S114I,Nb252 IMGT 116 S>I,Nb252 chain C auth 114 S>I,114,S,I,CDR3,False,1,8112101,Nb252_WT_rep01_seed8112101,425.6737293498083,-76.63589207438417,-98.06061266191026,-123.18292746498233,17.27600701578765,24,36,0.9166666666666666,0.8918918918918919,0.04801125636119312,2.306127112580678,33;37;45;47;50;53;58;98;100;102;103;104;105;106;107;108;109;110;111;112;113;114;115;116,33;40;44;82;86;89;90;93;96;97;98;99;101;102;105;109;110;172;174;177;178;179;180;181;182;269;277;278;279;290;293;294;297;298;301;302,24,37,1.0,0.972972972972973,-2.0604549150052662,-1.5373382428628872,1.0903788591832502,True,True,True,True,True,pass
Nb252_aff_seq114_S114I,Nb252 reported_seq S114I,Nb252 IMGT 116 S>I,Nb252 chain C auth 114 S>I,114,S,I,CDR3,False,2,8112102,Nb252_WT_rep02_seed8112102,425.6737293498083,-78.69758408076603,-98.06061266191026,-123.18292746498233,17.27600701578765,24,36,0.9166666666666666,0.8918918918918919,0.04801125636119312,2.306127112580678,33;37;45;47;50;53;58;98;100;102;103;104;105;106;107;108;109;110;111;112;113;114;115;116,33;40;44;82;86;89;90;93;96;97;98;99;101;102;105;109;110;172;174;177;178;179;180;181;182;269;277;278;279;290;293;294;297;298;301;302,24,37,1.0,0.972972972972973,-4.232992847810863,-1.5373382428628872,1.0903788591832502,True,True,True,True,True,pass
Nb252_aff_seq114_S114I,Nb252 reported_seq S114I,Nb252 IMGT 116 S>I,Nb252 chain C auth 114 S>I,114,S,I,CDR3,False,3,8112103,Nb252_WT_rep03_seed8112103,425.6737293498083,-78.69758408076603,-98.06061266191026,-123.18292746498233,17.27600701578765,24,36,0.9166666666666666,0.8918918918918919,0.04801125636119312,2.306127112580678,33;37;45;47;50;53;58;98;100;102;103;104;105;106;107;108;109;110;111;112;113;114;115;116,33;40;44;82;86;89;90;93;96;97;98;99;101;102;105;109;110;172;174;177;178;179;180;181;182;269;277;278;279;290;293;294;297;298;301;302,24,37,1.0,0.972972972972973,-4.232992847810863,-1.5373382428628872,1.0903788591832502,True,True,True,True,True,pass
Nb252_aff_seq114_S114K,Nb252 reported_seq S114K,Nb252 IMGT 116 S>K,Nb252 chain C auth 114 S>K,114,S,K,CDR3,False,1,8112101,Nb252_WT_rep01_seed8112101,427.325201499744,-71.86717752735973,-94.20842906603002,-125.37439946570666,17.16134062404362,24,37,0.9166666666666666,0.8918918918918919,0.04590596105736413,2.337796984914376,33;37;45;47;50;53;58;98;100;102;103;104;105;106;107;108;109;110;111;112;113;114;115;116,33;40;44;82;86;89;90;93;96;97;98;99;101;102;105;106;109;110;172;174;177;178;179;180;181;182;269;277;278;279;290;293;294;297;298;301;302,24,37,1.0,1.0,2.7082596320191783,2.314845353017347,0.975712467439223,True,True,True,True,True,pass
Nb252_aff_seq114_S114K,Nb252 reported_seq S114K,Nb252 IMGT 116 S>K,Nb252 chain C auth 114 S>K,114,S,K,CDR3,False,2,8112102,Nb252_WT_rep02_seed8112102,427.325201499744,-71.86717752735973,-94.20842906603002,-125.37439946570666,17.16134062404362,24,37,0.9166666666666666,0.8918918918918919,0.04590596105736413,2.337796984914376,33;37;45;47;50;53;58;98;100;102;103;104;105;106;107;108;109;110;111;112;113;114;115;116,33;40;44;82;86;89;90;93;96;97;98;99;101;102;105;106;109;110;172;174;177;178;179;180;181;182;269;277;278;279;290;293;294;297;298;301;302,24,37,1.0,1.0,2.597413705595443,2.314845353017347,0.975712467439223,True,True,True,True,True,pass
Nb252_aff_seq114_S114K,Nb252 reported_seq S114K,Nb252 IMGT 116 S>K,Nb252 chain C auth 114 S>K,114,S,K,CDR3,False,3,8112103,Nb252_WT_rep03_seed8112103,427.325201499744,-71.86717752735973,-94.20842906603002,-125.37439946570666,17.16134062404362,24,37,0.9166666666666666,0.8918918918918919,0.04590596105736413,2.337796984914376,33;37;45;47;50;53;58;98;100;102;103;104;105;106;107;108;109;110;111;112;113;114;115;116,33;40;44;82;86;89;90;93;96;97;98;99;101;102;105;106;109;110;172;174;177;178;179;180;181;182;269;277;278;279;290;293;294;297;298;301;302,24,37,1.0,1.0,2.597413705595443,2.314845353017347,0.975712467439223,True,True,True,True,True,pass
Nb252_aff_seq114_S114L,Nb252 reported_seq S114L,Nb252 IMGT 116 S>L,Nb252 chain C auth 114 S>L,114,S,L,CDR3,False,1,8112101,Nb252_WT_rep01_seed8112101,422.6063045204046,-76.32114184087806,-98.04284684408252,-123.39455542217591,18.30632665199152,24,37,0.9166666666666666,0.8918918918918919,0.04733585291357787,2.3088734450882673,33;37;45;47;50;53;58;98;100;102;103;104;105;106;107;108;109;110;111;112;113;114;115;116,33;40;44;82;86;89;90;93;96;97;98;99;101;102;105;106;109;110;172;174;177;178;179;180;181;182;269;277;278;279;290;293;294;297;298;301;302,24,37,1.0,1.0,-1.7457046814991486,-1.5195724250351503,2.1206984953871206,True,True,True,True,True,pass
Nb252_aff_seq114_S114L,Nb252 reported_seq S114L,Nb252 IMGT 116 S>L,Nb252 chain C auth 114 S>L,114,S,L,CDR3,False,2,8112102,Nb252_WT_rep02_seed8112102,422.6063045204046,-76.53918024324759,-98.04284684408252,-123.39455542217591,18.30632665199152,24,37,0.9166666666666666,0.8918918918918919,0.04733585291357787,2.3088734450882673,33;37;45;47;50;53;58;98;100;102;103;104;105;106;107;108;109;110;111;112;113;114;115;116,33;40;44;82;86;89;90;93;96;97;98;99;101;102;105;106;109;110;172;174;177;178;179;180;181;182;269;277;278;279;290;293;294;297;298;301;302,24,37,1.0,1.0,-2.0745890102924136,-1.5195724250351503,2.1206984953871206,True,True,True,True,True,pass
Nb252_aff_seq114_S114L,Nb252 reported_seq S114L,Nb252 IMGT 116 S>L,Nb252 chain C auth 114 S>L,114,S,L,CDR3,False,3,8112103,Nb252_WT_rep03_seed8112103,422.6063045204046,-77.51178439518833,-98.04284684408252,-123.39455542217591,18.30632665199152,24,37,0.9166666666666666,0.8918918918918919,0.04733585291357787,2.3088734450882673,33;37;45;47;50;53;58;98;100;102;103;104;105;106;107;108;109;110;111;112;113;114;115;116,33;40;44;82;86;89;90;93;96;97;98;99;101;102;105;106;109;110;172;174;177;178;179;180;181;182;269;277;278;279;290;293;294;297;298;301;302,24,37,1.0,1.0,-3.0471931622331567,-1.5195724250351503,2.1206984953871206,True,True,True,True,True,pass
Nb252_aff_seq114_S114M,Nb252 reported_seq S114M,Nb252 IMGT 116 S>M,Nb252 chain C auth 114 S>M,114,S,M,CDR3,False,1,8112101,Nb252_WT_rep01_seed8112101,419.0906244021263,-77.92664743049062,-99.29385850301378,-124.79508223720447,17.741532034695084,24,37,0.9166666666666666,0.8918918918918919,0.04604929266843061,2.292497562007374,33;37;45;47;50;53;58;98;100;102;103;104;105;106;107;108;109;110;111;112;113;114;115;116,33;40;44;82;86;89;90;93;96;97;98;99;101;102;105;106;109;110;172;174;177;178;179;180;181;182;269;277;278;279;290;293;294;297;298;301;302,24,37,1.0,1.0,-3.351210271111711,-2.770584083966412,1.5559038780906853,True,True,True,True,True,pass
Nb252_aff_seq114_S114M,Nb252 reported_seq S114M,Nb252 IMGT 116 S>M,Nb252 chain C auth 114 S>M,114,S,M,CDR3,False,2,8112102,Nb252_WT_rep02_seed8112102,419.0906244021263,-77.3413674909765,-99.29385850301378,-124.79508223720447,17.741532034695084,24,37,0.9166666666666666,0.8918918918918919,0.04604929266843061,2.292497562007374,33;37;45;47;50;53;58;98;100;102;103;104;105;106;107;108;109;110;111;112;113;114;115;116,33;40;44;82;86;89;90;93;96;97;98;99;101;102;105;106;109;110;172;174;177;178;179;180;181;182;269;277;278;279;290;293;294;297;298;301;302,24,37,1.0,1.0,-2.876776258021323,-2.770584083966412,1.5559038780906853,True,True,True,True,True,pass
Nb252_aff_seq114_S114M,Nb252 reported_seq S114M,Nb252 IMGT 116 S>M,Nb252 chain C auth 114 S>M,114,S,M,CDR3,False,3,8112103,Nb252_WT_rep03_seed8112103,419.0906244021263,-77.92664743049062,-99.29385850301378,-124.79508223720447,17.741532034695084,24,37,0.9166666666666666,0.8918918918918919,0.04604929266843061,2.292497562007374,33;37;45;47;50;53;58;98;100;102;103;104;105;106;107;108;109;110;111;112;113;114;115;116,33;40;44;82;86;89;90;93;96;97;98;99;101;102;105;106;109;110;172;174;177;178;179;180;181;182;269;277;278;279;290;293;294;297;298;301;302,24,37,1.0,1.0,-3.4620561975354462,-2.770584083966412,1.5559038780906853,True,True,True,True,True,pass
Nb252_aff_seq114_S114N,Nb252 reported_seq S114N,Nb252 IMGT 116 S>N,Nb252 chain C auth 114 S>N,114,S,N,CDR3,False,1,8112101,Nb252_WT_rep01_seed8112101,430.1876799932367,-77.3660717576426,-96.06110387635712,-121.32743762102471,16.533196877792406,24,36,0.9166666666666666,0.8918918918918919,0.044600964515669694,2.299998626695945,33;37;45;47;50;53;58;98;100;102;103;104;105;106;107;108;109;110;111;112;113;114;115;116,33;40;44;82;86;89;90;93;96;97;98;99;101;102;105;109;110;172;174;177;178;179;180;181;182;269;277;278;279;290;293;294;297;298;301;302,24,37,1.0,0.972972972972973,-2.7906345982636935,0.46217054269024516,0.34756872118800786,True,True,True,True,True,pass
Nb252_aff_seq114_S114N,Nb252 reported_seq S114N,Nb252 IMGT 116 S>N,Nb252 chain C auth 114 S>N,114,S,N,CDR3,False,2,8112102,Nb252_WT_rep02_seed8112102,430.1876799932367,-79.32709022202795,-96.06110387635712,-121.32743762102471,16.533196877792406,24,36,0.9166666666666666,0.8918918918918919,0.044600964515669694,2.299998626695945,33;37;45;47;50;53;58;98;100;102;103;104;105;106;107;108;109;110;111;112;113;114;115;116,33;40;44;82;86;89;90;93;96;97;98;99;101;102;105;109;110;172;174;177;178;179;180;181;182;269;277;278;279;290;293;294;297;298;301;302,24,37,1.0,0.972972972972973,-4.862498989072776,0.46217054269024516,0.34756872118800786,True,True,True,True,True,pass
Nb252_aff_seq114_S114N,Nb252 reported_seq S114N,Nb252 IMGT 116 S>N,Nb252 chain C auth 114 S>N,114,S,N,CDR3,False,3,8112103,Nb252_WT_rep03_seed8112103,430.1876799932367,-74.00592629987199,-96.06110387635712,-121.32743762102471,16.533196877792406,24,36,0.9166666666666666,0.8918918918918919,0.044600964515669694,2.299998626695945,33;37;45;47;50;53;58;98;100;102;103;104;105;106;107;108;109;110;111;112;113;114;115;116,33;40;44;82;86;89;90;93;96;97;98;99;101;102;105;109;110;172;174;177;178;179;180;181;182;269;277;278;279;290;293;294;297;298;301;302,24,37,1.0,0.972972972972973,0.4586649330831847,0.46217054269024516,0.34756872118800786,True,True,True,True,True,pass
Nb252_aff_seq114_S114P,Nb252 reported_seq S114P,Nb252 IMGT 116 S>P,Nb252 chain C auth 114 S>P,114,S,P,CDR3,False,1,8112101,Nb252_WT_rep01_seed8112101,472.689855542494,-66.60108478782092,-87.30472638664315,-122.1502675696408,24.929047414636894,24,37,0.9166666666666666,0.918918918918919,0.0684713841864185,2.4622761968779283,33;37;45;47;50;53;58;98;100;102;103;104;105;106;107;108;109;110;111;112;113;114;115;116,33;37;40;44;82;86;89;90;93;96;97;98;99;101;102;105;109;110;172;174;177;178;179;180;181;182;269;277;278;279;290;293;294;297;298;301;302,24,37,1.0,0.972972972972973,7.974352371557984,9.218548032404215,8.743419258032496,True,True,True,True,True,pass
Nb252_aff_seq114_S114P,Nb252 reported_seq S114P,Nb252 IMGT 116 S>P,Nb252 chain C auth 114 S>P,114,S,P,CDR3,False,2,8112102,Nb252_WT_rep02_seed8112102,472.689855542494,-66.05765268733296,-87.30472638664315,-122.1502675696408,24.929047414636894,24,37,0.9166666666666666,0.918918918918919,0.0684713841864185,2.4622761968779283,33;37;45;47;50;53;58;98;100;102;103;104;105;106;107;108;109;110;111;112;113;114;115;116,33;37;40;44;82;86;89;90;93;96;97;98;99;101;102;105;109;110;172;174;177;178;179;180;181;182;269;277;278;279;290;293;294;297;298;301;302,24,37,1.0,0.972972972972973,8.40693854562221,9.218548032404215,8.743419258032496,True,True,True,True,True,pass
Nb252_aff_seq114_S114P,Nb252 reported_seq S114P,Nb252 IMGT 116 S>P,Nb252 chain C auth 114 S>P,114,S,P,CDR3,False,3,8112103,Nb252_WT_rep03_seed8112103,472.689855542494,-66.22361291576124,-87.30472638664315,-122.1502675696408,24.929047414636894,24,37,0.9166666666666666,0.918918918918919,0.0684713841864185,2.4622761968779283,33;37;45;47;50;53;58;98;100;102;103;104;105;106;107;108;109;110;111;112;113;114;115;116,33;37;40;44;82;86;89;90;93;96;97;98;99;101;102;105;109;110;172;174;177;178;179;180;181;182;269;277;278;279;290;293;294;297;298;301;302,24,37,1.0,0.972972972972973,8.240978317193935,9.218548032404215,8.743419258032496,True,True,True,True,True,pass
Nb252_aff_seq114_S114Q,Nb252 reported_seq S114Q,Nb252 IMGT 116 S>Q,Nb252 chain C auth 114 S>Q,114,S,Q,CDR3,False,1,8112101,Nb252_WT_rep01_seed8112101,421.31467569981635,-75.11456647840646,-97.49060545102901,-123.77125184396635,16.839022498068722,24,37,0.9166666666666666,0.8918918918918919,0.04614160974050829,2.2822360349251207,33;37;45;47;50;53;58;98;100;102;103;104;105;106;107;108;109;110;111;112;113;114;115;116,33;40;44;82;86;89;90;93;96;97;98;99;101;102;105;106;109;110;172;174;177;178;179;180;181;182;269;277;278;279;290;293;294;297;298;301;302,24,37,1.0,1.0,-0.5391293190275519,-0.9673310319816437,0.653394341464324,True,True,True,True,True,pass
Nb252_aff_seq114_S114Q,Nb252 reported_seq S114Q,Nb252 IMGT 116 S>Q,Nb252 chain C auth 114 S>Q,114,S,Q,CDR3,False,2,8112102,Nb252_WT_rep02_seed8112102,421.31467569981635,-76.61938905109002,-97.49060545102901,-123.77125184396635,16.839022498068722,24,37,0.9166666666666666,0.8918918918918919,0.04614160974050829,2.2822360349251207,33;37;45;47;50;53;58;98;100;102;103;104;105;106;107;108;109;110;111;112;113;114;115;116,33;40;44;82;86;89;90;93;96;97;98;99;101;102;105;106;109;110;172;174;177;178;179;180;181;182;269;277;278;279;290;293;294;297;298;301;302,24,37,1.0,1.0,-2.1547978181348526,-0.9673310319816437,0.653394341464324,True,True,True,True,True,pass
Nb252_aff_seq114_S114Q,Nb252 reported_seq S114Q,Nb252 IMGT 116 S>Q,Nb252 chain C auth 114 S>Q,114,S,Q,CDR3,False,3,8112103,Nb252_WT_rep03_seed8112103,421.31467569981635,-73.87098093758505,-97.49060545102901,-123.77125184396635,16.839022498068722,24,37,0.9166666666666666,0.8918918918918919,0.04614160974050829,2.2822360349251207,33;37;45;47;50;53;58;98;100;102;103;104;105;106;107;108;109;110;111;112;113;114;115;116,33;40;44;82;86;89;90;93;96;97;98;99;101;102;105;106;109;110;172;174;177;178;179;180;181;182;269;277;278;279;290;293;294;297;298;301;302,24,37,1.0,1.0,0.5936102953701266,-0.9673310319816437,0.653394341464324,True,True,True,True,True,pass
Nb252_aff_seq114_S114R,Nb252 reported_seq S114R,Nb252 IMGT 116 S>R,Nb252 chain C auth 114 S>R,114,S,R,CDR3,False,1,8112101,Nb252_WT_rep01_seed8112101,428.12920344478766,-73.34558237922693,-96.0991275240688,-122.50138582149116,16.794581784486475,24,37,0.9166666666666666,0.8918918918918919,0.04818377591061483,2.301743633319682,33;37;45;47;50;53;58;98;100;102;103;104;105;106;107;108;109;110;111;112;113;114;115;116,33;40;44;82;86;89;90;93;96;97;98;99;101;102;105;106;109;110;172;174;177;178;179;180;181;182;269;277;278;279;290;293;294;297;298;301;302,24,37,1.0,1.0,1.2298547801519817,0.4241468949785627,0.6089536278820766,True,True,True,True,True,pass
Nb252_aff_seq114_S114R,Nb252 reported_seq S114R,Nb252 IMGT 116 S>R,Nb252 chain C auth 114 S>R,114,S,R,CDR3,False,2,8112102,Nb252_WT_rep02_seed8112102,430.695667734699,-68.73301494270163,-93.09565146462334,-121.47791238475425,16.150436767322674,23,37,0.875,0.8918918918918919,0.04703494937553742,2.2994329758045646,33;37;45;47;50;53;58;98;102;103;104;105;106;107;108;109;110;111;112;113;114;115;116,33;40;44;82;86;89;90;93;96;97;98;99;101;102;105;106;109;110;172;174;177;178;179;180;181;182;269;277;278;279;290;293;294;297;298;301;302,24,37,0.9583333333333334,1.0,5.7315762902535425,3.4276229544240238,-0.03519138928172438,True,True,True,True,True,pass
Nb252_aff_seq114_S114R,Nb252 reported_seq S114R,Nb252 IMGT 116 S>R,Nb252 chain C auth 114 S>R,114,S,R,CDR3,False,3,8112103,Nb252_WT_rep03_seed8112103,437.5322415155716,-61.15271127769324,-93.64464907588112,-126.4067221640628,18.591993490624105,23,38,0.9166666666666666,0.918918918918919,0.046952204036493084,2.334648744826602,33;37;45;47;53;58;98;100;102;103;104;105;106;107;108;109;110;111;112;113;114;115;116,33;37;40;44;82;86;89;90;93;96;97;98;99;101;102;105;106;109;110;172;174;177;178;179;180;181;182;269;277;278;279;290;293;294;297;298;301;302,24,37,0.9583333333333334,1.0,13.31187995526193,2.8786253431662487,2.406365334019707,True,True,True,True,True,pass
Nb252_aff_seq114_S114T,Nb252 reported_seq S114T,Nb252 IMGT 116 S>T,Nb252 chain C auth 114 S>T,114,S,T,CDR3,False,1,8112101,Nb252_WT_rep01_seed8112101,422.59817373671956,-75.46819286137543,-96.67661359756012,-121.86997768626522,16.955950295752565,24,37,0.9166666666666666,0.8918918918918919,0.04571979568984562,2.2963308192213048,33;37;45;47;50;53;58;98;100;102;103;104;105;106;107;108;109;110;111;112;113;114;115;116,33;40;44;82;86;89;90;93;96;97;98;99;101;102;105;106;109;110;172;174;177;178;179;180;181;182;269;277;278;279;290;293;294;297;298;301;302,24,37,1.0,1.0,-0.8927557019965207,-0.15333917851275203,0.7703221391481669,True,True,True,True,True,pass
Nb252_aff_seq114_S114T,Nb252 reported_seq S114T,Nb252 IMGT 116 S>T,Nb252 chain C auth 114 S>T,114,S,T,CDR3,False,2,8112102,Nb252_WT_rep02_seed8112102,422.59817373671956,-74.91001269791172,-96.67661359756012,-121.86997768626522,16.955950295752565,24,37,0.9166666666666666,0.8918918918918919,0.04571979568984562,2.2963308192213048,33;37;45;47;50;53;58;98;100;102;103;104;105;106;107;108;109;110;111;112;113;114;115;116,33;40;44;82;86;89;90;93;96;97;98;99;101;102;105;106;109;110;172;174;177;178;179;180;181;182;269;277;278;279;290;293;294;297;298;301;302,24,37,1.0,1.0,-0.4454214649565529,-0.15333917851275203,0.7703221391481669,True,True,True,True,True,pass
Nb252_aff_seq114_S114T,Nb252 reported_seq S114T,Nb252 IMGT 116 S>T,Nb252 chain C auth 114 S>T,114,S,T,CDR3,False,3,8112103,Nb252_WT_rep03_seed8112103,422.59817373671956,-74.91001269791172,-96.67661359756012,-121.86997768626522,16.955950295752565,24,37,0.9166666666666666,0.8918918918918919,0.04571979568984562,2.2963308192213048,33;37;45;47;50;53;58;98;100;102;103;104;105;106;107;108;109;110;111;112;113;114;115;116,33;40;44;82;86;89;90;93;96;97;98;99;101;102;105;106;109;110;172;174;177;178;179;180;181;182;269;277;278;279;290;293;294;297;298;301;302,24,37,1.0,1.0,-0.4454214649565529,-0.15333917851275203,0.7703221391481669,True,True,True,True,True,pass
Nb252_aff_seq114_S114V,Nb252 reported_seq S114V,Nb252 IMGT 116 S>V,Nb252 chain C auth 114 S>V,114,S,V,CDR3,False,1,8112101,Nb252_WT_rep01_seed8112101,425.5690745636829,-76.12380089563715,-97.17836960103297,-121.86788637650766,16.738070594633808,24,36,0.9166666666666666,0.8918918918918919,0.0481181864789617,2.292749800268114,33;37;45;47;50;53;58;98;100;102;103;104;105;106;107;108;109;110;111;112;113;114;115;116,33;40;44;82;86;89;90;93;96;97;98;99;101;102;105;109;110;172;174;177;178;179;180;181;182;269;277;278;279;290;293;294;297;298;301;302,24,37,1.0,0.972972972972973,-1.5483637362582385,-0.655095181985601,0.5524424380294093,True,True,True,True,True,pass
Nb252_aff_seq114_S114V,Nb252 reported_seq S114V,Nb252 IMGT 116 S>V,Nb252 chain C auth 114 S>V,114,S,V,CDR3,False,2,8112102,Nb252_WT_rep02_seed8112102,425.5690745636829,-75.30786175792412,-97.17836960103297,-121.86788637650766,16.738070594633808,24,36,0.9166666666666666,0.8918918918918919,0.0481181864789617,2.292749800268114,33;37;45;47;50;53;58;98;100;102;103;104;105;106;107;108;109;110;111;112;113;114;115;116,33;40;44;82;86;89;90;93;96;97;98;99;101;102;105;109;110;172;174;177;178;179;180;181;182;269;277;278;279;290;293;294;297;298;301;302,24,37,1.0,0.972972972972973,-0.8432705249689434,-0.655095181985601,0.5524424380294093,True,True,True,True,True,pass
Nb252_aff_seq114_S114V,Nb252 reported_seq S114V,Nb252 IMGT 116 S>V,Nb252 chain C auth 114 S>V,114,S,V,CDR3,False,3,8112103,Nb252_WT_rep03_seed8112103,425.5690745636829,-76.41507593673498,-97.17836960103297,-121.86788637650766,16.738070594633808,24,36,0.9166666666666666,0.8918918918918919,0.0481181864789617,2.292749800268114,33;37;45;47;50;53;58;98;100;102;103;104;105;106;107;108;109;110;111;112;113;114;115;116,33;40;44;82;86;89;90;93;96;97;98;99;101;102;105;109;110;172;174;177;178;179;180;181;182;269;277;278;279;290;293;294;297;298;301;302,24,37,1.0,0.972972972972973,-1.9504847037798072,-0.655095181985601,0.5524424380294093,True,True,True,True,True,pass
Nb252_aff_seq114_S114W,Nb252 reported_seq S114W,Nb252 IMGT 116 S>W,Nb252 chain C auth 114 S>W,114,S,W,CDR3,False,1,8112101,Nb252_WT_rep01_seed8112101,463.63951508239916,-58.80647094872904,-92.1193551815296,-126.1688505170523,25.205809415400406,25,38,0.9583333333333334,0.918918918918919,0.05625232449090404,2.6326492038823655,33;37;45;46;47;50;53;58;98;100;102;103;104;105;106;107;108;109;110;111;112;113;114;115;116,33;37;40;44;82;86;89;90;93;96;97;98;99;101;102;105;106;109;110;172;174;177;178;179;180;181;182;269;277;278;279;290;293;294;297;298;301;302,24,37,1.0,1.0,15.768966210649864,4.403919237517769,9.020181258796008,True,True,True,True,True,pass
Nb252_aff_seq114_S114W,Nb252 reported_seq S114W,Nb252 IMGT 116 S>W,Nb252 chain C auth 114 S>W,114,S,W,CDR3,False,2,8112102,Nb252_WT_rep02_seed8112102,463.63951508239916,-58.198625417056405,-92.1193551815296,-126.1688505170523,25.205809415400406,25,38,0.9583333333333334,0.918918918918919,0.05625232449090404,2.6326492038823655,33;37;45;46;47;50;53;58;98;100;102;103;104;105;106;107;108;109;110;111;112;113;114;115;116,33;37;40;44;82;86;89;90;93;96;97;98;99;101;102;105;106;109;110;172;174;177;178;179;180;181;182;269;277;278;279;290;293;294;297;298;301;302,24,37,1.0,1.0,16.265965815898767,4.403919237517769,9.020181258796008,True,True,True,True,True,pass
Nb252_aff_seq114_S114W,Nb252 reported_seq S114W,Nb252 IMGT 116 S>W,Nb252 chain C auth 114 S>W,114,S,W,CDR3,False,3,8112103,Nb252_WT_rep03_seed8112103,463.63951508239916,-57.18544976256112,-92.1193551815296,-126.1688505170523,25.205809415400406,25,38,0.9583333333333334,0.918918918918919,0.05625232449090404,2.6326492038823655,33;37;45;46;47;50;53;58;98;100;102;103;104;105;106;107;108;109;110;111;112;113;114;115;116,33;37;40;44;82;86;89;90;93;96;97;98;99;101;102;105;106;109;110;172;174;177;178;179;180;181;182;269;277;278;279;290;293;294;297;298;301;302,24,37,1.0,1.0,17.279141470394052,4.403919237517769,9.020181258796008,True,True,True,True,True,pass
Nb252_aff_seq114_S114Y,Nb252 reported_seq S114Y,Nb252 IMGT 116 S>Y,Nb252 chain C auth 114 S>Y,114,S,Y,CDR3,False,1,8112101,Nb252_WT_rep01_seed8112101,452.2065923560187,-58.52596021742937,-93.46986296504382,-125.14498954994522,21.89687718800987,25,38,0.9583333333333334,0.918918918918919,0.04962623131359521,2.622415878489685,33;37;45;46;47;50;53;58;98;100;102;103;104;105;106;107;108;109;110;111;112;113;114;115;116,33;37;40;44;82;86;89;90;93;96;97;98;99;101;102;105;106;109;110;172;174;177;178;179;180;181;182;269;277;278;279;290;293;294;297;298;301;302,24,37,1.0,1.0,16.049476941949536,3.0534114540035517,5.7112490314054725,True,True,True,True,True,pass
Nb252_aff_seq114_S114Y,Nb252 reported_seq S114Y,Nb252 IMGT 116 S>Y,Nb252 chain C auth 114 S>Y,114,S,Y,CDR3,False,2,8112102,Nb252_WT_rep02_seed8112102,452.2065923560187,-57.520256857676884,-93.46986296504382,-125.14498954994522,21.89687718800987,25,38,0.9583333333333334,0.918918918918919,0.04962623131359521,2.622415878489685,33;37;45;46;47;50;53;58;98;100;102;103;104;105;106;107;108;109;110;111;112;113;114;115;116,33;37;40;44;82;86;89;90;93;96;97;98;99;101;102;105;106;109;110;172;174;177;178;179;180;181;182;269;277;278;279;290;293;294;297;298;301;302,24,37,1.0,1.0,16.944334375278288,3.0534114540035517,5.7112490314054725,True,True,True,True,True,pass
Nb252_aff_seq114_S114Y,Nb252 reported_seq S114Y,Nb252 IMGT 116 S>Y,Nb252 chain C auth 114 S>Y,114,S,Y,CDR3,False,3,8112103,Nb252_WT_rep03_seed8112103,452.2065923560187,-58.52596021742937,-93.46986296504382,-125.14498954994522,21.89687718800987,25,38,0.9583333333333334,0.918918918918919,0.04962623131359521,2.622415878489685,33;37;45;46;47;50;53;58;98;100;102;103;104;105;106;107;108;109;110;111;112;113;114;115;116,33;37;40;44;82;86;89;90;93;96;97;98;99;101;102;105;106;109;110;172;174;177;178;179;180;181;182;269;277;278;279;290;293;294;297;298;301;302,24,37,1.0,1.0,15.9386310155258,3.0534114540035517,5.7112490314054725,True,True,True,True,True,pass
Nb252_aff_seq115_Y115A,Nb252 reported_seq Y115A,Nb252 IMGT 117 Y>A,Nb252 chain C auth 115 Y>A,115,Y,A,CDR3,False,1,8112101,Nb252_WT_rep01_seed8112101,426.46112886008405,-73.29922956025405,-95.50381584633973,-119.8676141698912,16.091422741694068,24,37,0.9166666666666666,0.8918918918918919,0.04373728667974295,2.3145356024867327,33;37;45;47;50;53;58;98;100;102;103;104;105;106;107;108;109;110;111;112;113;114;115;116,33;40;44;82;86;89;90;93;96;97;98;99;101;102;105;106;109;110;172;174;177;178;179;180;181;182;269;277;278;279;290;293;294;297;298;301;302,24,37,1.0,1.0,1.2762075991248594,1.0194585727076344,-0.09420541491033063,True,True,True,True,True,pass
Nb252_aff_seq115_Y115A,Nb252 reported_seq Y115A,Nb252 IMGT 117 Y>A,Nb252 chain C auth 115 Y>A,115,Y,A,CDR3,False,2,8112102,Nb252_WT_rep02_seed8112102,426.46112886008405,-72.60676557561362,-95.50381584633973,-119.8676141698912,16.091422741694068,24,37,0.9166666666666666,0.8918918918918919,0.04373728667974295,2.3145356024867327,33;37;45;47;50;53;58;98;100;102;103;104;105;106;107;108;109;110;111;112;113;114;115;116,33;40;44;82;86;89;90;93;96;97;98;99;101;102;105;106;109;110;172;174;177;178;179;180;181;182;269;277;278;279;290;293;294;297;298;301;302,24,37,1.0,1.0,1.8578256573415501,1.0194585727076344,-0.09420541491033063,True,True,True,True,True,pass
Nb252_aff_seq115_Y115A,Nb252 reported_seq Y115A,Nb252 IMGT 117 Y>A,Nb252 chain C auth 115 Y>A,115,Y,A,CDR3,False,3,8112103,Nb252_WT_rep03_seed8112103,426.46112886008405,-73.29922956025405,-95.50381584633973,-119.8676141698912,16.091422741694068,24,37,0.9166666666666666,0.8918918918918919,0.04373728667974295,2.3145356024867327,33;37;45;47;50;53;58;98;100;102;103;104;105;106;107;108;109;110;111;112;113;114;115;116,33;40;44;82;86;89;90;93;96;97;98;99;101;102;105;106;109;110;172;174;177;178;179;180;181;182;269;277;278;279;290;293;294;297;298;301;302,24,37,1.0,1.0,1.165361672701124,1.0194585727076344,-0.09420541491033063,True,True,True,True,True,pass
Nb252_aff_seq115_Y115C,Nb252 reported_seq Y115C,Nb252 IMGT 117 Y>C,Nb252 chain C auth 115 Y>C,115,Y,C,CDR3,False,1,8112101,Nb252_WT_rep01_seed8112101,426.66057259387446,-73.53093313475085,-95.89980472682493,-120.10692029574365,15.908577742608196,24,37,0.9166666666666666,0.8918918918918919,0.04447913884189113,2.323487126007295,33;37;45;47;50;53;58;98;100;102;103;104;105;106;107;108;109;110;111;112;113;114;115;116,33;40;44;82;86;89;90;93;96;97;98;99;101;102;105;106;109;110;172;174;177;178;179;180;181;182;269;277;278;279;290;293;294;297;298;301;302,24,37,1.0,1.0,1.0445040246280541,0.623469692222443,-0.2770504139962018,True,True,True,True,True,pass
Nb252_aff_seq115_Y115C,Nb252 reported_seq Y115C,Nb252 IMGT 117 Y>C,Nb252 chain C auth 115 Y>C,115,Y,C,CDR3,False,2,8112102,Nb252_WT_rep02_seed8112102,426.66057259387446,-72.78789065928362,-95.89980472682493,-120.10692029574365,15.908577742608196,24,37,0.9166666666666666,0.8918918918918919,0.04447913884189113,2.323487126007295,33;37;45;47;50;53;58;98;100;102;103;104;105;106;107;108;109;110;111;112;113;114;115;116,33;40;44;82;86;89;90;93;96;97;98;99;101;102;105;106;109;110;172;174;177;178;179;180;181;182;269;277;278;279;290;293;294;297;298;301;302,24,37,1.0,1.0,1.6767005736715532,0.623469692222443,-0.2770504139962018,True,True,True,True,True,pass
Nb252_aff_seq115_Y115C,Nb252 reported_seq Y115C,Nb252 IMGT 117 Y>C,Nb252 chain C auth 115 Y>C,115,Y,C,CDR3,False,3,8112103,Nb252_WT_rep03_seed8112103,426.66057259387446,-73.08020972716503,-95.89980472682493,-120.10692029574365,15.908577742608196,24,37,0.9166666666666666,0.8918918918918919,0.04447913884189113,2.323487126007295,33;37;45;47;50;53;58;98;100;102;103;104;105;106;107;108;109;110;111;112;113;114;115;116,33;40;44;82;86;89;90;93;96;97;98;99;101;102;105;106;109;110;172;174;177;178;179;180;181;182;269;277;278;279;290;293;294;297;298;301;302,24,37,1.0,1.0,1.3843815057901452,0.623469692222443,-0.2770504139962018,True,True,True,True,True,pass
Nb252_aff_seq115_Y115D,Nb252 reported_seq Y115D,Nb252 IMGT 117 Y>D,Nb252 chain C auth 115 Y>D,115,Y,D,CDR3,False,1,8112101,Nb252_WT_rep01_seed8112101,424.7549741765141,-74.18562993738908,-95.19941583486403,-120.29494302197517,16.04544415011825,24,37,0.9166666666666666,0.8918918918918919,0.044049127896339975,2.316097153933154,33;37;45;47;50;53;58;98;100;102;103;104;105;106;107;108;109;110;111;112;113;114;115;116,33;40;44;82;86;89;90;93;96;97;98;99;101;102;105;106;109;110;172;174;177;178;179;180;181;182;269;277;278;279;290;293;294;297;298;301;302,24,37,1.0,1.0,0.38980722198982676,1.3238585841833412,-0.14018400648614815,True,True,True,True,True,pass
Nb252_aff_seq115_Y115D,Nb252 reported_seq Y115D,Nb252 IMGT 117 Y>D,Nb252 chain C auth 115 Y>D,115,Y,D,CDR3,False,2,8112102,Nb252_WT_rep02_seed8112102,424.7549741765141,-72.20022142002671,-95.19941583486403,-120.29494302197517,16.04544415011825,24,37,0.9166666666666666,0.8918918918918919,0.044049127896339975,2.316097153933154,33;37;45;47;50;53;58;98;100;102;103;104;105;106;107;108;109;110;111;112;113;114;115;116,33;40;44;82;86;89;90;93;96;97;98;99;101;102;105;106;109;110;172;174;177;178;179;180;181;182;269;277;278;279;290;293;294;297;298;301;302,24,37,1.0,1.0,2.2643698129284644,1.3238585841833412,-0.14018400648614815,True,True,True,True,True,pass
Nb252_aff_seq115_Y115D,Nb252 reported_seq Y115D,Nb252 IMGT 117 Y>D,Nb252 chain C auth 115 Y>D,115,Y,D,CDR3,False,3,8112103,Nb252_WT_rep03_seed8112103,424.7549741765141,-72.59739016139537,-95.19941583486403,-120.29494302197517,16.04544415011825,24,37,0.9166666666666666,0.8918918918918919,0.044049127896339975,2.316097153933154,33;37;45;47;50;53;58;98;100;102;103;104;105;106;107;108;109;110;111;112;113;114;115;116,33;40;44;82;86;89;90;93;96;97;98;99;101;102;105;106;109;110;172;174;177;178;179;180;181;182;269;277;278;279;290;293;294;297;298;301;302,24,37,1.0,1.0,1.8672010715598049,1.3238585841833412,-0.14018400648614815,True,True,True,True,True,pass
Nb252_aff_seq115_Y115E,Nb252 reported_seq Y115E,Nb252 IMGT 117 Y>E,Nb252 chain C auth 115 Y>E,115,Y,E,CDR3,False,1,8112101,Nb252_WT_rep01_seed8112101,426.50809860523117,-73.25175570742283,-95.05744413480227,-120.92336338763052,15.954402587618212,24,37,0.9166666666666666,0.8918918918918919,0.04385659474544863,2.32251412258947,33;37;45;47;50;53;58;98;100;102;103;104;105;106;107;108;109;110;111;112;113;114;115;116,33;40;44;82;86;89;90;93;96;97;98;99;101;102;105;106;109;110;172;174;177;178;179;180;181;182;269;277;278;279;290;293;294;297;298;301;302,24,37,1.0,1.0,1.3236814519560767,1.4658302842451008,-0.2312255689861864,True,True,True,True,True,pass
Nb252_aff_seq115_Y115E,Nb252 reported_seq Y115E,Nb252 IMGT 117 Y>E,Nb252 chain C auth 115 Y>E,115,Y,E,CDR3,False,2,8112102,Nb252_WT_rep02_seed8112102,426.50809860523117,-71.85538374395401,-95.05744413480227,-120.92336338763052,15.954402587618212,24,37,0.9166666666666666,0.8918918918918919,0.04385659474544863,2.32251412258947,33;37;45;47;50;53;58;98;100;102;103;104;105;106;107;108;109;110;111;112;113;114;115;116,33;40;44;82;86;89;90;93;96;97;98;99;101;102;105;106;109;110;172;174;177;178;179;180;181;182;269;277;278;279;290;293;294;297;298;301;302,24,37,1.0,1.0,2.6092074890011645,1.4658302842451008,-0.2312255689861864,True,True,True,True,True,pass
Nb252_aff_seq115_Y115E,Nb252 reported_seq Y115E,Nb252 IMGT 117 Y>E,Nb252 chain C auth 115 Y>E,115,Y,E,CDR3,False,3,8112103,Nb252_WT_rep03_seed8112103,426.50809860523117,-71.85538374395401,-95.05744413480227,-120.92336338763052,15.954402587618212,24,37,0.9166666666666666,0.8918918918918919,0.04385659474544863,2.32251412258947,33;37;45;47;50;53;58;98;100;102;103;104;105;106;107;108;109;110;111;112;113;114;115;116,33;40;44;82;86;89;90;93;96;97;98;99;101;102;105;106;109;110;172;174;177;178;179;180;181;182;269;277;278;279;290;293;294;297;298;301;302,24,37,1.0,1.0,2.6092074890011645,1.4658302842451008,-0.2312255689861864,True,True,True,True,True,pass
Nb252_aff_seq115_Y115F,Nb252 reported_seq Y115F,Nb252 IMGT 117 Y>F,Nb252 chain C auth 115 Y>F,115,Y,F,CDR3,False,1,8112101,Nb252_WT_rep01_seed8112101,420.8283772001822,-74.95231689180184,-96.64530638360043,-120.74561779534062,16.124126624097617,24,37,0.9166666666666666,0.8918918918918919,0.04378054109741809,2.316293346091615,33;37;45;47;50;53;58;98;100;102;103;104;105;106;107;108;109;110;111;112;113;114;115;116,33;40;44;82;86;89;90;93;96;97;98;99;101;102;105;106;109;110;172;174;177;178;179;180;181;182;269;277;278;279;290;293;294;297;298;301;302,24,37,1.0,1.0,-0.3768797324229354,-0.12203196455305942,-0.06150153250678159,True,True,True,True,True,pass
Nb252_aff_seq115_Y115F,Nb252 reported_seq Y115F,Nb252 IMGT 117 Y>F,Nb252 chain C auth 115 Y>F,115,Y,F,CDR3,False,2,8112102,Nb252_WT_rep02_seed8112102,420.8283772001822,-73.99621868361442,-96.64530638360043,-120.74561779534062,16.124126624097617,24,37,0.9166666666666666,0.8918918918918919,0.04378054109741809,2.316293346091615,33;37;45;47;50;53;58;98;100;102;103;104;105;106;107;108;109;110;111;112;113;114;115;116,33;40;44;82;86;89;90;93;96;97;98;99;101;102;105;106;109;110;172;174;177;178;179;180;181;182;269;277;278;279;290;293;294;297;298;301;302,24,37,1.0,1.0,0.46837254934075645,-0.12203196455305942,-0.06150153250678159,True,True,True,True,True,pass
Nb252_aff_seq115_Y115F,Nb252 reported_seq Y115F,Nb252 IMGT 117 Y>F,Nb252 chain C auth 115 Y>F,115,Y,F,CDR3,False,3,8112103,Nb252_WT_rep03_seed8112103,420.8283772001822,-74.95231689180184,-96.64530638360043,-120.74561779534062,16.124126624097617,24,37,0.9166666666666666,0.8918918918918919,0.04378054109741809,2.316293346091615,33;37;45;47;50;53;58;98;100;102;103;104;105;106;107;108;109;110;111;112;113;114;115;116,33;40;44;82;86;89;90;93;96;97;98;99;101;102;105;106;109;110;172;174;177;178;179;180;181;182;269;277;278;279;290;293;294;297;298;301;302,24,37,1.0,1.0,-0.48772565884667074,-0.12203196455305942,-0.06150153250678159,True,True,True,True,True,pass
Nb252_aff_seq115_Y115G,Nb252 reported_seq Y115G,Nb252 IMGT 117 Y>G,Nb252 chain C auth 115 Y>G,115,Y,G,CDR3,False,1,8112101,Nb252_WT_rep01_seed8112101,428.27393485625157,-72.96131291677113,-95.48022895647547,-119.70407320091208,15.930341849661945,24,37,0.9166666666666666,0.8918918918918919,0.04374315607301359,2.316277369607063,33;37;45;47;50;53;58;98;100;102;103;104;105;106;107;108;109;110;111;112;113;114;115;116,33;40;44;82;86;89;90;93;96;97;98;99;101;102;105;106;109;110;172;174;177;178;179;180;181;182;269;277;278;279;290;293;294;297;298;301;302,24,37,1.0,1.0,1.6141242426077724,1.0430454625718966,-0.2552863069424536,True,True,True,True,True,pass
Nb252_aff_seq115_Y115G,Nb252 reported_seq Y115G,Nb252 IMGT 117 Y>G,Nb252 chain C auth 115 Y>G,115,Y,G,CDR3,False,2,8112102,Nb252_WT_rep02_seed8112102,428.27393485625157,-72.50899158602431,-95.48022895647547,-119.70407320091208,15.930341849661945,24,37,0.9166666666666666,0.8918918918918919,0.04374315607301359,2.316277369607063,33;37;45;47;50;53;58;98;100;102;103;104;105;106;107;108;109;110;111;112;113;114;115;116,33;40;44;82;86;89;90;93;96;97;98;99;101;102;105;106;109;110;172;174;177;178;179;180;181;182;269;277;278;279;290;293;294;297;298;301;302,24,37,1.0,1.0,1.9555996469308639,1.0430454625718966,-0.2552863069424536,True,True,True,True,True,pass
Nb252_aff_seq115_Y115G,Nb252 reported_seq Y115G,Nb252 IMGT 117 Y>G,Nb252 chain C auth 115 Y>G,115,Y,G,CDR3,False,3,8112103,Nb252_WT_rep03_seed8112103,428.27393485625157,-72.96131291677113,-95.48022895647547,-119.70407320091208,15.930341849661945,24,37,0.9166666666666666,0.8918918918918919,0.04374315607301359,2.316277369607063,33;37;45;47;50;53;58;98;100;102;103;104;105;106;107;108;109;110;111;112;113;114;115;116,33;40;44;82;86;89;90;93;96;97;98;99;101;102;105;106;109;110;172;174;177;178;179;180;181;182;269;277;278;279;290;293;294;297;298;301;302,24,37,1.0,1.0,1.503278316184037,1.0430454625718966,-0.2552863069424536,True,True,True,True,True,pass
Nb252_aff_seq115_Y115H,Nb252 reported_seq Y115H,Nb252 IMGT 117 Y>H,Nb252 chain C auth 115 Y>H,115,Y,H,CDR3,False,1,8112101,Nb252_WT_rep01_seed8112101,424.50899413778046,-72.79072717128923,-95.46755642690545,-120.87710261676828,16.392917685333668,24,37,0.9166666666666666,0.8918918918918919,0.043594840771260496,2.3120142148658207,33;37;45;47;50;53;58;98;100;102;103;104;105;106;107;108;109;110;111;112;113;114;115;116,33;40;44;82;86;89;90;93;96;97;98;99;101;102;105;106;109;110;172;174;177;178;179;180;181;182;269;277;278;279;290;293;294;297;298;301;302,24,37,1.0,1.0,1.7847099880896735,1.055717992141922,0.20728952872926953,True,True,True,True,True,pass
Nb252_aff_seq115_Y115H,Nb252 reported_seq Y115H,Nb252 IMGT 117 Y>H,Nb252 chain C auth 115 Y>H,115,Y,H,CDR3,False,2,8112102,Nb252_WT_rep02_seed8112102,424.50899413778046,-72.79072717128923,-95.46755642690545,-120.87710261676828,16.392917685333668,24,37,0.9166666666666666,0.8918918918918919,0.043594840771260496,2.3120142148658207,33;37;45;47;50;53;58;98;100;102;103;104;105;106;107;108;109;110;111;112;113;114;115;116,33;40;44;82;86;89;90;93;96;97;98;99;101;102;105;106;109;110;172;174;177;178;179;180;181;182;269;277;278;279;290;293;294;297;298;301;302,24,37,1.0,1.0,1.6738640616659382,1.055717992141922,0.20728952872926953,True,True,True,True,True,pass
Nb252_aff_seq115_Y115H,Nb252 reported_seq Y115H,Nb252 IMGT 117 Y>H,Nb252 chain C auth 115 Y>H,115,Y,H,CDR3,False,3,8112103,Nb252_WT_rep03_seed8112103,424.50899413778046,-73.50456897502403,-95.46755642690545,-120.87710261676828,16.392917685333668,24,37,0.9166666666666666,0.8918918918918919,0.043594840771260496,2.3120142148658207,33;37;45;47;50;53;58;98;100;102;103;104;105;106;107;108;109;110;111;112;113;114;115;116,33;40;44;82;86;89;90;93;96;97;98;99;101;102;105;106;109;110;172;174;177;178;179;180;181;182;269;277;278;279;290;293;294;297;298;301;302,24,37,1.0,1.0,0.9600222579311435,1.055717992141922,0.20728952872926953,True,True,True,True,True,pass
Nb252_aff_seq115_Y115I,Nb252 reported_seq Y115I,Nb252 IMGT 117 Y>I,Nb252 chain C auth 115 Y>I,115,Y,I,CDR3,False,1,8112101,Nb252_WT_rep01_seed8112101,426.4982455392353,-73.65449017400272,-96.79027489027706,-121.16630344778903,16.111735973129576,24,37,0.9166666666666666,0.8918918918918919,0.04365529462540725,2.3156066620427964,33;37;45;47;50;53;58;98;100;102;103;104;105;106;107;108;109;110;111;112;113;114;115;116,33;40;44;82;86;89;90;93;96;97;98;99;101;102;105;106;109;110;172;174;177;178;179;180;181;182;269;277;278;279;290;293;294;297;298;301;302,24,37,1.0,1.0,0.9209469853761902,-0.26700047122969295,-0.07389218347482185,True,True,True,True,True,pass
Nb252_aff_seq115_Y115I,Nb252 reported_seq Y115I,Nb252 IMGT 117 Y>I,Nb252 chain C auth 115 Y>I,115,Y,I,CDR3,False,2,8112102,Nb252_WT_rep02_seed8112102,426.4982455392353,-74.48087791690222,-96.79027489027706,-121.16630344778903,16.111735973129576,24,37,0.9166666666666666,0.8918918918918919,0.04365529462540725,2.3156066620427964,33;37;45;47;50;53;58;98;100;102;103;104;105;106;107;108;109;110;111;112;113;114;115;116,33;40;44;82;86;89;90;93;96;97;98;99;101;102;105;106;109;110;172;174;177;178;179;180;181;182;269;277;278;279;290;293;294;297;298;301;302,24,37,1.0,1.0,-0.016286683947043912,-0.26700047122969295,-0.07389218347482185,True,True,True,True,True,pass
Nb252_aff_seq115_Y115I,Nb252 reported_seq Y115I,Nb252 IMGT 117 Y>I,Nb252 chain C auth 115 Y>I,115,Y,I,CDR3,False,3,8112103,Nb252_WT_rep03_seed8112103,426.4982455392353,-74.07852689605869,-96.79027489027706,-121.16630344778903,16.111735973129576,24,37,0.9166666666666666,0.8918918918918919,0.04365529462540725,2.3156066620427964,33;37;45;47;50;53;58;98;100;102;103;104;105;106;107;108;109;110;111;112;113;114;115;116,33;40;44;82;86;89;90;93;96;97;98;99;101;102;105;106;109;110;172;174;177;178;179;180;181;182;269;277;278;279;290;293;294;297;298;301;302,24,37,1.0,1.0,0.38606433689648156,-0.26700047122969295,-0.07389218347482185,True,True,True,True,True,pass
Nb252_aff_seq115_Y115K,Nb252 reported_seq Y115K,Nb252 IMGT 117 Y>K,Nb252 chain C auth 115 Y>K,115,Y,K,CDR3,False,1,8112101,Nb252_WT_rep01_seed8112101,426.4022558479123,-72.81401380188157,-95.32051814614319,-121.17963536462224,16.251041419154298,24,37,0.9166666666666666,0.8918918918918919,0.04442296106452528,2.310816551637485,33;37;45;47;50;53;58;98;100;102;103;104;105;106;107;108;109;110;111;112;113;114;115;116,33;40;44;82;86;89;90;93;96;97;98;99;101;102;105;106;109;110;172;174;177;178;179;180;181;182;269;277;278;279;290;293;294;297;298;301;302,24,37,1.0,1.0,1.7614233574973355,1.2027562729041819,0.06541326254989954,True,True,True,True,True,pass
Nb252_aff_seq115_Y115K,Nb252 reported_seq Y115K,Nb252 IMGT 117 Y>K,Nb252 chain C auth 115 Y>K,115,Y,K,CDR3,False,2,8112102,Nb252_WT_rep02_seed8112102,426.4022558479123,-73.09748791432065,-95.32051814614319,-121.17963536462224,16.251041419154298,24,37,0.9166666666666666,0.8918918918918919,0.04442296106452528,2.310816551637485,33;37;45;47;50;53;58;98;100;102;103;104;105;106;107;108;109;110;111;112;113;114;115;116,33;40;44;82;86;89;90;93;96;97;98;99;101;102;105;106;109;110;172;174;177;178;179;180;181;182;269;277;278;279;290;293;294;297;298;301;302,24,37,1.0,1.0,1.3671033186345198,1.2027562729041819,0.06541326254989954,True,True,True,True,True,pass
Nb252_aff_seq115_Y115K,Nb252 reported_seq Y115K,Nb252 IMGT 117 Y>K,Nb252 chain C auth 115 Y>K,115,Y,K,CDR3,False,3,8112103,Nb252_WT_rep03_seed8112103,426.4022558479123,-73.51377476955957,-95.32051814614319,-121.17963536462224,16.251041419154298,24,37,0.9166666666666666,0.8918918918918919,0.04442296106452528,2.310816551637485,33;37;45;47;50;53;58;98;100;102;103;104;105;106;107;108;109;110;111;112;113;114;115;116,33;40;44;82;86;89;90;93;96;97;98;99;101;102;105;106;109;110;172;174;177;178;179;180;181;182;269;277;278;279;290;293;294;297;298;301;302,24,37,1.0,1.0,0.9508164633955971,1.2027562729041819,0.06541326254989954,True,True,True,True,True,pass
Nb252_aff_seq115_Y115L,Nb252 reported_seq Y115L,Nb252 IMGT 117 Y>L,Nb252 chain C auth 115 Y>L,115,Y,L,CDR3,False,1,8112101,Nb252_WT_rep01_seed8112101,423.4665588314508,-72.7828529411629,-96.01748136025333,-120.69969880626786,16.26338854532128,24,37,0.9166666666666666,0.8918918918918919,0.043578903407509376,2.3172572638435236,33;37;45;47;50;53;58;98;100;102;103;104;105;106;107;108;109;110;111;112;113;114;115;116,33;40;44;82;86;89;90;93;96;97;98;99;101;102;105;106;109;110;172;174;177;178;179;180;181;182;269;277;278;279;290;293;294;297;298;301;302,24,37,1.0,1.0,1.7925842182160068,0.5057930587940405,0.07776038871688229,True,True,True,True,True,pass
Nb252_aff_seq115_Y115L,Nb252 reported_seq Y115L,Nb252 IMGT 117 Y>L,Nb252 chain C auth 115 Y>L,115,Y,L,CDR3,False,2,8112102,Nb252_WT_rep02_seed8112102,423.4665588314508,-72.7828529411629,-96.01748136025333,-120.69969880626786,16.26338854532128,24,37,0.9166666666666666,0.8918918918918919,0.043578903407509376,2.3172572638435236,33;37;45;47;50;53;58;98;100;102;103;104;105;106;107;108;109;110;111;112;113;114;115;116,33;40;44;82;86;89;90;93;96;97;98;99;101;102;105;106;109;110;172;174;177;178;179;180;181;182;269;277;278;279;290;293;294;297;298;301;302,24,37,1.0,1.0,1.6817382917922714,0.5057930587940405,0.07776038871688229,True,True,True,True,True,pass
Nb252_aff_seq115_Y115L,Nb252 reported_seq Y115L,Nb252 IMGT 117 Y>L,Nb252 chain C auth 115 Y>L,115,Y,L,CDR3,False,3,8112103,Nb252_WT_rep03_seed8112103,423.4665588314508,-72.7828529411629,-96.01748136025333,-120.69969880626786,16.26338854532128,24,37,0.9166666666666666,0.8918918918918919,0.043578903407509376,2.3172572638435236,33;37;45;47;50;53;58;98;100;102;103;104;105;106;107;108;109;110;111;112;113;114;115;116,33;40;44;82;86;89;90;93;96;97;98;99;101;102;105;106;109;110;172;174;177;178;179;180;181;182;269;277;278;279;290;293;294;297;298;301;302,24,37,1.0,1.0,1.6817382917922714,0.5057930587940405,0.07776038871688229,True,True,True,True,True,pass
Nb252_aff_seq115_Y115M,Nb252 reported_seq Y115M,Nb252 IMGT 117 Y>M,Nb252 chain C auth 115 Y>M,115,Y,M,CDR3,False,1,8112101,Nb252_WT_rep01_seed8112101,426.92962536181267,-72.47476979616181,-96.70201997561448,-121.57529367141173,16.493104263363215,24,37,0.9166666666666666,0.8918918918918919,0.04420869928687669,2.304062741923747,33;37;45;47;50;53;58;98;100;102;103;104;105;106;107;108;109;110;111;112;113;114;115;116,33;40;44;82;86;89;90;93;96;97;98;99;101;102;105;106;109;110;172;174;177;178;179;180;181;182;269;277;278;279;290;293;294;297;298;301;302,24,37,1.0,1.0,2.1006673632170987,-0.1787455565671081,0.3074761067588163,True,True,True,True,True,pass
Nb252_aff_seq115_Y115M,Nb252 reported_seq Y115M,Nb252 IMGT 117 Y>M,Nb252 chain C auth 115 Y>M,115,Y,M,CDR3,False,2,8112102,Nb252_WT_rep02_seed8112102,428.3866430449318,-73.77062498991796,-95.55947131315911,-120.3067790553557,16.11754238586492,24,37,0.9166666666666666,0.8918918918918919,0.04406670705454348,2.315136187849564,33;37;45;47;50;53;58;98;100;102;103;104;105;106;107;108;109;110;111;112;113;114;115;116,33;40;44;82;86;89;90;93;96;97;98;99;101;102;105;106;109;110;172;174;177;178;179;180;181;182;269;277;278;279;290;293;294;297;298;301;302,24,37,1.0,1.0,0.6939662430372096,0.9638031058882603,-0.0680857707394793,True,True,True,True,True,pass
Nb252_aff_seq115_Y115M,Nb252 reported_seq Y115M,Nb252 IMGT 117 Y>M,Nb252 chain C auth 115 Y>M,115,Y,M,CDR3,False,3,8112103,Nb252_WT_rep03_seed8112103,426.92962536181267,-74.10366908660376,-96.70201997561448,-121.57529367141173,16.493104263363215,24,37,0.9166666666666666,0.8918918918918919,0.04420869928687669,2.304062741923747,33;37;45;47;50;53;58;98;100;102;103;104;105;106;107;108;109;110;111;112;113;114;115;116,33;40;44;82;86;89;90;93;96;97;98;99;101;102;105;106;109;110;172;174;177;178;179;180;181;182;269;277;278;279;290;293;294;297;298;301;302,24,37,1.0,1.0,0.3609221463514132,-0.1787455565671081,0.3074761067588163,True,True,True,True,True,pass
Nb252_aff_seq115_Y115N,Nb252 reported_seq Y115N,Nb252 IMGT 117 Y>N,Nb252 chain C auth 115 Y>N,115,Y,N,CDR3,False,1,8112101,Nb252_WT_rep01_seed8112101,425.3373260921051,-74.46627604523394,-95.30116341460374,-120.5871018151215,16.313178268824405,24,37,0.9166666666666666,0.8918918918918919,0.043811695431729,2.3142586747351275,33;37;45;47;50;53;58;98;100;102;103;104;105;106;107;108;109;110;111;112;113;114;115;116,33;40;44;82;86;89;90;93;96;97;98;99;101;102;105;106;109;110;172;174;177;178;179;180;181;182;269;277;278;279;290;293;294;297;298;301;302,24,37,1.0,1.0,0.10916111414496754,1.222111004443633,0.1275501122200069,True,True,True,True,True,pass
Nb252_aff_seq115_Y115N,Nb252 reported_seq Y115N,Nb252 IMGT 117 Y>N,Nb252 chain C auth 115 Y>N,115,Y,N,CDR3,False,2,8112102,Nb252_WT_rep02_seed8112102,425.3373260921051,-72.69896925354146,-95.30116341460374,-120.5871018151215,16.313178268824405,24,37,0.9166666666666666,0.8918918918918919,0.043811695431729,2.3142586747351275,33;37;45;47;50;53;58;98;100;102;103;104;105;106;107;108;109;110;111;112;113;114;115;116,33;40;44;82;86;89;90;93;96;97;98;99;101;102;105;106;109;110;172;174;177;178;179;180;181;182;269;277;278;279;290;293;294;297;298;301;302,24,37,1.0,1.0,1.7656219794137087,1.222111004443633,0.1275501122200069,True,True,True,True,True,pass
Nb252_aff_seq115_Y115N,Nb252 reported_seq Y115N,Nb252 IMGT 117 Y>N,Nb252 chain C auth 115 Y>N,115,Y,N,CDR3,False,3,8112103,Nb252_WT_rep03_seed8112103,425.3373260921051,-73.11647810570548,-95.30116341460374,-120.5871018151215,16.313178268824405,24,37,0.9166666666666666,0.8918918918918919,0.043811695431729,2.3142586747351275,33;37;45;47;50;53;58;98;100;102;103;104;105;106;107;108;109;110;111;112;113;114;115;116,33;40;44;82;86;89;90;93;96;97;98;99;101;102;105;106;109;110;172;174;177;178;179;180;181;182;269;277;278;279;290;293;294;297;298;301;302,24,37,1.0,1.0,1.3481131272496896,1.222111004443633,0.1275501122200069,True,True,True,True,True,pass
Nb252_aff_seq115_Y115P,Nb252 reported_seq Y115P,Nb252 IMGT 117 Y>P,Nb252 chain C auth 115 Y>P,115,Y,P,CDR3,False,1,8112101,Nb252_WT_rep01_seed8112101,440.13856701483724,-72.69819962543397,-94.14195609836925,-119.9007756542294,17.336842957385354,24,36,0.9166666666666666,0.8918918918918919,0.05668382159569686,2.334107735927015,33;37;45;47;50;53;58;98;100;102;103;104;105;106;107;108;109;110;111;112;113;114;115;116,33;40;44;82;86;89;90;93;96;97;98;99;101;102;105;109;110;172;174;177;178;179;180;181;182;269;277;278;279;290;293;294;297;298;301;302,24,37,1.0,0.972972972972973,1.8772375339449354,2.381318320678119,1.1512148007809557,True,True,True,True,True,pass
Nb252_aff_seq115_Y115P,Nb252 reported_seq Y115P,Nb252 IMGT 117 Y>P,Nb252 chain C auth 115 Y>P,115,Y,P,CDR3,False,2,8112102,Nb252_WT_rep02_seed8112102,440.13856701483724,-74.38689268959047,-94.14195609836925,-119.9007756542294,17.336842957385354,24,36,0.9166666666666666,0.8918918918918919,0.05668382159569686,2.334107735927015,33;37;45;47;50;53;58;98;100;102;103;104;105;106;107;108;109;110;111;112;113;114;115;116,33;40;44;82;86;89;90;93;96;97;98;99;101;102;105;109;110;172;174;177;178;179;180;181;182;269;277;278;279;290;293;294;297;298;301;302,24,37,1.0,0.972972972972973,0.07769854336470416,2.381318320678119,1.1512148007809557,True,True,True,True,True,pass
Nb252_aff_seq115_Y115P,Nb252 reported_seq Y115P,Nb252 IMGT 117 Y>P,Nb252 chain C auth 115 Y>P,115,Y,P,CDR3,False,3,8112103,Nb252_WT_rep03_seed8112103,440.13856701483724,-123.51188691133302,-94.14195609836925,-119.9007756542294,17.336842957385354,24,36,0.9166666666666666,0.8918918918918919,0.05668382159569686,2.334107735927015,33;37;45;47;50;53;58;98;100;102;103;104;105;106;107;108;109;110;111;112;113;114;115;116,33;40;44;82;86;89;90;93;96;97;98;99;101;102;105;109;110;172;174;177;178;179;180;181;182;269;277;278;279;290;293;294;297;298;301;302,24,37,1.0,0.972972972972973,-49.04729567837785,2.381318320678119,1.1512148007809557,True,True,True,True,True,pass
Nb252_aff_seq115_Y115Q,Nb252 reported_seq Y115Q,Nb252 IMGT 117 Y>Q,Nb252 chain C auth 115 Y>Q,115,Y,Q,CDR3,False,1,8112101,Nb252_WT_rep01_seed8112101,427.75120750848225,-71.97766948942285,-96.34843802914072,-121.35367324010228,16.179537427467793,24,37,0.9166666666666666,0.8918918918918919,0.04383512591393662,2.315118831493404,33;37;45;47;50;53;58;98;100;102;103;104;105;106;107;108;109;110;111;112;113;114;115;116,33;40;44;82;86;89;90;93;96;97;98;99;101;102;105;106;109;110;172;174;177;178;179;180;181;182;269;277;278;279;290;293;294;297;298;301;302,24,37,1.0,1.0,2.597767669956056,0.17483638990664474,-0.006090729136605688,True,True,True,True,True,pass
Nb252_aff_seq115_Y115Q,Nb252 reported_seq Y115Q,Nb252 IMGT 117 Y>Q,Nb252 chain C auth 115 Y>Q,115,Y,Q,CDR3,False,2,8112102,Nb252_WT_rep02_seed8112102,427.75120750848225,-71.97766948942285,-96.34843802914072,-121.35367324010228,16.179537427467793,24,37,0.9166666666666666,0.8918918918918919,0.04383512591393662,2.315118831493404,33;37;45;47;50;53;58;98;100;102;103;104;105;106;107;108;109;110;111;112;113;114;115;116,33;40;44;82;86;89;90;93;96;97;98;99;101;102;105;106;109;110;172;174;177;178;179;180;181;182;269;277;278;279;290;293;294;297;298;301;302,24,37,1.0,1.0,2.4869217435323208,0.17483638990664474,-0.006090729136605688,True,True,True,True,True,pass
Nb252_aff_seq115_Y115Q,Nb252 reported_seq Y115Q,Nb252 IMGT 117 Y>Q,Nb252 chain C auth 115 Y>Q,115,Y,Q,CDR3,False,3,8112103,Nb252_WT_rep03_seed8112103,427.75120750848225,-72.41132327551213,-96.34843802914072,-121.35367324010228,16.179537427467793,24,37,0.9166666666666666,0.8918918918918919,0.04383512591393662,2.315118831493404,33;37;45;47;50;53;58;98;100;102;103;104;105;106;107;108;109;110;111;112;113;114;115;116,33;40;44;82;86;89;90;93;96;97;98;99;101;102;105;106;109;110;172;174;177;178;179;180;181;182;269;277;278;279;290;293;294;297;298;301;302,24,37,1.0,1.0,2.0532679574430404,0.17483638990664474,-0.006090729136605688,True,True,True,True,True,pass
Nb252_aff_seq115_Y115R,Nb252 reported_seq Y115R,Nb252 IMGT 117 Y>R,Nb252 chain C auth 115 Y>R,115,Y,R,CDR3,False,1,8112101,Nb252_WT_rep01_seed8112101,424.9830149708074,-74.11890846667166,-96.32218608738044,-121.35155461206807,16.256675689928013,24,37,0.9166666666666666,0.8918918918918919,0.04404105071097929,2.3128853046178435,33;37;45;47;50;53;58;98;100;102;103;104;105;106;107;108;109;110;111;112;113;114;115;116,33;40;44;82;86;89;90;93;96;97;98;99;101;102;105;106;109;110;172;174;177;178;179;180;181;182;269;277;278;279;290;293;294;297;298;301;302,24,37,1.0,1.0,0.45652869270725205,0.20108833166692364,0.07104753332361469,True,True,True,True,True,pass
Nb252_aff_seq115_Y115R,Nb252 reported_seq Y115R,Nb252 IMGT 117 Y>R,Nb252 chain C auth 115 Y>R,115,Y,R,CDR3,False,2,8112102,Nb252_WT_rep02_seed8112102,424.9830149708074,-74.405356665113,-96.32218608738044,-121.35155461206807,16.256675689928013,24,37,0.9166666666666666,0.8918918918918919,0.04404105071097929,2.3128853046178435,33;37;45;47;50;53;58;98;100;102;103;104;105;106;107;108;109;110;111;112;113;114;115;116,33;40;44;82;86;89;90;93;96;97;98;99;101;102;105;106;109;110;172;174;177;178;179;180;181;182;269;277;278;279;290;293;294;297;298;301;302,24,37,1.0,1.0,0.05923456784216796,0.20108833166692364,0.07104753332361469,True,True,True,True,True,pass
Nb252_aff_seq115_Y115R,Nb252 reported_seq Y115R,Nb252 IMGT 117 Y>R,Nb252 chain C auth 115 Y>R,115,Y,R,CDR3,False,3,8112103,Nb252_WT_rep03_seed8112103,424.9830149708074,-74.11890846667166,-96.32218608738044,-121.35155461206807,16.256675689928013,24,37,0.9166666666666666,0.8918918918918919,0.04404105071097929,2.3128853046178435,33;37;45;47;50;53;58;98;100;102;103;104;105;106;107;108;109;110;111;112;113;114;115;116,33;40;44;82;86;89;90;93;96;97;98;99;101;102;105;106;109;110;172;174;177;178;179;180;181;182;269;277;278;279;290;293;294;297;298;301;302,24,37,1.0,1.0,0.3456827662835167,0.20108833166692364,0.07104753332361469,True,True,True,True,True,pass
Nb252_aff_seq115_Y115S,Nb252 reported_seq Y115S,Nb252 IMGT 117 Y>S,Nb252 chain C auth 115 Y>S,115,Y,S,CDR3,False,1,8112101,Nb252_WT_rep01_seed8112101,427.15969039831623,-72.6274891494561,-95.28266505681377,-120.00273332402101,16.183951678716994,24,37,0.9166666666666666,0.8918918918918919,0.044271284930146974,2.315827358684857,33;37;45;47;50;53;58;98;100;102;103;104;105;106;107;108;109;110;111;112;113;114;115;116,33;40;44;82;86;89;90;93;96;97;98;99;101;102;105;106;109;110;172;174;177;178;179;180;181;182;269;277;278;279;290;293;294;297;298;301;302,24,37,1.0,1.0,1.9479480099228113,1.2406093622335987,-0.0016764778874041042,True,True,True,True,True,pass
Nb252_aff_seq115_Y115S,Nb252 reported_seq Y115S,Nb252 IMGT 117 Y>S,Nb252 chain C auth 115 Y>S,115,Y,S,CDR3,False,2,8112102,Nb252_WT_rep02_seed8112102,427.15969039831623,-72.61648461070922,-95.28266505681377,-120.00273332402101,16.183951678716994,24,37,0.9166666666666666,0.8918918918918919,0.044271284930146974,2.315827358684857,33;37;45;47;50;53;58;98;100;102;103;104;105;106;107;108;109;110;111;112;113;114;115;116,33;40;44;82;86;89;90;93;96;97;98;99;101;102;105;106;109;110;172;174;177;178;179;180;181;182;269;277;278;279;290;293;294;297;298;301;302,24,37,1.0,1.0,1.8481066222459503,1.2406093622335987,-0.0016764778874041042,True,True,True,True,True,pass
Nb252_aff_seq115_Y115S,Nb252 reported_seq Y115S,Nb252 IMGT 117 Y>S,Nb252 chain C auth 115 Y>S,115,Y,S,CDR3,False,3,8112103,Nb252_WT_rep03_seed8112103,427.15969039831623,-72.61648461070922,-95.28266505681377,-120.00273332402101,16.183951678716994,24,37,0.9166666666666666,0.8918918918918919,0.044271284930146974,2.315827358684857,33;37;45;47;50;53;58;98;100;102;103;104;105;106;107;108;109;110;111;112;113;114;115;116,33;40;44;82;86;89;90;93;96;97;98;99;101;102;105;106;109;110;172;174;177;178;179;180;181;182;269;277;278;279;290;293;294;297;298;301;302,24,37,1.0,1.0,1.8481066222459503,1.2406093622335987,-0.0016764778874041042,True,True,True,True,True,pass
Nb252_aff_seq115_Y115T,Nb252 reported_seq Y115T,Nb252 IMGT 117 Y>T,Nb252 chain C auth 115 Y>T,115,Y,T,CDR3,False,1,8112101,Nb252_WT_rep01_seed8112101,429.1601634434455,-72.59654737708536,-95.54711887179029,-120.42830461719849,16.172595874952012,24,37,0.9166666666666666,0.8918918918918919,0.0439255965320932,2.3093530155073143,33;37;45;47;50;53;58;98;100;102;103;104;105;106;107;108;109;110;111;112;113;114;115;116,33;40;44;82;86;89;90;93;96;97;98;99;101;102;105;106;109;110;172;174;177;178;179;180;181;182;269;277;278;279;290;293;294;297;298;301;302,24,37,1.0,1.0,1.9788897822935496,0.9761555472570791,-0.013032281652385791,True,True,True,True,True,pass
Nb252_aff_seq115_Y115T,Nb252 reported_seq Y115T,Nb252 IMGT 117 Y>T,Nb252 chain C auth 115 Y>T,115,Y,T,CDR3,False,2,8112102,Nb252_WT_rep02_seed8112102,429.1601634434455,-73.02101866605267,-95.54711887179029,-120.42830461719849,16.172595874952012,24,37,0.9166666666666666,0.8918918918918919,0.0439255965320932,2.3093530155073143,33;37;45;47;50;53;58;98;100;102;103;104;105;106;107;108;109;110;111;112;113;114;115;116,33;40;44;82;86;89;90;93;96;97;98;99;101;102;105;106;109;110;172;174;177;178;179;180;181;182;269;277;278;279;290;293;294;297;298;301;302,24,37,1.0,1.0,1.4435725669025032,0.9761555472570791,-0.013032281652385791,True,True,True,True,True,pass
Nb252_aff_seq115_Y115T,Nb252 reported_seq Y115T,Nb252 IMGT 117 Y>T,Nb252 chain C auth 115 Y>T,115,Y,T,CDR3,False,3,8112103,Nb252_WT_rep03_seed8112103,429.02051021420095,-72.63587958720677,-95.56988102069467,-120.49456848234419,16.240867729465446,24,37,0.9166666666666666,0.8918918918918919,0.04411408342229925,2.3124582236406526,33;37;45;47;50;53;58;98;100;102;103;104;105;106;107;108;109;110;111;112;113;114;115;116,33;40;44;82;86;89;90;93;96;97;98;99;101;102;105;106;109;110;172;174;177;178;179;180;181;182;269;277;278;279;290;293;294;297;298;301;302,24,37,1.0,1.0,1.828711645748399,0.9533933983527021,0.05523957286104775,True,True,True,True,True,pass
Nb252_aff_seq115_Y115V,Nb252 reported_seq Y115V,Nb252 IMGT 117 Y>V,Nb252 chain C auth 115 Y>V,115,Y,V,CDR3,False,1,8112101,Nb252_WT_rep01_seed8112101,427.571725444961,-72.9691966833858,-95.42677308592415,-120.71778947332157,16.681083864387986,24,37,0.9166666666666666,0.8918918918918919,0.04452291134671636,2.296324489013378,33;37;45;47;50;53;58;98;100;102;103;104;105;106;107;108;109;110;111;112;113;114;115;116,33;40;44;82;86;89;90;93;96;97;98;99;101;102;105;106;109;110;172;174;177;178;179;180;181;182;269;277;278;279;290;293;294;297;298;301;302,24,37,1.0,1.0,1.6062404759931042,1.0965013331232143,0.49545570778358794,True,True,True,True,True,pass
Nb252_aff_seq115_Y115V,Nb252 reported_seq Y115V,Nb252 IMGT 117 Y>V,Nb252 chain C auth 115 Y>V,115,Y,V,CDR3,False,2,8112102,Nb252_WT_rep02_seed8112102,427.571725444961,-72.9691966833858,-95.42677308592415,-120.71778947332157,16.681083864387986,24,37,0.9166666666666666,0.8918918918918919,0.04452291134671636,2.296324489013378,33;37;45;47;50;53;58;98;100;102;103;104;105;106;107;108;109;110;111;112;113;114;115;116,33;40;44;82;86;89;90;93;96;97;98;99;101;102;105;106;109;110;172;174;177;178;179;180;181;182;269;277;278;279;290;293;294;297;298;301;302,24,37,1.0,1.0,1.4953945495693688,1.0965013331232143,0.49545570778358794,True,True,True,True,True,pass
Nb252_aff_seq115_Y115V,Nb252 reported_seq Y115V,Nb252 IMGT 117 Y>V,Nb252 chain C auth 115 Y>V,115,Y,V,CDR3,False,3,8112103,Nb252_WT_rep03_seed8112103,427.571725444961,-72.91825032377551,-95.42677308592415,-120.71778947332157,16.681083864387986,24,37,0.9166666666666666,0.8918918918918919,0.04452291134671636,2.296324489013378,33;37;45;47;50;53;58;98;100;102;103;104;105;106;107;108;109;110;111;112;113;114;115;116,33;40;44;82;86;89;90;93;96;97;98;99;101;102;105;106;109;110;172;174;177;178;179;180;181;182;269;277;278;279;290;293;294;297;298;301;302,24,37,1.0,1.0,1.546340909179662,1.0965013331232143,0.49545570778358794,True,True,True,True,True,pass
Nb252_aff_seq115_Y115W,Nb252 reported_seq Y115W,Nb252 IMGT 117 Y>W,Nb252 chain C auth 115 Y>W,115,Y,W,CDR3,False,1,8112101,Nb252_WT_rep01_seed8112101,421.03087960657,-74.33572449354199,-97.25718608209193,-121.40129835263821,16.458608955034304,24,37,0.9166666666666666,0.8918918918918919,0.04416584733410907,2.3121510082374668,33;37;45;47;50;53;58;98;100;102;103;104;105;106;107;108;109;110;111;112;113;114;115;116,33;40;44;82;86;89;90;93;96;97;98;99;101;102;105;106;109;110;172;174;177;178;179;180;181;182;269;277;278;279;290;293;294;297;298;301;302,24,37,1.0,1.0,0.23971266583691886,-0.7339116630445659,0.27298079842990575,True,True,True,True,True,pass
Nb252_aff_seq115_Y115W,Nb252 reported_seq Y115W,Nb252 IMGT 117 Y>W,Nb252 chain C auth 115 Y>W,115,Y,W,CDR3,False,2,8112102,Nb252_WT_rep02_seed8112102,421.03087960657,-75.31076053950528,-97.25718608209193,-121.40129835263821,16.458608955034304,24,37,0.9166666666666666,0.8918918918918919,0.04416584733410907,2.3121510082374668,33;37;45;47;50;53;58;98;100;102;103;104;105;106;107;108;109;110;111;112;113;114;115;116,33;40;44;82;86;89;90;93;96;97;98;99;101;102;105;106;109;110;172;174;177;178;179;180;181;182;269;277;278;279;290;293;294;297;298;301;302,24,37,1.0,1.0,-0.8461693065501095,-0.7339116630445659,0.27298079842990575,True,True,True,True,True,pass
Nb252_aff_seq115_Y115W,Nb252 reported_seq Y115W,Nb252 IMGT 117 Y>W,Nb252 chain C auth 115 Y>W,115,Y,W,CDR3,False,3,8112103,Nb252_WT_rep03_seed8112103,421.03087960657,-74.33572449354199,-97.25718608209193,-121.40129835263821,16.458608955034304,24,37,0.9166666666666666,0.8918918918918919,0.04416584733410907,2.3121510082374668,33;37;45;47;50;53;58;98;100;102;103;104;105;106;107;108;109;110;111;112;113;114;115;116,33;40;44;82;86;89;90;93;96;97;98;99;101;102;105;106;109;110;172;174;177;178;179;180;181;182;269;277;278;279;290;293;294;297;298;301;302,24,37,1.0,1.0,0.1288667394131835,-0.7339116630445659,0.27298079842990575,True,True,True,True,True,pass
Nb252_aff_seq116_W116A,Nb252 reported_seq W116A,Nb252 IMGT 118 W>A,Nb252 chain C auth 116 W>A,116,W,A,FR4,False,1,8112101,Nb252_WT_rep01_seed8112101,427.2331844475174,-73.12707421536004,-95.4516516569543,-116.16753156505435,15.501907611557844,23,37,0.875,0.8918918918918919,0.04288044415053087,2.617993671823554,33;37;45;50;53;58;98;100;102;103;104;105;106;107;108;109;110;111;112;113;114;115;116,33;40;44;82;86;89;90;93;96;97;98;99;101;102;105;106;109;110;172;174;177;178;179;180;181;182;269;277;278;279;290;293;294;297;298;301;302,24,37,0.9583333333333334,1.0,1.448362944018868,1.071622762093071,-0.6837205450465547,True,True,True,True,True,pass
Nb252_aff_seq116_W116A,Nb252 reported_seq W116A,Nb252 IMGT 118 W>A,Nb252 chain C auth 116 W>A,116,W,A,FR4,False,2,8112102,Nb252_WT_rep02_seed8112102,427.2331844475174,-73.12707421536004,-95.4516516569543,-116.16753156505435,15.501907611557844,23,37,0.875,0.8918918918918919,0.04288044415053087,2.617993671823554,33;37;45;50;53;58;98;100;102;103;104;105;106;107;108;109;110;111;112;113;114;115;116,33;40;44;82;86;89;90;93;96;97;98;99;101;102;105;106;109;110;172;174;177;178;179;180;181;182;269;277;278;279;290;293;294;297;298;301;302,24,37,0.9583333333333334,1.0,1.3375170175951325,1.071622762093071,-0.6837205450465547,True,True,True,True,True,pass
Nb252_aff_seq116_W116A,Nb252 reported_seq W116A,Nb252 IMGT 118 W>A,Nb252 chain C auth 116 W>A,116,W,A,FR4,False,3,8112103,Nb252_WT_rep03_seed8112103,427.2331844475174,-73.12707421536004,-95.4516516569543,-116.16753156505435,15.501907611557844,23,37,0.875,0.8918918918918919,0.04288044415053087,2.617993671823554,33;37;45;50;53;58;98;100;102;103;104;105;106;107;108;109;110;111;112;113;114;115;116,33;40;44;82;86;89;90;93;96;97;98;99;101;102;105;106;109;110;172;174;177;178;179;180;181;182;269;277;278;279;290;293;294;297;298;301;302,24,37,0.9583333333333334,1.0,1.3375170175951325,1.071622762093071,-0.6837205450465547,True,True,True,True,True,pass
Nb252_aff_seq116_W116C,Nb252 reported_seq W116C,Nb252 IMGT 118 W>C,Nb252 chain C auth 116 W>C,116,W,C,FR4,False,1,8112101,Nb252_WT_rep01_seed8112101,426.3423526933435,-74.60908324508006,-97.02202851175439,-117.71472368853571,15.189373287003844,23,37,0.875,0.8918918918918919,0.04387088848139206,2.614964607523619,33;37;45;50;53;58;98;100;102;103;104;105;106;107;108;109;110;111;112;113;114;115;116,33;40;44;82;86;89;90;93;96;97;98;99;101;102;105;106;109;110;172;174;177;178;179;180;181;182;269;277;278;279;290;293;294;297;298;301;302,24,37,0.9583333333333334,1.0,-0.03364608570115024,-0.4987540927070171,-0.9962548696005538,True,True,True,True,True,pass
Nb252_aff_seq116_W116C,Nb252 reported_seq W116C,Nb252 IMGT 118 W>C,Nb252 chain C auth 116 W>C,116,W,C,FR4,False,2,8112102,Nb252_WT_rep02_seed8112102,426.3423526933435,-74.60908324508006,-97.02202851175439,-117.71472368853571,15.189373287003844,23,37,0.875,0.8918918918918919,0.04387088848139206,2.614964607523619,33;37;45;50;53;58;98;100;102;103;104;105;106;107;108;109;110;111;112;113;114;115;116,33;40;44;82;86;89;90;93;96;97;98;99;101;102;105;106;109;110;172;174;177;178;179;180;181;182;269;277;278;279;290;293;294;297;298;301;302,24,37,0.9583333333333334,1.0,-0.1444920121248856,-0.4987540927070171,-0.9962548696005538,True,True,True,True,True,pass
Nb252_aff_seq116_W116C,Nb252 reported_seq W116C,Nb252 IMGT 118 W>C,Nb252 chain C auth 116 W>C,116,W,C,FR4,False,3,8112103,Nb252_WT_rep03_seed8112103,426.3423526933435,-73.6837279359101,-97.02202851175439,-117.71472368853571,15.189373287003844,23,37,0.875,0.8918918918918919,0.04387088848139206,2.614964607523619,33;37;45;50;53;58;98;100;102;103;104;105;106;107;108;109;110;111;112;113;114;115;116,33;40;44;82;86;89;90;93;96;97;98;99;101;102;105;106;109;110;172;174;177;178;179;180;181;182;269;277;278;279;290;293;294;297;298;301;302,24,37,0.9583333333333334,1.0,0.7808632970450731,-0.4987540927070171,-0.9962548696005538,True,True,True,True,True,pass
Nb252_aff_seq116_W116D,Nb252 reported_seq W116D,Nb252 IMGT 118 W>D,Nb252 chain C auth 116 W>D,116,W,D,FR4,False,1,8112101,Nb252_WT_rep01_seed8112101,432.5176791692617,-74.31163044116079,-95.76345166605171,-116.49836170835279,15.160642236411688,23,37,0.875,0.8918918918918919,0.04381086958218007,2.6148456298223524,33;37;45;50;53;58;98;100;102;103;104;105;106;107;108;109;110;111;112;113;114;115;116,33;40;44;82;86;89;90;93;96;97;98;99;101;102;105;106;109;110;172;174;177;178;179;180;181;182;269;277;278;279;290;293;294;297;298;301;302,24,37,0.9583333333333334,1.0,0.2638067182181203,0.7598227529956603,-1.0249859201927105,True,True,True,True,True,pass
Nb252_aff_seq116_W116D,Nb252 reported_seq W116D,Nb252 IMGT 118 W>D,Nb252 chain C auth 116 W>D,116,W,D,FR4,False,2,8112102,Nb252_WT_rep02_seed8112102,428.0116379469049,-73.60724951775148,-95.90837746547503,-117.0291129471529,15.350881136552896,23,37,0.875,0.8918918918918919,0.04389182796723756,2.615200475712933,33;37;45;50;53;58;98;100;102;103;104;105;106;107;108;109;110;111;112;113;114;115;116,33;40;44;82;86;89;90;93;96;97;98;99;101;102;105;106;109;110;172;174;177;178;179;180;181;182;269;277;278;279;290;293;294;297;298;301;302,24,37,0.9583333333333334,1.0,0.8573417152036882,0.614896953572341,-0.8347470200515019,True,True,True,True,True,pass
Nb252_aff_seq116_W116D,Nb252 reported_seq W116D,Nb252 IMGT 118 W>D,Nb252 chain C auth 116 W>D,116,W,D,FR4,False,3,8112103,Nb252_WT_rep03_seed8112103,428.0116379469049,-72.12162722722815,-95.90837746547503,-117.0291129471529,15.350881136552896,23,37,0.875,0.8918918918918919,0.04389182796723756,2.615200475712933,33;37;45;50;53;58;98;100;102;103;104;105;106;107;108;109;110;111;112;113;114;115;116,33;40;44;82;86;89;90;93;96;97;98;99;101;102;105;106;109;110;172;174;177;178;179;180;181;182;269;277;278;279;290;293;294;297;298;301;302,24,37,0.9583333333333334,1.0,2.3429640057270262,0.614896953572341,-0.8347470200515019,True,True,True,True,True,pass
Nb252_aff_seq116_W116E,Nb252 reported_seq W116E,Nb252 IMGT 118 W>E,Nb252 chain C auth 116 W>E,116,W,E,FR4,False,1,8112101,Nb252_WT_rep01_seed8112101,433.5033669154393,-67.95144450202827,-89.39441723638161,-119.54002596470494,17.311313301668136,22,38,0.8333333333333334,0.918918918918919,0.04039227653151431,2.609711487008925,33;37;45;50;53;58;98;100;102;104;105;106;107;108;109;110;111;112;113;114;115;116,33;37;40;44;82;86;89;90;93;96;97;98;99;101;102;105;106;109;110;172;174;177;178;179;180;181;182;269;277;278;279;290;293;294;297;298;301;302,24,37,0.9166666666666666,1.0,6.623992657350641,7.1288571826657545,1.1256851450637377,True,True,True,True,True,pass
Nb252_aff_seq116_W116E,Nb252 reported_seq W116E,Nb252 IMGT 118 W>E,Nb252 chain C auth 116 W>E,116,W,E,FR4,False,2,8112102,Nb252_WT_rep02_seed8112102,433.5033669154393,-66.94257362337896,-89.39441723638161,-119.54002596470494,17.311313301668136,22,38,0.8333333333333334,0.918918918918919,0.04039227653151431,2.609711487008925,33;37;45;50;53;58;98;100;102;104;105;106;107;108;109;110;111;112;113;114;115;116,33;37;40;44;82;86;89;90;93;96;97;98;99;101;102;105;106;109;110;172;174;177;178;179;180;181;182;269;277;278;279;290;293;294;297;298;301;302,24,37,0.9166666666666666,1.0,7.52201760957621,7.1288571826657545,1.1256851450637377,True,True,True,True,True,pass
Nb252_aff_seq116_W116E,Nb252 reported_seq W116E,Nb252 IMGT 118 W>E,Nb252 chain C auth 116 W>E,116,W,E,FR4,False,3,8112103,Nb252_WT_rep03_seed8112103,433.5033669154393,-66.94257362337896,-89.39441723638161,-119.54002596470494,17.311313301668136,22,38,0.8333333333333334,0.918918918918919,0.04039227653151431,2.609711487008925,33;37;45;50;53;58;98;100;102;104;105;106;107;108;109;110;111;112;113;114;115;116,33;37;40;44;82;86;89;90;93;96;97;98;99;101;102;105;106;109;110;172;174;177;178;179;180;181;182;269;277;278;279;290;293;294;297;298;301;302,24,37,0.9166666666666666,1.0,7.52201760957621,7.1288571826657545,1.1256851450637377,True,True,True,True,True,pass
Nb252_aff_seq116_W116F,Nb252 reported_seq W116F,Nb252 IMGT 118 W>F,Nb252 chain C auth 116 W>F,116,W,F,FR4,False,1,8112101,Nb252_WT_rep01_seed8112101,423.5536169260681,-73.30516704525678,-96.22580694769583,-118.76956234700882,16.333654934533804,23,37,0.875,0.8918918918918919,0.0456045644138783,2.609520777678498,33;37;45;50;53;58;98;100;102;103;104;105;106;107;108;109;110;111;112;113;114;115;116,33;40;44;82;86;89;90;93;96;97;98;99;101;102;105;106;109;110;172;174;177;178;179;180;181;182;269;277;278;279;290;293;294;297;298;301;302,24,37,0.9583333333333334,1.0,1.2702701141221269,0.2974674713515384,0.148026777929406,True,True,True,True,True,pass
Nb252_aff_seq116_W116F,Nb252 reported_seq W116F,Nb252 IMGT 118 W>F,Nb252 chain C auth 116 W>F,116,W,F,FR4,False,2,8112102,Nb252_WT_rep02_seed8112102,423.5536169260681,-72.77608507944069,-96.22580694769583,-118.76956234700882,16.333654934533804,23,37,0.875,0.8918918918918919,0.0456045644138783,2.609520777678498,33;37;45;50;53;58;98;100;102;103;104;105;106;107;108;109;110;111;112;113;114;115;116,33;40;44;82;86;89;90;93;96;97;98;99;101;102;105;106;109;110;172;174;177;178;179;180;181;182;269;277;278;279;290;293;294;297;298;301;302,24,37,0.9583333333333334,1.0,1.6885061535144814,0.2974674713515384,0.148026777929406,True,True,True,True,True,pass
Nb252_aff_seq116_W116F,Nb252 reported_seq W116F,Nb252 IMGT 118 W>F,Nb252 chain C auth 116 W>F,116,W,F,FR4,False,3,8112103,Nb252_WT_rep03_seed8112103,423.5536169260681,-72.77608507944069,-96.22580694769583,-118.76956234700882,16.333654934533804,23,37,0.875,0.8918918918918919,0.0456045644138783,2.609520777678498,33;37;45;50;53;58;98;100;102;103;104;105;106;107;108;109;110;111;112;113;114;115;116,33;40;44;82;86;89;90;93;96;97;98;99;101;102;105;106;109;110;172;174;177;178;179;180;181;182;269;277;278;279;290;293;294;297;298;301;302,24,37,0.9583333333333334,1.0,1.6885061535144814,0.2974674713515384,0.148026777929406,True,True,True,True,True,pass
Nb252_aff_seq116_W116G,Nb252 reported_seq W116G,Nb252 IMGT 118 W>G,Nb252 chain C auth 116 W>G,116,W,G,FR4,False,1,8112101,Nb252_WT_rep01_seed8112101,429.2022380670848,-72.68810834695648,-94.77622105106981,-115.30609432444332,15.235394461045484,23,37,0.875,0.8918918918918919,0.04370853641851243,2.6253510453772435,33;37;45;50;53;58;98;100;102;103;104;105;106;107;108;109;110;111;112;113;114;115;116,33;40;44;82;86;89;90;93;96;97;98;99;101;102;105;106;109;110;172;174;177;178;179;180;181;182;269;277;278;279;290;293;294;297;298;301;302,24,37,0.9583333333333334,1.0,1.8873288124224246,1.747053367977557,-0.9502336955589143,True,True,True,True,True,pass
Nb252_aff_seq116_W116G,Nb252 reported_seq W116G,Nb252 IMGT 118 W>G,Nb252 chain C auth 116 W>G,116,W,G,FR4,False,2,8112102,Nb252_WT_rep02_seed8112102,429.2022380670848,-72.68810834695648,-94.77622105106981,-115.30609432444332,15.235394461045484,23,37,0.875,0.8918918918918919,0.04370853641851243,2.6253510453772435,33;37;45;50;53;58;98;100;102;103;104;105;106;107;108;109;110;111;112;113;114;115;116,33;40;44;82;86;89;90;93;96;97;98;99;101;102;105;106;109;110;172;174;177;178;179;180;181;182;269;277;278;279;290;293;294;297;298;301;302,24,37,0.9583333333333334,1.0,1.7764828859986892,1.747053367977557,-0.9502336955589143,True,True,True,True,True,pass
Nb252_aff_seq116_W116G,Nb252 reported_seq W116G,Nb252 IMGT 118 W>G,Nb252 chain C auth 116 W>G,116,W,G,FR4,False,3,8112103,Nb252_WT_rep03_seed8112103,429.2022380670848,-73.25263301126392,-94.77622105106981,-115.30609432444332,15.235394461045484,23,37,0.875,0.8918918918918919,0.04370853641851243,2.6253510453772435,33;37;45;50;53;58;98;100;102;103;104;105;106;107;108;109;110;111;112;113;114;115;116,33;40;44;82;86;89;90;93;96;97;98;99;101;102;105;106;109;110;172;174;177;178;179;180;181;182;269;277;278;279;290;293;294;297;298;301;302,24,37,0.9583333333333334,1.0,1.2119582216912477,1.747053367977557,-0.9502336955589143,True,True,True,True,True,pass
Nb252_aff_seq116_W116H,Nb252 reported_seq W116H,Nb252 IMGT 118 W>H,Nb252 chain C auth 116 W>H,116,W,H,FR4,False,1,8112101,Nb252_WT_rep01_seed8112101,423.0629753981983,-74.7424374736022,-97.41025396430821,-119.85596346148358,15.878871876384101,23,37,0.875,0.8918918918918919,0.04392605141738111,2.542966599200664,33;37;45;50;53;58;98;100;102;103;104;105;106;107;108;109;110;111;112;113;114;115;116,33;40;44;82;86;89;90;93;96;97;98;99;101;102;105;106;109;110;172;174;177;178;179;180;181;182;269;277;278;279;290;293;294;297;298;301;302,24,37,0.9583333333333334,1.0,-0.1670003142232872,-0.8869795452608429,-0.3067562802202968,True,True,True,True,True,pass
Nb252_aff_seq116_W116H,Nb252 reported_seq W116H,Nb252 IMGT 118 W>H,Nb252 chain C auth 116 W>H,116,W,H,FR4,False,2,8112102,Nb252_WT_rep02_seed8112102,423.0629753981983,-74.00936549910364,-97.41025396430821,-119.85596346148358,15.878871876384101,23,37,0.875,0.8918918918918919,0.04392605141738111,2.542966599200664,33;37;45;50;53;58;98;100;102;103;104;105;106;107;108;109;110;111;112;113;114;115;116,33;40;44;82;86;89;90;93;96;97;98;99;101;102;105;106;109;110;172;174;177;178;179;180;181;182;269;277;278;279;290;293;294;297;298;301;302,24,37,0.9583333333333334,1.0,0.45522573385153464,-0.8869795452608429,-0.3067562802202968,True,True,True,True,True,pass
Nb252_aff_seq116_W116H,Nb252 reported_seq W116H,Nb252 IMGT 118 W>H,Nb252 chain C auth 116 W>H,116,W,H,FR4,False,3,8112103,Nb252_WT_rep03_seed8112103,423.0629753981983,-74.7424374736022,-97.41025396430821,-119.85596346148358,15.878871876384101,23,37,0.875,0.8918918918918919,0.04392605141738111,2.542966599200664,33;37;45;50;53;58;98;100;102;103;104;105;106;107;108;109;110;111;112;113;114;115;116,33;40;44;82;86;89;90;93;96;97;98;99;101;102;105;106;109;110;172;174;177;178;179;180;181;182;269;277;278;279;290;293;294;297;298;301;302,24,37,0.9583333333333334,1.0,-0.27784624064702257,-0.8869795452608429,-0.3067562802202968,True,True,True,True,True,pass
Nb252_aff_seq116_W116I,Nb252 reported_seq W116I,Nb252 IMGT 118 W>I,Nb252 chain C auth 116 W>I,116,W,I,FR4,False,1,8112101,Nb252_WT_rep01_seed8112101,427.9041567822229,-71.3194718931702,-96.08871600288052,-119.08973270867025,16.858166528335477,23,37,0.875,0.8918918918918919,0.04463336562004185,2.6165219585440456,33;37;45;50;53;58;98;100;102;103;104;105;106;107;108;109;110;111;112;113;114;115;116,33;40;44;82;86;89;90;93;96;97;98;99;101;102;105;106;109;110;172;174;177;178;179;180;181;182;269;277;278;279;290;293;294;297;298;301;302,24,37,0.9583333333333334,1.0,3.2559652662087046,0.4345584161668512,0.6725383717310791,True,True,True,True,True,pass
Nb252_aff_seq116_W116I,Nb252 reported_seq W116I,Nb252 IMGT 118 W>I,Nb252 chain C auth 116 W>I,116,W,I,FR4,False,2,8112102,Nb252_WT_rep02_seed8112102,427.9041567822229,-72.62907728210496,-96.08871600288052,-119.08973270867025,16.858166528335477,23,37,0.875,0.8918918918918919,0.04463336562004185,2.6165219585440456,33;37;45;50;53;58;98;100;102;103;104;105;106;107;108;109;110;111;112;113;114;115;116,33;40;44;82;86;89;90;93;96;97;98;99;101;102;105;106;109;110;172;174;177;178;179;180;181;182;269;277;278;279;290;293;294;297;298;301;302,24,37,0.9583333333333334,1.0,1.8355139508502134,0.4345584161668512,0.6725383717310791,True,True,True,True,True,pass
Nb252_aff_seq116_W116I,Nb252 reported_seq W116I,Nb252 IMGT 118 W>I,Nb252 chain C auth 116 W>I,116,W,I,FR4,False,3,8112103,Nb252_WT_rep03_seed8112103,427.9041567822229,-72.2281620100872,-96.08871600288052,-119.08973270867025,16.858166528335477,23,37,0.875,0.8918918918918919,0.04463336562004185,2.6165219585440456,33;37;45;50;53;58;98;100;102;103;104;105;106;107;108;109;110;111;112;113;114;115;116,33;40;44;82;86;89;90;93;96;97;98;99;101;102;105;106;109;110;172;174;177;178;179;180;181;182;269;277;278;279;290;293;294;297;298;301;302,24,37,0.9583333333333334,1.0,2.2364292228679687,0.4345584161668512,0.6725383717310791,True,True,True,True,True,pass
Nb252_aff_seq116_W116K,Nb252 reported_seq W116K,Nb252 IMGT 118 W>K,Nb252 chain C auth 116 W>K,116,W,K,FR4,False,1,8112101,Nb252_WT_rep01_seed8112101,437.94670942560003,-66.62732047450754,-93.62698500760888,-118.55215042455166,15.618799298014618,24,37,0.9166666666666666,0.8918918918918919,0.04385053092056711,2.622932551717968,33;37;45;47;50;53;58;98;100;102;103;104;105;106;107;108;109;110;111;112;113;114;115;116,33;40;44;82;86;89;90;93;96;97;98;99;101;102;105;106;109;110;172;174;177;178;179;180;181;182;269;277;278;279;290;293;294;297;298;301;302,24,37,1.0,1.0,7.948116684871366,2.896289411438488,-0.5668288585897798,True,True,True,True,True,pass
Nb252_aff_seq116_W116K,Nb252 reported_seq W116K,Nb252 IMGT 118 W>K,Nb252 chain C auth 116 W>K,116,W,K,FR4,False,2,8112102,Nb252_WT_rep02_seed8112102,429.1193119993269,-71.0671285418702,-93.14479742773116,-119.3577742081333,16.09703254118201,24,36,0.9166666666666666,0.8648648648648649,0.04422596013492841,2.216815333177802,33;37;45;47;50;53;58;98;100;102;103;104;105;106;107;108;109;110;111;112;113;114;115;116,33;40;44;82;86;89;90;93;96;97;98;99;101;102;105;106;109;110;172;177;178;179;180;181;182;269;277;278;279;290;293;294;297;298;301;302,24,37,1.0,0.972972972972973,3.397462691084968,3.378476991316205,-0.08859561542238836,True,True,True,True,True,pass
Nb252_aff_seq116_W116K,Nb252 reported_seq W116K,Nb252 IMGT 118 W>K,Nb252 chain C auth 116 W>K,116,W,K,FR4,False,3,8112103,Nb252_WT_rep03_seed8112103,429.1193119993269,-70.99287020472633,-93.14479742773116,-119.3577742081333,16.09703254118201,24,36,0.9166666666666666,0.8648648648648649,0.04422596013492841,2.216815333177802,33;37;45;47;50;53;58;98;100;102;103;104;105;106;107;108;109;110;111;112;113;114;115;116,33;40;44;82;86;89;90;93;96;97;98;99;101;102;105;106;109;110;172;177;178;179;180;181;182;269;277;278;279;290;293;294;297;298;301;302,24,37,1.0,0.972972972972973,3.471721028228842,3.378476991316205,-0.08859561542238836,True,True,True,True,True,pass
Nb252_aff_seq116_W116L,Nb252 reported_seq W116L,Nb252 IMGT 118 W>L,Nb252 chain C auth 116 W>L,116,W,L,FR4,False,1,8112101,Nb252_WT_rep01_seed8112101,425.87253492271066,-74.66674004708273,-97.53795414912192,-119.71700898210743,16.654398310922836,23,36,0.875,0.8648648648648649,0.04449490845779372,2.624808421758502,33;37;45;50;53;58;98;100;102;103;104;105;106;107;108;109;110;111;112;113;114;115;116,33;40;44;82;86;89;90;93;96;97;98;99;101;102;105;106;109;110;172;177;178;179;180;181;182;269;277;278;279;290;293;294;297;298;301;302,24,37,0.9583333333333334,0.972972972972973,-0.09130288770381867,-1.0146797300745476,0.46877015431843816,True,True,True,True,True,pass
Nb252_aff_seq116_W116L,Nb252 reported_seq W116L,Nb252 IMGT 118 W>L,Nb252 chain C auth 116 W>L,116,W,L,FR4,False,2,8112102,Nb252_WT_rep02_seed8112102,425.87253492271066,-75.18742973408871,-97.53795414912192,-119.71700898210743,16.654398310922836,23,36,0.875,0.8648648648648649,0.04449490845779372,2.624808421758502,33;37;45;50;53;58;98;100;102;103;104;105;106;107;108;109;110;111;112;113;114;115;116,33;40;44;82;86;89;90;93;96;97;98;99;101;102;105;106;109;110;172;177;178;179;180;181;182;269;277;278;279;290;293;294;297;298;301;302,24,37,0.9583333333333334,0.972972972972973,-0.7228385011335376,-1.0146797300745476,0.46877015431843816,True,True,True,True,True,pass
Nb252_aff_seq116_W116L,Nb252 reported_seq W116L,Nb252 IMGT 118 W>L,Nb252 chain C auth 116 W>L,116,W,L,FR4,False,3,8112103,Nb252_WT_rep03_seed8112103,425.87253492271066,-74.66674004708273,-97.53795414912192,-119.71700898210743,16.654398310922836,23,36,0.875,0.8648648648648649,0.04449490845779372,2.624808421758502,33;37;45;50;53;58;98;100;102;103;104;105;106;107;108;109;110;111;112;113;114;115;116,33;40;44;82;86;89;90;93;96;97;98;99;101;102;105;106;109;110;172;177;178;179;180;181;182;269;277;278;279;290;293;294;297;298;301;302,24,37,0.9583333333333334,0.972972972972973,-0.20214881412755403,-1.0146797300745476,0.46877015431843816,True,True,True,True,True,pass
Nb252_aff_seq116_W116M,Nb252 reported_seq W116M,Nb252 IMGT 118 W>M,Nb252 chain C auth 116 W>M,116,W,M,FR4,False,1,8112101,Nb252_WT_rep01_seed8112101,428.075871046374,-79.05434952236635,-99.67682606938187,-121.4125296837828,15.678020665005029,23,37,0.875,0.8918918918918919,0.043275974637527775,2.629647236313141,33;37;45;50;53;58;98;100;102;103;104;105;106;107;108;109;110;111;112;113;114;115;116,33;40;44;82;86;89;90;93;96;97;98;99;101;102;105;106;109;110;172;174;177;178;179;180;181;182;269;277;278;279;290;293;294;297;298;301;302,24,37,0.9583333333333334,1.0,-4.478912362987444,-3.1535516503345065,-0.5076074915993694,True,True,True,True,True,pass
Nb252_aff_seq116_W116M,Nb252 reported_seq W116M,Nb252 IMGT 118 W>M,Nb252 chain C auth 116 W>M,116,W,M,FR4,False,2,8112102,Nb252_WT_rep02_seed8112102,423.52827907200117,-76.43619369921885,-99.78610279769694,-121.88226819574052,15.838076972707652,23,37,0.875,0.8918918918918919,0.043340629564544104,2.6162631690296148,33;37;45;50;53;58;98;100;102;103;104;105;106;107;108;109;110;111;112;113;114;115;116,33;40;44;82;86;89;90;93;96;97;98;99;101;102;105;106;109;110;172;174;177;178;179;180;181;182;269;277;278;279;290;293;294;297;298;301;302,24,37,0.9583333333333334,1.0,-1.9716024662636755,-3.262828378649573,-0.347551183896746,True,True,True,True,True,pass
Nb252_aff_seq116_W116M,Nb252 reported_seq W116M,Nb252 IMGT 118 W>M,Nb252 chain C auth 116 W>M,116,W,M,FR4,False,3,8112103,Nb252_WT_rep03_seed8112103,423.52827907200117,-77.35281436423179,-99.78610279769694,-121.88226819574052,15.838076972707652,23,37,0.875,0.8918918918918919,0.043340629564544104,2.6162631690296148,33;37;45;50;53;58;98;100;102;103;104;105;106;107;108;109;110;111;112;113;114;115;116,33;40;44;82;86;89;90;93;96;97;98;99;101;102;105;106;109;110;172;174;177;178;179;180;181;182;269;277;278;279;290;293;294;297;298;301;302,24,37,0.9583333333333334,1.0,-2.888223131276618,-3.262828378649573,-0.347551183896746,True,True,True,True,True,pass
Nb252_aff_seq116_W116N,Nb252 reported_seq W116N,Nb252 IMGT 118 W>N,Nb252 chain C auth 116 W>N,116,W,N,FR4,False,1,8112101,Nb252_WT_rep01_seed8112101,425.55199575905664,-73.94126170916377,-95.98769435455601,-117.98056632655161,15.26934263228,23,37,0.875,0.8918918918918919,0.04417618823337918,2.6250271329845556,33;37;45;50;53;58;98;100;102;103;104;105;106;107;108;109;110;111;112;113;114;115;116,33;40;44;82;86;89;90;93;96;97;98;99;101;102;105;106;109;110;172;174;177;178;179;180;181;182;269;277;278;279;290;293;294;297;298;301;302,24,37,0.9583333333333334,1.0,0.6341754502151389,0.5355800644913558,-0.9162855243243975,True,True,True,True,True,pass
Nb252_aff_seq116_W116N,Nb252 reported_seq W116N,Nb252 IMGT 118 W>N,Nb252 chain C auth 116 W>N,116,W,N,FR4,False,2,8112102,Nb252_WT_rep02_seed8112102,425.55199575905664,-74.33974134763741,-95.98769435455601,-117.98056632655161,15.26934263228,23,37,0.875,0.8918918918918919,0.04417618823337918,2.6250271329845556,33;37;45;50;53;58;98;100;102;103;104;105;106;107;108;109;110;111;112;113;114;115;116,33;40;44;82;86;89;90;93;96;97;98;99;101;102;105;106;109;110;172;174;177;178;179;180;181;182;269;277;278;279;290;293;294;297;298;301;302,24,37,0.9583333333333334,1.0,0.12484988531775798,0.5355800644913558,-0.9162855243243975,True,True,True,True,True,pass
Nb252_aff_seq116_W116N,Nb252 reported_seq W116N,Nb252 IMGT 118 W>N,Nb252 chain C auth 116 W>N,116,W,N,FR4,False,3,8112103,Nb252_WT_rep03_seed8112103,425.55199575905664,-73.02932919188129,-95.98769435455601,-117.98056632655161,15.26934263228,23,37,0.875,0.8918918918918919,0.04417618823337918,2.6250271329845556,33;37;45;50;53;58;98;100;102;103;104;105;106;107;108;109;110;111;112;113;114;115;116,33;40;44;82;86;89;90;93;96;97;98;99;101;102;105;106;109;110;172;174;177;178;179;180;181;182;269;277;278;279;290;293;294;297;298;301;302,24,37,0.9583333333333334,1.0,1.4352620410738837,0.5355800644913558,-0.9162855243243975,True,True,True,True,True,pass
Nb252_aff_seq116_W116P,Nb252 reported_seq W116P,Nb252 IMGT 118 W>P,Nb252 chain C auth 116 W>P,116,W,P,FR4,False,1,8112101,Nb252_WT_rep01_seed8112101,461.2428268208228,-60.13724600785525,-81.19072440499627,-118.34384660069213,27.686377642520306,23,37,0.875,0.918918918918919,0.06450257394728652,2.617782486803491,33;37;45;50;53;58;98;100;102;103;104;105;106;107;108;109;110;111;112;113;114;115;116,33;37;40;44;82;86;89;90;93;96;97;98;99;101;102;105;109;110;172;174;177;178;179;180;181;182;269;277;278;279;290;293;294;297;298;301;302,24,37,0.9583333333333334,0.972972972972973,14.438191151523654,15.332550014051094,11.500749485915907,True,True,True,True,True,pass
Nb252_aff_seq116_W116P,Nb252 reported_seq W116P,Nb252 IMGT 118 W>P,Nb252 chain C auth 116 W>P,116,W,P,FR4,False,2,8112102,Nb252_WT_rep02_seed8112102,461.2428268208228,-59.20144722457775,-81.19072440499627,-118.34384660069213,27.686377642520306,23,37,0.875,0.918918918918919,0.06450257394728652,2.617782486803491,33;37;45;50;53;58;98;100;102;103;104;105;106;107;108;109;110;111;112;113;114;115;116,33;37;40;44;82;86;89;90;93;96;97;98;99;101;102;105;109;110;172;174;177;178;179;180;181;182;269;277;278;279;290;293;294;297;298;301;302,24,37,0.9583333333333334,0.972972972972973,15.263144008377424,15.332550014051094,11.500749485915907,True,True,True,True,True,pass
Nb252_aff_seq116_W116P,Nb252 reported_seq W116P,Nb252 IMGT 118 W>P,Nb252 chain C auth 116 W>P,116,W,P,FR4,False,3,8112103,Nb252_WT_rep03_seed8112103,461.2428268208228,-58.01523526247314,-81.19072440499627,-118.34384660069213,27.686377642520306,23,37,0.875,0.918918918918919,0.06450257394728652,2.617782486803491,33;37;45;50;53;58;98;100;102;103;104;105;106;107;108;109;110;111;112;113;114;115;116,33;37;40;44;82;86;89;90;93;96;97;98;99;101;102;105;109;110;172;174;177;178;179;180;181;182;269;277;278;279;290;293;294;297;298;301;302,24,37,0.9583333333333334,0.972972972972973,16.44935597048203,15.332550014051094,11.500749485915907,True,True,True,True,True,pass
Nb252_aff_seq116_W116Q,Nb252 reported_seq W116Q,Nb252 IMGT 118 W>Q,Nb252 chain C auth 116 W>Q,116,W,Q,FR4,False,1,8112101,Nb252_WT_rep01_seed8112101,425.2208683081501,-73.60430627446038,-95.25715663915561,-120.23172504903899,15.620034671772414,23,37,0.875,0.8918918918918919,0.04379983281843181,2.596449513765087,33;37;45;50;53;58;98;100;102;103;104;105;106;107;108;109;110;111;112;113;114;115;116,33;40;44;82;86;89;90;93;96;97;98;99;101;102;105;106;109;110;172;174;177;178;179;180;181;182;269;277;278;279;290;293;294;297;298;301;302,24,37,0.9583333333333334,1.0,0.971130884918523,1.2661177798917578,-0.5655934848319841,True,True,True,True,True,pass
Nb252_aff_seq116_W116Q,Nb252 reported_seq W116Q,Nb252 IMGT 118 W>Q,Nb252 chain C auth 116 W>Q,116,W,Q,FR4,False,2,8112102,Nb252_WT_rep02_seed8112102,425.2208683081501,-73.60430627446038,-95.25715663915561,-120.23172504903899,15.620034671772414,23,37,0.875,0.8918918918918919,0.04379983281843181,2.596449513765087,33;37;45;50;53;58;98;100;102;103;104;105;106;107;108;109;110;111;112;113;114;115;116,33;40;44;82;86;89;90;93;96;97;98;99;101;102;105;106;109;110;172;174;177;178;179;180;181;182;269;277;278;279;290;293;294;297;298;301;302,24,37,0.9583333333333334,1.0,0.8602849584947876,1.2661177798917578,-0.5655934848319841,True,True,True,True,True,pass
Nb252_aff_seq116_W116Q,Nb252 reported_seq W116Q,Nb252 IMGT 118 W>Q,Nb252 chain C auth 116 W>Q,116,W,Q,FR4,False,3,8112103,Nb252_WT_rep03_seed8112103,425.2208683081501,-73.20195696702734,-95.25715663915561,-120.23172504903899,15.620034671772414,23,37,0.875,0.8918918918918919,0.04379983281843181,2.596449513765087,33;37;45;50;53;58;98;100;102;103;104;105;106;107;108;109;110;111;112;113;114;115;116,33;40;44;82;86;89;90;93;96;97;98;99;101;102;105;106;109;110;172;174;177;178;179;180;181;182;269;277;278;279;290;293;294;297;298;301;302,24,37,0.9583333333333334,1.0,1.2626342659278293,1.2661177798917578,-0.5655934848319841,True,True,True,True,True,pass
Nb252_aff_seq116_W116R,Nb252 reported_seq W116R,Nb252 IMGT 118 W>R,Nb252 chain C auth 116 W>R,116,W,R,FR4,False,1,8112101,Nb252_WT_rep01_seed8112101,424.9127630599686,-75.94623155782676,-97.36978302207908,-120.27911948957578,15.62448103916833,24,37,0.9166666666666666,0.8918918918918919,0.044190317022168045,2.616877853508626,33;37;45;47;50;53;58;98;100;102;103;104;105;106;107;108;109;110;111;112;113;114;115;116,33;40;44;82;86;89;90;93;96;97;98;99;101;102;105;106;109;110;172;174;177;178;179;180;181;182;269;277;278;279;290;293;294;297;298;301;302,24,37,1.0,1.0,-1.370794398447856,-0.8465086030317082,-0.561147117436068,True,True,True,True,True,pass
Nb252_aff_seq116_W116R,Nb252 reported_seq W116R,Nb252 IMGT 118 W>R,Nb252 chain C auth 116 W>R,116,W,R,FR4,False,2,8112102,Nb252_WT_rep02_seed8112102,432.6997710119946,-68.30763789083659,-94.3531317203265,-124.45341467906131,15.496988382457006,23,38,0.875,0.8918918918918919,0.04385217376483547,2.61863113601671,33;37;45;50;53;58;98;100;102;103;104;105;106;107;108;109;110;111;112;113;114;115;116,33;40;44;82;86;89;90;93;96;97;98;99;101;102;105;106;109;110;172;174;175;177;178;179;180;181;182;269;277;278;279;290;293;294;297;298;301;302,24,37,0.9583333333333334,1.0,6.156953342118584,2.1701426987208663,-0.6886397741473917,True,True,True,True,True,pass
Nb252_aff_seq116_W116R,Nb252 reported_seq W116R,Nb252 IMGT 118 W>R,Nb252 chain C auth 116 W>R,116,W,R,FR4,False,3,8112103,Nb252_WT_rep03_seed8112103,424.9127630599686,-74.56476547329726,-97.36978302207908,-120.27911948957578,15.62448103916833,24,37,0.9166666666666666,0.8918918918918919,0.044190317022168045,2.616877853508626,33;37;45;47;50;53;58;98;100;102;103;104;105;106;107;108;109;110;111;112;113;114;115;116,33;40;44;82;86;89;90;93;96;97;98;99;101;102;105;106;109;110;172;174;177;178;179;180;181;182;269;277;278;279;290;293;294;297;298;301;302,24,37,1.0,1.0,-0.10017424034208489,-0.8465086030317082,-0.561147117436068,True,True,True,True,True,pass
Nb252_aff_seq116_W116S,Nb252 reported_seq W116S,Nb252 IMGT 118 W>S,Nb252 chain C auth 116 W>S,116,W,S,FR4,False,1,8112101,Nb252_WT_rep01_seed8112101,426.2978538046535,-72.31075380915297,-94.94943095676712,-116.18670987276926,15.284202945948827,23,37,0.875,0.8918918918918919,0.04385896074617731,2.626477029831333,33;37;45;50;53;58;98;100;102;103;104;105;106;107;108;109;110;111;112;113;114;115;116,33;40;44;82;86;89;90;93;96;97;98;99;101;102;105;106;109;110;172;174;177;178;179;180;181;182;269;277;278;279;290;293;294;297;298;301;302,24,37,0.9583333333333334,1.0,2.264683350225937,1.5738434622802515,-0.9014252106555709,True,True,True,True,True,pass
Nb252_aff_seq116_W116S,Nb252 reported_seq W116S,Nb252 IMGT 118 W>S,Nb252 chain C auth 116 W>S,116,W,S,FR4,False,2,8112102,Nb252_WT_rep02_seed8112102,426.2978538046535,-71.40691758794537,-94.94943095676712,-116.18670987276926,15.284202945948827,23,37,0.875,0.8918918918918919,0.04385896074617731,2.626477029831333,33;37;45;50;53;58;98;100;102;103;104;105;106;107;108;109;110;111;112;113;114;115;116,33;40;44;82;86;89;90;93;96;97;98;99;101;102;105;106;109;110;172;174;177;178;179;180;181;182;269;277;278;279;290;293;294;297;298;301;302,24,37,0.9583333333333334,1.0,3.0576736450097997,1.5738434622802515,-0.9014252106555709,True,True,True,True,True,pass
Nb252_aff_seq116_W116S,Nb252 reported_seq W116S,Nb252 IMGT 118 W>S,Nb252 chain C auth 116 W>S,116,W,S,FR4,False,3,8112103,Nb252_WT_rep03_seed8112103,426.2978538046535,-71.40691758794537,-94.94943095676712,-116.18670987276926,15.284202945948827,23,37,0.875,0.8918918918918919,0.04385896074617731,2.626477029831333,33;37;45;50;53;58;98;100;102;103;104;105;106;107;108;109;110;111;112;113;114;115;116,33;40;44;82;86;89;90;93;96;97;98;99;101;102;105;106;109;110;172;174;177;178;179;180;181;182;269;277;278;279;290;293;294;297;298;301;302,24,37,0.9583333333333334,1.0,3.0576736450097997,1.5738434622802515,-0.9014252106555709,True,True,True,True,True,pass
Nb252_aff_seq116_W116T,Nb252 reported_seq W116T,Nb252 IMGT 118 W>T,Nb252 chain C auth 116 W>T,116,W,T,FR4,False,1,8112101,Nb252_WT_rep01_seed8112101,424.6755101646788,-72.79293446673165,-95.03582592638777,-117.34119367652136,15.79988069291623,23,37,0.875,0.8918918918918919,0.04463439568730029,2.6229852354764853,33;37;45;50;53;58;98;100;102;103;104;105;106;107;108;109;110;111;112;113;114;115;116,33;40;44;82;86;89;90;93;96;97;98;99;101;102;105;106;109;110;172;174;177;178;179;180;181;182;269;277;278;279;290;293;294;297;298;301;302,24,37,0.9583333333333334,1.0,1.782502692647256,1.4874484926595954,-0.38574746368816903,True,True,True,True,True,pass
Nb252_aff_seq116_W116T,Nb252 reported_seq W116T,Nb252 IMGT 118 W>T,Nb252 chain C auth 116 W>T,116,W,T,FR4,False,2,8112102,Nb252_WT_rep02_seed8112102,424.6755101646788,-74.28742815949516,-95.03582592638777,-117.34119367652136,15.79988069291623,23,37,0.875,0.8918918918918919,0.04463439568730029,2.6229852354764853,33;37;45;50;53;58;98;100;102;103;104;105;106;107;108;109;110;111;112;113;114;115;116,33;40;44;82;86;89;90;93;96;97;98;99;101;102;105;106;109;110;172;174;177;178;179;180;181;182;269;277;278;279;290;293;294;297;298;301;302,24,37,0.9583333333333334,1.0,0.17716307346000804,1.4874484926595954,-0.38574746368816903,True,True,True,True,True,pass
Nb252_aff_seq116_W116T,Nb252 reported_seq W116T,Nb252 IMGT 118 W>T,Nb252 chain C auth 116 W>T,116,W,T,FR4,False,3,8112103,Nb252_WT_rep03_seed8112103,424.6755101646788,-72.29539804068037,-95.03582592638777,-117.34119367652136,15.79988069291623,23,37,0.875,0.8918918918918919,0.04463439568730029,2.6229852354764853,33;37;45;50;53;58;98;100;102;103;104;105;106;107;108;109;110;111;112;113;114;115;116,33;40;44;82;86;89;90;93;96;97;98;99;101;102;105;106;109;110;172;174;177;178;179;180;181;182;269;277;278;279;290;293;294;297;298;301;302,24,37,0.9583333333333334,1.0,2.169193192274804,1.4874484926595954,-0.38574746368816903,True,True,True,True,True,pass
Nb252_aff_seq116_W116V,Nb252 reported_seq W116V,Nb252 IMGT 118 W>V,Nb252 chain C auth 116 W>V,116,W,V,FR4,False,1,8112101,Nb252_WT_rep01_seed8112101,426.1428468386689,-71.4878861250977,-94.20085587843371,-117.56869781378741,17.759813926542854,23,37,0.875,0.8918918918918919,0.04846806136762343,2.624049872814757,33;37;45;50;53;58;98;100;102;103;104;105;106;107;108;109;110;111;112;113;114;115;116,33;40;44;82;86;89;90;93;96;97;98;99;101;102;105;106;109;110;172;174;177;178;179;180;181;182;269;277;278;279;290;293;294;297;298;301;302,24,37,0.9583333333333334,1.0,3.087551034281205,2.322418540613654,1.574185769938456,True,True,True,True,True,pass
Nb252_aff_seq116_W116V,Nb252 reported_seq W116V,Nb252 IMGT 118 W>V,Nb252 chain C auth 116 W>V,116,W,V,FR4,False,2,8112102,Nb252_WT_rep02_seed8112102,426.1428468386689,-72.3694656005984,-94.20085587843371,-117.56869781378741,17.759813926542854,23,37,0.875,0.8918918918918919,0.04846806136762343,2.624049872814757,33;37;45;50;53;58;98;100;102;103;104;105;106;107;108;109;110;111;112;113;114;115;116,33;40;44;82;86;89;90;93;96;97;98;99;101;102;105;106;109;110;172;174;177;178;179;180;181;182;269;277;278;279;290;293;294;297;298;301;302,24,37,0.9583333333333334,1.0,2.095125632356769,2.322418540613654,1.574185769938456,True,True,True,True,True,pass
Nb252_aff_seq116_W116V,Nb252 reported_seq W116V,Nb252 IMGT 118 W>V,Nb252 chain C auth 116 W>V,116,W,V,FR4,False,3,8112103,Nb252_WT_rep03_seed8112103,426.1428468386689,-71.4878861250977,-94.20085587843371,-117.56869781378741,17.759813926542854,23,37,0.875,0.8918918918918919,0.04846806136762343,2.624049872814757,33;37;45;50;53;58;98;100;102;103;104;105;106;107;108;109;110;111;112;113;114;115;116,33;40;44;82;86;89;90;93;96;97;98;99;101;102;105;106;109;110;172;174;177;178;179;180;181;182;269;277;278;279;290;293;294;297;298;301;302,24,37,0.9583333333333334,1.0,2.9767051078574696,2.322418540613654,1.574185769938456,True,True,True,True,True,pass
Nb252_aff_seq116_W116Y,Nb252 reported_seq W116Y,Nb252 IMGT 118 W>Y,Nb252 chain C auth 116 W>Y,116,W,Y,FR4,False,1,8112101,Nb252_WT_rep01_seed8112101,423.8055661595996,-71.3921992573272,-95.17968101665853,-119.13461342354682,16.66300875918299,24,37,0.9166666666666666,0.8918918918918919,0.04554107204694396,2.631824307252767,33;37;45;47;50;53;58;98;100;102;103;104;105;106;107;108;109;110;111;112;113;114;115;116,33;40;44;82;86;89;90;93;96;97;98;99;101;102;105;106;109;110;172;174;177;178;179;180;181;182;269;277;278;279;290;293;294;297;298;301;302,24,37,1.0,1.0,3.183237902051701,1.3435934023888336,0.4773806025785916,True,True,True,True,True,pass
Nb252_aff_seq116_W116Y,Nb252 reported_seq W116Y,Nb252 IMGT 118 W>Y,Nb252 chain C auth 116 W>Y,116,W,Y,FR4,False,2,8112102,Nb252_WT_rep02_seed8112102,423.8055661595996,-71.3921992573272,-95.17968101665853,-119.13461342354682,16.66300875918299,24,37,0.9166666666666666,0.8918918918918919,0.04554107204694396,2.631824307252767,33;37;45;47;50;53;58;98;100;102;103;104;105;106;107;108;109;110;111;112;113;114;115;116,33;40;44;82;86;89;90;93;96;97;98;99;101;102;105;106;109;110;172;174;177;178;179;180;181;182;269;277;278;279;290;293;294;297;298;301;302,24,37,1.0,1.0,3.0723919756279656,1.3435934023888336,0.4773806025785916,True,True,True,True,True,pass
Nb252_aff_seq116_W116Y,Nb252 reported_seq W116Y,Nb252 IMGT 118 W>Y,Nb252 chain C auth 116 W>Y,116,W,Y,FR4,False,3,8112103,Nb252_WT_rep03_seed8112103,423.8055661595996,-72.30707086876691,-95.17968101665853,-119.13461342354682,16.66300875918299,24,37,0.9166666666666666,0.8918918918918919,0.04554107204694396,2.631824307252767,33;37;45;47;50;53;58;98;100;102;103;104;105;106;107;108;109;110;111;112;113;114;115;116,33;40;44;82;86;89;90;93;96;97;98;99;101;102;105;106;109;110;172;174;177;178;179;180;181;182;269;277;278;279;290;293;294;297;298;301;302,24,37,1.0,1.0,2.157520364188258,1.3435934023888336,0.4773806025785916,True,True,True,True,True,pass
