seq_id,sequence_length_aa,cluster_id,cluster_size,sequence_weight,framework_identity_to_nb252,framework_coverage_to_nb252,is_nb252_neighbor
1,125,1,1,1.0,0.78021978,1.0,False
2,123,2,1,1.0,0.79120879,0.98901099,False
3,125,3,1,1.0,0.83516484,1.0,True
4,125,4,1,1.0,0.77173913,0.97802198,False
5,126,5,1,1.0,0.73626374,0.98901099,False
6,129,6,1,1.0,0.74725275,1.0,False
7,126,7,1,1.0,0.83516484,1.0,True
8,122,8,1,1.0,0.73626374,1.0,False
9,127,9,1,1.0,0.79120879,0.98901099,False
10,130,10,1,1.0,0.73626374,1.0,False
11,123,11,1,1.0,0.76923077,1.0,False
12,130,12,1,1.0,0.7032967,1.0,False
13,124,13,1,1.0,0.82417582,1.0,True
14,120,14,1,1.0,0.71428571,0.98901099,False
15,125,15,1,1.0,0.81318681,1.0,True
16,123,16,1,1.0,0.8021978,0.98901099,True
17,127,17,1,1.0,0.73626374,1.0,False
18,117,18,1,1.0,0.78021978,1.0,False
19,133,19,1,1.0,0.7032967,1.0,False
21,124,20,1,1.0,0.81318681,1.0,True
22,125,21,1,1.0,0.79120879,0.98901099,False
23,131,22,1,1.0,0.79120879,1.0,False
24,117,23,84,0.0119047619,0.71428571,1.0,False
25,119,24,1,1.0,0.71428571,0.86813187,False
27,124,25,1,1.0,0.83516484,1.0,True
28,126,26,1,1.0,0.79120879,1.0,False
29,116,27,1,1.0,0.75824176,0.98901099,False
30,121,28,2,0.5,0.74725275,0.87912088,False
31,122,29,1,1.0,0.8021978,1.0,True
35,130,30,1,1.0,0.74725275,1.0,False
36,116,23,84,0.0119047619,0.73626374,0.98901099,False
37,130,31,1,1.0,0.7032967,1.0,False
38,126,32,1,1.0,0.71428571,1.0,False
39,132,33,1,1.0,0.81318681,1.0,True
40,122,34,1,1.0,0.8021978,1.0,True
41,127,35,1,1.0,0.75824176,1.0,False
42,132,36,1,1.0,0.84615385,0.98901099,True
43,126,37,1,1.0,0.79120879,1.0,False
44,133,38,1,1.0,0.67346939,1.0,False
46,124,39,1,1.0,0.75824176,1.0,False
47,126,40,1,1.0,0.74725275,1.0,False
48,127,41,1,1.0,0.76923077,0.97802198,False
49,123,42,1,1.0,0.78021978,0.95604396,False
50,120,43,1,1.0,0.84615385,1.0,True
51,129,44,1,1.0,0.79120879,1.0,False
52,119,23,84,0.0119047619,0.72043011,1.0,False
53,127,45,1,1.0,0.64835165,0.98901099,False
54,128,46,1,1.0,0.81318681,0.98901099,True
55,119,47,1,1.0,0.79120879,0.98901099,False
56,130,48,1,1.0,0.82417582,1.0,True
57,124,49,1,1.0,0.76923077,1.0,False
58,126,50,1,1.0,0.69148936,0.98901099,False
60,129,51,1,1.0,0.76923077,1.0,False
61,122,52,1,1.0,0.72527473,1.0,False
62,128,53,1,1.0,0.78494624,1.0,False
64,123,54,1,1.0,0.69230769,0.97802198,False
65,124,55,1,1.0,0.82417582,1.0,True
67,129,56,1,1.0,0.8021978,1.0,True
68,119,57,1,1.0,0.7032967,0.87912088,False
69,122,58,1,1.0,0.8021978,0.98901099,True
70,121,59,1,1.0,0.78021978,1.0,False
71,122,60,1,1.0,0.8021978,0.97802198,True
72,127,61,1,1.0,0.83516484,0.98901099,True
73,127,62,1,1.0,0.8021978,0.98901099,True
74,124,63,1,1.0,0.81318681,1.0,True
76,126,64,1,1.0,0.85714286,1.0,True
77,124,65,1,1.0,0.79120879,1.0,False
78,128,66,1,1.0,0.75824176,1.0,False
80,130,67,1,1.0,0.75824176,1.0,False
81,132,68,1,1.0,0.74725275,1.0,False
82,124,69,1,1.0,0.82417582,1.0,True
83,123,70,1,1.0,0.76923077,1.0,False
84,131,71,1,1.0,0.8021978,1.0,True
85,130,72,1,1.0,0.78021978,0.98901099,False
86,121,73,1,1.0,0.83516484,0.98901099,True
87,120,74,1,1.0,0.72527473,0.98901099,False
88,124,75,1,1.0,0.81318681,1.0,True
89,123,76,1,1.0,0.67032967,0.98901099,False
91,122,77,1,1.0,0.83516484,1.0,True
92,119,78,1,1.0,0.75824176,1.0,False
94,121,79,1,1.0,0.79120879,1.0,False
95,117,23,84,0.0119047619,0.74725275,1.0,False
96,128,80,1,1.0,0.74725275,0.98901099,False
97,132,81,1,1.0,0.76923077,1.0,False
98,129,82,1,1.0,0.82417582,1.0,True
99,125,83,1,1.0,0.84615385,1.0,True
100,127,84,1,1.0,0.82417582,0.98901099,True
101,130,85,5,0.2,0.81318681,1.0,True
102,125,86,1,1.0,0.83516484,1.0,True
103,116,23,84,0.0119047619,0.72527473,0.98901099,False
104,122,87,1,1.0,0.79120879,1.0,False
105,126,88,1,1.0,0.8021978,1.0,True
106,125,89,2,0.5,0.76923077,1.0,False
107,126,90,1,1.0,0.81318681,1.0,True
108,131,91,6,0.1666666667,0.7032967,1.0,False
109,122,92,1,1.0,0.72527473,1.0,False
110,121,93,1,1.0,0.79120879,0.98901099,False
111,128,94,1,1.0,0.72527473,1.0,False
112,123,95,1,1.0,0.8021978,0.98901099,True
113,129,96,1,1.0,0.75824176,1.0,False
114,116,23,84,0.0119047619,0.74725275,0.98901099,False
115,125,97,1,1.0,0.76923077,1.0,False
116,128,98,1,1.0,0.76923077,0.97802198,False
117,116,23,84,0.0119047619,0.71428571,0.98901099,False
118,127,99,1,1.0,0.79120879,1.0,False
119,123,100,1,1.0,0.81318681,0.98901099,True
120,130,101,1,1.0,0.79569892,1.0,False
121,117,102,1,1.0,0.81318681,1.0,True
122,116,23,84,0.0119047619,0.72527473,0.98901099,False
123,127,103,1,1.0,0.76923077,1.0,False
124,130,104,1,1.0,0.78947368,1.0,False
125,120,105,1,1.0,0.76923077,1.0,False
126,126,106,1,1.0,0.82417582,1.0,True
128,117,107,1,1.0,0.84615385,1.0,True
129,120,108,1,1.0,0.79120879,0.98901099,False
130,122,109,1,1.0,0.81318681,0.98901099,True
132,116,23,84,0.0119047619,0.73626374,0.98901099,False
133,129,110,1,1.0,0.79120879,0.97802198,False
134,115,111,1,1.0,0.69230769,0.97802198,False
136,117,112,14,0.0714285714,0.8021978,0.98901099,True
137,122,113,4,0.25,0.72527473,1.0,False
138,121,114,1,1.0,0.67032967,0.87912088,False
139,120,115,1,1.0,0.73626374,0.98901099,False
140,120,116,1,1.0,0.84615385,1.0,True
141,125,117,1,1.0,0.8021978,0.98901099,True
142,119,118,1,1.0,0.60638298,0.87912088,False
143,116,23,84,0.0119047619,0.74725275,0.98901099,False
144,126,119,1,1.0,0.83516484,1.0,True
145,121,120,1,1.0,0.79120879,0.98901099,False
146,122,121,1,1.0,0.74725275,0.97802198,False
147,126,122,1,1.0,0.79120879,1.0,False
148,124,123,1,1.0,0.58510638,1.0,False
149,129,124,1,1.0,0.74725275,1.0,False
150,132,125,1,1.0,0.77419355,0.97802198,False
151,125,126,10,0.1,0.8021978,1.0,True
152,123,127,1,1.0,0.86813187,0.97802198,True
153,126,128,1,1.0,0.8021978,1.0,True
154,126,129,1,1.0,0.75824176,1.0,False
155,126,130,1,1.0,0.76923077,1.0,False
156,126,131,1,1.0,0.75268817,1.0,False
157,127,132,1,1.0,0.79120879,1.0,False
158,126,133,1,1.0,0.74725275,1.0,False
159,125,134,1,1.0,0.78021978,1.0,False
160,117,135,1,1.0,0.73626374,1.0,False
161,129,136,1,1.0,0.82417582,1.0,True
162,117,23,84,0.0119047619,0.72527473,1.0,False
163,128,137,1,1.0,0.76923077,1.0,False
164,128,138,1,1.0,0.78021978,1.0,False
165,121,139,1,1.0,0.7032967,0.87912088,False
166,121,140,1,1.0,0.76923077,1.0,False
167,120,141,1,1.0,0.78021978,0.98901099,False
168,128,142,1,1.0,0.72527473,0.98901099,False
169,113,143,1,1.0,0.82417582,0.98901099,True
170,121,144,1,1.0,0.8021978,1.0,True
171,126,145,1,1.0,0.75824176,1.0,False
173,120,146,1,1.0,0.78021978,1.0,False
174,120,147,1,1.0,0.82417582,0.97802198,True
175,125,148,1,1.0,0.83516484,0.98901099,True
176,129,149,1,1.0,0.79120879,0.97802198,False
177,121,150,1,1.0,0.73626374,1.0,False
179,118,151,1,1.0,0.84615385,1.0,True
180,123,152,1,1.0,0.83516484,0.98901099,True
181,111,153,1,1.0,0.72527473,0.87912088,False
182,124,154,1,1.0,0.75824176,0.98901099,False
183,129,155,1,1.0,0.82417582,1.0,True
184,119,156,1,1.0,0.71428571,1.0,False
185,129,157,1,1.0,0.84615385,1.0,True
186,123,158,1,1.0,0.81318681,1.0,True
187,127,159,1,1.0,0.72527473,1.0,False
188,120,160,2,0.5,0.8021978,1.0,True
189,127,161,1,1.0,0.84615385,1.0,True
190,136,162,1,1.0,0.75824176,1.0,False
191,127,163,1,1.0,0.79120879,0.96703297,False
192,117,164,1,1.0,0.84615385,0.98901099,True
193,129,165,1,1.0,0.83516484,1.0,True
194,124,166,1,1.0,0.86813187,1.0,True
195,125,167,1,1.0,0.79120879,1.0,False
196,127,168,1,1.0,0.81318681,0.98901099,True
197,127,169,1,1.0,0.69565217,0.98901099,False
198,126,170,1,1.0,0.84615385,1.0,True
199,129,171,1,1.0,0.78021978,1.0,False
200,127,172,1,1.0,0.74725275,1.0,False
202,117,173,1,1.0,0.72340426,1.0,False
204,126,174,1,1.0,0.8021978,1.0,True
205,117,175,1,1.0,0.72527473,1.0,False
206,127,176,1,1.0,0.78021978,0.97802198,False
207,125,177,1,1.0,0.82795699,0.98901099,True
208,113,178,1,1.0,0.8021978,1.0,True
210,128,179,1,1.0,0.73626374,1.0,False
211,131,180,1,1.0,0.67032967,0.98901099,False
212,127,181,1,1.0,0.76923077,1.0,False
213,126,182,2,0.5,0.83516484,1.0,True
214,116,183,1,1.0,0.69565217,0.97802198,False
215,133,184,1,1.0,0.85714286,1.0,True
216,137,185,1,1.0,0.82417582,1.0,True
217,129,186,1,1.0,0.78021978,0.97802198,False
218,132,187,1,1.0,0.73626374,1.0,False
219,126,188,1,1.0,0.8021978,1.0,True
220,127,189,1,1.0,0.79120879,0.98901099,False
221,124,190,1,1.0,0.73626374,1.0,False
222,122,191,1,1.0,0.76923077,0.98901099,False
223,127,192,1,1.0,0.78021978,1.0,False
224,117,193,1,1.0,0.78021978,0.98901099,False
225,117,194,2,0.5,0.67032967,0.97802198,False
226,131,195,1,1.0,0.74725275,0.98901099,False
227,128,196,1,1.0,0.75824176,1.0,False
228,137,197,1,1.0,0.8021978,0.98901099,True
229,117,198,5,0.2,0.71428571,0.97802198,False
230,122,199,1,1.0,0.76923077,1.0,False
231,127,200,1,1.0,0.82417582,0.98901099,True
232,118,201,1,1.0,0.76923077,1.0,False
233,119,202,1,1.0,0.77419355,1.0,False
234,124,203,1,1.0,0.85714286,0.98901099,True
235,127,204,1,1.0,0.8021978,0.97802198,True
236,130,205,1,1.0,0.74725275,1.0,False
237,122,206,1,1.0,0.78021978,0.98901099,False
238,118,207,1,1.0,0.72527473,0.98901099,False
239,123,208,1,1.0,0.85714286,1.0,True
240,130,209,3,0.3333333333,0.68131868,0.97802198,False
241,124,210,1,1.0,0.79120879,1.0,False
242,129,211,1,1.0,0.76923077,0.97802198,False
243,125,212,1,1.0,0.69230769,0.97802198,False
244,123,213,1,1.0,0.76923077,0.98901099,False
245,132,214,1,1.0,0.78021978,1.0,False
246,126,215,1,1.0,0.76923077,0.97802198,False
247,124,216,1,1.0,0.73626374,1.0,False
248,127,217,1,1.0,0.71428571,1.0,False
249,122,218,6,0.1666666667,0.78021978,0.98901099,False
250,115,219,1,1.0,0.78021978,0.98901099,False
251,134,220,1,1.0,0.76923077,1.0,False
252,124,221,1,1.0,0.85714286,0.98901099,True
253,123,222,1,1.0,0.81318681,1.0,True
254,125,223,1,1.0,0.69230769,0.98901099,False
255,116,224,1,1.0,0.82417582,1.0,True
256,122,225,1,1.0,0.83516484,1.0,True
257,126,226,1,1.0,0.8021978,0.98901099,True
259,119,227,1,1.0,0.8021978,1.0,True
260,118,228,1,1.0,0.67032967,0.87912088,False
261,115,229,1,1.0,0.72527473,0.96703297,False
262,132,209,3,0.3333333333,0.71428571,1.0,False
263,125,230,1,1.0,0.79120879,1.0,False
264,119,231,1,1.0,0.79120879,1.0,False
265,116,23,84,0.0119047619,0.73626374,0.98901099,False
266,130,232,1,1.0,0.84615385,1.0,True
267,123,233,1,1.0,0.76923077,1.0,False
268,126,234,2,0.5,0.71428571,1.0,False
269,125,235,1,1.0,0.7032967,1.0,False
270,127,236,1,1.0,0.69230769,1.0,False
271,136,237,1,1.0,0.86813187,1.0,True
272,121,238,1,1.0,0.73626374,0.98901099,False
273,124,239,1,1.0,0.8021978,0.98901099,True
274,131,240,1,1.0,0.71428571,1.0,False
275,130,241,1,1.0,0.8021978,0.98901099,True
276,124,242,1,1.0,0.79120879,0.97802198,False
277,127,243,1,1.0,0.81318681,1.0,True
279,117,244,1,1.0,0.83516484,1.0,True
280,128,245,1,1.0,0.79120879,0.98901099,False
281,125,246,1,1.0,0.7173913,0.97802198,False
282,139,247,1,1.0,0.82417582,1.0,True
283,125,248,1,1.0,0.72527473,0.98901099,False
284,117,23,84,0.0119047619,0.72527473,1.0,False
285,131,249,1,1.0,0.83516484,1.0,True
286,128,250,1,1.0,0.79120879,1.0,False
287,125,251,1,1.0,0.79120879,0.98901099,False
288,128,252,1,1.0,0.8021978,1.0,True
289,128,253,1,1.0,0.82417582,1.0,True
290,118,254,1,1.0,0.74725275,0.98901099,False
291,130,255,1,1.0,0.83516484,1.0,True
292,132,256,1,1.0,0.83516484,1.0,True
293,118,257,1,1.0,0.86813187,0.97802198,True
294,129,258,1,1.0,0.78021978,1.0,False
295,117,23,84,0.0119047619,0.73626374,1.0,False
296,126,259,1,1.0,0.81318681,0.98901099,True
297,116,260,1,1.0,0.8021978,0.98901099,True
298,130,261,1,1.0,0.8021978,1.0,True
299,124,262,1,1.0,0.72527473,1.0,False
300,125,263,1,1.0,0.8021978,0.98901099,True
301,127,264,1,1.0,0.78021978,0.98901099,False
302,120,265,1,1.0,0.81318681,0.96703297,True
303,124,266,1,1.0,0.76923077,1.0,False
304,122,267,1,1.0,0.73626374,0.98901099,False
305,124,268,2,0.5,0.75824176,1.0,False
307,119,269,3,0.3333333333,0.73626374,1.0,False
308,128,270,1,1.0,0.81318681,1.0,True
309,123,271,3,0.3333333333,0.78021978,1.0,False
310,129,272,1,1.0,0.8021978,1.0,True
311,115,273,1,1.0,0.73626374,1.0,False
312,127,274,1,1.0,0.73626374,0.98901099,False
313,125,275,1,1.0,0.83516484,1.0,True
316,124,276,1,1.0,0.8021978,0.97802198,True
317,123,277,1,1.0,0.8021978,1.0,True
318,127,278,1,1.0,0.78021978,1.0,False
320,125,279,1,1.0,0.79120879,1.0,False
321,127,280,1,1.0,0.79120879,1.0,False
322,119,281,1,1.0,0.79120879,1.0,False
323,124,282,1,1.0,0.79120879,0.98901099,False
324,120,283,1,1.0,0.8021978,1.0,True
325,135,284,1,1.0,0.76923077,1.0,False
326,119,285,1,1.0,0.7032967,0.98901099,False
327,121,286,1,1.0,0.81318681,1.0,True
328,122,287,2,0.5,0.68131868,1.0,False
329,118,288,1,1.0,0.81318681,0.98901099,True
330,122,289,1,1.0,0.81318681,1.0,True
331,123,290,1,1.0,0.75824176,1.0,False
332,124,291,1,1.0,0.75268817,0.98901099,False
333,125,292,3,0.3333333333,0.79120879,0.98901099,False
334,122,293,1,1.0,0.79120879,0.98901099,False
335,129,294,1,1.0,0.81318681,1.0,True
336,123,295,1,1.0,0.75824176,1.0,False
337,124,296,1,1.0,0.76923077,1.0,False
338,119,297,1,1.0,0.8021978,1.0,True
340,124,298,1,1.0,0.85714286,0.98901099,True
341,122,299,1,1.0,0.82417582,0.98901099,True
342,117,112,14,0.0714285714,0.76923077,0.98901099,False
343,131,300,1,1.0,0.63736264,1.0,False
345,121,301,1,1.0,0.8021978,0.98901099,True
346,116,23,84,0.0119047619,0.73626374,0.98901099,False
347,123,302,1,1.0,0.8021978,0.98901099,True
348,122,303,1,1.0,0.71428571,1.0,False
349,124,304,1,1.0,0.83516484,0.97802198,True
350,120,305,1,1.0,0.85714286,1.0,True
351,117,306,1,1.0,0.78021978,0.97802198,False
352,129,307,1,1.0,0.8021978,0.97802198,True
353,130,308,1,1.0,0.79120879,1.0,False
354,122,309,1,1.0,0.8021978,0.98901099,True
355,125,310,1,1.0,0.8172043,0.97802198,True
356,129,311,1,1.0,0.83516484,1.0,True
357,125,312,1,1.0,0.76923077,0.98901099,False
358,119,313,1,1.0,0.84615385,0.97802198,True
359,123,314,1,1.0,0.83516484,0.97802198,True
361,121,315,2,0.5,0.83516484,1.0,True
362,126,316,1,1.0,0.83516484,0.98901099,True
363,122,317,1,1.0,0.75824176,0.98901099,False
364,125,318,1,1.0,0.82417582,1.0,True
365,125,319,1,1.0,0.71428571,0.97802198,False
366,127,320,1,1.0,0.82417582,0.97802198,True
367,128,321,1,1.0,0.83516484,1.0,True
368,124,322,1,1.0,0.78021978,0.98901099,False
369,122,323,1,1.0,0.75824176,0.97802198,False
370,129,324,1,1.0,0.83516484,1.0,True
371,125,325,1,1.0,0.86813187,1.0,True
372,119,326,1,1.0,0.7032967,1.0,False
373,131,327,1,1.0,0.78021978,1.0,False
374,127,328,1,1.0,0.83516484,0.98901099,True
375,123,329,1,1.0,0.86813187,1.0,True
376,122,330,1,1.0,0.79120879,1.0,False
377,123,331,7,0.1428571429,0.8021978,1.0,True
378,118,332,1,1.0,0.78021978,1.0,False
379,119,333,6,0.1666666667,0.71428571,1.0,False
380,125,334,1,1.0,0.81318681,1.0,True
381,130,335,1,1.0,0.84615385,1.0,True
383,129,336,1,1.0,0.8021978,1.0,True
384,116,337,1,1.0,0.75824176,1.0,False
387,135,338,1,1.0,0.69473684,0.98901099,False
388,118,339,1,1.0,0.72527473,0.96703297,False
389,126,340,1,1.0,0.75824176,1.0,False
390,131,341,1,1.0,0.83516484,1.0,True
391,117,342,1,1.0,0.8021978,0.98901099,True
392,124,343,1,1.0,0.78021978,1.0,False
393,129,344,1,1.0,0.67368421,0.96703297,False
394,128,345,1,1.0,0.84615385,1.0,True
395,124,346,1,1.0,0.71428571,1.0,False
396,122,347,1,1.0,0.78021978,1.0,False
398,126,348,1,1.0,0.85714286,1.0,True
399,122,349,1,1.0,0.79120879,1.0,False
400,128,350,2,0.5,0.76923077,1.0,False
401,126,351,2,0.5,0.72527473,1.0,False
402,124,352,1,1.0,0.81318681,1.0,True
403,124,353,1,1.0,0.82417582,1.0,True
404,130,354,1,1.0,0.75824176,1.0,False
405,127,355,1,1.0,0.85714286,1.0,True
408,123,356,1,1.0,0.78021978,1.0,False
409,117,357,1,1.0,0.73626374,1.0,False
410,125,358,1,1.0,0.72527473,1.0,False
411,118,359,1,1.0,0.71428571,1.0,False
412,117,360,1,1.0,0.63736264,0.98901099,False
413,126,361,1,1.0,0.85714286,1.0,True
414,119,362,1,1.0,0.71428571,0.97802198,False
415,125,363,1,1.0,0.79120879,1.0,False
416,125,364,1,1.0,0.71428571,1.0,False
417,125,365,1,1.0,0.8021978,0.98901099,True
418,126,366,1,1.0,0.8021978,1.0,True
419,126,367,1,1.0,0.8021978,1.0,True
420,133,368,1,1.0,0.82417582,0.97802198,True
421,125,369,1,1.0,0.86813187,0.98901099,True
422,125,370,1,1.0,0.82417582,1.0,True
423,128,371,1,1.0,0.79120879,0.98901099,False
424,126,372,1,1.0,0.84615385,1.0,True
425,126,373,1,1.0,0.8021978,1.0,True
426,123,374,1,1.0,0.76923077,1.0,False
427,136,375,1,1.0,0.81318681,1.0,True
428,126,376,1,1.0,0.78021978,0.98901099,False
429,127,377,1,1.0,0.81318681,1.0,True
430,125,378,1,1.0,0.68131868,0.98901099,False
431,122,379,1,1.0,0.85714286,1.0,True
432,127,380,3,0.3333333333,0.81318681,0.98901099,True
433,125,381,1,1.0,0.76923077,0.98901099,False
434,117,382,1,1.0,0.7032967,0.86813187,False
435,124,383,1,1.0,0.81318681,1.0,True
437,122,384,1,1.0,0.86813187,1.0,True
438,128,385,1,1.0,0.82417582,1.0,True
439,125,386,1,1.0,0.74725275,0.98901099,False
440,126,387,1,1.0,0.81318681,0.97802198,True
441,119,388,1,1.0,0.73626374,1.0,False
442,117,23,84,0.0119047619,0.73626374,1.0,False
443,120,389,1,1.0,0.68131868,1.0,False
444,125,390,1,1.0,0.76923077,1.0,False
445,120,391,1,1.0,0.84615385,1.0,True
446,130,392,1,1.0,0.85714286,1.0,True
447,126,393,6,0.1666666667,0.78021978,0.98901099,False
448,125,394,1,1.0,0.71428571,1.0,False
449,117,23,84,0.0119047619,0.74725275,1.0,False
450,127,395,1,1.0,0.84615385,1.0,True
451,125,396,1,1.0,0.74725275,1.0,False
452,129,397,1,1.0,0.78021978,1.0,False
453,125,398,1,1.0,0.83516484,1.0,True
454,121,399,1,1.0,0.74725275,1.0,False
455,118,400,1,1.0,0.72527473,0.98901099,False
456,131,401,1,1.0,0.7032967,1.0,False
457,118,402,1,1.0,0.69230769,1.0,False
458,122,403,1,1.0,0.74725275,0.97802198,False
459,129,404,1,1.0,0.74193548,1.0,False
460,127,405,1,1.0,0.79120879,1.0,False
461,130,406,1,1.0,0.76923077,1.0,False
462,123,407,1,1.0,0.79120879,0.98901099,False
463,122,408,1,1.0,0.73626374,0.96703297,False
464,130,409,1,1.0,0.78021978,1.0,False
465,128,410,1,1.0,0.7826087,1.0,False
466,123,411,1,1.0,0.78021978,1.0,False
467,130,412,1,1.0,0.74725275,1.0,False
469,123,413,1,1.0,0.76923077,0.97802198,False
470,120,414,2,0.5,0.83516484,0.97802198,True
471,123,415,1,1.0,0.76923077,0.97802198,False
473,121,416,1,1.0,0.73626374,1.0,False
474,124,417,1,1.0,0.83516484,0.98901099,True
475,122,418,1,1.0,0.79120879,1.0,False
476,122,419,1,1.0,0.79120879,1.0,False
477,119,420,1,1.0,0.7032967,0.86813187,False
478,125,421,1,1.0,0.72527473,0.98901099,False
480,130,422,1,1.0,0.78021978,1.0,False
481,126,423,1,1.0,0.8021978,0.98901099,True
482,130,424,1,1.0,0.73626374,1.0,False
483,115,425,1,1.0,0.73626374,1.0,False
484,122,426,1,1.0,0.84615385,1.0,True
485,122,427,1,1.0,0.8021978,1.0,True
486,128,428,1,1.0,0.79120879,1.0,False
487,128,429,1,1.0,0.78021978,1.0,False
488,124,430,1,1.0,0.8021978,1.0,True
489,129,431,1,1.0,0.8021978,0.97802198,True
490,124,432,1,1.0,0.83516484,1.0,True
491,123,433,1,1.0,0.75824176,0.98901099,False
492,136,434,1,1.0,0.75824176,1.0,False
493,128,435,1,1.0,0.72527473,0.98901099,False
494,123,436,1,1.0,0.84615385,0.97802198,True
495,119,437,1,1.0,0.79120879,1.0,False
496,124,438,1,1.0,0.73626374,1.0,False
497,125,439,1,1.0,0.8021978,1.0,True
498,130,440,1,1.0,0.8021978,1.0,True
499,121,441,1,1.0,0.65934066,0.87912088,False
500,127,442,1,1.0,0.70652174,0.98901099,False
501,125,443,1,1.0,0.82417582,1.0,True
502,131,444,1,1.0,0.75824176,1.0,False
503,118,445,1,1.0,0.81318681,1.0,True
504,130,446,1,1.0,0.8021978,1.0,True
505,128,447,1,1.0,0.82417582,1.0,True
506,128,448,1,1.0,0.74725275,0.98901099,False
507,121,449,1,1.0,0.82417582,1.0,True
508,137,450,1,1.0,0.83516484,1.0,True
509,122,451,1,1.0,0.82417582,0.98901099,True
510,126,452,1,1.0,0.83516484,1.0,True
511,133,453,1,1.0,0.78021978,1.0,False
512,118,454,1,1.0,0.69230769,1.0,False
513,133,455,1,1.0,0.73626374,1.0,False
514,117,456,1,1.0,0.76923077,1.0,False
515,127,457,1,1.0,0.79120879,1.0,False
516,119,458,1,1.0,0.68131868,0.85714286,False
517,136,459,1,1.0,0.75824176,0.98901099,False
518,126,460,1,1.0,0.81318681,1.0,True
519,123,461,1,1.0,0.83516484,1.0,True
520,120,462,1,1.0,0.65934066,0.98901099,False
521,122,463,1,1.0,0.79120879,1.0,False
522,117,464,1,1.0,0.79120879,1.0,False
523,129,465,1,1.0,0.76923077,0.98901099,False
524,126,466,1,1.0,0.69230769,0.98901099,False
525,126,467,1,1.0,0.84615385,0.98901099,True
526,123,468,1,1.0,0.82417582,1.0,True
527,127,469,1,1.0,0.8021978,1.0,True
528,126,470,1,1.0,0.79120879,0.98901099,False
530,120,471,1,1.0,0.7173913,0.96703297,False
531,125,126,10,0.1,0.81318681,1.0,True
532,122,472,1,1.0,0.75824176,0.98901099,False
533,115,473,1,1.0,0.79120879,0.98901099,False
534,123,474,1,1.0,0.82417582,0.97802198,True
535,126,475,1,1.0,0.73737374,1.0,False
536,120,476,1,1.0,0.74725275,0.98901099,False
538,127,477,1,1.0,0.83516484,1.0,True
539,121,478,6,0.1666666667,0.73626374,1.0,False
540,132,479,1,1.0,0.87912088,1.0,True
541,129,480,1,1.0,0.75824176,1.0,False
542,120,481,1,1.0,0.79120879,1.0,False
543,126,482,1,1.0,0.73626374,1.0,False
544,123,483,3,0.3333333333,0.74725275,0.97802198,False
545,124,484,1,1.0,0.82417582,1.0,True
546,123,485,1,1.0,0.76923077,0.98901099,False
548,128,486,1,1.0,0.74725275,1.0,False
549,123,487,2,0.5,0.79120879,0.98901099,False
550,124,488,1,1.0,0.81318681,0.98901099,True
551,122,489,2,0.5,0.85714286,1.0,True
552,127,490,1,1.0,0.74725275,0.98901099,False
553,125,491,1,1.0,0.69230769,1.0,False
554,120,492,1,1.0,0.81318681,1.0,True
555,126,493,1,1.0,0.82417582,1.0,True
556,117,494,1,1.0,0.69230769,0.98901099,False
557,130,495,1,1.0,0.81318681,1.0,True
558,128,496,1,1.0,0.82417582,1.0,True
560,131,497,1,1.0,0.8021978,0.98901099,True
561,132,498,1,1.0,0.82417582,1.0,True
562,120,499,1,1.0,0.74725275,1.0,False
563,130,500,1,1.0,0.79120879,1.0,False
564,129,501,1,1.0,0.81318681,1.0,True
565,124,502,1,1.0,0.79120879,0.98901099,False
566,125,503,1,1.0,0.82417582,0.98901099,True
567,121,504,1,1.0,0.8021978,1.0,True
568,113,505,1,1.0,0.79120879,0.98901099,False
569,123,506,1,1.0,0.83516484,1.0,True
570,118,507,1,1.0,0.8021978,0.98901099,True
571,128,508,1,1.0,0.89010989,0.98901099,True
572,138,509,1,1.0,0.73626374,1.0,False
573,121,510,1,1.0,0.74725275,0.98901099,False
574,126,511,1,1.0,0.7032967,0.98901099,False
575,126,512,1,1.0,0.8021978,0.98901099,True
576,124,513,1,1.0,0.8021978,0.98901099,True
577,130,514,1,1.0,0.7311828,0.98901099,False
578,130,515,1,1.0,0.7032967,0.97802198,False
579,117,516,1,1.0,0.72527473,1.0,False
580,123,517,1,1.0,0.74725275,0.98901099,False
581,124,518,1,1.0,0.75824176,1.0,False
582,122,519,1,1.0,0.7032967,0.98901099,False
583,128,520,1,1.0,0.79120879,0.98901099,False
584,125,521,1,1.0,0.79120879,1.0,False
585,127,522,1,1.0,0.76923077,1.0,False
587,118,523,1,1.0,0.82417582,1.0,True
588,118,524,1,1.0,0.74725275,0.97802198,False
589,124,525,1,1.0,0.7032967,0.98901099,False
590,124,126,10,0.1,0.79120879,0.98901099,False
591,124,526,1,1.0,0.8021978,1.0,True
592,121,126,10,0.1,0.75824176,0.97802198,False
593,118,527,1,1.0,0.75824176,1.0,False
594,127,528,1,1.0,0.85714286,1.0,True
595,115,529,1,1.0,0.65934066,0.96703297,False
596,122,530,1,1.0,0.85714286,0.97802198,True
597,129,531,1,1.0,0.86813187,1.0,True
598,122,532,1,1.0,0.82417582,1.0,True
599,131,533,1,1.0,0.78021978,1.0,False
600,130,534,2,0.5,0.79120879,1.0,False
601,127,535,1,1.0,0.83516484,1.0,True
604,122,536,1,1.0,0.8021978,0.97802198,True
605,122,537,1,1.0,0.78021978,1.0,False
606,127,538,2,0.5,0.73626374,0.98901099,False
607,120,539,1,1.0,0.74725275,0.98901099,False
608,125,540,1,1.0,0.78021978,1.0,False
609,123,541,1,1.0,0.78021978,1.0,False
610,118,542,1,1.0,0.68131868,0.97802198,False
612,131,543,1,1.0,0.76923077,1.0,False
613,134,544,1,1.0,0.72043011,1.0,False
614,126,545,1,1.0,0.81318681,1.0,True
615,127,546,1,1.0,0.75824176,1.0,False
616,118,547,1,1.0,0.79120879,1.0,False
617,118,548,1,1.0,0.79120879,1.0,False
618,115,549,1,1.0,0.79120879,1.0,False
619,123,550,1,1.0,0.81318681,1.0,True
620,124,551,1,1.0,0.84615385,1.0,True
621,125,552,1,1.0,0.8021978,1.0,True
622,121,553,1,1.0,0.7032967,1.0,False
623,124,554,1,1.0,0.87912088,1.0,True
624,130,555,1,1.0,0.76923077,1.0,False
625,128,556,1,1.0,0.73626374,1.0,False
626,119,557,1,1.0,0.74725275,1.0,False
627,127,558,1,1.0,0.75824176,1.0,False
628,128,559,1,1.0,0.75824176,1.0,False
629,129,560,1,1.0,0.79120879,1.0,False
630,128,561,1,1.0,0.83516484,1.0,True
631,124,562,1,1.0,0.84615385,1.0,True
632,124,563,1,1.0,0.84615385,1.0,True
633,125,564,1,1.0,0.79120879,1.0,False
634,125,565,1,1.0,0.83516484,0.98901099,True
636,130,566,1,1.0,0.79120879,1.0,False
637,133,567,1,1.0,0.74725275,1.0,False
640,118,568,1,1.0,0.78021978,1.0,False
641,122,569,1,1.0,0.76923077,0.98901099,False
642,123,570,2,0.5,0.86813187,0.98901099,True
643,128,571,1,1.0,0.74725275,1.0,False
644,128,572,1,1.0,0.74725275,1.0,False
645,126,573,1,1.0,0.82417582,0.98901099,True
646,125,574,1,1.0,0.81318681,1.0,True
647,124,575,1,1.0,0.75824176,0.98901099,False
648,126,576,1,1.0,0.86813187,1.0,True
649,129,577,1,1.0,0.8021978,1.0,True
650,119,578,1,1.0,0.76923077,0.95604396,False
651,118,579,5,0.2,0.8021978,1.0,True
652,127,580,1,1.0,0.75824176,1.0,False
653,122,581,1,1.0,0.78021978,1.0,False
654,128,582,1,1.0,0.81318681,1.0,True
655,129,583,1,1.0,0.73958333,1.0,False
656,121,584,1,1.0,0.75824176,1.0,False
657,117,585,1,1.0,0.65934066,0.97802198,False
658,126,586,1,1.0,0.83516484,1.0,True
659,124,587,1,1.0,0.81318681,0.98901099,True
661,123,588,1,1.0,0.78021978,1.0,False
662,118,589,1,1.0,0.78021978,1.0,False
663,120,590,1,1.0,0.82417582,0.98901099,True
664,122,113,4,0.25,0.72527473,1.0,False
665,126,591,1,1.0,0.73626374,1.0,False
666,130,592,2,0.5,0.8021978,1.0,True
667,134,593,1,1.0,0.8021978,1.0,True
668,141,594,1,1.0,0.79120879,1.0,False
669,127,595,1,1.0,0.73626374,0.98901099,False
670,122,596,1,1.0,0.74725275,0.97802198,False
671,122,597,1,1.0,0.78021978,0.98901099,False
672,127,598,1,1.0,0.75824176,1.0,False
673,116,23,84,0.0119047619,0.74725275,0.98901099,False
674,126,599,1,1.0,0.8021978,0.98901099,True
675,128,600,1,1.0,0.76923077,1.0,False
676,127,601,4,0.25,0.72527473,0.98901099,False
677,126,602,1,1.0,0.72527473,0.98901099,False
678,125,603,1,1.0,0.75824176,0.98901099,False
679,118,604,1,1.0,0.78021978,1.0,False
681,123,605,1,1.0,0.78021978,1.0,False
682,122,606,1,1.0,0.86813187,0.98901099,True
683,123,607,1,1.0,0.84615385,1.0,True
684,129,608,1,1.0,0.7032967,1.0,False
685,122,609,1,1.0,0.72527473,0.98901099,False
686,113,610,1,1.0,0.72527473,0.98901099,False
687,116,23,84,0.0119047619,0.7032967,0.98901099,False
688,121,611,1,1.0,0.68131868,0.87912088,False
689,124,612,1,1.0,0.74725275,0.98901099,False
690,123,613,1,1.0,0.75824176,1.0,False
692,116,614,1,1.0,0.79120879,0.97802198,False
693,123,615,1,1.0,0.78021978,0.97802198,False
694,121,616,1,1.0,0.85714286,1.0,True
695,127,617,1,1.0,0.72527473,0.97802198,False
696,129,618,1,1.0,0.78021978,1.0,False
697,124,619,1,1.0,0.78021978,0.98901099,False
698,116,23,84,0.0119047619,0.7032967,0.98901099,False
699,124,620,1,1.0,0.71276596,0.98901099,False
700,125,621,1,1.0,0.76923077,1.0,False
701,126,622,1,1.0,0.81318681,0.98901099,True
702,123,623,1,1.0,0.78021978,0.98901099,False
703,129,624,1,1.0,0.83516484,1.0,True
704,123,625,1,1.0,0.78021978,0.98901099,False
707,119,626,16,0.0625,0.67032967,0.86813187,False
708,119,627,1,1.0,0.79120879,1.0,False
709,131,628,1,1.0,0.71875,0.98901099,False
711,123,629,1,1.0,0.69230769,0.98901099,False
712,131,630,1,1.0,0.74725275,1.0,False
713,126,631,1,1.0,0.78021978,1.0,False
714,122,632,1,1.0,0.85714286,0.97802198,True
715,134,633,1,1.0,0.7032967,1.0,False
716,125,634,1,1.0,0.8021978,1.0,True
718,127,635,1,1.0,0.78021978,0.97802198,False
719,123,636,1,1.0,0.79787234,1.0,False
720,130,637,1,1.0,0.70212766,1.0,False
723,116,23,84,0.0119047619,0.74725275,0.98901099,False
724,124,638,1,1.0,0.79120879,0.98901099,False
725,126,639,1,1.0,0.78021978,1.0,False
726,121,640,1,1.0,0.74725275,1.0,False
727,127,641,1,1.0,0.79120879,1.0,False
728,123,642,1,1.0,0.85714286,1.0,True
729,122,643,1,1.0,0.72527473,0.97802198,False
730,127,644,1,1.0,0.81318681,0.98901099,True
731,117,23,84,0.0119047619,0.72527473,1.0,False
732,122,645,1,1.0,0.78021978,0.98901099,False
733,126,646,1,1.0,0.74725275,1.0,False
734,122,647,1,1.0,0.73626374,0.97802198,False
735,118,648,1,1.0,0.69565217,1.0,False
736,129,649,1,1.0,0.8021978,0.98901099,True
737,125,650,1,1.0,0.78021978,1.0,False
738,119,651,1,1.0,0.79120879,0.97802198,False
739,125,652,1,1.0,0.79120879,0.98901099,False
740,120,653,1,1.0,0.81318681,0.98901099,True
741,125,654,1,1.0,0.76923077,1.0,False
742,124,655,1,1.0,0.83516484,1.0,True
743,126,656,1,1.0,0.78021978,1.0,False
744,123,657,1,1.0,0.81318681,0.98901099,True
745,123,658,1,1.0,0.73626374,1.0,False
746,122,659,1,1.0,0.79120879,1.0,False
747,122,660,1,1.0,0.69230769,0.98901099,False
748,120,661,1,1.0,0.71428571,0.97802198,False
749,127,662,1,1.0,0.83516484,1.0,True
750,123,663,1,1.0,0.72527473,0.98901099,False
751,118,664,1,1.0,0.85714286,1.0,True
752,131,665,1,1.0,0.87912088,0.98901099,True
753,128,666,1,1.0,0.76923077,1.0,False
754,132,667,1,1.0,0.78021978,1.0,False
755,128,668,1,1.0,0.76923077,1.0,False
756,130,669,1,1.0,0.81318681,1.0,True
757,125,670,1,1.0,0.83516484,1.0,True
758,128,671,1,1.0,0.75824176,1.0,False
759,119,672,1,1.0,0.79120879,1.0,False
760,125,673,5,0.2,0.70652174,1.0,False
762,117,674,1,1.0,0.71428571,0.87912088,False
763,132,675,1,1.0,0.70526316,1.0,False
764,128,676,1,1.0,0.84615385,1.0,True
765,126,677,1,1.0,0.71428571,1.0,False
766,125,678,1,1.0,0.85714286,1.0,True
767,119,679,1,1.0,0.81318681,0.97802198,True
769,127,680,1,1.0,0.82417582,1.0,True
770,124,681,1,1.0,0.71428571,1.0,False
771,122,682,1,1.0,0.75824176,0.97802198,False
772,128,683,1,1.0,0.8021978,1.0,True
773,126,684,1,1.0,0.83516484,1.0,True
774,125,685,1,1.0,0.76923077,1.0,False
775,113,686,1,1.0,0.68131868,0.87912088,False
776,127,687,1,1.0,0.75824176,1.0,False
777,116,23,84,0.0119047619,0.74725275,0.98901099,False
778,124,688,1,1.0,0.78021978,1.0,False
779,126,689,1,1.0,0.81318681,0.98901099,True
780,130,690,1,1.0,0.76344086,0.98901099,False
782,120,691,1,1.0,0.79120879,1.0,False
783,115,28,2,0.5,0.75824176,0.85714286,False
784,126,692,1,1.0,0.81318681,0.98901099,True
785,127,693,1,1.0,0.76923077,0.98901099,False
786,127,694,1,1.0,0.79120879,1.0,False
787,130,695,3,0.3333333333,0.85714286,1.0,True
788,124,696,1,1.0,0.78021978,0.98901099,False
789,127,697,1,1.0,0.74725275,1.0,False
790,127,698,1,1.0,0.75824176,1.0,False
791,128,699,1,1.0,0.8021978,1.0,True
792,123,700,1,1.0,0.8021978,1.0,True
793,122,701,1,1.0,0.85714286,0.96703297,True
794,119,702,1,1.0,0.63736264,0.94505495,False
795,133,703,1,1.0,0.84615385,1.0,True
796,114,704,1,1.0,0.8021978,0.97802198,True
797,116,23,84,0.0119047619,0.73626374,0.98901099,False
798,125,705,1,1.0,0.72527473,1.0,False
799,129,706,1,1.0,0.79120879,0.98901099,False
800,122,707,1,1.0,0.78021978,0.98901099,False
801,120,708,1,1.0,0.81318681,1.0,True
802,126,709,1,1.0,0.78021978,0.98901099,False
803,126,710,1,1.0,0.74725275,1.0,False
804,127,711,1,1.0,0.8021978,1.0,True
806,125,712,1,1.0,0.79120879,0.98901099,False
808,126,713,1,1.0,0.69230769,0.98901099,False
809,123,714,1,1.0,0.78021978,0.98901099,False
810,125,715,1,1.0,0.68085106,0.98901099,False
811,127,716,1,1.0,0.8021978,1.0,True
812,123,717,1,1.0,0.83516484,1.0,True
813,121,718,1,1.0,0.82417582,1.0,True
814,117,719,1,1.0,0.78021978,1.0,False
815,124,720,1,1.0,0.81318681,1.0,True
816,121,721,1,1.0,0.76923077,1.0,False
817,125,722,1,1.0,0.8021978,0.98901099,True
818,120,723,2,0.5,0.7032967,0.97802198,False
819,128,724,1,1.0,0.73626374,1.0,False
820,122,725,1,1.0,0.76923077,1.0,False
822,122,726,1,1.0,0.82417582,1.0,True
823,118,579,5,0.2,0.81318681,1.0,True
824,128,727,1,1.0,0.78021978,0.97802198,False
826,119,728,1,1.0,0.86813187,0.97802198,True
827,123,729,1,1.0,0.79120879,0.98901099,False
828,125,730,1,1.0,0.8021978,1.0,True
829,120,731,1,1.0,0.78021978,0.97802198,False
831,123,732,1,1.0,0.81318681,1.0,True
832,127,733,1,1.0,0.7032967,1.0,False
833,127,734,1,1.0,0.8021978,1.0,True
834,124,735,1,1.0,0.73626374,0.98901099,False
835,126,736,1,1.0,0.8021978,1.0,True
836,118,737,1,1.0,0.79120879,1.0,False
837,120,738,1,1.0,0.79120879,1.0,False
838,127,739,1,1.0,0.82417582,1.0,True
839,128,601,4,0.25,0.72527473,1.0,False
840,121,740,1,1.0,0.79120879,0.98901099,False
841,126,741,1,1.0,0.85714286,1.0,True
842,122,742,1,1.0,0.76923077,0.97802198,False
843,123,743,1,1.0,0.8021978,1.0,True
844,126,744,1,1.0,0.7032967,0.98901099,False
845,123,218,6,0.1666666667,0.81318681,1.0,True
847,131,745,1,1.0,0.8021978,1.0,True
848,128,746,1,1.0,0.81318681,0.98901099,True
849,123,747,1,1.0,0.84615385,1.0,True
850,129,748,1,1.0,0.8021978,0.98901099,True
851,125,749,1,1.0,0.79120879,0.97802198,False
852,122,750,1,1.0,0.81318681,1.0,True
853,120,751,1,1.0,0.76923077,1.0,False
854,118,752,1,1.0,0.82417582,1.0,True
855,116,23,84,0.0119047619,0.72527473,0.98901099,False
856,117,753,1,1.0,0.79120879,1.0,False
857,118,754,1,1.0,0.8021978,1.0,True
858,121,755,1,1.0,0.76595745,1.0,False
859,128,756,1,1.0,0.84615385,0.98901099,True
860,129,757,1,1.0,0.74725275,1.0,False
861,126,758,1,1.0,0.78021978,1.0,False
862,122,759,1,1.0,0.84615385,0.97802198,True
863,125,760,1,1.0,0.79120879,0.98901099,False
864,126,761,1,1.0,0.82417582,1.0,True
865,127,762,1,1.0,0.85714286,1.0,True
866,120,763,1,1.0,0.82417582,1.0,True
867,125,764,1,1.0,0.80434783,1.0,True
868,127,765,1,1.0,0.73626374,0.97802198,False
869,125,766,1,1.0,0.76923077,1.0,False
870,127,767,1,1.0,0.75824176,0.98901099,False
871,118,626,16,0.0625,0.64835165,0.85714286,False
872,121,768,1,1.0,0.82417582,0.98901099,True
873,133,769,1,1.0,0.72527473,1.0,False
874,127,770,1,1.0,0.74725275,0.98901099,False
875,125,771,1,1.0,0.81318681,1.0,True
876,116,772,1,1.0,0.78021978,0.87912088,False
878,124,673,5,0.2,0.79120879,1.0,False
879,123,773,1,1.0,0.76923077,0.97802198,False
880,120,774,1,1.0,0.59340659,0.87912088,False
881,121,775,1,1.0,0.8021978,1.0,True
882,122,776,1,1.0,0.76923077,0.98901099,False
883,130,777,1,1.0,0.81318681,1.0,True
884,129,778,1,1.0,0.76923077,0.97802198,False
886,128,779,1,1.0,0.68131868,1.0,False
887,128,780,1,1.0,0.8021978,1.0,True
888,126,781,1,1.0,0.78021978,1.0,False
889,130,695,3,0.3333333333,0.82417582,1.0,True
891,123,782,1,1.0,0.79120879,0.98901099,False
892,129,783,1,1.0,0.75824176,1.0,False
893,119,784,1,1.0,0.79120879,1.0,False
894,126,785,1,1.0,0.74725275,0.98901099,False
895,121,786,1,1.0,0.84615385,1.0,True
896,121,787,1,1.0,0.78021978,1.0,False
897,125,788,1,1.0,0.86813187,0.98901099,True
898,116,789,1,1.0,0.71428571,0.98901099,False
899,121,790,1,1.0,0.78021978,1.0,False
900,128,791,1,1.0,0.84615385,0.98901099,True
901,119,478,6,0.1666666667,0.73626374,0.97802198,False
902,117,792,1,1.0,0.76923077,1.0,False
903,123,793,1,1.0,0.8021978,0.97802198,True
904,127,794,1,1.0,0.76923077,1.0,False
905,129,795,1,1.0,0.8021978,0.98901099,True
906,126,796,1,1.0,0.85714286,0.98901099,True
907,125,797,1,1.0,0.83516484,0.98901099,True
908,124,798,1,1.0,0.79120879,0.97802198,False
909,130,799,1,1.0,0.83516484,1.0,True
910,117,800,1,1.0,0.75824176,0.97802198,False
911,129,801,1,1.0,0.75824176,1.0,False
912,124,802,1,1.0,0.76923077,0.98901099,False
913,116,803,1,1.0,0.65934066,1.0,False
914,132,804,1,1.0,0.8021978,1.0,True
915,129,805,1,1.0,0.78021978,1.0,False
916,128,806,1,1.0,0.79120879,0.98901099,False
918,116,23,84,0.0119047619,0.72527473,0.98901099,False
920,131,807,1,1.0,0.76923077,0.98901099,False
921,111,808,1,1.0,0.72527473,0.87912088,False
922,123,809,1,1.0,0.8021978,1.0,True
923,120,810,1,1.0,0.68131868,0.87912088,False
924,129,811,1,1.0,0.75824176,1.0,False
925,129,812,1,1.0,0.84615385,1.0,True
926,116,813,1,1.0,0.76923077,1.0,False
927,129,814,1,1.0,0.8021978,0.98901099,True
928,121,815,1,1.0,0.76923077,1.0,False
929,123,816,1,1.0,0.76923077,1.0,False
930,122,817,1,1.0,0.79120879,1.0,False
931,122,818,1,1.0,0.76923077,0.97802198,False
932,126,819,1,1.0,0.69230769,1.0,False
933,130,820,1,1.0,0.81318681,1.0,True
934,127,821,1,1.0,0.78021978,1.0,False
935,130,822,1,1.0,0.78021978,1.0,False
936,112,823,1,1.0,0.75824176,0.93406593,False
937,140,824,1,1.0,0.79120879,1.0,False
938,113,825,1,1.0,0.85714286,1.0,True
939,127,826,1,1.0,0.79120879,1.0,False
940,128,827,1,1.0,0.79120879,0.98901099,False
941,114,828,1,1.0,0.81318681,0.98901099,True
942,128,829,1,1.0,0.81318681,1.0,True
943,123,830,1,1.0,0.72527473,0.98901099,False
944,117,831,1,1.0,0.83516484,0.98901099,True
945,129,832,1,1.0,0.8021978,1.0,True
946,126,833,1,1.0,0.82417582,1.0,True
947,125,834,1,1.0,0.81318681,1.0,True
948,117,835,1,1.0,0.78021978,1.0,False
949,123,836,1,1.0,0.81318681,0.98901099,True
950,117,837,1,1.0,0.8021978,0.96703297,True
951,133,838,1,1.0,0.74725275,0.98901099,False
952,121,839,1,1.0,0.82417582,1.0,True
953,122,840,1,1.0,0.84615385,0.98901099,True
954,129,841,1,1.0,0.78021978,1.0,False
955,123,842,2,0.5,0.72527473,1.0,False
956,126,843,1,1.0,0.79120879,1.0,False
957,120,844,1,1.0,0.81318681,1.0,True
958,128,845,1,1.0,0.78021978,1.0,False
959,122,846,1,1.0,0.83516484,1.0,True
960,115,847,3,0.3333333333,0.67032967,0.98901099,False
961,126,848,1,1.0,0.86813187,1.0,True
963,117,849,1,1.0,0.81318681,0.98901099,True
964,123,850,1,1.0,0.84615385,1.0,True
965,118,851,1,1.0,0.83516484,1.0,True
966,122,852,1,1.0,0.83516484,1.0,True
967,136,853,1,1.0,0.7032967,1.0,False
968,128,854,1,1.0,0.76923077,1.0,False
969,123,855,1,1.0,0.72527473,1.0,False
970,116,23,84,0.0119047619,0.73626374,0.98901099,False
971,120,856,1,1.0,0.8172043,0.98901099,True
972,121,857,1,1.0,0.71428571,0.98901099,False
973,116,858,3,0.3333333333,0.67032967,0.98901099,False
974,126,859,1,1.0,0.79120879,0.98901099,False
975,122,860,1,1.0,0.87912088,1.0,True
976,122,861,1,1.0,0.82417582,0.98901099,True
977,129,862,1,1.0,0.84615385,1.0,True
978,123,863,1,1.0,0.8021978,1.0,True
980,120,864,1,1.0,0.82417582,0.98901099,True
981,129,865,1,1.0,0.73626374,1.0,False
982,126,866,1,1.0,0.74725275,1.0,False
983,120,867,1,1.0,0.71428571,0.98901099,False
984,129,868,1,1.0,0.83516484,0.98901099,True
985,124,869,1,1.0,0.76923077,1.0,False
986,134,870,1,1.0,0.76923077,1.0,False
987,121,315,2,0.5,0.82417582,1.0,True
988,127,393,6,0.1666666667,0.75824176,1.0,False
989,126,871,1,1.0,0.8021978,1.0,True
990,121,872,1,1.0,0.81318681,0.98901099,True
991,127,873,1,1.0,0.79120879,0.97802198,False
992,126,874,1,1.0,0.83516484,1.0,True
993,126,875,1,1.0,0.79120879,0.98901099,False
994,126,876,1,1.0,0.83516484,0.98901099,True
995,125,877,1,1.0,0.78723404,1.0,False
997,134,878,1,1.0,0.83516484,0.97802198,True
998,124,879,1,1.0,0.78021978,1.0,False
999,121,880,1,1.0,0.79120879,1.0,False
1000,109,881,1,1.0,0.64835165,0.94505495,False
1001,122,882,1,1.0,0.83516484,1.0,True
1002,127,883,1,1.0,0.8021978,0.98901099,True
1003,129,884,1,1.0,0.83516484,0.98901099,True
1004,126,885,1,1.0,0.84615385,1.0,True
1005,124,886,1,1.0,0.71428571,0.98901099,False
1007,124,887,1,1.0,0.85714286,1.0,True
1008,117,888,1,1.0,0.68131868,1.0,False
1009,123,889,1,1.0,0.8021978,1.0,True
1010,124,890,1,1.0,0.72527473,0.97802198,False
1012,122,891,1,1.0,0.78021978,0.97802198,False
1014,126,892,1,1.0,0.8021978,1.0,True
1015,122,893,1,1.0,0.71428571,1.0,False
1016,125,894,1,1.0,0.64210526,0.97802198,False
1018,120,895,1,1.0,0.74725275,0.98901099,False
1019,125,896,1,1.0,0.84615385,1.0,True
1020,121,287,2,0.5,0.72527473,0.98901099,False
1021,116,897,1,1.0,0.79120879,0.97802198,False
1022,125,898,1,1.0,0.78021978,1.0,False
1023,124,899,1,1.0,0.75824176,0.98901099,False
1024,123,126,10,0.1,0.79120879,1.0,False
1025,123,900,1,1.0,0.83516484,1.0,True
1026,129,901,1,1.0,0.75824176,1.0,False
1027,133,902,1,1.0,0.81318681,1.0,True
1028,125,903,1,1.0,0.84615385,1.0,True
1029,126,904,1,1.0,0.78021978,0.98901099,False
1030,125,905,1,1.0,0.77419355,1.0,False
1031,130,906,1,1.0,0.73626374,0.98901099,False
1032,117,907,1,1.0,0.86813187,1.0,True
1033,125,908,1,1.0,0.69230769,1.0,False
1034,126,909,1,1.0,0.71428571,0.98901099,False
1035,120,910,1,1.0,0.83516484,1.0,True
1036,113,911,1,1.0,0.79120879,0.98901099,False
1037,127,912,1,1.0,0.74725275,1.0,False
1039,129,913,1,1.0,0.73626374,1.0,False
1040,131,914,1,1.0,0.69148936,1.0,False
1042,120,626,16,0.0625,0.67032967,0.87912088,False
1043,125,915,1,1.0,0.81318681,1.0,True
1044,126,916,1,1.0,0.76923077,1.0,False
1045,126,917,1,1.0,0.84615385,1.0,True
1046,126,918,1,1.0,0.82417582,1.0,True
1047,123,919,3,0.3333333333,0.84615385,0.98901099,True
1048,124,920,1,1.0,0.8021978,1.0,True
1049,125,921,1,1.0,0.83516484,1.0,True
1050,121,922,1,1.0,0.75824176,0.93406593,False
1052,130,923,1,1.0,0.82417582,1.0,True
1053,125,924,1,1.0,0.73626374,1.0,False
1054,123,925,1,1.0,0.84615385,1.0,True
1055,123,926,1,1.0,0.81318681,1.0,True
1056,119,927,1,1.0,0.79120879,1.0,False
1057,115,928,1,1.0,0.73626374,0.87912088,False
1058,130,85,5,0.2,0.82417582,1.0,True
1059,122,929,1,1.0,0.83516484,1.0,True
1061,128,930,1,1.0,0.76923077,1.0,False
1062,123,931,1,1.0,0.74725275,1.0,False
1063,122,932,2,0.5,0.78021978,1.0,False
1064,129,933,1,1.0,0.81318681,0.98901099,True
1065,118,934,1,1.0,0.79120879,1.0,False
1066,126,935,1,1.0,0.76923077,1.0,False
1067,124,936,1,1.0,0.72527473,1.0,False
1068,122,937,1,1.0,0.8021978,0.97802198,True
1069,127,938,1,1.0,0.76923077,1.0,False
1070,125,939,1,1.0,0.8021978,1.0,True
1073,122,940,1,1.0,0.78021978,1.0,False
1074,121,941,1,1.0,0.75824176,1.0,False
1075,131,942,3,0.3333333333,0.8021978,1.0,True
1076,120,943,1,1.0,0.85714286,0.97802198,True
1077,129,944,1,1.0,0.79569892,1.0,False
1079,125,945,1,1.0,0.82417582,1.0,True
1080,118,946,1,1.0,0.81318681,0.97802198,True
1081,118,947,1,1.0,0.71428571,1.0,False
1082,132,948,1,1.0,0.75824176,1.0,False
1083,126,949,1,1.0,0.74725275,0.98901099,False
1084,130,950,1,1.0,0.78021978,1.0,False
1085,116,23,84,0.0119047619,0.72527473,0.98901099,False
1086,128,951,1,1.0,0.75824176,0.97802198,False
1087,132,952,1,1.0,0.75824176,1.0,False
1088,130,953,1,1.0,0.8021978,1.0,True
1089,128,954,1,1.0,0.86813187,0.98901099,True
1090,118,112,14,0.0714285714,0.73626374,1.0,False
1091,127,955,1,1.0,0.77419355,1.0,False
1092,123,126,10,0.1,0.8021978,1.0,True
1093,127,956,1,1.0,0.83516484,0.98901099,True
1094,128,957,1,1.0,0.8021978,1.0,True
1095,116,958,1,1.0,0.78021978,1.0,False
1096,109,959,1,1.0,0.82417582,0.98901099,True
1097,122,960,1,1.0,0.84615385,1.0,True
1098,116,961,1,1.0,0.82417582,0.97802198,True
1099,125,962,1,1.0,0.83516484,0.97802198,True
1100,123,963,1,1.0,0.81318681,1.0,True
1101,122,964,1,1.0,0.78021978,0.98901099,False
1102,122,218,6,0.1666666667,0.82417582,0.98901099,True
1104,123,965,1,1.0,0.8021978,1.0,True
1105,120,966,1,1.0,0.75824176,0.95604396,False
1106,116,967,1,1.0,0.73626374,1.0,False
1107,125,968,1,1.0,0.8021978,1.0,True
1108,123,969,1,1.0,0.79120879,1.0,False
1109,125,970,1,1.0,0.82417582,1.0,True
1110,129,971,1,1.0,0.83516484,1.0,True
1111,127,972,1,1.0,0.71428571,1.0,False
1112,123,973,1,1.0,0.81318681,1.0,True
1113,126,974,1,1.0,0.81318681,1.0,True
1114,120,975,1,1.0,0.78021978,1.0,False
1115,129,976,1,1.0,0.81318681,1.0,True
1117,128,977,1,1.0,0.76923077,1.0,False
1118,123,978,1,1.0,0.78021978,0.97802198,False
1119,119,979,1,1.0,0.74725275,1.0,False
1120,127,980,1,1.0,0.8021978,0.98901099,True
1122,119,981,2,0.5,0.72527473,1.0,False
1123,132,982,2,0.5,0.76923077,1.0,False
1124,137,983,1,1.0,0.83516484,1.0,True
1125,125,984,1,1.0,0.81318681,1.0,True
1126,128,985,1,1.0,0.74725275,1.0,False
1127,128,986,1,1.0,0.72527473,0.98901099,False
1128,122,987,1,1.0,0.74725275,1.0,False
1129,131,988,1,1.0,0.82417582,1.0,True
1130,126,989,1,1.0,0.83516484,1.0,True
1131,128,990,1,1.0,0.8021978,1.0,True
1132,123,991,1,1.0,0.75824176,1.0,False
1133,118,992,1,1.0,0.87912088,0.98901099,True
1134,124,993,1,1.0,0.68131868,1.0,False
1136,119,994,1,1.0,0.7032967,0.98901099,False
1137,131,995,1,1.0,0.75824176,1.0,False
1138,127,996,1,1.0,0.85714286,1.0,True
1139,122,997,1,1.0,0.74725275,0.97802198,False
1140,134,998,1,1.0,0.83516484,0.98901099,True
1141,118,112,14,0.0714285714,0.78021978,1.0,False
1143,129,999,1,1.0,0.7173913,0.97802198,False
1144,126,1000,1,1.0,0.79120879,1.0,False
1146,124,1001,1,1.0,0.83516484,1.0,True
1147,138,1002,1,1.0,0.83516484,1.0,True
1148,118,1003,1,1.0,0.76923077,0.97802198,False
1149,128,1004,1,1.0,0.83516484,1.0,True
1151,129,1005,1,1.0,0.82417582,1.0,True
1152,123,1006,1,1.0,0.84615385,0.98901099,True
1153,129,1007,1,1.0,0.69230769,1.0,False
1154,127,1008,1,1.0,0.74725275,0.98901099,False
1156,129,1009,1,1.0,0.73913043,0.98901099,False
1157,123,1010,1,1.0,0.78021978,0.98901099,False
1158,130,1011,1,1.0,0.78021978,1.0,False
1159,131,91,6,0.1666666667,0.65934066,1.0,False
1160,123,1012,1,1.0,0.83516484,0.97802198,True
1161,125,1013,1,1.0,0.86813187,1.0,True
1162,124,1014,1,1.0,0.79120879,1.0,False
1163,126,1015,1,1.0,0.79120879,1.0,False
1164,125,1016,1,1.0,0.81318681,0.98901099,True
1165,129,1017,1,1.0,0.75824176,0.97802198,False
1166,130,1018,1,1.0,0.87912088,1.0,True
1167,123,1019,1,1.0,0.82417582,1.0,True
1168,128,1020,1,1.0,0.69892473,0.98901099,False
1169,122,1021,1,1.0,0.84615385,1.0,True
1170,125,1022,1,1.0,0.84615385,1.0,True
1171,131,91,6,0.1666666667,0.69230769,1.0,False
1172,133,1023,1,1.0,0.81318681,1.0,True
1173,121,478,6,0.1666666667,0.71428571,1.0,False
1174,132,1024,1,1.0,0.79120879,1.0,False
1175,127,1025,1,1.0,0.75824176,1.0,False
1176,136,1026,1,1.0,0.76923077,1.0,False
1177,127,1027,1,1.0,0.76923077,1.0,False
1178,134,1028,1,1.0,0.69791667,1.0,False
1181,131,1029,1,1.0,0.75824176,1.0,False
1182,131,1030,1,1.0,0.83516484,1.0,True
1183,129,1031,1,1.0,0.86813187,1.0,True
1184,126,1032,1,1.0,0.89010989,1.0,True
1185,119,1033,1,1.0,0.85714286,0.98901099,True
1186,126,1034,1,1.0,0.79120879,1.0,False
1187,133,1035,1,1.0,0.82417582,1.0,True
1188,123,1036,1,1.0,0.76923077,1.0,False
1189,123,1037,1,1.0,0.78021978,0.97802198,False
1190,127,1038,1,1.0,0.78021978,0.97802198,False
1191,128,1039,1,1.0,0.75824176,1.0,False
1192,133,1040,1,1.0,0.68131868,1.0,False
1193,130,1041,1,1.0,0.8021978,1.0,True
1194,127,1042,1,1.0,0.8021978,1.0,True
1195,116,23,84,0.0119047619,0.74725275,0.98901099,False
1196,121,1043,1,1.0,0.69230769,0.98901099,False
1197,130,1044,1,1.0,0.75824176,1.0,False
1198,124,1045,1,1.0,0.7826087,1.0,False
1199,124,1046,1,1.0,0.85714286,1.0,True
1200,116,1047,1,1.0,0.76923077,0.98901099,False
1201,117,23,84,0.0119047619,0.72527473,1.0,False
1202,126,1048,1,1.0,0.81318681,0.98901099,True
1203,135,1049,2,0.5,0.79120879,1.0,False
1204,125,1050,1,1.0,0.78021978,1.0,False
1205,118,1051,3,0.3333333333,0.72527473,0.97802198,False
1206,127,1052,1,1.0,0.8021978,1.0,True
1207,129,1053,1,1.0,0.81318681,1.0,True
1208,126,1054,1,1.0,0.83516484,1.0,True
1209,135,1055,1,1.0,0.74725275,1.0,False
1210,123,1056,1,1.0,0.78021978,1.0,False
1211,125,1057,1,1.0,0.81318681,1.0,True
1212,119,1058,1,1.0,0.72527473,0.94505495,False
1213,125,1059,1,1.0,0.82417582,1.0,True
1214,131,1060,1,1.0,0.83516484,1.0,True
1215,127,1061,1,1.0,0.76923077,0.98901099,False
1216,131,1062,1,1.0,0.79120879,1.0,False
1217,125,1063,1,1.0,0.71428571,0.97802198,False
1218,119,1064,1,1.0,0.8021978,0.98901099,True
1219,122,1065,1,1.0,0.75824176,1.0,False
1220,130,1066,1,1.0,0.84615385,1.0,True
1221,117,1067,1,1.0,0.78021978,0.98901099,False
1222,126,1068,1,1.0,0.82417582,1.0,True
1223,129,1069,1,1.0,0.70526316,1.0,False
1224,124,1070,1,1.0,0.83516484,1.0,True
1226,131,1071,1,1.0,0.83516484,0.98901099,True
1227,125,1072,1,1.0,0.82417582,0.98901099,True
1228,128,1073,1,1.0,0.84615385,1.0,True
1229,117,1074,1,1.0,0.81318681,1.0,True
1230,126,1075,1,1.0,0.79120879,0.98901099,False
1231,127,1076,1,1.0,0.8021978,1.0,True
1232,126,1077,1,1.0,0.79120879,0.98901099,False
1233,124,1078,1,1.0,0.83516484,0.98901099,True
1234,130,942,3,0.3333333333,0.78021978,0.98901099,False
1235,107,1079,1,1.0,0.74725275,0.96703297,False
1237,117,1080,1,1.0,0.8021978,1.0,True
1238,126,1081,1,1.0,0.82417582,1.0,True
1239,123,1082,1,1.0,0.8021978,1.0,True
1240,117,1083,1,1.0,0.7032967,0.85714286,False
1241,129,1084,1,1.0,0.76923077,0.98901099,False
1242,128,1085,1,1.0,0.78021978,1.0,False
1243,121,1086,1,1.0,0.84615385,1.0,True
1244,133,1087,1,1.0,0.7032967,1.0,False
1245,132,1088,1,1.0,0.72527473,1.0,False
1246,129,1089,1,1.0,0.85714286,0.97802198,True
1247,122,1090,1,1.0,0.74725275,1.0,False
1248,121,1091,1,1.0,0.82417582,0.97802198,True
1249,124,1092,1,1.0,0.78021978,1.0,False
1250,125,1093,1,1.0,0.83516484,1.0,True
1251,128,1094,1,1.0,0.86813187,0.98901099,True
1252,129,1095,1,1.0,0.79120879,1.0,False
1253,124,1096,1,1.0,0.86813187,1.0,True
1254,131,1097,1,1.0,0.79347826,1.0,False
1255,120,1098,1,1.0,0.71428571,0.87912088,False
1256,126,1099,1,1.0,0.86813187,0.98901099,True
1257,129,1100,1,1.0,0.78021978,0.98901099,False
1258,119,1101,1,1.0,0.82417582,1.0,True
1259,125,1102,1,1.0,0.81318681,0.98901099,True
1260,124,1103,1,1.0,0.76923077,0.97802198,False
1262,123,1104,1,1.0,0.76923077,1.0,False
1263,129,1105,1,1.0,0.82417582,1.0,True
1264,118,1106,1,1.0,0.82417582,1.0,True
1265,128,1107,1,1.0,0.78021978,0.98901099,False
1266,118,1108,1,1.0,0.75824176,1.0,False
1268,129,1109,1,1.0,0.78021978,1.0,False
1269,129,1110,1,1.0,0.82417582,1.0,True
1270,129,1111,1,1.0,0.76923077,0.98901099,False
1271,121,1112,1,1.0,0.76923077,0.98901099,False
1273,130,1113,1,1.0,0.79120879,0.98901099,False
1274,126,1114,1,1.0,0.79120879,1.0,False
1275,129,1115,1,1.0,0.87912088,1.0,True
1276,131,1116,1,1.0,0.78021978,1.0,False
1277,116,1117,1,1.0,0.69230769,0.98901099,False
1278,126,1118,1,1.0,0.68131868,1.0,False
1279,124,1119,1,1.0,0.82417582,1.0,True
1281,128,1120,1,1.0,0.83516484,1.0,True
1282,128,1121,1,1.0,0.76923077,0.98901099,False
1283,131,1122,1,1.0,0.83516484,1.0,True
1284,127,1123,1,1.0,0.81318681,1.0,True
1285,121,1124,1,1.0,0.82417582,1.0,True
1286,128,1125,1,1.0,0.82417582,1.0,True
1287,124,1126,1,1.0,0.73626374,0.98901099,False
1288,131,1127,1,1.0,0.71428571,1.0,False
1289,123,1128,1,1.0,0.83516484,0.98901099,True
1290,116,23,84,0.0119047619,0.73626374,0.98901099,False
1291,117,1129,1,1.0,0.69230769,0.85714286,False
1292,126,1130,1,1.0,0.78021978,1.0,False
1293,130,1131,1,1.0,0.74725275,0.98901099,False
1294,126,1132,1,1.0,0.73626374,0.98901099,False
1295,123,1133,1,1.0,0.74725275,1.0,False
1296,124,1134,1,1.0,0.78021978,1.0,False
1297,123,1135,1,1.0,0.67032967,0.97802198,False
1298,126,1136,1,1.0,0.81318681,1.0,True
1299,130,1137,1,1.0,0.84615385,1.0,True
1300,126,1138,1,1.0,0.8021978,1.0,True
1301,125,1139,1,1.0,0.81318681,1.0,True
1302,122,1140,1,1.0,0.82417582,0.97802198,True
1303,125,1141,1,1.0,0.8021978,1.0,True
1304,123,1142,1,1.0,0.7032967,1.0,False
1305,123,1143,1,1.0,0.78021978,1.0,False
1306,127,1144,1,1.0,0.87912088,1.0,True
1307,124,1145,1,1.0,0.75824176,0.98901099,False
1308,127,1146,1,1.0,0.73626374,1.0,False
1309,127,1147,1,1.0,0.75824176,1.0,False
1310,118,1148,1,1.0,0.65217391,0.98901099,False
1311,125,1149,1,1.0,0.76923077,1.0,False
1312,123,1150,1,1.0,0.82417582,1.0,True
1313,126,1151,1,1.0,0.79120879,1.0,False
1314,123,1152,1,1.0,0.76923077,1.0,False
1315,120,1153,1,1.0,0.64835165,0.87912088,False
1316,123,1154,1,1.0,0.81318681,1.0,True
1317,130,1155,1,1.0,0.77659574,1.0,False
1318,118,1156,1,1.0,0.75824176,0.98901099,False
1319,124,1157,1,1.0,0.71428571,0.98901099,False
1320,122,1158,1,1.0,0.81318681,1.0,True
1321,123,1159,1,1.0,0.86813187,1.0,True
1322,128,1160,1,1.0,0.79120879,1.0,False
1323,117,1161,1,1.0,0.76923077,0.98901099,False
1324,122,1162,1,1.0,0.69230769,0.93406593,False
1325,128,1163,1,1.0,0.81318681,1.0,True
1327,122,1164,3,0.3333333333,0.76923077,0.98901099,False
1328,127,1165,1,1.0,0.83516484,1.0,True
1329,124,1166,1,1.0,0.78021978,1.0,False
1330,130,1167,1,1.0,0.81318681,0.98901099,True
1331,131,1168,1,1.0,0.84615385,1.0,True
1332,127,1169,1,1.0,0.75824176,1.0,False
1333,123,1170,1,1.0,0.79120879,1.0,False
1334,130,1171,1,1.0,0.83516484,1.0,True
1336,119,1172,1,1.0,0.8021978,0.98901099,True
1337,129,1173,1,1.0,0.72527473,1.0,False
1338,118,1174,1,1.0,0.74725275,0.98901099,False
1339,120,1175,1,1.0,0.69230769,0.87912088,False
1340,117,1176,1,1.0,0.8021978,1.0,True
1341,130,1177,1,1.0,0.82417582,1.0,True
1342,118,1178,1,1.0,0.76923077,1.0,False
1344,125,1179,1,1.0,0.84615385,1.0,True
1345,121,1180,1,1.0,0.78021978,0.98901099,False
1346,126,1181,1,1.0,0.82417582,1.0,True
1347,127,1182,1,1.0,0.87912088,1.0,True
1348,122,1183,1,1.0,0.83516484,1.0,True
1349,128,1184,1,1.0,0.78021978,1.0,False
1350,130,1185,1,1.0,0.79120879,1.0,False
1351,127,1186,1,1.0,0.83516484,1.0,True
1352,125,1187,1,1.0,0.68131868,0.98901099,False
1353,124,1188,1,1.0,0.78021978,1.0,False
1354,137,1189,1,1.0,0.76923077,0.98901099,False
1355,129,1190,1,1.0,0.78021978,1.0,False
1356,122,1191,1,1.0,0.73626374,1.0,False
1357,123,1192,1,1.0,0.82417582,1.0,True
1358,125,1193,1,1.0,0.82417582,0.98901099,True
1359,126,1194,1,1.0,0.76923077,1.0,False
1360,118,1195,1,1.0,0.61538462,0.98901099,False
1361,131,1196,1,1.0,0.79120879,1.0,False
1362,128,1197,1,1.0,0.78021978,0.98901099,False
1363,124,1198,1,1.0,0.74725275,1.0,False
1364,116,1199,1,1.0,0.62637363,0.97802198,False
1365,119,1200,1,1.0,0.79120879,0.98901099,False
1366,130,1201,1,1.0,0.85714286,1.0,True
1367,132,1202,1,1.0,0.82417582,0.97802198,True
1368,122,1203,1,1.0,0.84615385,1.0,True
1369,125,1204,1,1.0,0.77173913,1.0,False
1370,128,1205,1,1.0,0.84615385,1.0,True
1371,127,1206,1,1.0,0.74725275,0.98901099,False
1372,128,1207,1,1.0,0.76923077,1.0,False
1373,120,626,16,0.0625,0.67032967,0.87912088,False
1374,121,1208,2,0.5,0.69230769,1.0,False
1375,119,1209,1,1.0,0.75824176,1.0,False
1376,131,1210,1,1.0,0.75824176,1.0,False
1377,118,579,5,0.2,0.78021978,1.0,False
1378,129,1211,1,1.0,0.83516484,1.0,True
1379,117,1212,1,1.0,0.78021978,0.98901099,False
1380,130,1213,1,1.0,0.83516484,1.0,True
1381,131,1214,1,1.0,0.76923077,1.0,False
1382,129,1215,1,1.0,0.83516484,1.0,True
1383,130,1216,1,1.0,0.76923077,1.0,False
1384,130,1217,1,1.0,0.79120879,0.97802198,False
1385,116,1218,1,1.0,0.74725275,0.98901099,False
1386,124,1219,1,1.0,0.78021978,1.0,False
1387,124,1220,1,1.0,0.65934066,0.87912088,False
1388,125,1221,1,1.0,0.78021978,1.0,False
1389,119,194,2,0.5,0.69230769,1.0,False
1390,125,1222,1,1.0,0.75824176,0.98901099,False
1391,129,1223,1,1.0,0.71428571,1.0,False
1392,129,1224,1,1.0,0.8021978,1.0,True
1393,129,1225,1,1.0,0.85714286,0.98901099,True
1394,131,1226,1,1.0,0.69148936,1.0,False
1395,129,1227,1,1.0,0.71428571,1.0,False
1396,123,1228,1,1.0,0.86813187,1.0,True
1397,123,1229,1,1.0,0.75824176,0.98901099,False
1398,123,1230,1,1.0,0.79120879,1.0,False
1399,125,1231,1,1.0,0.83516484,1.0,True
1400,129,1232,1,1.0,0.82417582,1.0,True
1401,128,1233,1,1.0,0.78021978,1.0,False
1402,120,1234,1,1.0,0.76923077,1.0,False
1403,121,1235,1,1.0,0.76923077,0.98901099,False
1404,126,1236,1,1.0,0.74725275,1.0,False
1405,122,1237,1,1.0,0.78021978,0.97802198,False
1406,125,1238,1,1.0,0.8021978,0.98901099,True
1408,126,1239,1,1.0,0.82417582,1.0,True
1409,118,1240,1,1.0,0.83516484,0.98901099,True
1410,125,1241,1,1.0,0.79120879,0.98901099,False
1411,127,1242,1,1.0,0.81318681,1.0,True
1412,126,1243,1,1.0,0.79120879,1.0,False
1413,119,1244,1,1.0,0.69230769,0.87912088,False
1414,124,1245,1,1.0,0.79120879,1.0,False
1415,123,1246,1,1.0,0.73626374,0.98901099,False
1416,126,1247,1,1.0,0.75824176,1.0,False
1417,122,1248,1,1.0,0.75824176,0.97802198,False
1418,121,1249,1,1.0,0.73626374,0.98901099,False
1419,124,1250,1,1.0,0.72826087,0.98901099,False
1420,125,1251,1,1.0,0.71428571,1.0,False
1421,135,1252,1,1.0,0.75824176,1.0,False
1422,124,1253,1,1.0,0.79120879,1.0,False
1423,124,1254,1,1.0,0.72826087,1.0,False
1424,127,393,6,0.1666666667,0.79120879,1.0,False
1425,127,1255,1,1.0,0.74193548,1.0,False
1426,118,1256,1,1.0,0.81318681,0.98901099,True
1427,118,1257,1,1.0,0.79120879,1.0,False
1428,129,1258,1,1.0,0.65934066,1.0,False
1429,121,1259,1,1.0,0.81318681,1.0,True
1430,123,1260,1,1.0,0.83516484,1.0,True
1431,131,1261,1,1.0,0.82417582,0.98901099,True
1433,121,1262,1,1.0,0.81318681,1.0,True
1434,129,1263,1,1.0,0.82417582,1.0,True
1435,126,1264,1,1.0,0.81318681,1.0,True
1436,130,1265,1,1.0,0.7173913,1.0,False
1437,127,1266,1,1.0,0.86813187,0.98901099,True
1439,124,1267,1,1.0,0.73626374,1.0,False
1440,125,1268,1,1.0,0.82417582,0.98901099,True
1441,124,1269,1,1.0,0.7173913,0.98901099,False
1442,127,1270,1,1.0,0.8021978,1.0,True
1443,130,1271,1,1.0,0.83516484,0.98901099,True
1444,117,23,84,0.0119047619,0.73626374,1.0,False
1445,119,1272,1,1.0,0.76923077,0.96703297,False
1446,118,1273,1,1.0,0.84615385,1.0,True
1447,125,1274,1,1.0,0.78021978,0.97802198,False
1448,125,1275,1,1.0,0.83516484,1.0,True
1449,129,1276,1,1.0,0.78021978,0.98901099,False
1450,125,1277,1,1.0,0.79120879,1.0,False
1451,124,1278,1,1.0,0.8021978,1.0,True
1452,125,1279,1,1.0,0.7032967,1.0,False
1453,119,1280,1,1.0,0.81318681,0.98901099,True
1455,121,1281,1,1.0,0.76923077,1.0,False
1456,124,1282,1,1.0,0.8021978,1.0,True
1457,125,126,10,0.1,0.82417582,1.0,True
1458,127,1283,1,1.0,0.69230769,1.0,False
1459,124,1284,1,1.0,0.82417582,0.98901099,True
1460,124,1285,1,1.0,0.9010989,1.0,True
1461,119,1286,1,1.0,0.87912088,0.98901099,True
1462,128,1287,1,1.0,0.74725275,1.0,False
1463,130,1288,1,1.0,0.75824176,1.0,False
1464,131,1289,1,1.0,0.81318681,1.0,True
1465,131,1290,1,1.0,0.81318681,1.0,True
1466,126,1291,1,1.0,0.76923077,0.98901099,False
1467,125,1292,1,1.0,0.75824176,0.97802198,False
1468,125,1293,1,1.0,0.72527473,1.0,False
1469,125,1294,2,0.5,0.83516484,1.0,True
1471,125,1295,1,1.0,0.87912088,1.0,True
1472,132,1296,1,1.0,0.84615385,1.0,True
1473,128,601,4,0.25,0.73626374,1.0,False
1474,127,1297,1,1.0,0.78021978,0.98901099,False
1475,124,1298,1,1.0,0.7032967,1.0,False
1477,121,1299,1,1.0,0.81318681,1.0,True
1478,120,1300,1,1.0,0.74725275,1.0,False
1480,129,1301,1,1.0,0.78021978,1.0,False
1483,122,1302,1,1.0,0.8021978,1.0,True
1484,124,1303,2,0.5,0.78021978,1.0,False
1485,127,1304,1,1.0,0.75824176,1.0,False
1486,123,1305,1,1.0,0.72527473,0.97802198,False
1487,118,1306,1,1.0,0.72527473,0.98901099,False
1488,126,1307,1,1.0,0.78021978,1.0,False
1489,124,89,2,0.5,0.75824176,0.98901099,False
1490,124,1308,1,1.0,0.8021978,1.0,True
1491,126,1309,1,1.0,0.84615385,0.98901099,True
1492,116,1310,1,1.0,0.78021978,1.0,False
1493,133,1311,1,1.0,0.76923077,0.98901099,False
1494,118,1312,1,1.0,0.8021978,1.0,True
1496,127,1313,1,1.0,0.78021978,1.0,False
1497,124,1314,1,1.0,0.82417582,1.0,True
1498,123,1315,1,1.0,0.81318681,1.0,True
1499,121,1316,1,1.0,0.84615385,1.0,True
1500,118,1317,1,1.0,0.76923077,0.98901099,False
1501,121,1318,1,1.0,0.71428571,0.98901099,False
1502,120,1319,1,1.0,0.67032967,0.86813187,False
1503,127,1320,1,1.0,0.76923077,0.98901099,False
1504,127,1321,1,1.0,0.74725275,1.0,False
1505,116,1322,1,1.0,0.73626374,0.98901099,False
1507,124,1323,1,1.0,0.78021978,1.0,False
1508,125,1324,1,1.0,0.7032967,1.0,False
1510,126,1325,1,1.0,0.82417582,1.0,True
1511,125,1326,1,1.0,0.75,0.97802198,False
1512,120,626,16,0.0625,0.67032967,0.87912088,False
1513,125,1327,1,1.0,0.76923077,1.0,False
1514,125,1328,1,1.0,0.85714286,1.0,True
1515,126,1329,1,1.0,0.78021978,0.98901099,False
1517,118,1330,1,1.0,0.61538462,0.96703297,False
1518,126,1331,1,1.0,0.74468085,1.0,False
1519,127,1332,1,1.0,0.81318681,0.98901099,True
1520,132,1333,1,1.0,0.76923077,0.98901099,False
1521,129,1334,1,1.0,0.71428571,1.0,False
1522,129,1335,1,1.0,0.76923077,1.0,False
1523,129,1336,1,1.0,0.83516484,1.0,True
1524,119,1337,1,1.0,0.81318681,1.0,True
1525,126,1338,1,1.0,0.76923077,0.98901099,False
1526,126,1339,1,1.0,0.84615385,0.98901099,True
1527,126,1340,1,1.0,0.75824176,1.0,False
1528,118,1341,1,1.0,0.79120879,1.0,False
1529,130,1342,1,1.0,0.82417582,1.0,True
1530,133,1343,1,1.0,0.78021978,1.0,False
1531,131,1344,1,1.0,0.8021978,1.0,True
1532,129,1345,1,1.0,0.8021978,1.0,True
1533,122,1346,1,1.0,0.83516484,1.0,True
1534,129,1347,1,1.0,0.72631579,0.98901099,False
1535,122,1348,1,1.0,0.81318681,1.0,True
1536,118,1349,1,1.0,0.8021978,1.0,True
1537,119,1350,1,1.0,0.81318681,1.0,True
1538,123,1351,1,1.0,0.78021978,1.0,False
1539,128,1352,1,1.0,0.79120879,1.0,False
1540,117,1353,1,1.0,0.78021978,0.98901099,False
1541,127,1354,1,1.0,0.81318681,1.0,True
1542,128,1355,1,1.0,0.8021978,1.0,True
1543,121,1356,1,1.0,0.83516484,0.98901099,True
1544,131,1357,1,1.0,0.75824176,1.0,False
1545,123,1358,1,1.0,0.81318681,1.0,True
1546,126,1359,1,1.0,0.74725275,1.0,False
1547,131,1360,1,1.0,0.76923077,0.98901099,False
1548,124,1361,1,1.0,0.76923077,0.97802198,False
1549,125,1362,1,1.0,0.75824176,0.98901099,False
1550,123,1363,1,1.0,0.71428571,1.0,False
1551,126,1364,1,1.0,0.74725275,0.98901099,False
1552,120,1365,1,1.0,0.74725275,0.98901099,False
1553,120,1366,1,1.0,0.73626374,1.0,False
1554,128,1367,1,1.0,0.79120879,1.0,False
1555,129,1368,1,1.0,0.8021978,1.0,True
1556,127,1369,1,1.0,0.76923077,1.0,False
1557,125,1370,1,1.0,0.85714286,1.0,True
1558,116,23,84,0.0119047619,0.71428571,0.98901099,False
1560,129,1371,1,1.0,0.82417582,1.0,True
1561,119,1372,1,1.0,0.82417582,1.0,True
1562,122,1373,1,1.0,0.79120879,0.97802198,False
1563,125,1374,1,1.0,0.81318681,1.0,True
1564,127,1375,2,0.5,0.71276596,1.0,False
1565,125,1376,1,1.0,0.76923077,1.0,False
1566,126,1377,1,1.0,0.78021978,1.0,False
1567,125,1378,1,1.0,0.79120879,0.98901099,False
1568,117,1379,2,0.5,0.8021978,1.0,True
1569,124,1380,1,1.0,0.74725275,1.0,False
1570,120,626,16,0.0625,0.65934066,0.87912088,False
1572,117,1381,1,1.0,0.78021978,0.98901099,False
1573,131,1382,1,1.0,0.75824176,1.0,False
1574,116,1383,1,1.0,0.73626374,0.97802198,False
1575,120,1384,1,1.0,0.75824176,0.98901099,False
1576,125,1385,1,1.0,0.83516484,1.0,True
1577,116,1386,1,1.0,0.75824176,0.98901099,False
1578,120,1387,1,1.0,0.73626374,1.0,False
1579,123,1388,1,1.0,0.82417582,1.0,True
1580,125,1389,1,1.0,0.77419355,1.0,False
1581,129,1390,1,1.0,0.84615385,1.0,True
1582,131,1391,1,1.0,0.71428571,1.0,False
1583,129,1392,1,1.0,0.83516484,1.0,True
1584,126,1393,1,1.0,0.69230769,1.0,False
1585,112,1394,2,0.5,0.67032967,1.0,False
1586,127,1395,1,1.0,0.8021978,1.0,True
1588,127,1396,1,1.0,0.73958333,0.98901099,False
1589,126,1397,1,1.0,0.82417582,1.0,True
1590,119,1398,1,1.0,0.74725275,0.98901099,False
1591,123,1399,1,1.0,0.75824176,1.0,False
1592,119,1400,1,1.0,0.71428571,1.0,False
1593,125,1401,1,1.0,0.72527473,0.97802198,False
1594,128,1402,1,1.0,0.78021978,1.0,False
1595,124,1403,1,1.0,0.8021978,0.97802198,True
1596,126,1404,1,1.0,0.85714286,0.97802198,True
1597,120,1405,1,1.0,0.7032967,0.86813187,False
1598,121,1406,1,1.0,0.84615385,0.98901099,True
1599,127,1407,1,1.0,0.8021978,1.0,True
1600,129,1408,1,1.0,0.74725275,1.0,False
1601,128,1409,1,1.0,0.75824176,0.98901099,False
1602,117,1410,1,1.0,0.71428571,0.98901099,False
1603,125,1411,1,1.0,0.85714286,1.0,True
1604,129,1412,1,1.0,0.75824176,1.0,False
1605,126,1413,1,1.0,0.83516484,1.0,True
1606,127,1414,1,1.0,0.72527473,0.97802198,False
1607,125,1415,1,1.0,0.74725275,1.0,False
1608,127,1416,1,1.0,0.78021978,1.0,False
1609,127,1417,1,1.0,0.85714286,1.0,True
1610,115,1418,1,1.0,0.76923077,1.0,False
1611,128,1419,1,1.0,0.79120879,1.0,False
1612,126,1420,1,1.0,0.81318681,1.0,True
1613,126,1421,2,0.5,0.74725275,1.0,False
1614,132,1422,1,1.0,0.81521739,1.0,True
1615,123,1423,1,1.0,0.7032967,0.97802198,False
1616,117,23,84,0.0119047619,0.72527473,1.0,False
1617,114,1424,1,1.0,0.73626374,0.97802198,False
1618,115,1425,1,1.0,0.76923077,1.0,False
1619,118,333,6,0.1666666667,0.71428571,0.98901099,False
1620,122,489,2,0.5,0.82417582,1.0,True
1621,127,1426,1,1.0,0.79120879,1.0,False
1622,118,1427,1,1.0,0.75824176,1.0,False
1623,122,1428,1,1.0,0.75824176,1.0,False
1624,118,626,16,0.0625,0.67032967,0.85714286,False
1625,124,1429,1,1.0,0.84615385,0.98901099,True
1626,127,1430,1,1.0,0.7032967,1.0,False
1628,123,1431,1,1.0,0.81318681,0.98901099,True
1629,125,1432,1,1.0,0.74725275,0.98901099,False
1630,119,1433,1,1.0,0.8021978,1.0,True
1631,120,160,2,0.5,0.82417582,1.0,True
1632,119,1434,1,1.0,0.84615385,1.0,True
1633,132,1435,1,1.0,0.89010989,0.98901099,True
1634,129,1436,1,1.0,0.86813187,1.0,True
1635,125,1294,2,0.5,0.85714286,1.0,True
1636,119,1437,1,1.0,0.8021978,1.0,True
1637,126,1438,1,1.0,0.73626374,0.97802198,False
1638,129,1439,1,1.0,0.79120879,1.0,False
1640,122,1440,1,1.0,0.75824176,0.98901099,False
1641,115,1441,1,1.0,0.75824176,0.96703297,False
1642,129,1442,1,1.0,0.85714286,1.0,True
1643,124,1443,1,1.0,0.75824176,1.0,False
1644,120,1444,1,1.0,0.74725275,1.0,False
1646,133,1445,1,1.0,0.85714286,1.0,True
1647,120,1446,1,1.0,0.81318681,1.0,True
1649,129,1447,1,1.0,0.79120879,1.0,False
1650,129,1448,1,1.0,0.79120879,1.0,False
1651,120,1449,1,1.0,0.75824176,0.98901099,False
1652,123,1450,1,1.0,0.81318681,1.0,True
1653,129,1451,1,1.0,0.73626374,1.0,False
1654,120,1452,1,1.0,0.72527473,1.0,False
1655,124,1453,1,1.0,0.82417582,1.0,True
1656,113,1454,1,1.0,0.72527473,1.0,False
1657,118,1455,1,1.0,0.67032967,0.95604396,False
1658,134,1456,1,1.0,0.79120879,1.0,False
1659,129,1457,1,1.0,0.81318681,0.98901099,True
1660,124,1458,1,1.0,0.83516484,1.0,True
1661,127,1459,1,1.0,0.78021978,1.0,False
1662,124,1460,1,1.0,0.79120879,1.0,False
1664,122,1461,1,1.0,0.82417582,1.0,True
1665,130,1462,1,1.0,0.83516484,0.98901099,True
1666,125,1463,1,1.0,0.69230769,1.0,False
1667,126,1464,1,1.0,0.79120879,1.0,False
1669,124,1465,1,1.0,0.82417582,1.0,True
1670,122,1466,1,1.0,0.79120879,1.0,False
1671,130,1467,1,1.0,0.75824176,1.0,False
1673,124,1468,1,1.0,0.84615385,1.0,True
1674,119,1469,1,1.0,0.75824176,1.0,False
1675,129,1470,1,1.0,0.73404255,1.0,False
1676,123,1471,1,1.0,0.83516484,1.0,True
1677,117,1472,1,1.0,0.82417582,1.0,True
1678,117,1473,1,1.0,0.82417582,0.98901099,True
1679,127,1474,6,0.1666666667,0.64835165,1.0,False
1680,118,579,5,0.2,0.79120879,1.0,False
1681,123,1475,1,1.0,0.82417582,0.97802198,True
1682,122,1476,1,1.0,0.7032967,0.96703297,False
1684,130,1477,1,1.0,0.8021978,0.98901099,True
1685,126,1478,1,1.0,0.81521739,1.0,True
1686,131,1479,1,1.0,0.73913043,1.0,False
1687,120,1480,1,1.0,0.65934066,1.0,False
1688,126,1481,1,1.0,0.81318681,0.95604396,True
1689,111,1482,1,1.0,0.82417582,1.0,True
1690,120,1483,1,1.0,0.83516484,0.98901099,True
1691,128,1484,1,1.0,0.76923077,0.98901099,False
1692,127,1485,1,1.0,0.7173913,1.0,False
1693,126,1486,1,1.0,0.85714286,0.98901099,True
1694,125,1487,1,1.0,0.75824176,0.98901099,False
1695,141,1488,1,1.0,0.75824176,1.0,False
1696,121,1489,1,1.0,0.74725275,1.0,False
1697,121,1490,1,1.0,0.73626374,0.98901099,False
1698,129,1491,1,1.0,0.8021978,0.98901099,True
1699,125,1492,1,1.0,0.8021978,1.0,True
1700,118,1493,2,0.5,0.68131868,0.97802198,False
1701,131,1494,1,1.0,0.74725275,0.96703297,False
1702,117,1495,1,1.0,0.7032967,1.0,False
1703,124,1496,1,1.0,0.73626374,1.0,False
1704,122,1497,1,1.0,0.75824176,0.98901099,False
1705,118,1498,1,1.0,0.63736264,0.86813187,False
1706,127,1499,1,1.0,0.75824176,0.98901099,False
1708,122,1500,1,1.0,0.86813187,1.0,True
1709,127,1501,1,1.0,0.75824176,1.0,False
1710,126,1502,1,1.0,0.83516484,1.0,True
1711,125,1503,1,1.0,0.72527473,1.0,False
1712,133,1504,1,1.0,0.75824176,1.0,False
1713,124,1505,1,1.0,0.83516484,1.0,True
1714,139,1506,1,1.0,0.82417582,1.0,True
1715,123,1507,1,1.0,0.82417582,1.0,True
1717,127,1508,1,1.0,0.82417582,1.0,True
1718,126,1509,1,1.0,0.81318681,1.0,True
1719,119,1510,1,1.0,0.74725275,0.98901099,False
1720,117,1511,1,1.0,0.75824176,0.98901099,False
1721,124,1512,1,1.0,0.86813187,1.0,True
1722,126,1513,1,1.0,0.61538462,0.98901099,False
1723,115,1514,1,1.0,0.79120879,0.97802198,False
1724,130,1515,1,1.0,0.82417582,1.0,True
1725,127,1516,1,1.0,0.73626374,1.0,False
1726,127,1517,1,1.0,0.79120879,1.0,False
1727,122,1518,1,1.0,0.71428571,0.87912088,False
1728,125,1519,1,1.0,0.83516484,0.97802198,True
1729,118,1379,2,0.5,0.8021978,1.0,True
1730,127,1520,1,1.0,0.79120879,1.0,False
1731,127,1521,1,1.0,0.78021978,0.98901099,False
1732,125,1522,1,1.0,0.74725275,0.98901099,False
1733,124,1523,1,1.0,0.78021978,0.98901099,False
1734,117,1524,3,0.3333333333,0.71428571,1.0,False
1735,117,1525,1,1.0,0.68131868,0.98901099,False
1736,125,1526,1,1.0,0.82417582,0.98901099,True
1737,129,1527,1,1.0,0.73626374,1.0,False
1738,129,1528,1,1.0,0.78021978,0.98901099,False
1739,121,1529,1,1.0,0.82417582,1.0,True
1740,125,1530,1,1.0,0.76923077,0.98901099,False
1741,121,1531,1,1.0,0.82417582,1.0,True
1742,124,1532,1,1.0,0.71428571,1.0,False
1743,126,1533,1,1.0,0.78021978,0.98901099,False
1744,118,1534,1,1.0,0.79120879,1.0,False
1745,118,1535,1,1.0,0.71428571,0.97802198,False
1746,123,1536,1,1.0,0.86813187,1.0,True
1747,125,1537,1,1.0,0.8021978,1.0,True
1749,135,1049,2,0.5,0.78021978,1.0,False
1750,126,1538,1,1.0,0.81318681,1.0,True
1751,125,1539,1,1.0,0.83516484,0.98901099,True
1752,116,1540,1,1.0,0.83516484,1.0,True
1754,124,1541,1,1.0,0.75824176,1.0,False
1755,116,1542,1,1.0,0.7032967,0.98901099,False
1756,124,1543,1,1.0,0.75824176,1.0,False
1757,127,1544,1,1.0,0.83516484,0.98901099,True
1758,126,1545,1,1.0,0.75824176,0.97802198,False
1759,128,1546,1,1.0,0.85714286,1.0,True
1760,125,483,3,0.3333333333,0.8021978,1.0,True
1761,135,1547,1,1.0,0.79120879,1.0,False
1763,117,1548,2,0.5,0.79120879,0.94505495,False
1764,127,1549,1,1.0,0.73626374,0.98901099,False
1765,118,1550,1,1.0,0.73626374,0.96703297,False
1766,119,1551,1,1.0,0.76923077,0.98901099,False
1767,130,1552,1,1.0,0.85714286,1.0,True
1768,122,1553,1,1.0,0.8021978,1.0,True
1769,127,1554,1,1.0,0.85714286,1.0,True
1770,128,1555,1,1.0,0.76923077,1.0,False
1771,116,1556,1,1.0,0.74725275,1.0,False
1772,127,1557,1,1.0,0.74725275,0.98901099,False
1774,116,23,84,0.0119047619,0.71428571,0.98901099,False
1775,123,1558,1,1.0,0.74725275,1.0,False
1776,125,1559,1,1.0,0.85714286,1.0,True
1777,116,1560,2,0.5,0.69565217,0.98901099,False
1778,126,1561,1,1.0,0.82417582,1.0,True
1779,129,1562,1,1.0,0.7032967,0.98901099,False
1780,123,1563,1,1.0,0.75531915,1.0,False
1781,128,1564,1,1.0,0.82417582,1.0,True
1782,130,1565,1,1.0,0.75824176,1.0,False
1783,126,1566,1,1.0,0.72527473,1.0,False
1784,125,1567,1,1.0,0.85714286,1.0,True
1785,123,1568,1,1.0,0.81318681,0.98901099,True
1786,127,1569,1,1.0,0.81318681,1.0,True
1787,121,1570,1,1.0,0.8021978,1.0,True
1788,120,626,16,0.0625,0.63736264,0.87912088,False
1789,127,1571,1,1.0,0.71428571,0.98901099,False
1790,117,1572,1,1.0,0.7032967,0.98901099,False
1791,120,331,7,0.1428571429,0.78021978,1.0,False
1792,126,1573,1,1.0,0.78021978,0.98901099,False
1793,129,1574,1,1.0,0.82417582,1.0,True
1795,118,1575,1,1.0,0.83516484,1.0,True
1796,127,1576,1,1.0,0.7032967,1.0,False
1797,117,1577,1,1.0,0.73626374,1.0,False
1798,127,1578,1,1.0,0.76923077,1.0,False
1800,131,1579,1,1.0,0.81318681,1.0,True
1801,123,1580,1,1.0,0.81521739,0.97802198,True
1802,121,1581,1,1.0,0.64835165,0.95604396,False
1803,122,919,3,0.3333333333,0.84615385,0.97802198,True
1804,129,1582,1,1.0,0.79120879,0.97802198,False
1805,116,1583,1,1.0,0.74725275,0.97802198,False
1806,126,1584,1,1.0,0.85714286,1.0,True
1808,123,1585,1,1.0,0.8021978,0.98901099,True
1809,119,1586,1,1.0,0.84615385,1.0,True
1810,122,1587,1,1.0,0.81318681,0.98901099,True
1811,134,1588,1,1.0,0.79120879,1.0,False
1812,122,1589,1,1.0,0.82417582,0.97802198,True
1813,133,1590,1,1.0,0.79120879,1.0,False
1814,128,1591,1,1.0,0.74725275,0.98901099,False
1816,132,1592,1,1.0,0.79120879,1.0,False
1817,117,1593,1,1.0,0.7032967,0.87912088,False
1818,127,1594,1,1.0,0.76923077,1.0,False
1819,130,1595,1,1.0,0.83516484,1.0,True
1820,116,23,84,0.0119047619,0.7032967,0.98901099,False
1821,127,1596,1,1.0,0.81318681,1.0,True
1822,128,1597,1,1.0,0.87912088,1.0,True
1823,129,1598,1,1.0,0.72527473,1.0,False
1824,133,1599,1,1.0,0.75824176,1.0,False
1825,127,1600,1,1.0,0.78021978,1.0,False
1826,128,1601,1,1.0,0.83516484,1.0,True
1827,119,1602,1,1.0,0.81318681,1.0,True
1828,122,1603,1,1.0,0.81318681,0.97802198,True
1829,135,1604,1,1.0,0.71428571,1.0,False
1830,110,1605,1,1.0,0.68131868,0.85714286,False
1831,128,1606,1,1.0,0.81318681,1.0,True
1832,117,23,84,0.0119047619,0.73626374,1.0,False
1833,124,1607,1,1.0,0.74725275,1.0,False
1834,124,1608,1,1.0,0.75824176,1.0,False
1835,124,1609,1,1.0,0.81318681,0.98901099,True
1836,125,1610,1,1.0,0.78021978,1.0,False
1837,134,1611,1,1.0,0.74725275,0.98901099,False
1838,118,1612,1,1.0,0.73626374,1.0,False
1839,126,1613,1,1.0,0.74725275,1.0,False
1840,126,1614,1,1.0,0.72527473,0.97802198,False
1841,125,1615,1,1.0,0.79120879,1.0,False
1842,126,1616,1,1.0,0.76923077,1.0,False
1843,116,1617,1,1.0,0.76923077,0.98901099,False
1844,129,1618,1,1.0,0.76923077,1.0,False
1845,126,1619,1,1.0,0.78021978,1.0,False
1846,126,1620,1,1.0,0.76923077,1.0,False
1847,129,1621,1,1.0,0.81318681,1.0,True
1848,120,1622,1,1.0,0.76923077,1.0,False
1849,125,1623,1,1.0,0.73626374,0.98901099,False
1850,129,1624,1,1.0,0.71428571,1.0,False
1851,119,1625,1,1.0,0.67032967,1.0,False
1852,127,1626,1,1.0,0.81318681,1.0,True
1854,127,1627,1,1.0,0.76923077,1.0,False
1855,129,1628,1,1.0,0.76923077,0.98901099,False
1856,121,1629,1,1.0,0.81318681,0.98901099,True
1857,122,1630,1,1.0,0.74725275,1.0,False
1858,126,1631,1,1.0,0.83516484,1.0,True
1859,118,112,14,0.0714285714,0.73626374,1.0,False
1860,131,1632,1,1.0,0.73626374,1.0,False
1861,133,1633,1,1.0,0.84615385,1.0,True
1862,126,1634,1,1.0,0.73626374,1.0,False
1863,124,1635,1,1.0,0.76923077,0.98901099,False
1864,119,1636,1,1.0,0.78021978,1.0,False
1865,121,1637,1,1.0,0.82417582,1.0,True
1866,115,1638,1,1.0,0.78021978,1.0,False
1867,124,1639,1,1.0,0.78021978,0.97802198,False
1868,129,1640,1,1.0,0.78021978,0.98901099,False
1869,116,23,84,0.0119047619,0.72527473,0.98901099,False
1871,129,1641,1,1.0,0.79120879,0.98901099,False
1872,123,1642,1,1.0,0.82417582,1.0,True
1873,129,1643,1,1.0,0.84615385,1.0,True
1874,124,1644,1,1.0,0.76923077,1.0,False
1875,135,1645,1,1.0,0.6875,1.0,False
1876,128,1646,1,1.0,0.82417582,1.0,True
1877,119,1647,1,1.0,0.69230769,1.0,False
1878,121,1648,1,1.0,0.75824176,1.0,False
1879,124,1649,4,0.25,0.83516484,1.0,True
1880,142,1650,1,1.0,0.79120879,1.0,False
1882,123,1651,1,1.0,0.74725275,1.0,False
1885,124,1652,1,1.0,0.72527473,1.0,False
1886,123,1653,1,1.0,0.86813187,0.97802198,True
1887,124,1654,1,1.0,0.82417582,1.0,True
1888,131,1655,1,1.0,0.82417582,1.0,True
1889,118,1656,1,1.0,0.79120879,1.0,False
1890,118,1657,1,1.0,0.75824176,1.0,False
1891,126,1658,1,1.0,0.81318681,0.98901099,True
1892,128,1659,1,1.0,0.76923077,1.0,False
1895,128,1660,1,1.0,0.84615385,1.0,True
1896,117,1661,1,1.0,0.8021978,1.0,True
1897,132,1662,1,1.0,0.8021978,1.0,True
1898,129,1663,1,1.0,0.78021978,1.0,False
1899,128,1664,1,1.0,0.83516484,1.0,True
1900,131,1665,1,1.0,0.78021978,1.0,False
1901,125,1666,1,1.0,0.83516484,1.0,True
1902,116,23,84,0.0119047619,0.71428571,0.98901099,False
1903,124,1667,1,1.0,0.78021978,1.0,False
1904,127,1668,1,1.0,0.72527473,1.0,False
1905,130,942,3,0.3333333333,0.78021978,0.98901099,False
1906,115,1669,1,1.0,0.67021277,1.0,False
1907,124,1670,1,1.0,0.81318681,1.0,True
1908,119,331,7,0.1428571429,0.78021978,0.98901099,False
1909,129,1671,1,1.0,0.71428571,1.0,False
1910,127,1672,1,1.0,0.8021978,1.0,True
1911,131,1673,1,1.0,0.79120879,1.0,False
1912,120,1674,1,1.0,0.68131868,0.97802198,False
1913,125,1675,1,1.0,0.7032967,0.98901099,False
1914,123,1676,1,1.0,0.74725275,0.98901099,False
1915,125,1677,1,1.0,0.72527473,0.98901099,False
1916,111,1678,1,1.0,0.62637363,0.87912088,False
1917,121,1679,2,0.5,0.75824176,1.0,False
1919,126,1680,1,1.0,0.76923077,0.97802198,False
1920,139,1681,1,1.0,0.81318681,1.0,True
1921,129,1682,1,1.0,0.86813187,1.0,True
1922,132,1683,1,1.0,0.75824176,1.0,False
1923,130,1684,1,1.0,0.8021978,0.98901099,True
1924,133,1685,1,1.0,0.84615385,1.0,True
1925,122,1686,1,1.0,0.81318681,0.98901099,True
1927,128,1687,1,1.0,0.76923077,1.0,False
1928,124,1688,1,1.0,0.78021978,0.97802198,False
1929,127,1689,1,1.0,0.73626374,1.0,False
1930,123,1690,1,1.0,0.59782609,0.94505495,False
1931,129,1691,1,1.0,0.79120879,1.0,False
1932,126,1692,1,1.0,0.81318681,1.0,True
1933,123,1693,2,0.5,0.76923077,1.0,False
1934,110,1694,1,1.0,0.79120879,0.98901099,False
1935,132,1695,1,1.0,0.78021978,0.97802198,False
1936,124,1696,1,1.0,0.74725275,1.0,False
1937,126,1697,1,1.0,0.79120879,0.98901099,False
1938,125,1698,1,1.0,0.76923077,0.97802198,False
1939,116,1699,1,1.0,0.75824176,0.98901099,False
1940,116,1700,1,1.0,0.64835165,0.87912088,False
1941,121,1701,1,1.0,0.79120879,0.98901099,False
1942,126,1702,1,1.0,0.82417582,1.0,True
1943,123,1703,1,1.0,0.74725275,1.0,False
1944,133,1704,1,1.0,0.78021978,1.0,False
1945,120,626,16,0.0625,0.63736264,0.87912088,False
1946,122,1705,1,1.0,0.79120879,0.97802198,False
1947,123,1706,1,1.0,0.78021978,1.0,False
1948,137,1707,1,1.0,0.81318681,1.0,True
1949,124,1708,1,1.0,0.84615385,0.98901099,True
1950,119,1709,1,1.0,0.76923077,1.0,False
1951,134,1710,1,1.0,0.84615385,0.98901099,True
1952,127,1711,2,0.5,0.76923077,0.98901099,False
1955,117,1712,1,1.0,0.8021978,0.98901099,True
1956,123,1713,1,1.0,0.82417582,0.98901099,True
1957,126,1714,1,1.0,0.78494624,1.0,False
1958,126,1715,1,1.0,0.84615385,0.98901099,True
1959,116,1716,1,1.0,0.78021978,1.0,False
1960,127,1717,1,1.0,0.75824176,1.0,False
1961,126,1718,1,1.0,0.74725275,1.0,False
1962,127,1719,1,1.0,0.79120879,0.98901099,False
1963,119,1720,1,1.0,0.79120879,0.98901099,False
1965,127,1721,1,1.0,0.8021978,1.0,True
1966,125,1722,1,1.0,0.76923077,1.0,False
1967,126,1723,1,1.0,0.86813187,1.0,True
1968,128,1724,1,1.0,0.86813187,1.0,True
1970,126,1725,1,1.0,0.69230769,1.0,False
1971,125,673,5,0.2,0.69565217,1.0,False
1972,124,1726,1,1.0,0.73626374,0.98901099,False
1973,129,1727,1,1.0,0.89010989,0.98901099,True
1974,117,1728,1,1.0,0.65934066,0.97802198,False
1975,119,1729,1,1.0,0.79120879,0.97802198,False
1977,130,1730,1,1.0,0.81318681,1.0,True
1978,120,1208,2,0.5,0.72527473,0.98901099,False
1979,123,1731,1,1.0,0.83516484,1.0,True
1980,129,1732,1,1.0,0.81318681,1.0,True
1983,124,1733,1,1.0,0.83516484,1.0,True
1984,128,1734,1,1.0,0.81318681,1.0,True
1985,124,1735,1,1.0,0.84615385,1.0,True
1986,130,1736,1,1.0,0.75824176,1.0,False
1987,124,1737,1,1.0,0.69230769,0.98901099,False
1988,128,1738,1,1.0,0.71428571,1.0,False
1989,130,1739,1,1.0,0.79120879,1.0,False
1990,123,1740,1,1.0,0.77419355,1.0,False
1991,126,1741,1,1.0,0.74725275,0.97802198,False
1992,125,1742,1,1.0,0.76923077,1.0,False
1993,115,1743,1,1.0,0.7032967,1.0,False
1994,116,23,84,0.0119047619,0.73626374,0.98901099,False
1995,127,1744,1,1.0,0.79120879,1.0,False
1996,117,1745,1,1.0,0.82417582,0.97802198,True
1997,121,1746,1,1.0,0.76923077,0.97802198,False
1998,120,1747,1,1.0,0.69230769,0.95604396,False
1999,127,1748,1,1.0,0.81318681,1.0,True
2000,114,1749,1,1.0,0.64835165,0.84615385,False
2001,131,1750,1,1.0,0.75268817,1.0,False
2002,124,1751,1,1.0,0.84782609,1.0,True
2003,126,1752,1,1.0,0.83516484,1.0,True
2004,115,1560,2,0.5,0.73626374,0.98901099,False
2005,118,1753,1,1.0,0.78021978,1.0,False
2006,129,1754,1,1.0,0.82417582,1.0,True
2007,122,1755,1,1.0,0.75824176,1.0,False
2008,126,1756,1,1.0,0.78021978,1.0,False
2009,122,932,2,0.5,0.79120879,1.0,False
2010,125,1757,1,1.0,0.73626374,1.0,False
2011,127,1758,1,1.0,0.75824176,0.98901099,False
2012,129,1759,1,1.0,0.79120879,1.0,False
2013,121,1760,1,1.0,0.72527473,1.0,False
2014,125,1761,1,1.0,0.74725275,1.0,False
2015,124,1762,1,1.0,0.81318681,1.0,True
2016,127,1763,1,1.0,0.71428571,1.0,False
2017,123,1764,2,0.5,0.84615385,0.98901099,True
2018,125,1765,1,1.0,0.73626374,1.0,False
2019,126,1766,1,1.0,0.75824176,1.0,False
2020,127,1767,1,1.0,0.85714286,1.0,True
2021,128,1768,1,1.0,0.82417582,1.0,True
2022,119,1769,1,1.0,0.78021978,1.0,False
2023,130,1770,1,1.0,0.87912088,1.0,True
2024,125,1771,1,1.0,0.74725275,0.98901099,False
2025,117,1772,1,1.0,0.78021978,0.98901099,False
2026,118,1773,1,1.0,0.73626374,0.97802198,False
2027,124,1774,1,1.0,0.85714286,0.97802198,True
2028,122,1775,1,1.0,0.76923077,1.0,False
2030,125,1776,1,1.0,0.83516484,1.0,True
2031,116,1777,1,1.0,0.79120879,0.98901099,False
2032,129,1778,1,1.0,0.85714286,1.0,True
2033,115,847,3,0.3333333333,0.68131868,0.98901099,False
2034,123,1779,1,1.0,0.73626374,1.0,False
2036,130,1780,1,1.0,0.82417582,0.98901099,True
2037,116,1781,1,1.0,0.8021978,0.98901099,True
2038,124,1782,1,1.0,0.78021978,0.98901099,False
2039,131,1783,1,1.0,0.79120879,1.0,False
2040,121,1784,1,1.0,0.76923077,1.0,False
2041,128,1785,1,1.0,0.81318681,0.98901099,True
2042,116,1786,1,1.0,0.79120879,0.98901099,False
2043,130,1787,1,1.0,0.78021978,0.98901099,False
2044,125,1788,1,1.0,0.82417582,1.0,True
2045,126,1789,1,1.0,0.75824176,1.0,False
2046,124,1790,1,1.0,0.74725275,0.98901099,False
2047,128,1791,1,1.0,0.73626374,1.0,False
2048,126,351,2,0.5,0.72527473,1.0,False
2049,121,1792,1,1.0,0.73626374,0.97802198,False
2050,124,1793,1,1.0,0.8021978,0.98901099,True
2051,126,1794,1,1.0,0.75824176,0.98901099,False
2052,134,1795,1,1.0,0.84615385,1.0,True
2053,122,1796,1,1.0,0.79120879,0.98901099,False
2054,127,1797,1,1.0,0.85714286,1.0,True
2055,126,292,3,0.3333333333,0.78021978,1.0,False
2056,123,1798,1,1.0,0.8021978,0.98901099,True
2057,133,1799,1,1.0,0.82417582,1.0,True
2059,124,1800,1,1.0,0.83516484,1.0,True
2061,134,1801,1,1.0,0.79120879,1.0,False
2062,124,1802,1,1.0,0.86813187,1.0,True
2063,126,1803,1,1.0,0.8021978,1.0,True
2064,130,1804,1,1.0,0.81318681,1.0,True
2066,126,1805,1,1.0,0.86813187,1.0,True
2067,124,570,2,0.5,0.87912088,1.0,True
2068,123,1806,1,1.0,0.76344086,1.0,False
2069,120,1807,1,1.0,0.71428571,1.0,False
2070,124,1808,1,1.0,0.75824176,1.0,False
2071,123,1809,1,1.0,0.76923077,1.0,False
2072,117,23,84,0.0119047619,0.74725275,1.0,False
2073,127,1810,1,1.0,0.74725275,1.0,False
2074,114,1811,1,1.0,0.8021978,1.0,True
2075,120,1812,1,1.0,0.79120879,0.97802198,False
2076,131,1813,1,1.0,0.78021978,1.0,False
2077,124,1814,1,1.0,0.75824176,1.0,False
2078,124,1815,1,1.0,0.78021978,1.0,False
2079,126,1816,1,1.0,0.78021978,0.98901099,False
2080,125,1817,1,1.0,0.84615385,1.0,True
2081,113,1818,1,1.0,0.76923077,0.98901099,False
2082,130,1819,1,1.0,0.78021978,0.98901099,False
2083,126,1820,1,1.0,0.79120879,1.0,False
2084,115,1821,1,1.0,0.7032967,1.0,False
2085,130,1822,1,1.0,0.83516484,1.0,True
2086,123,1823,1,1.0,0.8021978,0.98901099,True
2087,119,1824,1,1.0,0.81318681,0.98901099,True
2088,132,1825,1,1.0,0.85714286,1.0,True
2089,125,1826,1,1.0,0.82417582,1.0,True
2090,125,1827,1,1.0,0.68131868,0.98901099,False
2091,129,1828,1,1.0,0.86813187,1.0,True
2092,128,1829,1,1.0,0.72527473,1.0,False
2093,128,1830,1,1.0,0.76923077,0.97802198,False
2095,127,1831,1,1.0,0.73626374,0.98901099,False
2096,122,1832,1,1.0,0.74725275,0.97802198,False
2097,124,1833,1,1.0,0.75824176,1.0,False
2098,123,1834,1,1.0,0.8021978,1.0,True
2099,126,1835,1,1.0,0.81318681,1.0,True
2100,122,1836,1,1.0,0.79120879,1.0,False
2101,131,1837,1,1.0,0.84615385,1.0,True
2102,127,1838,1,1.0,0.73626374,1.0,False
2103,127,1474,6,0.1666666667,0.67032967,1.0,False
2104,128,1839,1,1.0,0.75268817,1.0,False
2105,128,1840,1,1.0,0.8021978,0.98901099,True
2106,117,1841,1,1.0,0.7826087,1.0,False
2108,130,1842,1,1.0,0.85714286,1.0,True
2109,118,1843,1,1.0,0.77173913,1.0,False
2110,120,1844,1,1.0,0.81318681,1.0,True
2111,128,1845,1,1.0,0.78021978,0.98901099,False
2112,121,1846,1,1.0,0.82417582,0.97802198,True
2113,125,1847,1,1.0,0.81318681,1.0,True
2114,123,1848,1,1.0,0.76923077,1.0,False
2115,127,1849,1,1.0,0.76923077,1.0,False
2116,130,1850,1,1.0,0.78021978,1.0,False
2117,126,1851,1,1.0,0.75824176,0.98901099,False
2118,125,1852,1,1.0,0.72527473,1.0,False
2119,130,1853,1,1.0,0.75824176,1.0,False
2120,128,1854,1,1.0,0.81318681,1.0,True
2122,129,1855,1,1.0,0.73913043,1.0,False
2123,126,1856,1,1.0,0.83516484,1.0,True
2124,124,1857,1,1.0,0.78021978,1.0,False
2125,129,1858,1,1.0,0.78021978,0.97802198,False
2126,116,1859,1,1.0,0.72527473,0.97802198,False
2127,119,1860,1,1.0,0.64835165,0.87912088,False
2129,118,1861,1,1.0,0.8021978,1.0,True
2131,126,1862,1,1.0,0.82417582,1.0,True
2132,121,1863,1,1.0,0.76923077,0.97802198,False
2133,127,1864,1,1.0,0.73913043,0.98901099,False
2134,118,1865,1,1.0,0.75824176,0.97802198,False
2135,126,1866,1,1.0,0.82417582,1.0,True
2136,119,1867,1,1.0,0.75824176,0.98901099,False
2137,123,1868,1,1.0,0.86813187,1.0,True
2138,129,1869,1,1.0,0.83516484,1.0,True
2139,124,268,2,0.5,0.74725275,1.0,False
2140,128,1870,1,1.0,0.74725275,1.0,False
2142,121,1871,1,1.0,0.72527473,0.98901099,False
2143,118,1872,1,1.0,0.8021978,0.98901099,True
2145,125,1873,1,1.0,0.82417582,1.0,True
2146,124,1874,1,1.0,0.79120879,0.98901099,False
2147,126,1875,1,1.0,0.76923077,1.0,False
2148,124,1876,1,1.0,0.9010989,1.0,True
2150,125,673,5,0.2,0.67391304,1.0,False
2151,129,1877,1,1.0,0.78021978,1.0,False
2154,118,112,14,0.0714285714,0.75824176,1.0,False
2155,122,1878,1,1.0,0.76923077,0.97802198,False
2156,124,1879,1,1.0,0.82417582,1.0,True
2157,121,1880,1,1.0,0.78021978,0.97802198,False
2158,125,1881,1,1.0,0.74725275,1.0,False
2159,126,1882,1,1.0,0.81318681,1.0,True
2160,131,1883,1,1.0,0.83516484,1.0,True
2161,129,1884,1,1.0,0.72043011,1.0,False
2162,116,1885,1,1.0,0.75824176,1.0,False
2163,130,1886,1,1.0,0.86813187,1.0,True
2164,125,1887,1,1.0,0.83516484,1.0,True
2165,124,1888,1,1.0,0.72527473,1.0,False
2166,129,1889,1,1.0,0.78494624,0.98901099,False
2167,125,1890,1,1.0,0.79120879,0.97802198,False
2168,121,1891,1,1.0,0.82417582,1.0,True
2170,126,1892,2,0.5,0.7032967,0.98901099,False
2171,126,1893,1,1.0,0.69230769,1.0,False
2172,115,1894,1,1.0,0.73626374,1.0,False
2173,125,1895,1,1.0,0.75824176,1.0,False
2174,133,1896,1,1.0,0.68131868,0.98901099,False
2175,129,1897,1,1.0,0.78021978,0.98901099,False
2176,117,1898,1,1.0,0.79120879,0.98901099,False
2177,126,1899,1,1.0,0.76923077,0.98901099,False
2178,129,1900,1,1.0,0.75824176,1.0,False
2179,129,1901,1,1.0,0.8021978,0.97802198,True
2180,117,1902,1,1.0,0.71428571,0.98901099,False
2181,125,1903,1,1.0,0.75824176,1.0,False
2182,125,1904,1,1.0,0.8021978,1.0,True
2183,116,23,84,0.0119047619,0.74725275,0.98901099,False
2184,130,1905,1,1.0,0.81318681,1.0,True
2185,121,1906,1,1.0,0.83516484,1.0,True
2186,135,1907,1,1.0,0.81318681,1.0,True
2187,126,1908,1,1.0,0.79120879,1.0,False
2189,118,1909,1,1.0,0.76923077,1.0,False
2190,126,1910,1,1.0,0.84615385,1.0,True
2191,124,1911,1,1.0,0.71428571,0.97802198,False
2192,123,1912,1,1.0,0.81318681,1.0,True
2193,119,1913,1,1.0,0.83516484,1.0,True
2194,127,1914,1,1.0,0.8021978,1.0,True
2195,148,1915,1,1.0,0.82417582,1.0,True
2196,119,1916,1,1.0,0.8021978,0.97802198,True
2197,123,1917,1,1.0,0.76923077,0.98901099,False
2198,124,1918,1,1.0,0.79120879,1.0,False
2199,116,1919,1,1.0,0.81318681,1.0,True
2200,128,1920,1,1.0,0.83516484,1.0,True
2202,124,1921,1,1.0,0.84615385,1.0,True
2203,124,1922,1,1.0,0.85714286,0.98901099,True
2204,126,234,2,0.5,0.71428571,1.0,False
2205,126,1923,1,1.0,0.81318681,1.0,True
2206,119,981,2,0.5,0.75824176,1.0,False
2207,118,1924,1,1.0,0.8021978,0.98901099,True
2208,130,1925,1,1.0,0.81318681,1.0,True
2209,124,1926,1,1.0,0.70967742,0.97802198,False
2210,124,1927,1,1.0,0.79120879,0.98901099,False
2211,126,1928,1,1.0,0.75824176,0.97802198,False
2212,125,1929,1,1.0,0.71428571,1.0,False
2213,127,1930,1,1.0,0.76923077,1.0,False
2214,101,1931,1,1.0,0.53846154,0.9010989,False
2215,124,1932,1,1.0,0.79120879,1.0,False
2216,128,1933,1,1.0,0.76923077,1.0,False
2217,126,1934,1,1.0,0.78021978,1.0,False
2218,120,1935,1,1.0,0.81318681,1.0,True
2219,127,1375,2,0.5,0.70212766,1.0,False
2220,132,1936,1,1.0,0.85714286,1.0,True
2221,131,1937,1,1.0,0.72043011,0.98901099,False
2222,118,1938,1,1.0,0.84615385,0.98901099,True
2223,116,23,84,0.0119047619,0.7032967,0.98901099,False
2224,127,1939,1,1.0,0.68421053,1.0,False
2225,128,1940,1,1.0,0.7311828,1.0,False
2226,124,1941,1,1.0,0.76923077,1.0,False
2227,130,1942,1,1.0,0.8021978,1.0,True
2228,123,1943,1,1.0,0.73626374,0.98901099,False
2229,126,1944,1,1.0,0.85714286,1.0,True
2230,126,1945,1,1.0,0.75824176,1.0,False
2231,125,1946,1,1.0,0.73626374,1.0,False
2232,120,1947,1,1.0,0.73626374,1.0,False
2233,130,1948,1,1.0,0.82417582,1.0,True
2234,125,1949,1,1.0,0.78021978,1.0,False
2235,128,1950,1,1.0,0.75824176,0.98901099,False
2236,126,1951,1,1.0,0.78021978,0.98901099,False
2237,132,1952,1,1.0,0.75824176,0.98901099,False
2238,127,1474,6,0.1666666667,0.62637363,1.0,False
2239,118,1953,1,1.0,0.68131868,1.0,False
2240,117,1954,1,1.0,0.71428571,1.0,False
2241,125,1955,1,1.0,0.81318681,1.0,True
2242,117,1956,1,1.0,0.8021978,0.98901099,True
2243,126,292,3,0.3333333333,0.79120879,1.0,False
2244,125,1957,1,1.0,0.84615385,0.98901099,True
2245,133,1958,1,1.0,0.81318681,1.0,True
2246,124,1959,1,1.0,0.82417582,1.0,True
2247,124,1960,1,1.0,0.71428571,1.0,False
2248,129,1961,1,1.0,0.79120879,1.0,False
2249,122,1962,1,1.0,0.65934066,1.0,False
2250,130,1963,1,1.0,0.78021978,0.98901099,False
2251,128,1964,1,1.0,0.76923077,1.0,False
2252,116,112,14,0.0714285714,0.72527473,0.97802198,False
2253,122,1965,1,1.0,0.79120879,1.0,False
2254,121,1966,1,1.0,0.72527473,1.0,False
2255,115,1967,1,1.0,0.75824176,0.97802198,False
2257,125,1968,1,1.0,0.73626374,1.0,False
2258,133,1969,1,1.0,0.76344086,1.0,False
2260,125,1970,1,1.0,0.74725275,0.97802198,False
2261,126,1971,1,1.0,0.79120879,0.98901099,False
2262,128,1972,1,1.0,0.75824176,1.0,False
2263,122,271,3,0.3333333333,0.8021978,0.98901099,True
2264,126,1973,1,1.0,0.84615385,1.0,True
2265,124,1974,1,1.0,0.81318681,1.0,True
2266,125,1975,1,1.0,0.71276596,0.97802198,False
2267,118,1976,1,1.0,0.72527473,0.97802198,False
2268,123,1977,1,1.0,0.83516484,1.0,True
2269,123,1978,1,1.0,0.74725275,1.0,False
2270,119,1979,1,1.0,0.82417582,1.0,True
2271,124,1980,1,1.0,0.84615385,1.0,True
2273,124,1981,1,1.0,0.85714286,1.0,True
2275,122,1982,1,1.0,0.73626374,0.98901099,False
2276,130,1983,1,1.0,0.78021978,1.0,False
2277,126,1984,1,1.0,0.82417582,0.98901099,True
2278,131,1985,1,1.0,0.80434783,1.0,True
2279,125,1986,1,1.0,0.85714286,1.0,True
2281,127,1987,1,1.0,0.8021978,0.98901099,True
2282,119,1988,1,1.0,0.78021978,1.0,False
2283,129,1989,1,1.0,0.74725275,1.0,False
2284,132,1990,1,1.0,0.83516484,1.0,True
2285,125,1991,1,1.0,0.75824176,1.0,False
2286,128,1992,1,1.0,0.82417582,1.0,True
2287,123,1164,3,0.3333333333,0.79120879,1.0,False
2288,122,1993,1,1.0,0.78021978,1.0,False
2289,128,350,2,0.5,0.71428571,1.0,False
2290,124,487,2,0.5,0.79120879,1.0,False
2291,127,1994,1,1.0,0.79120879,1.0,False
2292,127,1995,1,1.0,0.79120879,1.0,False
2293,128,1996,2,0.5,0.83516484,0.98901099,True
2294,119,1997,1,1.0,0.84615385,1.0,True
2295,126,1998,1,1.0,0.81318681,1.0,True
2296,124,1999,1,1.0,0.64130435,0.98901099,False
2297,125,2000,1,1.0,0.71428571,1.0,False
2298,126,2001,1,1.0,0.76086957,1.0,False
2299,122,2002,1,1.0,0.78021978,0.97802198,False
2300,118,2003,1,1.0,0.74725275,1.0,False
2301,113,2004,2,0.5,0.74725275,0.97802198,False
2304,116,23,84,0.0119047619,0.69230769,0.98901099,False
2305,124,2005,1,1.0,0.84615385,1.0,True
2306,116,23,84,0.0119047619,0.73626374,0.98901099,False
2307,126,2006,1,1.0,0.82417582,0.98901099,True
2309,126,2007,1,1.0,0.78021978,0.98901099,False
2310,117,112,14,0.0714285714,0.75824176,0.98901099,False
2312,119,2008,1,1.0,0.79120879,1.0,False
2313,124,2009,1,1.0,0.81318681,1.0,True
2314,126,2010,1,1.0,0.84615385,1.0,True
2315,123,2011,1,1.0,0.8021978,1.0,True
2316,113,2012,1,1.0,0.79120879,0.98901099,False
2317,132,2013,1,1.0,0.8021978,1.0,True
2318,118,2014,1,1.0,0.78021978,0.97802198,False
2319,125,2015,1,1.0,0.82417582,1.0,True
2320,129,2016,1,1.0,0.83516484,1.0,True
2321,126,2017,1,1.0,0.83516484,1.0,True
2322,127,2018,1,1.0,0.79120879,1.0,False
2323,119,2019,1,1.0,0.8021978,0.98901099,True
2324,124,2020,1,1.0,0.77659574,1.0,False
2325,119,2021,1,1.0,0.78021978,1.0,False
2326,125,2022,1,1.0,0.86813187,1.0,True
2327,121,2023,1,1.0,0.75824176,0.97802198,False
2328,129,2024,1,1.0,0.82417582,1.0,True
2330,124,2025,1,1.0,0.79120879,1.0,False
2331,129,2026,1,1.0,0.8021978,0.98901099,True
2332,128,2027,1,1.0,0.82417582,1.0,True
2333,119,2028,1,1.0,0.87912088,1.0,True
2334,112,2029,1,1.0,0.83516484,1.0,True
2335,117,2030,1,1.0,0.75824176,0.98901099,False
2336,127,2031,1,1.0,0.81318681,0.98901099,True
2337,132,2032,1,1.0,0.76923077,1.0,False
2338,133,2033,1,1.0,0.8021978,1.0,True
2339,125,2034,1,1.0,0.79120879,1.0,False
2340,128,2035,1,1.0,0.72527473,0.98901099,False
2341,117,2036,1,1.0,0.73626374,0.98901099,False
2342,127,2037,1,1.0,0.79120879,0.98901099,False
2343,124,2038,1,1.0,0.79120879,1.0,False
2344,124,2039,1,1.0,0.82417582,0.98901099,True
2345,124,2040,1,1.0,0.78021978,0.98901099,False
2346,118,2041,1,1.0,0.71428571,1.0,False
2347,121,2042,1,1.0,0.71428571,0.98901099,False
2348,130,2043,1,1.0,0.79120879,1.0,False
2349,126,2044,1,1.0,0.75824176,1.0,False
2352,124,2045,1,1.0,0.74725275,1.0,False
2353,128,2046,1,1.0,0.8021978,0.98901099,True
2354,126,2047,1,1.0,0.82417582,1.0,True
2355,127,2048,1,1.0,0.81318681,1.0,True
2356,117,2049,1,1.0,0.76923077,1.0,False
2357,122,2050,1,1.0,0.79120879,0.98901099,False
2358,118,2051,1,1.0,0.67032967,0.87912088,False
2359,119,333,6,0.1666666667,0.71428571,1.0,False
2360,122,2052,3,0.3333333333,0.71428571,1.0,False
2361,132,2053,1,1.0,0.63736264,1.0,False
2362,120,2054,2,0.5,0.75824176,1.0,False
2363,125,2055,1,1.0,0.85714286,1.0,True
2364,117,2056,1,1.0,0.74725275,0.98901099,False
2365,126,2057,1,1.0,0.75824176,0.98901099,False
2367,125,2058,1,1.0,0.78021978,1.0,False
2368,123,2059,1,1.0,0.72527473,1.0,False
2369,126,2060,1,1.0,0.79120879,1.0,False
2370,122,2061,1,1.0,0.83516484,1.0,True
2371,116,2062,1,1.0,0.71428571,0.87912088,False
2372,119,2063,1,1.0,0.76923077,1.0,False
2374,119,1493,2,0.5,0.69230769,0.98901099,False
2376,130,2064,1,1.0,0.8021978,1.0,True
2377,125,2065,1,1.0,0.83516484,1.0,True
2378,125,2066,1,1.0,0.8021978,0.98901099,True
2379,120,2067,1,1.0,0.74725275,1.0,False
2380,125,2068,1,1.0,0.78021978,1.0,False
2381,121,2069,1,1.0,0.72527473,1.0,False
2382,126,2070,1,1.0,0.83516484,1.0,True
2384,127,2071,1,1.0,0.83516484,0.98901099,True
2385,120,2072,1,1.0,0.68131868,1.0,False
2386,121,2073,1,1.0,0.84615385,0.97802198,True
2388,132,2074,1,1.0,0.72527473,0.97802198,False
2389,124,2075,1,1.0,0.76923077,0.98901099,False
2390,123,2076,1,1.0,0.8021978,0.97802198,True
2391,121,2077,1,1.0,0.76923077,1.0,False
2392,132,209,3,0.3333333333,0.7032967,1.0,False
2393,129,2078,1,1.0,0.74725275,1.0,False
2395,123,2079,1,1.0,0.74725275,1.0,False
2396,130,2080,1,1.0,0.74725275,1.0,False
2397,128,2081,1,1.0,0.74725275,1.0,False
2398,120,2082,1,1.0,0.68131868,1.0,False
2399,129,2083,1,1.0,0.80645161,0.97802198,True
2400,127,2084,1,1.0,0.75824176,1.0,False
2401,119,2085,1,1.0,0.81318681,1.0,True
2402,121,2086,1,1.0,0.75824176,0.98901099,False
2403,124,2087,1,1.0,0.72527473,1.0,False
2404,130,2088,1,1.0,0.82417582,1.0,True
2405,124,2089,1,1.0,0.79120879,1.0,False
2406,125,2090,1,1.0,0.78021978,1.0,False
2407,129,2091,1,1.0,0.74725275,0.98901099,False
2408,125,2092,1,1.0,0.75824176,0.98901099,False
2409,125,2093,1,1.0,0.81318681,1.0,True
2410,125,2094,1,1.0,0.75824176,0.98901099,False
2411,121,2095,1,1.0,0.8021978,0.98901099,True
2412,123,2096,1,1.0,0.85714286,1.0,True
2413,126,2097,1,1.0,0.78021978,0.98901099,False
2414,120,2098,1,1.0,0.63736264,0.87912088,False
2415,126,2099,1,1.0,0.79120879,0.98901099,False
2416,132,2100,1,1.0,0.73626374,0.98901099,False
2417,125,2101,1,1.0,0.79120879,1.0,False
2418,122,2102,1,1.0,0.81318681,1.0,True
2419,128,2103,1,1.0,0.87912088,1.0,True
2420,119,2104,1,1.0,0.85714286,1.0,True
2421,122,2105,1,1.0,0.82417582,1.0,True
2422,129,2106,1,1.0,0.72527473,1.0,False
2423,121,2107,1,1.0,0.83516484,0.98901099,True
2424,124,2108,1,1.0,0.86813187,0.98901099,True
2425,127,2109,1,1.0,0.78021978,1.0,False
2426,128,2110,1,1.0,0.86813187,0.97802198,True
2427,118,2111,1,1.0,0.71428571,1.0,False
2428,129,2112,1,1.0,0.81318681,0.98901099,True
2429,127,2113,3,0.3333333333,0.72527473,1.0,False
2430,116,2114,1,1.0,0.79120879,0.98901099,False
2431,113,2115,1,1.0,0.79120879,0.98901099,False
2432,116,23,84,0.0119047619,0.71428571,0.98901099,False
2433,124,2116,3,0.3333333333,0.78021978,1.0,False
2434,114,2117,1,1.0,0.71428571,0.98901099,False
2435,116,2118,1,1.0,0.84615385,0.97802198,True
2437,121,2119,1,1.0,0.76923077,1.0,False
2438,131,2120,1,1.0,0.74725275,1.0,False
2439,124,2121,1,1.0,0.81318681,1.0,True
2440,126,2122,1,1.0,0.83516484,0.98901099,True
2441,117,2123,1,1.0,0.64835165,0.97802198,False
2442,126,2124,1,1.0,0.76923077,1.0,False
2443,122,2125,1,1.0,0.76923077,0.98901099,False
2444,129,2126,1,1.0,0.74725275,1.0,False
2445,128,2127,1,1.0,0.75824176,1.0,False
2446,120,2128,1,1.0,0.8021978,1.0,True
2447,123,2129,1,1.0,0.8021978,0.98901099,True
2449,127,2130,1,1.0,0.78021978,1.0,False
2450,122,2131,1,1.0,0.76923077,0.97802198,False
2451,130,2132,1,1.0,0.75824176,0.98901099,False
2452,123,2133,1,1.0,0.78021978,0.98901099,False
2453,128,2134,1,1.0,0.84615385,1.0,True
2454,115,2135,1,1.0,0.67032967,0.87912088,False
2455,122,2136,1,1.0,0.71428571,1.0,False
2456,127,2137,1,1.0,0.74725275,1.0,False
2457,129,2138,1,1.0,0.82417582,1.0,True
2458,124,2139,1,1.0,0.76923077,1.0,False
2459,123,2140,1,1.0,0.83516484,1.0,True
2460,118,333,6,0.1666666667,0.72527473,0.98901099,False
2461,124,2141,1,1.0,0.82417582,1.0,True
2462,128,2142,1,1.0,0.8021978,1.0,True
2463,123,2143,1,1.0,0.79120879,0.98901099,False
2464,129,2144,1,1.0,0.75824176,1.0,False
2465,118,2145,1,1.0,0.8021978,0.97802198,True
2466,122,2146,1,1.0,0.73626374,1.0,False
2468,127,2147,1,1.0,0.81318681,0.97802198,True
2470,125,2148,1,1.0,0.81318681,1.0,True
2471,131,2149,1,1.0,0.8021978,1.0,True
2472,125,2150,1,1.0,0.81318681,1.0,True
2473,122,2052,3,0.3333333333,0.68131868,1.0,False
2474,128,2151,1,1.0,0.81318681,0.98901099,True
2475,125,2152,1,1.0,0.76923077,0.98901099,False
2476,123,2153,1,1.0,0.83516484,0.98901099,True
2477,126,2154,1,1.0,0.83516484,1.0,True
2478,129,2155,1,1.0,0.78021978,0.98901099,False
2479,124,2156,1,1.0,0.89010989,1.0,True
2480,122,2157,1,1.0,0.87912088,1.0,True
2481,125,2158,1,1.0,0.8021978,1.0,True
2482,122,2159,1,1.0,0.81318681,0.98901099,True
2483,129,2160,1,1.0,0.8021978,1.0,True
2484,127,380,3,0.3333333333,0.74725275,0.98901099,False
2485,124,2161,1,1.0,0.74725275,1.0,False
2486,127,2162,1,1.0,0.82417582,1.0,True
2487,129,2163,1,1.0,0.73626374,1.0,False
2488,123,2164,1,1.0,0.87912088,1.0,True
2490,123,2165,1,1.0,0.75824176,1.0,False
2491,120,2166,1,1.0,0.76923077,0.98901099,False
2492,128,2167,1,1.0,0.77173913,1.0,False
2493,130,2168,1,1.0,0.8021978,1.0,True
2494,129,2169,1,1.0,0.79120879,1.0,False
2495,117,2170,1,1.0,0.81318681,0.98901099,True
2496,127,2171,1,1.0,0.74725275,0.98901099,False
2497,141,2172,1,1.0,0.71428571,1.0,False
2498,122,113,4,0.25,0.73626374,1.0,False
2499,117,2173,1,1.0,0.83516484,1.0,True
2500,124,2174,1,1.0,0.78021978,1.0,False
2501,123,2175,1,1.0,0.89010989,1.0,True
2502,118,23,84,0.0119047619,0.7311828,0.98901099,False
2503,125,2176,1,1.0,0.8021978,1.0,True
2504,133,2177,1,1.0,0.74725275,1.0,False
2505,115,2178,1,1.0,0.81318681,0.96703297,True
2506,130,695,3,0.3333333333,0.84615385,1.0,True
2507,117,2179,1,1.0,0.82417582,0.98901099,True
2508,126,2180,1,1.0,0.81318681,0.98901099,True
2509,128,2181,1,1.0,0.82417582,1.0,True
2511,127,2182,1,1.0,0.73626374,1.0,False
2512,122,2183,1,1.0,0.83516484,0.98901099,True
2513,127,2184,1,1.0,0.8021978,0.97802198,True
2514,124,2185,1,1.0,0.78021978,1.0,False
2515,120,2186,1,1.0,0.85714286,0.98901099,True
2516,123,2187,1,1.0,0.78021978,1.0,False
2517,125,2188,1,1.0,0.84615385,1.0,True
2518,126,2189,1,1.0,0.81318681,1.0,True
2520,130,2190,1,1.0,0.76923077,1.0,False
2521,131,2191,1,1.0,0.76530612,0.98901099,False
2522,112,2192,1,1.0,0.69230769,0.94505495,False
2523,126,2193,1,1.0,0.76923077,0.98901099,False
2524,129,2194,1,1.0,0.74193548,0.98901099,False
2526,130,2195,1,1.0,0.84615385,1.0,True
2527,125,2196,1,1.0,0.79120879,1.0,False
2528,129,2197,1,1.0,0.79120879,1.0,False
2529,121,2198,1,1.0,0.7032967,0.97802198,False
2530,124,2199,1,1.0,0.76923077,0.98901099,False
2531,116,2200,1,1.0,0.8021978,1.0,True
2533,121,2201,1,1.0,0.64835165,0.87912088,False
2534,130,2202,1,1.0,0.78021978,0.98901099,False
2535,124,2203,1,1.0,0.79569892,1.0,False
2536,120,2204,1,1.0,0.86813187,1.0,True
2537,117,23,84,0.0119047619,0.73626374,1.0,False
2538,123,2205,1,1.0,0.82417582,1.0,True
2539,124,2206,1,1.0,0.74725275,1.0,False
2540,117,2207,1,1.0,0.76923077,0.98901099,False
2541,128,2208,1,1.0,0.79120879,0.98901099,False
2542,119,2209,1,1.0,0.83516484,0.98901099,True
2543,120,2210,1,1.0,0.85714286,1.0,True
2544,120,2211,1,1.0,0.75824176,0.97802198,False
2545,124,2212,1,1.0,0.76923077,0.98901099,False
2546,126,2213,1,1.0,0.73626374,1.0,False
2547,123,2214,1,1.0,0.84615385,1.0,True
2548,126,2215,1,1.0,0.79120879,0.98901099,False
2549,123,2216,1,1.0,0.64130435,1.0,False
2550,116,23,84,0.0119047619,0.72527473,0.98901099,False
2551,126,2217,1,1.0,0.75824176,0.98901099,False
2552,116,2218,1,1.0,0.68131868,0.98901099,False
2553,123,126,10,0.1,0.81318681,1.0,True
2554,125,2219,1,1.0,0.86813187,1.0,True
2555,121,2220,1,1.0,0.75824176,1.0,False
2556,117,2221,1,1.0,0.74725275,1.0,False
2557,121,2222,1,1.0,0.79120879,0.98901099,False
2558,122,2223,1,1.0,0.81318681,1.0,True
2559,126,2224,1,1.0,0.72527473,0.97802198,False
2560,119,2225,1,1.0,0.79120879,1.0,False
2561,133,2226,1,1.0,0.8021978,1.0,True
2562,131,2227,1,1.0,0.79120879,1.0,False
2563,118,2228,1,1.0,0.68131868,1.0,False
2564,125,2229,1,1.0,0.76923077,0.98901099,False
2565,124,2230,1,1.0,0.85714286,1.0,True
2566,124,2231,1,1.0,0.76923077,1.0,False
2568,127,2232,1,1.0,0.82417582,1.0,True
2569,120,2233,1,1.0,0.73626374,0.98901099,False
2570,126,2234,1,1.0,0.76923077,1.0,False
2571,126,2235,1,1.0,0.84615385,1.0,True
2572,133,2236,1,1.0,0.69230769,1.0,False
2573,125,2237,1,1.0,0.76923077,0.97802198,False
2574,116,2238,1,1.0,0.65934066,1.0,False
2575,113,2239,1,1.0,0.71428571,0.96703297,False
2576,124,2240,1,1.0,0.81318681,0.97802198,True
2577,128,2241,1,1.0,0.8021978,1.0,True
2578,130,2242,1,1.0,0.74725275,1.0,False
2579,127,2243,1,1.0,0.64835165,1.0,False
2580,128,2244,1,1.0,0.82417582,1.0,True
2581,120,2245,1,1.0,0.89010989,1.0,True
2582,126,1474,6,0.1666666667,0.65934066,0.98901099,False
2583,127,2246,1,1.0,0.8021978,1.0,True
2585,130,2247,1,1.0,0.76923077,1.0,False
2586,132,2248,1,1.0,0.82417582,1.0,True
2587,120,2249,1,1.0,0.74725275,1.0,False
2588,125,2250,1,1.0,0.76923077,0.98901099,False
2589,125,2251,1,1.0,0.72527473,1.0,False
2590,124,2252,1,1.0,0.83516484,1.0,True
2591,125,2253,1,1.0,0.79120879,1.0,False
2592,125,2254,1,1.0,0.78021978,1.0,False
2594,124,2255,1,1.0,0.78021978,1.0,False
2595,128,2256,1,1.0,0.78021978,0.98901099,False
2596,130,2257,1,1.0,0.8021978,0.97802198,True
2597,126,2258,1,1.0,0.82417582,0.98901099,True
2598,125,2259,1,1.0,0.86813187,1.0,True
2600,127,2260,1,1.0,0.84615385,1.0,True
2601,127,2261,1,1.0,0.8021978,1.0,True
2602,125,2262,1,1.0,0.8021978,0.98901099,True
2603,114,2263,1,1.0,0.8021978,1.0,True
2604,118,2264,1,1.0,0.75824176,1.0,False
2605,125,2265,1,1.0,0.76923077,1.0,False
2606,121,2266,1,1.0,0.8021978,0.97802198,True
2607,131,2267,1,1.0,0.74725275,0.98901099,False
2608,129,2268,1,1.0,0.79120879,1.0,False
2609,125,2269,1,1.0,0.75824176,1.0,False
2610,111,2270,1,1.0,0.73626374,0.97802198,False
2611,122,2271,1,1.0,0.75824176,1.0,False
2612,125,2272,1,1.0,0.79120879,1.0,False
2613,120,2273,1,1.0,0.68131868,0.98901099,False
2614,129,2274,1,1.0,0.84615385,1.0,True
2615,113,2275,1,1.0,0.78021978,0.97802198,False
2616,134,2276,1,1.0,0.82417582,1.0,True
2617,129,2277,1,1.0,0.79120879,1.0,False
2618,119,2278,1,1.0,0.73626374,1.0,False
2619,124,2279,1,1.0,0.74725275,1.0,False
2620,127,2280,1,1.0,0.76923077,1.0,False
2621,125,2281,1,1.0,0.63736264,1.0,False
2622,126,2282,1,1.0,0.76923077,0.98901099,False
2623,120,2283,1,1.0,0.69230769,0.87912088,False
2624,130,2284,1,1.0,0.74725275,1.0,False
2625,123,271,3,0.3333333333,0.79120879,1.0,False
2626,126,2285,1,1.0,0.81318681,0.98901099,True
2627,119,2286,1,1.0,0.79120879,0.98901099,False
2628,141,2287,1,1.0,0.75824176,1.0,False
2629,123,2288,1,1.0,0.79120879,1.0,False
2630,123,2289,1,1.0,0.75824176,0.96703297,False
2631,123,2290,1,1.0,0.74725275,1.0,False
2632,128,2291,1,1.0,0.76923077,1.0,False
2633,117,112,14,0.0714285714,0.78021978,0.98901099,False
2634,124,2292,1,1.0,0.73626374,0.98901099,False
2635,126,2293,1,1.0,0.83516484,1.0,True
2636,130,2294,1,1.0,0.8021978,1.0,True
2637,125,2295,1,1.0,0.76923077,1.0,False
2638,126,2296,1,1.0,0.76923077,1.0,False
2639,129,2297,1,1.0,0.76923077,0.98901099,False
2640,128,2298,1,1.0,0.75824176,1.0,False
2641,130,2299,1,1.0,0.8021978,1.0,True
2643,128,2300,1,1.0,0.8021978,1.0,True
2644,136,2301,1,1.0,0.68041237,0.98901099,False
2645,126,2302,1,1.0,0.81318681,1.0,True
2646,129,2303,1,1.0,0.76923077,1.0,False
2647,129,2304,1,1.0,0.78021978,0.98901099,False
2648,117,2305,1,1.0,0.8021978,1.0,True
2649,126,2306,1,1.0,0.79120879,1.0,False
2650,123,2307,1,1.0,0.75824176,0.98901099,False
2651,122,2308,1,1.0,0.78021978,1.0,False
2652,124,2309,1,1.0,0.69230769,0.97802198,False
2653,125,2310,1,1.0,0.76923077,1.0,False
2654,128,601,4,0.25,0.72527473,1.0,False
2655,122,2311,1,1.0,0.69230769,1.0,False
2656,123,2312,1,1.0,0.78021978,0.98901099,False
2657,121,1303,2,0.5,0.8021978,0.97802198,True
2659,127,2313,1,1.0,0.79120879,1.0,False
2660,136,2314,1,1.0,0.74725275,1.0,False
2661,130,2315,1,1.0,0.81318681,1.0,True
2663,124,2316,1,1.0,0.74725275,1.0,False
2664,125,2317,1,1.0,0.76923077,0.98901099,False
2665,117,2318,1,1.0,0.73626374,0.94505495,False
2667,123,2319,1,1.0,0.75824176,1.0,False
2668,129,2320,1,1.0,0.83516484,1.0,True
2669,118,2321,1,1.0,0.82417582,1.0,True
2670,128,2322,1,1.0,0.83516484,1.0,True
2671,129,2323,1,1.0,0.82417582,1.0,True
2673,126,2324,1,1.0,0.76923077,1.0,False
2674,129,2325,2,0.5,0.8021978,0.98901099,True
2675,123,2326,1,1.0,0.76923077,0.98901099,False
2676,126,2327,1,1.0,0.83516484,1.0,True
2677,118,23,84,0.0119047619,0.74193548,0.98901099,False
2678,129,2328,1,1.0,0.74725275,0.98901099,False
2680,118,112,14,0.0714285714,0.78021978,1.0,False
2681,126,2329,1,1.0,0.73626374,1.0,False
2682,115,2330,1,1.0,0.73626374,1.0,False
2683,126,2331,1,1.0,0.81318681,1.0,True
2684,124,2332,1,1.0,0.76923077,1.0,False
2685,124,2333,1,1.0,0.76344086,1.0,False
2686,128,2334,1,1.0,0.8021978,1.0,True
2687,124,2335,1,1.0,0.73626374,1.0,False
2688,126,2336,1,1.0,0.70408163,0.96703297,False
2689,119,2337,1,1.0,0.62637363,0.86813187,False
2690,121,2338,1,1.0,0.8021978,1.0,True
2691,121,331,7,0.1428571429,0.78021978,0.97802198,False
2692,129,2339,1,1.0,0.83516484,0.98901099,True
2693,122,2340,1,1.0,0.78021978,1.0,False
2694,119,2341,1,1.0,0.78021978,0.98901099,False
2695,116,2342,1,1.0,0.78021978,1.0,False
2696,126,2343,1,1.0,0.81318681,0.98901099,True
2697,132,2344,1,1.0,0.81318681,1.0,True
2698,120,1051,3,0.3333333333,0.73626374,1.0,False
2699,130,2345,1,1.0,0.83516484,1.0,True
2700,129,2346,1,1.0,0.72527473,1.0,False
2702,124,2347,1,1.0,0.74725275,1.0,False
2704,114,2348,1,1.0,0.85714286,0.98901099,True
2705,116,23,84,0.0119047619,0.72527473,0.98901099,False
2706,129,2349,1,1.0,0.75824176,1.0,False
2707,125,2350,1,1.0,0.83516484,1.0,True
2709,122,2351,1,1.0,0.82417582,1.0,True
2710,119,2352,1,1.0,0.73626374,0.87912088,False
2711,117,2353,1,1.0,0.74725275,0.98901099,False
2712,124,2354,1,1.0,0.74725275,0.98901099,False
2713,131,91,6,0.1666666667,0.69230769,1.0,False
2714,128,2355,1,1.0,0.65934066,0.98901099,False
2715,117,23,84,0.0119047619,0.72527473,1.0,False
2716,125,2356,1,1.0,0.79120879,1.0,False
2717,123,2357,1,1.0,0.85714286,1.0,True
2718,126,2358,1,1.0,0.84615385,1.0,True
2719,123,2359,1,1.0,0.86813187,1.0,True
2720,132,2360,1,1.0,0.76923077,1.0,False
2721,123,2361,1,1.0,0.8021978,1.0,True
2722,120,2362,1,1.0,0.74725275,1.0,False
2723,122,2363,1,1.0,0.84615385,1.0,True
2724,127,2364,1,1.0,0.71428571,0.97802198,False
2725,124,2365,1,1.0,0.81318681,0.98901099,True
2726,122,2366,1,1.0,0.81318681,1.0,True
2728,127,2367,1,1.0,0.76923077,1.0,False
2729,124,2368,1,1.0,0.84615385,1.0,True
2730,127,2369,1,1.0,0.81318681,1.0,True
2731,129,2370,1,1.0,0.66315789,0.96703297,False
2732,123,2371,1,1.0,0.78021978,1.0,False
2733,120,2372,1,1.0,0.8021978,0.97802198,True
2734,118,23,84,0.0119047619,0.70967742,0.98901099,False
2735,123,2373,1,1.0,0.83516484,1.0,True
2737,124,2374,1,1.0,0.73626374,1.0,False
2738,118,2375,1,1.0,0.65934066,0.97802198,False
2739,116,2376,1,1.0,0.87912088,1.0,True
2740,125,2377,1,1.0,0.73626374,1.0,False
2741,126,1474,6,0.1666666667,0.68131868,1.0,False
2742,117,2378,1,1.0,0.84615385,0.98901099,True
2743,120,2379,1,1.0,0.7032967,1.0,False
2744,122,2380,1,1.0,0.85714286,1.0,True
2746,119,2381,1,1.0,0.83516484,1.0,True
2747,124,2382,1,1.0,0.75824176,0.98901099,False
2748,135,2383,1,1.0,0.81318681,0.98901099,True
2749,127,2384,1,1.0,0.8021978,0.97802198,True
2750,115,2385,1,1.0,0.8021978,0.98901099,True
2751,120,2386,1,1.0,0.76923077,0.98901099,False
2752,128,2387,1,1.0,0.8021978,0.98901099,True
2753,127,2388,1,1.0,0.74725275,1.0,False
2754,116,1524,3,0.3333333333,0.72527473,0.98901099,False
2755,121,414,2,0.5,0.8021978,0.98901099,True
2756,120,2389,1,1.0,0.76923077,0.96703297,False
2757,128,2390,2,0.5,0.8021978,0.98901099,True
2758,128,2391,1,1.0,0.78021978,1.0,False
2759,128,2392,1,1.0,0.72527473,1.0,False
2760,115,2393,1,1.0,0.78021978,0.97802198,False
2761,124,2394,1,1.0,0.79120879,1.0,False
2762,119,23,84,0.0119047619,0.7311828,1.0,False
2764,119,2395,1,1.0,0.72527473,0.86813187,False
2766,126,2396,1,1.0,0.78021978,0.98901099,False
2767,116,2397,1,1.0,0.78021978,1.0,False
2768,125,2398,1,1.0,0.85714286,1.0,True
2769,129,2399,1,1.0,0.76923077,1.0,False
2770,124,2400,1,1.0,0.78021978,0.98901099,False
2771,129,85,5,0.2,0.8021978,0.98901099,True
2773,121,2401,1,1.0,0.76923077,0.97802198,False
2774,127,1892,2,0.5,0.71428571,1.0,False
2775,117,2402,1,1.0,0.81318681,1.0,True
2776,125,2403,1,1.0,0.78021978,0.98901099,False
2777,131,2404,1,1.0,0.81318681,1.0,True
2778,124,2405,1,1.0,0.69230769,0.95604396,False
2779,120,2406,1,1.0,0.65934066,0.97802198,False
2780,125,2407,1,1.0,0.74725275,1.0,False
2781,121,2408,1,1.0,0.75824176,1.0,False
2782,119,2409,1,1.0,0.81318681,0.97802198,True
2783,130,2410,1,1.0,0.87912088,1.0,True
2784,121,2411,1,1.0,0.72527473,1.0,False
2785,130,2325,2,0.5,0.83516484,1.0,True
2786,129,2412,1,1.0,0.72527473,1.0,False
2787,123,2413,1,1.0,0.8021978,1.0,True
2788,124,2414,1,1.0,0.8021978,1.0,True
2789,134,2415,1,1.0,0.73626374,1.0,False
2790,124,2416,1,1.0,0.79120879,1.0,False
2791,124,2417,1,1.0,0.81318681,1.0,True
2792,126,2418,1,1.0,0.81318681,0.97802198,True
2793,126,2419,1,1.0,0.84615385,1.0,True
2794,126,2420,1,1.0,0.82417582,1.0,True
2795,127,2421,1,1.0,0.86813187,1.0,True
2796,131,2422,1,1.0,0.71428571,1.0,False
2797,123,2423,1,1.0,0.85714286,1.0,True
2798,122,2424,1,1.0,0.83516484,1.0,True
2799,132,2425,1,1.0,0.79120879,0.96703297,False
2800,140,2426,1,1.0,0.75824176,0.98901099,False
2801,119,2427,1,1.0,0.75824176,1.0,False
2802,124,2428,1,1.0,0.71428571,1.0,False
2803,130,85,5,0.2,0.81318681,1.0,True
2804,125,2429,1,1.0,0.75824176,0.98901099,False
2805,117,2430,1,1.0,0.73626374,1.0,False
2806,122,2431,2,0.5,0.79120879,0.98901099,False
2807,129,2432,1,1.0,0.8021978,1.0,True
2808,113,2433,1,1.0,0.75824176,1.0,False
2809,124,2434,1,1.0,0.81318681,1.0,True
2810,122,2435,1,1.0,0.73626374,0.97802198,False
2811,117,2436,1,1.0,0.76923077,0.98901099,False
2812,125,2437,1,1.0,0.71428571,0.98901099,False
2813,124,2438,1,1.0,0.62637363,0.98901099,False
2814,121,2439,1,1.0,0.71428571,0.87912088,False
2815,126,2440,1,1.0,0.85714286,1.0,True
2816,132,2441,1,1.0,0.78021978,1.0,False
2817,122,2442,1,1.0,0.74725275,1.0,False
2818,123,2443,1,1.0,0.74725275,0.97802198,False
2820,114,2444,1,1.0,0.81318681,1.0,True
2821,124,2445,1,1.0,0.8021978,1.0,True
2822,126,2446,1,1.0,0.79120879,1.0,False
2823,129,2447,1,1.0,0.76923077,0.97802198,False
2824,126,2448,1,1.0,0.79120879,1.0,False
2825,131,2449,1,1.0,0.72826087,1.0,False
2826,126,2450,1,1.0,0.85714286,1.0,True
2827,122,2451,1,1.0,0.76923077,1.0,False
2828,124,2452,1,1.0,0.78021978,0.98901099,False
2829,127,2453,1,1.0,0.61290323,1.0,False
2830,125,2454,1,1.0,0.82417582,1.0,True
2831,120,2455,1,1.0,0.76923077,0.97802198,False
2832,129,2456,1,1.0,0.81318681,0.98901099,True
2833,118,2457,1,1.0,0.79120879,1.0,False
2834,126,2458,1,1.0,0.82417582,1.0,True
2835,124,2459,1,1.0,0.69230769,1.0,False
2836,129,2460,1,1.0,0.75824176,1.0,False
2837,116,23,84,0.0119047619,0.74725275,0.98901099,False
2838,123,2461,1,1.0,0.8021978,1.0,True
2839,127,2462,1,1.0,0.73626374,1.0,False
2840,127,2463,1,1.0,0.8021978,1.0,True
2841,119,2464,1,1.0,0.71428571,0.97802198,False
2842,122,2465,1,1.0,0.84615385,0.98901099,True
2843,126,2466,1,1.0,0.81318681,1.0,True
2844,125,182,2,0.5,0.82417582,0.98901099,True
2845,120,2467,1,1.0,0.7032967,0.87912088,False
2846,124,2468,1,1.0,0.79120879,0.97802198,False
2847,124,2469,1,1.0,0.68085106,1.0,False
2848,130,2470,1,1.0,0.72527473,1.0,False
2849,125,2471,1,1.0,0.63736264,1.0,False
2850,125,2472,1,1.0,0.8021978,1.0,True
2851,125,2473,1,1.0,0.76923077,1.0,False
2852,126,2474,1,1.0,0.84615385,1.0,True
2853,125,2475,1,1.0,0.74725275,0.98901099,False
2854,125,2476,1,1.0,0.84615385,0.98901099,True
2855,136,2477,1,1.0,0.7826087,0.98901099,False
2856,125,2478,1,1.0,0.76923077,1.0,False
2857,124,2479,1,1.0,0.71428571,1.0,False
2858,129,2480,1,1.0,0.89010989,1.0,True
2859,135,2481,1,1.0,0.75824176,1.0,False
2861,129,2482,1,1.0,0.79120879,1.0,False
2862,121,723,2,0.5,0.73626374,0.98901099,False
2863,125,2483,1,1.0,0.85714286,1.0,True
2864,129,2484,1,1.0,0.68131868,0.98901099,False
2865,123,2485,1,1.0,0.85714286,1.0,True
2866,125,2486,1,1.0,0.81318681,0.98901099,True
2867,126,2487,1,1.0,0.76923077,1.0,False
2868,118,2488,1,1.0,0.72527473,0.97802198,False
2869,132,2489,1,1.0,0.8021978,1.0,True
2870,120,2490,1,1.0,0.73626374,0.98901099,False
2872,126,2491,1,1.0,0.75824176,1.0,False
2873,127,2492,1,1.0,0.84615385,1.0,True
2874,129,2493,1,1.0,0.81318681,1.0,True
2875,120,2494,1,1.0,0.81318681,0.97802198,True
2876,128,2495,1,1.0,0.83516484,0.98901099,True
2877,127,2496,1,1.0,0.73626374,0.98901099,False
2878,123,2497,1,1.0,0.84615385,1.0,True
2879,126,2498,1,1.0,0.83516484,1.0,True
2880,123,2499,1,1.0,0.82417582,0.98901099,True
2881,125,2500,1,1.0,0.7032967,1.0,False
2882,127,2501,1,1.0,0.69892473,1.0,False
2883,115,2502,1,1.0,0.81318681,0.98901099,True
2884,125,2503,1,1.0,0.78021978,1.0,False
2885,131,2504,1,1.0,0.84615385,1.0,True
2886,131,91,6,0.1666666667,0.68131868,1.0,False
2887,132,2505,1,1.0,0.78021978,1.0,False
2888,118,2506,1,1.0,0.86813187,1.0,True
2889,119,2507,1,1.0,0.73626374,0.98901099,False
2890,126,2508,1,1.0,0.79120879,1.0,False
2892,119,2509,1,1.0,0.82417582,1.0,True
2893,127,2510,1,1.0,0.79120879,1.0,False
2894,124,2511,1,1.0,0.83516484,1.0,True
2896,126,2512,1,1.0,0.82417582,0.98901099,True
2897,122,2513,1,1.0,0.78021978,0.97802198,False
2898,126,2514,1,1.0,0.79120879,1.0,False
2899,123,2515,1,1.0,0.84615385,0.97802198,True
2900,128,2516,1,1.0,0.83516484,0.98901099,True
2901,129,2517,2,0.5,0.79120879,1.0,False
2902,127,2518,1,1.0,0.8021978,1.0,True
2903,130,2519,1,1.0,0.8021978,1.0,True
2904,124,2520,1,1.0,0.78021978,1.0,False
2905,130,2521,1,1.0,0.80851064,1.0,True
2906,121,2522,1,1.0,0.76923077,0.97802198,False
2907,130,2523,1,1.0,0.78021978,1.0,False
2908,120,626,16,0.0625,0.61538462,0.87912088,False
2909,125,2524,1,1.0,0.83516484,1.0,True
2910,117,2525,1,1.0,0.76923077,1.0,False
2912,123,2526,1,1.0,0.75824176,0.98901099,False
2913,127,2527,1,1.0,0.8021978,1.0,True
2914,124,2528,1,1.0,0.75824176,1.0,False
2915,128,2529,1,1.0,0.71428571,1.0,False
2916,129,2530,1,1.0,0.86813187,1.0,True
2917,129,2531,1,1.0,0.75824176,0.98901099,False
2918,126,2532,1,1.0,0.8021978,1.0,True
2919,125,2533,1,1.0,0.86813187,0.98901099,True
2920,128,2534,1,1.0,0.76923077,1.0,False
2921,117,2535,1,1.0,0.75824176,0.98901099,False
2922,120,2536,1,1.0,0.74725275,0.87912088,False
2923,122,2537,1,1.0,0.7032967,1.0,False
2924,123,2538,1,1.0,0.74725275,1.0,False
2925,119,2539,1,1.0,0.85714286,0.98901099,True
2926,119,2540,1,1.0,0.79120879,1.0,False
2927,123,2541,1,1.0,0.84615385,1.0,True
2928,123,2542,1,1.0,0.65934066,0.98901099,False
2929,116,2543,1,1.0,0.71428571,0.97802198,False
2930,115,2544,1,1.0,0.75824176,0.96703297,False
2931,132,2545,1,1.0,0.75824176,1.0,False
2932,125,2546,1,1.0,0.63736264,1.0,False
2933,132,2547,1,1.0,0.8021978,1.0,True
2934,126,2548,1,1.0,0.72527473,1.0,False
2935,118,2549,1,1.0,0.72527473,0.97802198,False
2936,125,2550,1,1.0,0.84615385,1.0,True
2938,117,2551,1,1.0,0.74725275,0.98901099,False
2939,118,2552,1,1.0,0.73626374,0.86813187,False
2940,116,23,84,0.0119047619,0.73626374,0.98901099,False
2941,125,2553,1,1.0,0.83516484,0.98901099,True
2942,123,2554,1,1.0,0.82417582,1.0,True
2943,121,2555,1,1.0,0.85714286,0.97802198,True
2944,124,2556,1,1.0,0.75824176,1.0,False
2945,119,2557,1,1.0,0.86813187,1.0,True
2947,120,2558,1,1.0,0.8021978,1.0,True
2948,125,2559,3,0.3333333333,0.8021978,0.98901099,True
2949,130,2560,1,1.0,0.81318681,1.0,True
2950,124,2561,1,1.0,0.79120879,1.0,False
2951,127,2562,1,1.0,0.83516484,0.97802198,True
2952,123,2563,1,1.0,0.81318681,1.0,True
2953,125,2564,1,1.0,0.9010989,1.0,True
2954,126,2565,1,1.0,0.85714286,1.0,True
2955,133,2566,1,1.0,0.74468085,1.0,False
2956,121,2567,1,1.0,0.82417582,1.0,True
2957,130,2568,1,1.0,0.84615385,1.0,True
2958,129,2569,1,1.0,0.75824176,1.0,False
2959,119,2570,1,1.0,0.78021978,1.0,False
2960,129,2571,1,1.0,0.74725275,1.0,False
2961,121,2572,1,1.0,0.8021978,1.0,True
2962,121,2573,1,1.0,0.69230769,0.98901099,False
2963,129,2574,1,1.0,0.84615385,1.0,True
2964,128,2575,1,1.0,0.75824176,1.0,False
2965,118,112,14,0.0714285714,0.74725275,1.0,False
2966,128,2576,1,1.0,0.8021978,0.98901099,True
2967,118,2577,1,1.0,0.79120879,0.97802198,False
2968,120,2578,1,1.0,0.78021978,1.0,False
2970,129,2579,1,1.0,0.69230769,1.0,False
2971,123,2580,1,1.0,0.83516484,1.0,True
2972,122,2581,1,1.0,0.78021978,1.0,False
2973,123,2582,1,1.0,0.89010989,0.98901099,True
2974,121,2583,1,1.0,0.7032967,0.86813187,False
2975,121,2584,1,1.0,0.81318681,1.0,True
2976,131,2585,1,1.0,0.69230769,0.98901099,False
2977,125,2586,1,1.0,0.78021978,1.0,False
2979,125,2587,1,1.0,0.83516484,1.0,True
2980,131,2588,1,1.0,0.74725275,0.98901099,False
2981,121,2589,1,1.0,0.84615385,1.0,True
2982,124,2590,1,1.0,0.74725275,1.0,False
2983,124,2591,1,1.0,0.74725275,1.0,False
2984,116,2592,1,1.0,0.74725275,0.93406593,False
2985,125,2593,1,1.0,0.81521739,0.97802198,True
2986,117,23,84,0.0119047619,0.71428571,1.0,False
2987,128,2594,1,1.0,0.79120879,1.0,False
2988,126,2595,1,1.0,0.85714286,0.98901099,True
2989,125,2596,1,1.0,0.81318681,1.0,True
2990,126,2597,1,1.0,0.78021978,1.0,False
2994,124,2598,1,1.0,0.79120879,0.97802198,False
2995,127,2599,1,1.0,0.71428571,1.0,False
2998,116,23,84,0.0119047619,0.73626374,0.98901099,False
2999,124,2600,1,1.0,0.75824176,0.98901099,False
3000,119,2601,1,1.0,0.84615385,0.98901099,True
3001,133,2602,1,1.0,0.81318681,1.0,True
3002,127,2603,1,1.0,0.78021978,1.0,False
3003,124,2604,1,1.0,0.81318681,1.0,True
3004,123,2605,1,1.0,0.76923077,1.0,False
3005,123,2606,1,1.0,0.79120879,1.0,False
3006,126,2607,1,1.0,0.76923077,1.0,False
3007,128,2608,1,1.0,0.82417582,1.0,True
3009,116,23,84,0.0119047619,0.72527473,0.98901099,False
3010,127,2609,1,1.0,0.79120879,0.97802198,False
3012,126,2610,1,1.0,0.83516484,1.0,True
3013,130,2611,1,1.0,0.72043011,1.0,False
3014,131,2612,1,1.0,0.83516484,1.0,True
3016,131,2613,1,1.0,0.84615385,1.0,True
3017,114,2614,1,1.0,0.74725275,1.0,False
3018,122,2615,1,1.0,0.7032967,1.0,False
3019,118,2616,1,1.0,0.81318681,1.0,True
3020,128,2617,1,1.0,0.8021978,1.0,True
3021,128,2618,1,1.0,0.78021978,1.0,False
3022,117,1548,2,0.5,0.76923077,0.94505495,False
3023,127,2619,1,1.0,0.74725275,1.0,False
3024,126,2620,1,1.0,0.85714286,1.0,True
3025,126,2621,1,1.0,0.85714286,1.0,True
3026,118,2622,1,1.0,0.73404255,0.95604396,False
3027,116,2623,1,1.0,0.82417582,1.0,True
3028,129,2624,1,1.0,0.81318681,1.0,True
3029,120,2625,1,1.0,0.75824176,1.0,False
3030,114,2626,1,1.0,0.74725275,0.98901099,False
3031,125,2627,1,1.0,0.8021978,1.0,True
3032,124,2628,1,1.0,0.8021978,1.0,True
3033,127,2629,1,1.0,0.78021978,0.97802198,False
3034,123,2630,1,1.0,0.78021978,0.97802198,False
3035,127,2631,1,1.0,0.76923077,1.0,False
3036,124,2632,1,1.0,0.75824176,1.0,False
3037,128,2633,1,1.0,0.79120879,0.98901099,False
3038,115,2634,1,1.0,0.75824176,0.97802198,False
3039,128,2635,1,1.0,0.82417582,1.0,True
3040,129,2636,1,1.0,0.7826087,1.0,False
3041,129,2637,1,1.0,0.76923077,1.0,False
3043,129,2638,1,1.0,0.79120879,0.98901099,False
3044,132,2639,1,1.0,0.8021978,0.98901099,True
3045,129,2640,1,1.0,0.78021978,0.98901099,False
3046,113,2641,1,1.0,0.71428571,0.97802198,False
3047,126,2642,1,1.0,0.82417582,0.98901099,True
3048,117,2643,1,1.0,0.78021978,1.0,False
3049,123,2644,1,1.0,0.81318681,1.0,True
3050,119,2645,1,1.0,0.79120879,0.98901099,False
3051,124,2646,1,1.0,0.75824176,1.0,False
3052,122,2647,1,1.0,0.8021978,0.98901099,True
3053,128,393,6,0.1666666667,0.74725275,1.0,False
3054,131,2648,1,1.0,0.81318681,1.0,True
3055,115,2649,1,1.0,0.83516484,1.0,True
3056,128,2650,1,1.0,0.79120879,1.0,False
3057,125,2651,1,1.0,0.80434783,0.98901099,True
3058,132,2652,1,1.0,0.79120879,1.0,False
3060,116,2653,1,1.0,0.74725275,1.0,False
3061,118,23,84,0.0119047619,0.74193548,0.98901099,False
3062,123,2654,1,1.0,0.8021978,1.0,True
3063,136,2655,1,1.0,0.74725275,0.97802198,False
3064,124,2656,1,1.0,0.78021978,1.0,False
3065,123,2657,1,1.0,0.72527473,0.98901099,False
3066,128,2658,1,1.0,0.8021978,0.98901099,True
3067,129,2659,1,1.0,0.76923077,1.0,False
3068,125,2660,1,1.0,0.8021978,1.0,True
3070,118,2661,1,1.0,0.82417582,0.98901099,True
3071,125,2662,1,1.0,0.8021978,1.0,True
3072,119,2663,1,1.0,0.7032967,0.98901099,False
3074,122,2664,1,1.0,0.82417582,0.97802198,True
3076,126,2665,1,1.0,0.78021978,0.97802198,False
3077,119,23,84,0.0119047619,0.69892473,1.0,False
3078,119,2666,1,1.0,0.83516484,1.0,True
3079,117,2667,2,0.5,0.72527473,1.0,False
3080,128,2668,1,1.0,0.75824176,1.0,False
3081,121,2669,1,1.0,0.8021978,0.98901099,True
3082,131,2670,1,1.0,0.83516484,1.0,True
3083,121,2671,1,1.0,0.78021978,0.98901099,False
3084,123,2672,1,1.0,0.79120879,1.0,False
3086,128,2673,1,1.0,0.84615385,1.0,True
3087,126,2674,1,1.0,0.7032967,1.0,False
3088,125,2675,1,1.0,0.7311828,0.97802198,False
3089,128,2676,1,1.0,0.86813187,1.0,True
3090,123,2677,1,1.0,0.79120879,1.0,False
3091,128,2678,1,1.0,0.69230769,0.98901099,False
3092,131,2679,1,1.0,0.69072165,0.97802198,False
3093,115,2680,1,1.0,0.73626374,1.0,False
3094,128,2681,1,1.0,0.81318681,1.0,True
3095,124,2682,1,1.0,0.73626374,0.98901099,False
3096,123,2683,1,1.0,0.79120879,1.0,False
3097,128,2684,1,1.0,0.84615385,0.97802198,True
3098,124,2685,1,1.0,0.73626374,1.0,False
3100,127,2686,1,1.0,0.83516484,0.98901099,True
3101,119,269,3,0.3333333333,0.73626374,1.0,False
3102,122,2687,1,1.0,0.79120879,0.98901099,False
3103,121,2688,1,1.0,0.81318681,1.0,True
3104,125,2689,1,1.0,0.76923077,0.98901099,False
3105,127,2690,1,1.0,0.78021978,1.0,False
3106,120,2691,1,1.0,0.87912088,0.97802198,True
3107,129,2692,1,1.0,0.75824176,1.0,False
3108,130,2693,1,1.0,0.76923077,1.0,False
3109,132,2694,1,1.0,0.79120879,1.0,False
3110,116,23,84,0.0119047619,0.75824176,0.98901099,False
3111,126,2695,1,1.0,0.84615385,1.0,True
3112,131,2696,1,1.0,0.76923077,0.98901099,False
3113,131,2697,1,1.0,0.79120879,1.0,False
3114,122,2698,1,1.0,0.78021978,1.0,False
3115,123,2699,1,1.0,0.87912088,1.0,True
3116,115,2700,1,1.0,0.67368421,0.98901099,False
3117,120,2701,1,1.0,0.83516484,0.98901099,True
3118,122,2052,3,0.3333333333,0.72527473,1.0,False
3119,119,2702,1,1.0,0.83516484,1.0,True
3120,128,2703,1,1.0,0.85714286,1.0,True
3121,127,2704,1,1.0,0.79120879,0.98901099,False
3122,123,2705,1,1.0,0.7826087,0.97802198,False
3123,124,2706,1,1.0,0.79120879,1.0,False
3124,117,2707,1,1.0,0.75824176,1.0,False
3125,127,2708,1,1.0,0.76923077,0.97802198,False
3126,130,2709,1,1.0,0.76923077,1.0,False
3127,126,2710,1,1.0,0.85714286,1.0,True
3128,121,2711,1,1.0,0.79120879,1.0,False
3129,119,2712,1,1.0,0.76923077,1.0,False
3130,122,2713,1,1.0,0.73626374,1.0,False
3131,125,2714,1,1.0,0.8021978,1.0,True
3132,132,2715,1,1.0,0.75824176,1.0,False
3133,122,2716,1,1.0,0.82417582,1.0,True
3134,123,2717,1,1.0,0.78021978,0.98901099,False
3135,126,2718,1,1.0,0.73626374,1.0,False
3136,123,2719,1,1.0,0.84615385,1.0,True
3137,126,2720,1,1.0,0.84615385,1.0,True
3138,127,2721,1,1.0,0.82417582,0.98901099,True
3139,111,2722,1,1.0,0.78021978,1.0,False
3140,124,2723,1,1.0,0.74725275,0.98901099,False
3141,128,2724,1,1.0,0.79120879,0.98901099,False
3143,121,2725,1,1.0,0.83516484,0.95604396,True
3144,112,2726,1,1.0,0.72527473,0.98901099,False
3145,128,2727,1,1.0,0.75824176,0.98901099,False
3146,128,2728,1,1.0,0.72527473,1.0,False
3147,111,2729,1,1.0,0.68131868,0.87912088,False
3148,125,2730,1,1.0,0.83516484,1.0,True
3149,129,2731,1,1.0,0.73626374,1.0,False
3150,124,2732,1,1.0,0.8021978,1.0,True
3152,118,2733,2,0.5,0.72527473,1.0,False
3153,130,2734,1,1.0,0.73404255,1.0,False
3154,124,2735,1,1.0,0.81318681,1.0,True
3155,124,2736,1,1.0,0.74725275,0.98901099,False
3156,127,2737,1,1.0,0.78021978,1.0,False
3158,126,2738,1,1.0,0.82417582,1.0,True
3159,119,2739,1,1.0,0.82417582,1.0,True
3160,129,2740,1,1.0,0.75824176,1.0,False
3161,127,2741,1,1.0,0.81318681,1.0,True
3162,126,2742,1,1.0,0.84615385,0.98901099,True
3163,124,2743,1,1.0,0.75824176,1.0,False
3164,124,2744,1,1.0,0.82417582,1.0,True
3165,127,2745,1,1.0,0.74725275,0.98901099,False
3166,122,2746,1,1.0,0.78021978,0.98901099,False
3167,119,333,6,0.1666666667,0.68131868,1.0,False
3168,120,2747,1,1.0,0.81318681,0.97802198,True
3169,125,2748,1,1.0,0.79120879,0.98901099,False
3170,129,2749,2,0.5,0.76923077,1.0,False
3171,121,2750,1,1.0,0.81318681,0.98901099,True
3172,122,218,6,0.1666666667,0.8021978,0.98901099,True
3173,119,2751,1,1.0,0.79120879,1.0,False
3174,122,2752,1,1.0,0.83516484,0.97802198,True
3175,121,2753,1,1.0,0.78021978,0.98901099,False
3176,122,2754,1,1.0,0.68085106,1.0,False
3177,124,2755,1,1.0,0.76923077,1.0,False
3178,125,2756,1,1.0,0.82417582,1.0,True
3180,120,2757,1,1.0,0.78021978,0.97802198,False
3181,128,2758,1,1.0,0.8021978,1.0,True
3182,124,2054,2,0.5,0.75824176,1.0,False
3183,118,2759,1,1.0,0.72527473,1.0,False
3184,118,2760,1,1.0,0.78021978,0.98901099,False
3185,122,2761,1,1.0,0.65217391,0.98901099,False
3186,125,2762,1,1.0,0.79120879,0.98901099,False
3187,122,2763,1,1.0,0.81318681,0.98901099,True
3188,129,2764,1,1.0,0.76923077,1.0,False
3189,129,2765,1,1.0,0.85714286,1.0,True
3190,129,592,2,0.5,0.79120879,0.98901099,False
3191,120,2766,1,1.0,0.84615385,1.0,True
3192,116,2767,2,0.5,0.78021978,0.97802198,False
3193,119,2768,1,1.0,0.78021978,1.0,False
3194,126,2769,1,1.0,0.75824176,0.98901099,False
3195,120,2770,1,1.0,0.65934066,0.86813187,False
3196,117,2771,1,1.0,0.76923077,1.0,False
3197,119,2772,1,1.0,0.64835165,0.93406593,False
3198,131,2773,1,1.0,0.84615385,0.98901099,True
3200,121,478,6,0.1666666667,0.75824176,1.0,False
3201,128,2774,1,1.0,0.8021978,1.0,True
3203,120,2775,1,1.0,0.78021978,1.0,False
3204,124,2776,2,0.5,0.62637363,0.98901099,False
3205,118,333,6,0.1666666667,0.7032967,0.98901099,False
3206,117,2777,1,1.0,0.69230769,0.98901099,False
3207,123,2778,1,1.0,0.82417582,1.0,True
3208,125,2779,1,1.0,0.81318681,1.0,True
3209,126,2780,1,1.0,0.79120879,0.98901099,False
3210,128,2390,2,0.5,0.8021978,0.98901099,True
3211,124,2781,1,1.0,0.81318681,1.0,True
3212,119,626,16,0.0625,0.65934066,0.86813187,False
3213,130,2782,1,1.0,0.76923077,1.0,False
3214,126,2783,1,1.0,0.76923077,1.0,False
3215,130,2784,1,1.0,0.7826087,0.98901099,False
3216,129,2785,1,1.0,0.72527473,1.0,False
3217,125,2786,1,1.0,0.73626374,0.98901099,False
3218,127,2787,1,1.0,0.75824176,1.0,False
3219,130,2788,1,1.0,0.72527473,0.98901099,False
3220,125,2789,1,1.0,0.8021978,1.0,True
3221,130,85,5,0.2,0.8021978,1.0,True
3222,118,2790,1,1.0,0.82417582,1.0,True
3223,128,2791,1,1.0,0.78021978,1.0,False
3224,134,2792,1,1.0,0.72527473,1.0,False
3226,131,2793,1,1.0,0.81318681,1.0,True
3228,124,2794,1,1.0,0.8021978,0.97802198,True
3229,127,2795,1,1.0,0.75824176,1.0,False
3230,126,2796,1,1.0,0.78021978,1.0,False
3231,124,2797,1,1.0,0.75824176,1.0,False
3232,128,2798,1,1.0,0.76923077,1.0,False
3233,134,2799,1,1.0,0.82417582,1.0,True
3234,116,23,84,0.0119047619,0.72527473,0.98901099,False
3235,125,2800,1,1.0,0.76923077,1.0,False
3236,122,2801,1,1.0,0.79347826,0.98901099,False
3237,126,2802,1,1.0,0.75824176,1.0,False
3238,122,2803,1,1.0,0.8021978,0.98901099,True
3239,120,2804,1,1.0,0.81318681,0.96703297,True
3241,123,2805,1,1.0,0.83516484,1.0,True
3242,117,198,5,0.2,0.73626374,0.97802198,False
3243,128,2806,1,1.0,0.84615385,1.0,True
3244,124,2807,1,1.0,0.78021978,0.96703297,False
3245,128,2808,1,1.0,0.73626374,0.98901099,False
3246,123,2809,1,1.0,0.74725275,1.0,False
3247,122,2810,1,1.0,0.81318681,1.0,True
3248,125,2811,1,1.0,0.85714286,1.0,True
3249,109,2812,1,1.0,0.73626374,0.85714286,False
3250,127,2813,1,1.0,0.81318681,1.0,True
3252,120,2814,1,1.0,0.65934066,1.0,False
3253,121,2815,1,1.0,0.82417582,0.97802198,True
3254,130,534,2,0.5,0.78021978,1.0,False
3255,127,2816,1,1.0,0.76923077,1.0,False
3256,124,2817,1,1.0,0.78021978,1.0,False
3257,121,2818,1,1.0,0.78021978,1.0,False
3258,125,2819,1,1.0,0.84615385,1.0,True
3259,118,2820,1,1.0,0.74725275,1.0,False
3261,114,2821,1,1.0,0.78021978,0.95604396,False
3262,124,2822,1,1.0,0.82417582,1.0,True
3263,123,2823,1,1.0,0.84615385,0.97802198,True
3264,127,2824,1,1.0,0.82417582,1.0,True
3265,122,2825,1,1.0,0.78021978,1.0,False
3266,121,2826,1,1.0,0.79120879,0.97802198,False
3267,128,2827,1,1.0,0.84615385,1.0,True
3268,124,2828,1,1.0,0.81318681,0.98901099,True
3269,125,2829,1,1.0,0.78021978,1.0,False
3270,131,2830,1,1.0,0.8021978,1.0,True
3271,124,2831,1,1.0,0.81318681,1.0,True
3272,120,2832,1,1.0,0.79120879,1.0,False
3273,122,218,6,0.1666666667,0.78021978,0.98901099,False
3274,123,2833,1,1.0,0.78021978,1.0,False
3275,116,2834,1,1.0,0.79120879,0.97802198,False
3276,128,2835,1,1.0,0.81318681,1.0,True
3277,116,23,84,0.0119047619,0.72527473,0.98901099,False
3278,126,2836,1,1.0,0.79120879,1.0,False
3279,119,2837,2,0.5,0.72527473,0.98901099,False
3280,114,2838,1,1.0,0.81318681,0.95604396,True
3281,117,23,84,0.0119047619,0.75824176,1.0,False
3282,123,2839,1,1.0,0.82417582,1.0,True
3283,122,2840,1,1.0,0.83516484,0.98901099,True
3284,118,2841,1,1.0,0.75824176,1.0,False
3285,127,2842,1,1.0,0.85714286,1.0,True
3286,125,2843,1,1.0,0.75824176,1.0,False
3287,132,2844,1,1.0,0.84615385,1.0,True
3288,136,2845,1,1.0,0.78021978,1.0,False
3289,124,2846,1,1.0,0.79120879,1.0,False
3291,120,626,16,0.0625,0.65934066,0.87912088,False
3292,123,2847,1,1.0,0.79120879,0.98901099,False
3294,126,2848,1,1.0,0.86813187,1.0,True
3295,118,2849,1,1.0,0.72527473,0.85714286,False
3296,123,2850,1,1.0,0.87912088,1.0,True
3297,120,2851,1,1.0,0.71428571,1.0,False
3298,123,2852,1,1.0,0.73626374,1.0,False
3299,124,2853,1,1.0,0.85714286,0.97802198,True
3300,120,2854,1,1.0,0.78021978,1.0,False
3301,129,2855,1,1.0,0.82417582,0.98901099,True
3303,123,2856,1,1.0,0.79120879,0.98901099,False
3304,127,2113,3,0.3333333333,0.71428571,1.0,False
3305,122,2857,1,1.0,0.78021978,0.98901099,False
3306,129,2858,1,1.0,0.78021978,1.0,False
3307,129,2859,1,1.0,0.83516484,1.0,True
3308,125,2860,1,1.0,0.83516484,0.98901099,True
3309,124,2861,1,1.0,0.73626374,0.98901099,False
3310,124,2862,1,1.0,0.76923077,1.0,False
3311,118,2863,1,1.0,0.76923077,1.0,False
3312,127,2864,1,1.0,0.68421053,1.0,False
3313,128,2865,1,1.0,0.79120879,0.98901099,False
3314,123,2866,1,1.0,0.76923077,0.98901099,False
3315,120,626,16,0.0625,0.65934066,0.87912088,False
3316,120,626,16,0.0625,0.62637363,0.87912088,False
3317,120,2867,1,1.0,0.68131868,0.97802198,False
3318,119,23,84,0.0119047619,0.72043011,1.0,False
3319,123,2868,1,1.0,0.76923077,0.97802198,False
3320,124,2776,2,0.5,0.63736264,0.96703297,False
3321,124,2869,1,1.0,0.8021978,1.0,True
3322,127,2870,1,1.0,0.82417582,1.0,True
3323,126,2871,1,1.0,0.7032967,0.98901099,False
3324,121,2872,1,1.0,0.83516484,0.97802198,True
3325,123,2873,1,1.0,0.8021978,0.98901099,True
3326,130,2874,1,1.0,0.81318681,0.98901099,True
3327,123,2875,1,1.0,0.82417582,1.0,True
3328,117,2876,1,1.0,0.79120879,1.0,False
3329,130,2877,1,1.0,0.81318681,1.0,True
3330,133,2878,1,1.0,0.8021978,1.0,True
3331,120,2879,1,1.0,0.75824176,0.97802198,False
3332,122,2880,1,1.0,0.81318681,0.98901099,True
3333,128,2881,1,1.0,0.78021978,1.0,False
3334,125,2882,1,1.0,0.78021978,0.97802198,False
3335,123,2883,1,1.0,0.74725275,0.97802198,False
3336,120,2884,1,1.0,0.69230769,0.87912088,False
3337,126,2885,1,1.0,0.8021978,0.98901099,True
3338,127,2886,1,1.0,0.71428571,0.98901099,False
3339,115,847,3,0.3333333333,0.7032967,0.98901099,False
3341,127,2887,1,1.0,0.8021978,1.0,True
3342,118,2888,1,1.0,0.81318681,1.0,True
3344,127,2889,2,0.5,0.79120879,1.0,False
3345,123,2890,1,1.0,0.79120879,0.98901099,False
3346,125,2891,1,1.0,0.8021978,0.97802198,True
3347,133,2892,1,1.0,0.78021978,1.0,False
3348,121,2893,1,1.0,0.83516484,0.98901099,True
3349,122,2894,1,1.0,0.82417582,1.0,True
3350,126,2895,1,1.0,0.81318681,1.0,True
3351,126,2896,1,1.0,0.73626374,1.0,False
3352,128,1996,2,0.5,0.83516484,0.98901099,True
3353,121,2897,1,1.0,0.76923077,0.97802198,False
3354,123,2898,1,1.0,0.86813187,1.0,True
3355,118,2899,1,1.0,0.78021978,1.0,False
3356,128,2900,1,1.0,0.78021978,0.98901099,False
3357,123,1164,3,0.3333333333,0.76923077,1.0,False
3358,116,2901,1,1.0,0.8021978,1.0,True
3359,133,2902,1,1.0,0.74468085,1.0,False
3360,133,2903,1,1.0,0.75824176,1.0,False
3361,116,2904,1,1.0,0.74725275,0.98901099,False
3362,119,2905,1,1.0,0.65934066,0.97802198,False
3363,125,2906,1,1.0,0.8021978,0.98901099,True
3364,122,2907,1,1.0,0.79120879,0.98901099,False
3365,119,2908,1,1.0,0.69230769,1.0,False
3366,124,2909,1,1.0,0.75824176,1.0,False
3367,127,380,3,0.3333333333,0.76923077,0.98901099,False
3368,124,2910,1,1.0,0.81318681,1.0,True
3369,118,2911,1,1.0,0.76923077,1.0,False
3370,123,2431,2,0.5,0.79120879,1.0,False
3371,125,2912,1,1.0,0.85714286,1.0,True
3372,127,2913,1,1.0,0.81318681,1.0,True
3373,132,2914,1,1.0,0.72527473,1.0,False
3374,123,2915,1,1.0,0.82417582,1.0,True
3375,127,2916,1,1.0,0.73404255,0.97802198,False
3376,127,2917,1,1.0,0.83516484,1.0,True
3377,119,2918,1,1.0,0.8021978,1.0,True
3378,128,2919,1,1.0,0.72527473,1.0,False
3379,128,2920,1,1.0,0.8021978,1.0,True
3380,123,2921,1,1.0,0.78021978,0.98901099,False
3383,120,2922,1,1.0,0.86813187,0.98901099,True
3384,128,2923,1,1.0,0.78021978,1.0,False
3385,127,2924,1,1.0,0.73626374,1.0,False
3386,130,2925,1,1.0,0.8021978,1.0,True
3387,126,2926,1,1.0,0.74725275,1.0,False
3388,119,2927,1,1.0,0.67032967,1.0,False
3389,125,2928,2,0.5,0.76923077,1.0,False
3390,123,2929,1,1.0,0.76923077,0.97802198,False
3391,134,2930,1,1.0,0.76923077,1.0,False
3392,124,2931,1,1.0,0.79120879,0.97802198,False
3393,127,2932,1,1.0,0.8021978,1.0,True
3394,118,2933,1,1.0,0.81318681,0.98901099,True
3395,126,2934,1,1.0,0.79120879,1.0,False
3396,123,2935,1,1.0,0.81318681,0.98901099,True
3397,122,2936,1,1.0,0.71428571,1.0,False
3398,131,2937,1,1.0,0.76923077,1.0,False
3399,127,2938,1,1.0,0.71428571,1.0,False
3400,126,2939,1,1.0,0.81318681,1.0,True
3401,130,2940,1,1.0,0.79120879,1.0,False
3402,119,2941,1,1.0,0.84615385,1.0,True
3403,131,2942,1,1.0,0.75824176,1.0,False
3404,129,2943,1,1.0,0.83516484,0.98901099,True
3405,122,2944,1,1.0,0.86813187,0.98901099,True
3406,132,2945,1,1.0,0.84615385,0.98901099,True
3407,133,2946,1,1.0,0.78021978,1.0,False
3408,115,2947,1,1.0,0.78021978,0.98901099,False
3409,122,2948,1,1.0,0.85714286,1.0,True
3410,125,2949,1,1.0,0.72527473,1.0,False
3411,127,2950,1,1.0,0.82417582,0.98901099,True
3412,131,2951,1,1.0,0.73626374,0.98901099,False
3413,119,2952,1,1.0,0.76923077,0.94505495,False
3414,123,2953,1,1.0,0.76923077,0.97802198,False
3415,123,2954,1,1.0,0.74725275,1.0,False
3416,117,2767,2,0.5,0.78021978,0.98901099,False
3417,131,2955,1,1.0,0.79120879,1.0,False
3418,123,126,10,0.1,0.8021978,1.0,True
3419,122,2956,1,1.0,0.82417582,1.0,True
3420,124,2957,1,1.0,0.81318681,1.0,True
3421,119,2958,1,1.0,0.7032967,0.96703297,False
3422,116,2959,1,1.0,0.79120879,0.98901099,False
3423,115,198,5,0.2,0.71428571,0.95604396,False
3424,126,2960,1,1.0,0.85714286,1.0,True
3425,118,2961,1,1.0,0.79120879,1.0,False
3427,126,2962,1,1.0,0.79120879,1.0,False
3429,119,2963,1,1.0,0.70212766,0.97802198,False
3430,127,2964,1,1.0,0.81318681,1.0,True
3431,123,2965,1,1.0,0.82417582,0.98901099,True
3432,129,2966,1,1.0,0.76923077,0.98901099,False
3434,125,2967,1,1.0,0.83516484,1.0,True
3435,132,982,2,0.5,0.78021978,1.0,False
3436,133,2968,1,1.0,0.78021978,1.0,False
3437,121,2969,1,1.0,0.8021978,0.98901099,True
3438,122,2970,1,1.0,0.8021978,1.0,True
3439,131,2971,1,1.0,0.73626374,1.0,False
3440,122,2972,1,1.0,0.82417582,0.98901099,True
3441,124,2973,1,1.0,0.73626374,1.0,False
3442,126,2974,1,1.0,0.81521739,0.98901099,True
3443,122,2975,1,1.0,0.82417582,1.0,True
3444,125,2976,1,1.0,0.78021978,0.97802198,False
3445,119,1679,2,0.5,0.74725275,0.97802198,False
3446,115,2977,1,1.0,0.81318681,0.98901099,True
3447,129,2978,1,1.0,0.8021978,1.0,True
3448,122,2979,1,1.0,0.84615385,1.0,True
3449,128,2980,1,1.0,0.78021978,1.0,False
3450,123,2981,1,1.0,0.78021978,0.98901099,False
3452,118,626,16,0.0625,0.63736264,0.85714286,False
3453,129,2982,1,1.0,0.8021978,0.98901099,True
3454,128,2983,1,1.0,0.72527473,0.98901099,False
3455,126,2984,1,1.0,0.72527473,0.98901099,False
3456,123,2985,1,1.0,0.78021978,0.97802198,False
3457,123,2986,1,1.0,0.82417582,1.0,True
3458,124,673,5,0.2,0.72826087,0.98901099,False
3460,127,2987,1,1.0,0.85714286,0.98901099,True
3461,129,2988,1,1.0,0.74725275,1.0,False
3462,117,2989,1,1.0,0.8021978,1.0,True
3463,116,2990,1,1.0,0.79120879,0.98901099,False
3465,125,2991,1,1.0,0.71428571,1.0,False
3466,119,2992,1,1.0,0.81318681,1.0,True
3467,123,1764,2,0.5,0.83516484,0.98901099,True
3469,127,2993,1,1.0,0.8021978,1.0,True
3470,130,2994,1,1.0,0.81318681,0.98901099,True
3471,124,2995,1,1.0,0.75824176,1.0,False
3472,128,2996,1,1.0,0.85714286,1.0,True
3473,127,2997,1,1.0,0.78021978,1.0,False
3474,124,2998,1,1.0,0.68131868,1.0,False
3475,129,2999,1,1.0,0.74725275,1.0,False
3476,124,3000,1,1.0,0.78021978,0.98901099,False
3477,130,3001,1,1.0,0.8021978,1.0,True
3478,126,3002,1,1.0,0.72527473,0.91208791,False
3479,126,3003,1,1.0,0.81318681,1.0,True
3480,117,3004,1,1.0,0.75824176,0.98901099,False
3482,128,3005,1,1.0,0.71428571,1.0,False
3483,125,3006,1,1.0,0.72527473,1.0,False
3484,126,3007,1,1.0,0.73626374,1.0,False
3485,125,3008,1,1.0,0.81318681,1.0,True
3486,120,3009,1,1.0,0.81318681,0.98901099,True
3487,121,478,6,0.1666666667,0.74725275,1.0,False
3488,124,3010,1,1.0,0.81318681,1.0,True
3489,125,3011,1,1.0,0.81318681,1.0,True
3490,131,3012,1,1.0,0.8021978,1.0,True
3491,119,3013,1,1.0,0.74725275,0.98901099,False
3492,127,3014,1,1.0,0.79120879,0.98901099,False
3493,130,3015,1,1.0,0.82417582,1.0,True
3494,116,3016,1,1.0,0.67032967,0.93406593,False
3495,131,3017,1,1.0,0.73626374,1.0,False
3496,124,3018,1,1.0,0.81318681,0.98901099,True
3497,117,3019,1,1.0,0.83516484,0.98901099,True
3498,133,3020,1,1.0,0.74725275,0.98901099,False
3499,124,3021,1,1.0,0.81318681,0.98901099,True
3500,126,3022,1,1.0,0.78021978,1.0,False
3501,119,3023,1,1.0,0.79120879,0.98901099,False
3502,118,3024,1,1.0,0.74725275,1.0,False
3503,126,3025,1,1.0,0.78021978,0.98901099,False
3504,129,2517,2,0.5,0.73626374,0.98901099,False
3505,125,3026,1,1.0,0.74725275,0.96703297,False
3506,128,3027,1,1.0,0.81318681,1.0,True
3507,128,3028,1,1.0,0.76923077,1.0,False
3508,123,3029,1,1.0,0.81318681,1.0,True
3509,125,3030,1,1.0,0.7032967,1.0,False
3510,123,3031,1,1.0,0.79120879,0.98901099,False
3511,125,3032,1,1.0,0.8021978,1.0,True
3512,131,3033,1,1.0,0.7826087,1.0,False
3513,125,3034,1,1.0,0.68478261,1.0,False
3514,126,3035,1,1.0,0.72527473,1.0,False
3515,130,3036,1,1.0,0.76923077,1.0,False
3516,116,23,84,0.0119047619,0.72527473,0.98901099,False
3517,125,2559,3,0.3333333333,0.81318681,0.98901099,True
3518,129,3037,1,1.0,0.8021978,1.0,True
3519,115,3038,1,1.0,0.61538462,0.98901099,False
3520,119,3039,1,1.0,0.81318681,0.97802198,True
3521,118,3040,1,1.0,0.73626374,0.98901099,False
3522,131,3041,1,1.0,0.85714286,1.0,True
3524,125,3042,1,1.0,0.67032967,1.0,False
3525,122,3043,1,1.0,0.81318681,1.0,True
3526,116,3044,1,1.0,0.71428571,0.98901099,False
3527,132,3045,1,1.0,0.76923077,1.0,False
3528,123,3046,1,1.0,0.81318681,0.98901099,True
3529,136,3047,1,1.0,0.75824176,1.0,False
3530,124,3048,1,1.0,0.76923077,0.98901099,False
3531,123,3049,1,1.0,0.74725275,1.0,False
3532,128,3050,1,1.0,0.72527473,0.98901099,False
3533,123,3051,1,1.0,0.8021978,1.0,True
3534,122,3052,1,1.0,0.79120879,1.0,False
3535,128,3053,1,1.0,0.72916667,1.0,False
3536,127,3054,1,1.0,0.74725275,1.0,False
3537,126,3055,1,1.0,0.75824176,1.0,False
3538,124,3056,1,1.0,0.7032967,1.0,False
3539,128,3057,1,1.0,0.82417582,1.0,True
3540,133,3058,1,1.0,0.75824176,0.98901099,False
3541,125,3059,1,1.0,0.73626374,1.0,False
3542,118,3060,1,1.0,0.72527473,1.0,False
3543,116,23,84,0.0119047619,0.73626374,0.98901099,False
3545,132,3061,1,1.0,0.76923077,1.0,False
3547,125,3062,1,1.0,0.74725275,1.0,False
3548,125,3063,1,1.0,0.75268817,0.97802198,False
3549,126,3064,1,1.0,0.75824176,1.0,False
3550,125,3065,1,1.0,0.78021978,1.0,False
3551,121,3066,1,1.0,0.75824176,0.98901099,False
3552,128,3067,1,1.0,0.79120879,0.98901099,False
3553,125,3068,1,1.0,0.76923077,1.0,False
3554,117,3069,1,1.0,0.79120879,1.0,False
3555,113,3070,1,1.0,0.78021978,0.97802198,False
3556,126,3071,1,1.0,0.76923077,0.96703297,False
3557,129,3072,1,1.0,0.72527473,1.0,False
3558,126,3073,1,1.0,0.84615385,1.0,True
3559,122,3074,1,1.0,0.74725275,1.0,False
3561,127,3075,1,1.0,0.81318681,1.0,True
3562,124,3076,1,1.0,0.82417582,0.97802198,True
3563,116,3077,1,1.0,0.79120879,0.98901099,False
3564,122,3078,1,1.0,0.84615385,1.0,True
3565,127,3079,1,1.0,0.74725275,0.97802198,False
3566,120,3080,1,1.0,0.71428571,1.0,False
3567,130,3081,1,1.0,0.68131868,1.0,False
3568,124,3082,1,1.0,0.8021978,1.0,True
3569,130,3083,1,1.0,0.81318681,1.0,True
3570,133,3084,1,1.0,0.69230769,1.0,False
3571,122,3085,1,1.0,0.75824176,0.98901099,False
3572,124,3086,1,1.0,0.75824176,0.98901099,False
3573,128,3087,1,1.0,0.81318681,1.0,True
3574,120,3088,1,1.0,0.67032967,0.98901099,False
3575,125,3089,1,1.0,0.84615385,1.0,True
3576,119,3090,1,1.0,0.75824176,0.98901099,False
3577,126,3091,1,1.0,0.79120879,1.0,False
3578,126,3092,1,1.0,0.84615385,1.0,True
3579,124,3093,1,1.0,0.82417582,1.0,True
3580,123,3094,1,1.0,0.78021978,0.98901099,False
3581,125,3095,1,1.0,0.78021978,0.98901099,False
3582,125,3096,1,1.0,0.73626374,0.98901099,False
3583,130,3097,1,1.0,0.78021978,0.97802198,False
3584,116,3098,1,1.0,0.8021978,1.0,True
3585,116,3099,1,1.0,0.75824176,1.0,False
3586,119,3100,1,1.0,0.78021978,1.0,False
3587,124,3101,1,1.0,0.81318681,1.0,True
3589,130,3102,1,1.0,0.82417582,1.0,True
3590,130,3103,1,1.0,0.82417582,1.0,True
3591,125,3104,1,1.0,0.75824176,1.0,False
3592,130,3105,1,1.0,0.76923077,0.98901099,False
3593,120,3106,1,1.0,0.72527473,0.87912088,False
3595,129,3107,1,1.0,0.74725275,0.98901099,False
3596,120,3108,1,1.0,0.71428571,1.0,False
3597,132,3109,1,1.0,0.74725275,1.0,False
3598,124,3110,1,1.0,0.75824176,1.0,False
3599,123,3111,1,1.0,0.71428571,0.97802198,False
3600,128,3112,1,1.0,0.71428571,1.0,False
3601,127,3113,1,1.0,0.82417582,0.97802198,True
3602,119,3114,1,1.0,0.76923077,1.0,False
3604,121,3115,1,1.0,0.72527473,1.0,False
3605,128,3116,1,1.0,0.79120879,0.98901099,False
3606,116,3117,1,1.0,0.76923077,0.97802198,False
3607,121,3118,1,1.0,0.84615385,1.0,True
3608,123,3119,1,1.0,0.7311828,1.0,False
3609,122,3120,1,1.0,0.71428571,1.0,False
3610,126,3121,1,1.0,0.74725275,1.0,False
3611,118,3122,1,1.0,0.8021978,1.0,True
3612,123,3123,1,1.0,0.89010989,1.0,True
3613,124,2116,3,0.3333333333,0.74725275,1.0,False
3614,125,3124,1,1.0,0.83516484,0.98901099,True
3616,127,3125,1,1.0,0.7826087,1.0,False
3617,124,3126,1,1.0,0.74725275,0.96703297,False
3618,121,3127,1,1.0,0.84615385,1.0,True
3619,123,3128,1,1.0,0.74725275,1.0,False
3620,121,3129,1,1.0,0.83516484,0.98901099,True
3621,127,393,6,0.1666666667,0.75824176,1.0,False
3622,130,3130,1,1.0,0.74725275,1.0,False
3623,126,3131,1,1.0,0.76923077,1.0,False
3625,123,1693,2,0.5,0.74725275,1.0,False
3626,122,3132,1,1.0,0.73626374,1.0,False
3627,128,3133,1,1.0,0.8021978,0.97802198,True
3629,125,3134,1,1.0,0.78021978,1.0,False
3630,117,3135,1,1.0,0.81318681,1.0,True
3631,130,3136,1,1.0,0.74725275,0.98901099,False
3632,120,3137,1,1.0,0.81318681,1.0,True
3633,119,3138,1,1.0,0.81318681,1.0,True
3634,125,3139,1,1.0,0.73626374,1.0,False
3635,124,3140,1,1.0,0.7032967,1.0,False
3636,128,3141,1,1.0,0.79120879,1.0,False
3637,126,3142,1,1.0,0.82417582,1.0,True
3638,117,23,84,0.0119047619,0.7032967,1.0,False
3639,122,3143,1,1.0,0.75824176,0.97802198,False
3640,127,3144,1,1.0,0.75824176,1.0,False
3641,130,3145,1,1.0,0.78021978,1.0,False
3642,120,3146,1,1.0,0.7032967,0.98901099,False
3643,125,3147,1,1.0,0.78021978,0.98901099,False
3644,127,3148,1,1.0,0.75824176,1.0,False
3645,127,3149,1,1.0,0.83516484,1.0,True
3646,124,3150,1,1.0,0.8021978,0.98901099,True
3647,123,3151,1,1.0,0.86813187,1.0,True
3648,125,3152,1,1.0,0.79120879,1.0,False
3649,127,3153,1,1.0,0.74736842,0.97802198,False
3650,124,3154,1,1.0,0.7032967,1.0,False
3651,123,3155,1,1.0,0.73626374,0.98901099,False
3653,113,3156,1,1.0,0.78021978,1.0,False
3654,122,3157,1,1.0,0.74725275,1.0,False
3655,122,3158,1,1.0,0.8021978,0.97802198,True
3656,121,3159,1,1.0,0.79120879,1.0,False
3657,135,3160,1,1.0,0.82417582,1.0,True
3658,117,3161,1,1.0,0.81318681,1.0,True
3659,127,3162,1,1.0,0.82417582,1.0,True
3660,118,3163,1,1.0,0.73626374,1.0,False
3661,123,3164,1,1.0,0.78021978,1.0,False
3662,124,3165,1,1.0,0.86813187,1.0,True
3663,113,3166,1,1.0,0.76923077,0.98901099,False
3664,128,3167,1,1.0,0.76923077,1.0,False
3665,125,3168,1,1.0,0.79120879,0.98901099,False
3666,123,3169,1,1.0,0.85714286,1.0,True
3667,122,3170,1,1.0,0.85714286,1.0,True
3668,128,3171,1,1.0,0.81318681,1.0,True
3669,128,3172,1,1.0,0.83516484,1.0,True
3670,131,3173,1,1.0,0.8021978,1.0,True
3671,125,3174,1,1.0,0.79120879,1.0,False
3672,131,3175,1,1.0,0.84615385,1.0,True
3673,124,3176,1,1.0,0.83516484,0.98901099,True
3674,129,3177,1,1.0,0.76923077,1.0,False
3675,133,3178,1,1.0,0.82417582,1.0,True
3676,134,3179,1,1.0,0.72340426,1.0,False
3677,127,3180,1,1.0,0.76923077,0.98901099,False
3678,124,3181,1,1.0,0.79120879,1.0,False
3679,117,23,84,0.0119047619,0.73626374,1.0,False
3680,115,3182,1,1.0,0.81318681,1.0,True
3681,126,3183,1,1.0,0.78021978,0.98901099,False
3682,120,3184,1,1.0,0.79120879,1.0,False
3683,121,3185,1,1.0,0.78021978,1.0,False
3685,123,3186,1,1.0,0.73626374,1.0,False
3686,125,3187,1,1.0,0.76923077,0.98901099,False
3687,122,3188,1,1.0,0.8021978,0.98901099,True
3688,133,3189,1,1.0,0.8021978,1.0,True
3689,127,3190,1,1.0,0.74725275,0.98901099,False
3691,120,3191,1,1.0,0.7032967,1.0,False
3692,117,3192,1,1.0,0.82417582,0.98901099,True
3694,128,3193,1,1.0,0.71428571,1.0,False
3695,120,3194,1,1.0,0.64835165,0.87912088,False
3696,122,3195,1,1.0,0.83516484,0.98901099,True
3697,120,3196,1,1.0,0.79120879,1.0,False
3698,127,3197,1,1.0,0.76923077,1.0,False
3699,128,3198,1,1.0,0.8021978,0.98901099,True
3700,121,218,6,0.1666666667,0.79120879,0.97802198,False
3701,128,3199,1,1.0,0.73626374,0.98901099,False
3702,127,3200,1,1.0,0.81318681,1.0,True
3703,135,3201,1,1.0,0.81318681,1.0,True
3704,116,3202,1,1.0,0.78021978,0.98901099,False
3705,127,3203,1,1.0,0.83516484,1.0,True
3706,124,3204,1,1.0,0.82417582,0.98901099,True
3707,117,2667,2,0.5,0.8021978,1.0,True
3708,125,3205,1,1.0,0.79120879,1.0,False
3709,126,3206,1,1.0,0.83516484,1.0,True
3710,127,3207,2,0.5,0.79120879,1.0,False
3711,124,3208,1,1.0,0.82417582,1.0,True
3712,113,3209,1,1.0,0.73626374,1.0,False
3713,127,3210,1,1.0,0.82417582,1.0,True
3714,137,3211,1,1.0,0.8021978,1.0,True
3715,124,3212,1,1.0,0.74725275,0.98901099,False
3716,120,3213,1,1.0,0.79120879,1.0,False
3717,123,3214,1,1.0,0.81318681,1.0,True
3718,126,3215,1,1.0,0.8021978,1.0,True
3719,118,3216,1,1.0,0.71428571,0.95604396,False
3720,125,3217,1,1.0,0.84615385,1.0,True
3722,127,2889,2,0.5,0.79120879,1.0,False
3723,118,3218,1,1.0,0.81318681,1.0,True
3724,116,3219,1,1.0,0.84615385,0.98901099,True
3725,127,3220,1,1.0,0.78494624,0.98901099,False
3726,128,3221,1,1.0,0.79120879,1.0,False
3727,128,3222,1,1.0,0.85714286,1.0,True
3728,130,3223,1,1.0,0.85714286,1.0,True
3729,123,3224,1,1.0,0.8021978,0.98901099,True
3730,128,3225,1,1.0,0.79120879,1.0,False
3731,120,2837,2,0.5,0.69230769,1.0,False
3732,110,3226,1,1.0,0.8021978,1.0,True
3733,118,3227,1,1.0,0.75824176,1.0,False
3734,126,3228,1,1.0,0.73626374,0.97802198,False
3735,124,126,10,0.1,0.79120879,0.98901099,False
3736,131,3229,1,1.0,0.81318681,1.0,True
3737,123,3230,1,1.0,0.72527473,0.97802198,False
3738,126,3231,1,1.0,0.79120879,0.98901099,False
3739,116,23,84,0.0119047619,0.7032967,0.98901099,False
3740,124,3232,1,1.0,0.82417582,0.98901099,True
3741,124,1649,4,0.25,0.82417582,1.0,True
3742,128,3233,1,1.0,0.84615385,0.98901099,True
3743,123,3234,1,1.0,0.76923077,0.97802198,False
3744,123,3235,1,1.0,0.75824176,0.97802198,False
3745,128,3236,1,1.0,0.73626374,1.0,False
3746,127,3237,1,1.0,0.76923077,0.98901099,False
3747,125,3238,1,1.0,0.75824176,1.0,False
3748,119,3239,1,1.0,0.8021978,1.0,True
3749,125,3240,1,1.0,0.82417582,0.98901099,True
3750,123,3241,1,1.0,0.72527473,0.96703297,False
3751,117,23,84,0.0119047619,0.7032967,1.0,False
3752,122,3242,1,1.0,0.85714286,0.98901099,True
3753,124,3243,1,1.0,0.83516484,1.0,True
3754,125,3244,1,1.0,0.8021978,1.0,True
3755,131,3245,1,1.0,0.78021978,1.0,False
3756,117,3246,1,1.0,0.74725275,1.0,False
3757,132,3247,1,1.0,0.78021978,1.0,False
3758,119,3248,1,1.0,0.82417582,1.0,True
3759,121,3249,1,1.0,0.74725275,1.0,False
3760,129,3250,1,1.0,0.82417582,1.0,True
3761,122,3251,1,1.0,0.82417582,1.0,True
3762,121,3252,1,1.0,0.75824176,1.0,False
3763,132,3253,1,1.0,0.73626374,1.0,False
3764,125,3254,1,1.0,0.75824176,1.0,False
3765,127,3255,1,1.0,0.78021978,0.98901099,False
3766,129,3256,1,1.0,0.76923077,1.0,False
3767,128,3257,1,1.0,0.69230769,1.0,False
3768,122,3258,1,1.0,0.73626374,0.95604396,False
3769,125,3259,1,1.0,0.8021978,1.0,True
3770,126,3260,1,1.0,0.81318681,1.0,True
3771,122,3261,1,1.0,0.85714286,0.98901099,True
3773,123,3262,1,1.0,0.86813187,1.0,True
3774,128,3263,1,1.0,0.81318681,1.0,True
3775,127,3264,1,1.0,0.8021978,1.0,True
3776,126,3265,1,1.0,0.82417582,1.0,True
3777,118,3266,1,1.0,0.71428571,1.0,False
3778,127,3267,1,1.0,0.82417582,0.97802198,True
3779,130,3268,1,1.0,0.83516484,0.97802198,True
3780,123,3269,1,1.0,0.78723404,0.98901099,False
3781,129,3270,1,1.0,0.8021978,1.0,True
3782,117,3271,1,1.0,0.78021978,1.0,False
3783,132,3272,1,1.0,0.80851064,1.0,True
3784,126,3273,1,1.0,0.74725275,1.0,False
3785,120,3274,1,1.0,0.81318681,0.98901099,True
3786,126,3275,1,1.0,0.82417582,0.98901099,True
3787,126,3276,1,1.0,0.7032967,1.0,False
3788,125,3277,1,1.0,0.78021978,1.0,False
3789,129,3278,1,1.0,0.78021978,1.0,False
3790,128,3279,1,1.0,0.76923077,1.0,False
3791,127,3280,1,1.0,0.79120879,1.0,False
3792,125,3281,1,1.0,0.82417582,0.98901099,True
3793,129,3282,1,1.0,0.75824176,1.0,False
3794,123,3283,1,1.0,0.74725275,0.97802198,False
3795,116,3284,1,1.0,0.79120879,0.98901099,False
3796,127,3285,1,1.0,0.72527473,1.0,False
3797,119,3286,1,1.0,0.75824176,0.97802198,False
3798,117,3287,1,1.0,0.69230769,0.87912088,False
3799,129,3288,1,1.0,0.85714286,1.0,True
3800,131,3289,1,1.0,0.8021978,1.0,True
3801,124,3290,1,1.0,0.78021978,1.0,False
3802,122,3291,1,1.0,0.75824176,0.98901099,False
3803,131,91,6,0.1666666667,0.69230769,1.0,False
3804,130,3292,1,1.0,0.76923077,0.97802198,False
3806,125,3293,1,1.0,0.78021978,0.98901099,False
3807,122,3294,1,1.0,0.75824176,1.0,False
3808,118,331,7,0.1428571429,0.76923077,0.97802198,False
3809,131,3295,1,1.0,0.8021978,1.0,True
3810,118,3296,1,1.0,0.82417582,1.0,True
3811,125,3297,1,1.0,0.65934066,1.0,False
3812,122,3298,1,1.0,0.83516484,1.0,True
3813,122,3299,1,1.0,0.82417582,1.0,True
3814,120,3300,1,1.0,0.69230769,0.85714286,False
3815,128,3301,1,1.0,0.71276596,0.97802198,False
3816,123,3302,1,1.0,0.73626374,1.0,False
3817,120,3303,1,1.0,0.71276596,0.94505495,False
3818,128,3304,1,1.0,0.8021978,1.0,True
3819,125,3305,1,1.0,0.79120879,1.0,False
3820,112,3306,1,1.0,0.78021978,1.0,False
3821,122,3307,1,1.0,0.84615385,1.0,True
3822,121,3308,1,1.0,0.81318681,1.0,True
3823,140,3309,1,1.0,0.79120879,1.0,False
3825,126,3310,1,1.0,0.8021978,1.0,True
3826,118,2733,2,0.5,0.71428571,1.0,False
3827,129,3311,1,1.0,0.86813187,1.0,True
3828,125,3312,1,1.0,0.72527473,0.98901099,False
3829,128,3313,1,1.0,0.83516484,1.0,True
3830,126,3314,1,1.0,0.79120879,1.0,False
3831,129,3315,1,1.0,0.82417582,1.0,True
3832,121,3316,1,1.0,0.74725275,1.0,False
3833,126,3317,1,1.0,0.85714286,0.97802198,True
3834,136,3318,1,1.0,0.73626374,1.0,False
3836,125,3319,1,1.0,0.81318681,1.0,True
3837,119,3320,1,1.0,0.75824176,0.98901099,False
3839,128,3321,1,1.0,0.8021978,1.0,True
3840,122,113,4,0.25,0.73626374,1.0,False
3841,130,3322,1,1.0,0.78021978,1.0,False
3842,116,23,84,0.0119047619,0.71428571,0.98901099,False
3843,116,3323,1,1.0,0.75824176,1.0,False
3844,117,3324,1,1.0,0.73626374,1.0,False
3845,123,3325,1,1.0,0.78021978,1.0,False
3846,125,3326,1,1.0,0.78021978,1.0,False
3847,128,3327,1,1.0,0.75824176,0.98901099,False
3849,122,3328,1,1.0,0.76595745,1.0,False
3850,118,3329,1,1.0,0.83516484,1.0,True
3851,130,3330,1,1.0,0.84615385,1.0,True
3852,130,3331,1,1.0,0.83516484,1.0,True
3853,119,3332,1,1.0,0.73626374,1.0,False
3854,128,3333,1,1.0,0.78021978,1.0,False
3855,131,3334,1,1.0,0.84615385,1.0,True
3856,124,3335,1,1.0,0.8021978,1.0,True
3857,124,3336,1,1.0,0.8021978,1.0,True
3858,117,3337,1,1.0,0.74725275,1.0,False
3859,117,112,14,0.0714285714,0.72527473,0.98901099,False
3861,128,3338,1,1.0,0.73626374,1.0,False
3862,117,3339,1,1.0,0.76923077,1.0,False
3863,125,3340,1,1.0,0.78021978,1.0,False
3864,127,3341,1,1.0,0.73626374,1.0,False
3865,127,3342,1,1.0,0.79120879,1.0,False
3866,127,3207,2,0.5,0.79120879,1.0,False
3867,129,3343,1,1.0,0.81318681,1.0,True
3868,128,3344,1,1.0,0.73626374,1.0,False
3869,124,3345,1,1.0,0.67032967,1.0,False
3870,127,3346,1,1.0,0.83516484,1.0,True
3871,126,3347,1,1.0,0.75824176,1.0,False
3872,122,3348,1,1.0,0.74725275,1.0,False
3873,129,3349,1,1.0,0.81318681,0.98901099,True
3874,128,3350,1,1.0,0.71428571,0.98901099,False
3875,125,3351,1,1.0,0.83516484,0.97802198,True
3876,119,3352,1,1.0,0.82417582,1.0,True
3877,122,3353,1,1.0,0.83516484,1.0,True
3878,133,3354,1,1.0,0.75824176,1.0,False
3879,124,3355,1,1.0,0.81318681,1.0,True
3880,120,3356,1,1.0,0.81318681,0.98901099,True
3881,129,3357,1,1.0,0.76923077,1.0,False
3882,120,3358,1,1.0,0.68131868,0.98901099,False
3884,124,3359,1,1.0,0.78021978,0.98901099,False
3885,130,3360,1,1.0,0.75824176,1.0,False
3886,126,3361,1,1.0,0.81318681,1.0,True
3887,115,23,84,0.0119047619,0.72527473,0.97802198,False
3888,130,3362,1,1.0,0.82417582,0.97802198,True
3889,128,3363,1,1.0,0.81318681,0.98901099,True
3890,126,3364,1,1.0,0.7032967,1.0,False
3891,127,3365,1,1.0,0.70526316,1.0,False
3892,129,3366,1,1.0,0.74725275,1.0,False
3893,121,3367,1,1.0,0.61538462,0.87912088,False
3894,126,3368,1,1.0,0.76923077,0.98901099,False
3895,117,3369,1,1.0,0.78021978,1.0,False
3896,131,3370,1,1.0,0.78021978,1.0,False
3897,119,3371,1,1.0,0.8021978,0.96703297,True
3898,129,3372,1,1.0,0.75824176,0.97802198,False
3899,124,3373,1,1.0,0.73626374,1.0,False
3900,116,23,84,0.0119047619,0.74725275,0.98901099,False
3901,129,3374,1,1.0,0.71428571,1.0,False
3902,125,3375,1,1.0,0.82417582,1.0,True
3903,117,3376,1,1.0,0.63736264,0.87912088,False
3904,126,3377,1,1.0,0.84615385,0.98901099,True
3905,125,3378,1,1.0,0.81318681,1.0,True
3906,118,3379,1,1.0,0.83516484,0.97802198,True
3907,125,3380,1,1.0,0.74725275,1.0,False
3909,126,3381,1,1.0,0.83516484,1.0,True
3910,127,3382,1,1.0,0.81318681,1.0,True
3911,128,3383,1,1.0,0.75,0.98901099,False
3912,130,3384,1,1.0,0.84615385,1.0,True
3913,119,3385,1,1.0,0.65934066,0.86813187,False
3915,122,3386,1,1.0,0.84615385,1.0,True
3916,129,3387,1,1.0,0.82417582,1.0,True
3917,124,3388,1,1.0,0.7032967,0.97802198,False
3918,116,3389,1,1.0,0.71428571,0.98901099,False
3919,124,3390,1,1.0,0.74725275,0.98901099,False
3920,131,3391,1,1.0,0.76923077,0.98901099,False
3921,132,3392,1,1.0,0.82417582,1.0,True
3924,128,3393,1,1.0,0.8021978,0.98901099,True
3925,124,3394,1,1.0,0.72527473,0.96703297,False
3926,126,3395,1,1.0,0.69892473,1.0,False
3927,118,3396,1,1.0,0.74725275,0.97802198,False
3928,124,3397,1,1.0,0.78021978,0.98901099,False
3929,115,3398,1,1.0,0.67032967,0.96703297,False
3931,128,3399,1,1.0,0.73626374,0.98901099,False
3932,125,3400,1,1.0,0.82608696,0.98901099,True
3934,122,3401,1,1.0,0.78021978,0.98901099,False
3935,121,3402,1,1.0,0.71428571,1.0,False
3936,124,3403,1,1.0,0.72527473,1.0,False
3937,130,3404,1,1.0,0.76923077,1.0,False
3939,128,3405,1,1.0,0.73626374,1.0,False
3940,120,3406,1,1.0,0.82417582,0.98901099,True
3941,131,3407,1,1.0,0.8021978,1.0,True
3942,131,3408,1,1.0,0.82417582,0.97802198,True
3943,123,3409,1,1.0,0.82417582,1.0,True
3944,118,3410,1,1.0,0.79120879,0.98901099,False
3945,127,3411,1,1.0,0.82417582,0.98901099,True
3946,128,3412,1,1.0,0.78021978,0.98901099,False
3947,123,3413,1,1.0,0.83516484,1.0,True
3948,125,3414,1,1.0,0.75824176,1.0,False
3949,117,3415,1,1.0,0.86813187,1.0,True
3950,128,3416,1,1.0,0.79120879,1.0,False
3951,122,3417,1,1.0,0.8021978,1.0,True
3952,122,3418,1,1.0,0.86813187,0.98901099,True
3953,118,3419,1,1.0,0.73626374,1.0,False
3954,127,3420,1,1.0,0.76923077,0.98901099,False
3955,123,3421,1,1.0,0.85714286,1.0,True
3956,127,3422,1,1.0,0.74725275,1.0,False
3957,130,3423,1,1.0,0.68131868,1.0,False
3958,118,3424,1,1.0,0.7032967,0.87912088,False
3959,124,1649,4,0.25,0.84615385,1.0,True
3960,125,2928,2,0.5,0.78021978,1.0,False
3961,118,112,14,0.0714285714,0.76923077,1.0,False
3962,126,3425,1,1.0,0.71428571,1.0,False
3963,117,3426,1,1.0,0.81318681,0.97802198,True
3964,109,3427,1,1.0,0.75824176,0.98901099,False
3965,126,3428,1,1.0,0.76923077,0.98901099,False
3966,117,3429,1,1.0,0.83516484,1.0,True
3967,123,3430,1,1.0,0.8021978,1.0,True
3968,128,3431,1,1.0,0.7826087,1.0,False
3969,126,1421,2,0.5,0.73626374,1.0,False
3970,132,3432,1,1.0,0.83516484,1.0,True
3971,116,23,84,0.0119047619,0.73626374,0.98901099,False
3972,119,3433,1,1.0,0.83516484,1.0,True
3973,129,3434,1,1.0,0.8021978,1.0,True
3974,125,3435,1,1.0,0.73626374,0.98901099,False
3975,119,3436,1,1.0,0.72527473,1.0,False
3976,124,3437,1,1.0,0.8021978,1.0,True
3977,119,3438,1,1.0,0.78021978,1.0,False
3978,123,3439,1,1.0,0.76923077,1.0,False
3979,129,2749,2,0.5,0.8021978,1.0,True
3980,119,3440,1,1.0,0.79120879,0.98901099,False
3981,116,3441,1,1.0,0.71428571,0.96703297,False
3982,126,3442,1,1.0,0.72527473,1.0,False
3983,125,3443,1,1.0,0.78021978,1.0,False
3984,122,3444,1,1.0,0.86813187,0.97802198,True
3985,129,3445,1,1.0,0.78021978,0.98901099,False
3986,123,3446,1,1.0,0.75824176,1.0,False
3987,122,3447,1,1.0,0.83516484,1.0,True
3988,116,3448,1,1.0,0.67032967,0.87912088,False
3989,125,3449,1,1.0,0.81318681,1.0,True
3990,122,3450,1,1.0,0.81318681,1.0,True
3991,124,3451,1,1.0,0.74725275,0.98901099,False
3992,124,3452,1,1.0,0.75824176,0.98901099,False
3993,118,3453,1,1.0,0.7032967,0.95604396,False
3994,126,3454,1,1.0,0.64835165,1.0,False
3995,133,3455,1,1.0,0.83516484,1.0,True
3996,123,3456,1,1.0,0.8021978,1.0,True
3997,123,3457,1,1.0,0.76923077,1.0,False
3998,115,3458,1,1.0,0.64835165,0.86813187,False
3999,126,3459,1,1.0,0.82417582,0.98901099,True
4001,120,3460,1,1.0,0.73626374,1.0,False
4002,122,3461,1,1.0,0.79120879,0.98901099,False
4003,121,3462,1,1.0,0.78021978,0.97802198,False
4004,119,269,3,0.3333333333,0.74725275,1.0,False
4005,123,3463,1,1.0,0.80645161,1.0,True
4006,123,3464,1,1.0,0.79120879,1.0,False
4007,120,3465,1,1.0,0.78021978,0.98901099,False
4008,125,3466,1,1.0,0.72527473,1.0,False
4009,124,3467,1,1.0,0.75824176,1.0,False
4010,120,3468,1,1.0,0.83516484,1.0,True
4011,136,3469,1,1.0,0.84615385,1.0,True
4012,126,3470,2,0.5,0.76923077,1.0,False
4013,128,3471,1,1.0,0.74725275,1.0,False
4014,123,483,3,0.3333333333,0.75824176,0.97802198,False
4015,133,3472,1,1.0,0.82417582,1.0,True
4017,120,3473,1,1.0,0.72527473,0.86813187,False
4018,127,393,6,0.1666666667,0.78021978,1.0,False
4019,124,3474,1,1.0,0.81318681,1.0,True
4020,121,3475,1,1.0,0.82417582,0.98901099,True
4022,117,3476,1,1.0,0.75824176,0.98901099,False
4023,120,3477,1,1.0,0.81318681,0.98901099,True
4024,129,3478,1,1.0,0.82417582,1.0,True
4025,126,3479,1,1.0,0.75824176,0.98901099,False
4026,116,23,84,0.0119047619,0.72527473,0.98901099,False
4027,116,3480,1,1.0,0.71428571,0.98901099,False
4028,125,3481,1,1.0,0.78021978,1.0,False
4029,129,3482,1,1.0,0.81318681,1.0,True
4030,134,3483,1,1.0,0.84615385,1.0,True
4031,116,3484,1,1.0,0.7032967,0.87912088,False
4032,112,1394,2,0.5,0.69230769,1.0,False
4033,121,3485,1,1.0,0.84615385,1.0,True
4034,128,3486,1,1.0,0.72527473,0.97802198,False
4035,124,3487,1,1.0,0.81318681,1.0,True
4036,130,3488,1,1.0,0.8021978,1.0,True
4038,117,858,3,0.3333333333,0.65934066,1.0,False
4039,129,3489,1,1.0,0.73626374,1.0,False
4040,118,3490,1,1.0,0.74725275,1.0,False
4042,123,3491,1,1.0,0.78021978,1.0,False
4043,123,3492,1,1.0,0.82417582,1.0,True
4044,125,3493,1,1.0,0.79120879,0.98901099,False
4046,123,919,3,0.3333333333,0.81318681,0.98901099,True
4047,127,3494,1,1.0,0.76923077,0.98901099,False
4048,128,3495,1,1.0,0.78021978,0.98901099,False
4049,112,2004,2,0.5,0.73626374,0.96703297,False
4050,120,3496,1,1.0,0.76923077,0.98901099,False
4051,121,3497,1,1.0,0.81318681,1.0,True
4052,127,3498,1,1.0,0.8021978,1.0,True
4053,116,23,84,0.0119047619,0.72527473,0.98901099,False
4054,128,3499,1,1.0,0.8021978,1.0,True
4055,126,3500,1,1.0,0.8021978,0.98901099,True
4056,124,3501,1,1.0,0.84615385,1.0,True
4057,126,3502,1,1.0,0.84615385,0.98901099,True
4059,127,3503,1,1.0,0.76923077,0.97802198,False
4060,125,3504,1,1.0,0.75824176,1.0,False
4061,128,3505,1,1.0,0.76923077,0.98901099,False
4062,124,3506,1,1.0,0.82417582,0.98901099,True
4063,126,3507,1,1.0,0.79120879,1.0,False
4064,120,331,7,0.1428571429,0.79120879,1.0,False
4065,130,3508,1,1.0,0.78021978,1.0,False
4066,129,3509,1,1.0,0.79120879,0.98901099,False
4067,128,3510,1,1.0,0.78021978,0.98901099,False
4068,124,3511,1,1.0,0.79120879,0.98901099,False
4069,126,3512,1,1.0,0.84615385,1.0,True
4070,126,3513,1,1.0,0.83516484,0.98901099,True
4071,123,3514,1,1.0,0.77419355,1.0,False
4072,124,3515,1,1.0,0.70526316,0.98901099,False
4073,121,478,6,0.1666666667,0.71428571,1.0,False
4074,127,3516,1,1.0,0.76923077,1.0,False
4075,124,3517,1,1.0,0.75824176,0.97802198,False
4076,124,3518,1,1.0,0.76923077,1.0,False
4077,129,3519,1,1.0,0.86813187,1.0,True
4078,119,3520,1,1.0,0.85714286,0.96703297,True
4079,124,3521,1,1.0,0.8021978,1.0,True
4080,128,3522,1,1.0,0.78021978,0.98901099,False
4081,123,3523,1,1.0,0.82417582,1.0,True
4082,134,3524,1,1.0,0.81318681,1.0,True
4083,129,3525,1,1.0,0.82417582,1.0,True
4084,126,3526,1,1.0,0.76923077,0.98901099,False
4085,120,3527,1,1.0,0.89010989,1.0,True
4086,117,3528,1,1.0,0.81318681,0.97802198,True
4088,123,3529,1,1.0,0.73626374,0.97802198,False
4089,127,3530,1,1.0,0.75824176,1.0,False
4090,120,3531,1,1.0,0.82417582,0.98901099,True
4091,128,3532,1,1.0,0.79120879,0.97802198,False
4092,118,3533,1,1.0,0.83516484,0.98901099,True
4093,129,3534,1,1.0,0.71428571,0.98901099,False
4094,122,1649,4,0.25,0.78021978,0.97802198,False
4095,127,3535,1,1.0,0.81318681,1.0,True
4096,122,3536,1,1.0,0.7032967,0.98901099,False
4097,129,3537,1,1.0,0.83695652,1.0,True
4098,130,3538,1,1.0,0.83516484,1.0,True
4099,125,3539,1,1.0,0.75824176,1.0,False
4100,122,3540,1,1.0,0.82417582,1.0,True
4101,123,3541,1,1.0,0.85714286,1.0,True
4102,124,3542,1,1.0,0.76923077,0.96703297,False
4103,127,3543,1,1.0,0.78021978,1.0,False
4104,125,3544,1,1.0,0.75824176,1.0,False
4105,124,3545,1,1.0,0.72527473,1.0,False
4106,127,3546,1,1.0,0.74725275,0.98901099,False
4107,124,3547,1,1.0,0.87912088,1.0,True
4108,120,3548,1,1.0,0.78021978,0.98901099,False
4109,126,3549,1,1.0,0.83516484,1.0,True
4110,129,3550,1,1.0,0.8021978,1.0,True
4111,130,3551,1,1.0,0.83516484,1.0,True
4112,117,3552,1,1.0,0.85714286,1.0,True
4113,112,3553,1,1.0,0.65934066,0.85714286,False
4114,128,3554,1,1.0,0.8021978,1.0,True
4115,126,3555,1,1.0,0.84615385,1.0,True
4116,126,3556,1,1.0,0.82417582,0.98901099,True
4117,123,3557,1,1.0,0.76923077,0.98901099,False
4118,122,3558,1,1.0,0.82417582,1.0,True
4119,117,198,5,0.2,0.72527473,0.97802198,False
4120,125,3559,1,1.0,0.79120879,0.98901099,False
4121,124,3560,1,1.0,0.75824176,1.0,False
4122,124,3561,1,1.0,0.81318681,1.0,True
4123,125,3562,1,1.0,0.81318681,1.0,True
4124,131,3563,1,1.0,0.78021978,1.0,False
4125,134,3564,1,1.0,0.78021978,1.0,False
4126,120,3565,1,1.0,0.84615385,0.97802198,True
4127,128,1711,2,0.5,0.76923077,1.0,False
4128,123,3566,1,1.0,0.68478261,0.98901099,False
4129,128,3567,1,1.0,0.81318681,1.0,True
4130,116,3568,1,1.0,0.79120879,1.0,False
4131,136,3569,1,1.0,0.70526316,1.0,False
4132,118,3570,1,1.0,0.67032967,0.98901099,False
4133,132,3571,1,1.0,0.83516484,1.0,True
4134,109,3572,1,1.0,0.59139785,0.94505495,False
4135,120,3573,1,1.0,0.79120879,0.98901099,False
4136,130,3574,1,1.0,0.76923077,1.0,False
4137,127,3575,1,1.0,0.78021978,1.0,False
4138,115,3576,1,1.0,0.71428571,1.0,False
4139,124,2116,3,0.3333333333,0.73626374,1.0,False
4140,116,1524,3,0.3333333333,0.71428571,0.98901099,False
4142,131,3577,1,1.0,0.75824176,1.0,False
4143,124,3578,1,1.0,0.8021978,1.0,True
4144,125,3579,1,1.0,0.8021978,1.0,True
4145,123,3580,1,1.0,0.8021978,1.0,True
4146,123,3581,1,1.0,0.78021978,0.97802198,False
4147,117,3582,1,1.0,0.72527473,1.0,False
4148,116,3583,1,1.0,0.74725275,0.96703297,False
4149,127,3584,1,1.0,0.75824176,1.0,False
4150,123,3585,1,1.0,0.83516484,1.0,True
4151,129,3586,1,1.0,0.76923077,1.0,False
4152,134,3587,1,1.0,0.82417582,1.0,True
4153,131,3588,1,1.0,0.85714286,1.0,True
4154,129,3589,1,1.0,0.83516484,0.98901099,True
4155,126,3590,1,1.0,0.79120879,1.0,False
4156,120,3591,1,1.0,0.73626374,0.97802198,False
4157,119,3592,1,1.0,0.72527473,0.97802198,False
4158,121,3593,1,1.0,0.69230769,0.87912088,False
4159,125,3594,1,1.0,0.74725275,0.98901099,False
4160,125,3595,1,1.0,0.81318681,1.0,True
4161,122,3596,1,1.0,0.7032967,0.98901099,False
4162,126,3597,1,1.0,0.72826087,1.0,False
4163,127,3598,1,1.0,0.74725275,1.0,False
4164,124,3599,1,1.0,0.79120879,1.0,False
4165,125,3600,1,1.0,0.74725275,1.0,False
4166,130,3601,1,1.0,0.74725275,0.98901099,False
4167,131,3602,1,1.0,0.82417582,1.0,True
4168,127,3603,1,1.0,0.72340426,0.97802198,False
4170,123,3604,1,1.0,0.83516484,1.0,True
4171,121,3605,1,1.0,0.79120879,0.98901099,False
4172,116,3606,1,1.0,0.75824176,1.0,False
4173,120,3607,1,1.0,0.81318681,0.97802198,True
4174,126,3608,1,1.0,0.87912088,0.98901099,True
4175,129,3609,1,1.0,0.8021978,1.0,True
4176,120,1051,3,0.3333333333,0.72527473,1.0,False
4177,130,3610,1,1.0,0.8021978,1.0,True
4178,120,3611,1,1.0,0.76923077,0.97802198,False
4179,121,3612,1,1.0,0.79120879,0.98901099,False
4180,125,3613,1,1.0,0.82417582,1.0,True
4181,120,3614,1,1.0,0.65934066,0.86813187,False
4182,118,3615,1,1.0,0.81318681,0.98901099,True
4183,125,3616,1,1.0,0.89010989,1.0,True
4184,127,3617,1,1.0,0.74725275,1.0,False
4185,124,3618,1,1.0,0.83516484,0.97802198,True
4187,124,3619,1,1.0,0.79120879,1.0,False
4188,123,3620,1,1.0,0.8021978,1.0,True
4189,119,3621,1,1.0,0.76923077,1.0,False
4190,128,3622,1,1.0,0.79120879,0.97802198,False
4191,133,3623,1,1.0,0.8021978,1.0,True
4192,123,3624,1,1.0,0.8021978,0.98901099,True
4193,118,3625,1,1.0,0.79120879,1.0,False
4194,127,3626,1,1.0,0.82417582,0.98901099,True
4195,126,3627,1,1.0,0.76923077,1.0,False
4196,117,858,3,0.3333333333,0.65934066,1.0,False
4197,128,3628,1,1.0,0.69230769,1.0,False
4198,117,198,5,0.2,0.72527473,0.97802198,False
4199,116,23,84,0.0119047619,0.72527473,0.98901099,False
4200,117,3629,1,1.0,0.76923077,0.98901099,False
4201,114,3630,1,1.0,0.81318681,0.97802198,True
4202,123,3631,1,1.0,0.78021978,1.0,False
4203,122,3632,1,1.0,0.79120879,0.97802198,False
4204,129,3633,1,1.0,0.78021978,0.97802198,False
4205,123,3634,1,1.0,0.74725275,1.0,False
4206,123,842,2,0.5,0.74725275,1.0,False
4207,129,3635,1,1.0,0.79120879,1.0,False
4208,117,23,84,0.0119047619,0.69230769,1.0,False
4209,121,3636,1,1.0,0.78021978,1.0,False
4210,128,3637,1,1.0,0.78021978,1.0,False
4211,123,3638,1,1.0,0.79120879,0.98901099,False
4212,120,3639,1,1.0,0.59340659,0.98901099,False
4213,139,3640,1,1.0,0.74725275,1.0,False
4214,124,3641,1,1.0,0.8021978,1.0,True
4215,122,3642,1,1.0,0.83516484,0.98901099,True
4216,129,3643,1,1.0,0.76923077,0.98901099,False
4217,124,3644,1,1.0,0.78021978,0.98901099,False
4218,117,23,84,0.0119047619,0.72527473,1.0,False
4219,133,3645,1,1.0,0.84615385,1.0,True
4220,126,3646,1,1.0,0.71276596,1.0,False
4221,125,3647,1,1.0,0.8021978,1.0,True
4222,128,3648,1,1.0,0.83516484,1.0,True
4223,125,3649,1,1.0,0.8021978,1.0,True
4224,124,3650,1,1.0,0.74725275,0.98901099,False
4225,126,3651,1,1.0,0.82417582,1.0,True
4226,125,3652,1,1.0,0.75824176,1.0,False
4227,119,3653,1,1.0,0.81318681,1.0,True
4228,129,3654,1,1.0,0.76923077,1.0,False
4229,127,3655,1,1.0,0.75824176,1.0,False
4231,123,3656,1,1.0,0.75824176,1.0,False
4232,125,3657,1,1.0,0.78021978,1.0,False
4233,123,3658,1,1.0,0.84615385,0.98901099,True
4234,119,3659,1,1.0,0.81318681,0.96703297,True
4236,124,3660,1,1.0,0.81318681,1.0,True
4237,126,3661,1,1.0,0.8021978,1.0,True
4238,123,3662,1,1.0,0.81318681,1.0,True
4239,131,3663,1,1.0,0.71428571,1.0,False
4240,127,3664,1,1.0,0.7032967,1.0,False
4241,124,3665,1,1.0,0.83516484,1.0,True
4242,125,3666,1,1.0,0.79120879,1.0,False
4244,127,3667,1,1.0,0.79120879,0.98901099,False
4245,129,3668,1,1.0,0.83516484,0.98901099,True
4246,124,3669,1,1.0,0.76923077,1.0,False
4248,121,3670,1,1.0,0.83516484,0.98901099,True
4249,126,3470,2,0.5,0.79120879,1.0,False
4250,126,3671,1,1.0,0.81318681,0.98901099,True
4251,124,3672,1,1.0,0.73626374,0.97802198,False
4252,119,3673,1,1.0,0.75824176,0.98901099,False
4253,118,579,5,0.2,0.79120879,1.0,False
4254,121,3674,1,1.0,0.72527473,0.96703297,False
4255,123,3675,1,1.0,0.78021978,1.0,False
4256,130,3676,1,1.0,0.78021978,1.0,False
4257,121,3677,1,1.0,0.74725275,0.98901099,False
4258,128,3678,1,1.0,0.76923077,0.98901099,False
4259,118,3679,1,1.0,0.71428571,0.98901099,False
4260,125,3680,1,1.0,0.78021978,1.0,False
4261,120,626,16,0.0625,0.62637363,0.87912088,False
4262,122,3681,1,1.0,0.85714286,1.0,True
4263,116,3682,1,1.0,0.68131868,0.98901099,False
4264,124,3683,1,1.0,0.75824176,1.0,False
4265,130,3684,1,1.0,0.85714286,1.0,True
4266,117,23,84,0.0119047619,0.74725275,1.0,False
4267,127,3685,1,1.0,0.83516484,1.0,True
4268,126,3686,1,1.0,0.75824176,1.0,False
4270,127,3687,1,1.0,0.82417582,0.98901099,True
4271,128,3688,1,1.0,0.81318681,1.0,True
4272,127,3689,1,1.0,0.78021978,0.98901099,False
4273,121,3690,1,1.0,0.76923077,0.97802198,False
4274,123,3691,1,1.0,0.76923077,1.0,False
4275,127,3692,1,1.0,0.75824176,1.0,False
4276,125,3693,1,1.0,0.76923077,0.98901099,False
4277,129,3694,1,1.0,0.82417582,1.0,True
4278,126,3695,1,1.0,0.76923077,1.0,False
4279,123,3696,1,1.0,0.85714286,1.0,True
4281,123,3697,1,1.0,0.76923077,0.97802198,False
4283,127,3698,1,1.0,0.79120879,1.0,False
4284,125,3699,1,1.0,0.7032967,1.0,False
4285,128,538,2,0.5,0.75824176,1.0,False
4287,125,3700,1,1.0,0.76923077,1.0,False
4288,121,3701,1,1.0,0.68131868,0.87912088,False
4289,120,3702,1,1.0,0.82417582,1.0,True
4290,125,2559,3,0.3333333333,0.81318681,0.98901099,True
4291,119,3703,1,1.0,0.85714286,0.97802198,True
4292,125,3704,1,1.0,0.75824176,1.0,False
4293,127,3705,1,1.0,0.71428571,1.0,False
4294,111,3706,1,1.0,0.78021978,1.0,False
4295,119,3707,1,1.0,0.78021978,1.0,False
4296,122,3708,1,1.0,0.8021978,0.98901099,True
4297,118,3709,1,1.0,0.69148936,0.98901099,False
4298,122,3710,1,1.0,0.82417582,1.0,True
4299,126,3711,1,1.0,0.78021978,1.0,False
4300,134,3712,1,1.0,0.82417582,1.0,True
4301,114,3713,1,1.0,0.59574468,0.87912088,False
4302,120,3714,1,1.0,0.84615385,0.98901099,True
4303,126,3715,1,1.0,0.8021978,1.0,True
4304,130,3716,1,1.0,0.78021978,1.0,False
4305,128,3717,1,1.0,0.79120879,1.0,False
4306,121,3718,1,1.0,0.79120879,0.98901099,False
4307,124,3719,1,1.0,0.79120879,0.98901099,False
4308,126,3720,1,1.0,0.84615385,0.98901099,True
4309,117,3721,1,1.0,0.71428571,0.98901099,False
4310,130,3722,1,1.0,0.73913043,0.98901099,False
4311,124,3723,1,1.0,0.89010989,1.0,True
4312,116,23,84,0.0119047619,0.73626374,0.98901099,False
4313,122,3724,1,1.0,0.72826087,1.0,False
4314,118,3725,1,1.0,0.72527473,0.87912088,False
4315,129,3726,1,1.0,0.81318681,1.0,True
4316,140,3727,1,1.0,0.81318681,0.98901099,True
4317,127,2113,3,0.3333333333,0.73626374,1.0,False
4318,119,3728,1,1.0,0.78021978,0.98901099,False
4319,124,3729,1,1.0,0.75824176,1.0,False
4320,120,3730,1,1.0,0.82417582,0.97802198,True
4321,123,3731,1,1.0,0.85714286,1.0,True
4322,123,3732,1,1.0,0.82417582,1.0,True
4325,130,3733,1,1.0,0.78021978,1.0,False
4326,131,3734,1,1.0,0.78021978,1.0,False
4327,130,3735,1,1.0,0.72527473,0.97802198,False
4328,132,3736,1,1.0,0.81318681,1.0,True
4329,120,331,7,0.1428571429,0.76923077,1.0,False
4330,134,3737,1,1.0,0.86813187,1.0,True
4332,127,3738,1,1.0,0.85714286,1.0,True
4333,129,3739,1,1.0,0.76923077,1.0,False
4334,127,3740,1,1.0,0.84615385,0.98901099,True
4335,121,3741,1,1.0,0.82417582,0.98901099,True
4336,128,3742,1,1.0,0.82417582,1.0,True
4337,123,3743,1,1.0,0.72527473,1.0,False
4338,131,3744,1,1.0,0.84615385,0.98901099,True
4339,125,3745,1,1.0,0.79120879,0.98901099,False
4340,123,3746,1,1.0,0.79120879,1.0,False
4341,129,3747,1,1.0,0.76923077,1.0,False
4342,124,3748,1,1.0,0.79120879,0.98901099,False
4343,129,3749,1,1.0,0.83516484,1.0,True
4344,122,3750,1,1.0,0.76923077,1.0,False
4345,119,3751,1,1.0,0.81318681,1.0,True
4346,120,3752,1,1.0,0.79120879,0.97802198,False
4347,122,3753,1,1.0,0.82417582,0.98901099,True
4348,124,3754,1,1.0,0.81318681,1.0,True
4349,126,3755,1,1.0,0.78021978,1.0,False
4350,125,3756,1,1.0,0.81318681,1.0,True
4351,122,3757,1,1.0,0.79120879,0.98901099,False
4352,120,3758,1,1.0,0.84615385,0.98901099,True
4353,118,3759,1,1.0,0.73626374,1.0,False
4355,125,3760,1,1.0,0.81318681,0.98901099,True
4356,126,3761,1,1.0,0.83516484,1.0,True
4357,131,3762,1,1.0,0.76923077,1.0,False
4358,116,23,84,0.0119047619,0.73626374,0.98901099,False
4359,123,3763,1,1.0,0.75824176,0.98901099,False
4360,124,3764,1,1.0,0.85714286,1.0,True
4361,126,1474,6,0.1666666667,0.64835165,0.98901099,False
4362,129,3765,1,1.0,0.85714286,1.0,True
4363,123,3766,1,1.0,0.76923077,1.0,False
4364,125,3767,1,1.0,0.61290323,0.98901099,False
4365,129,3768,1,1.0,0.78021978,0.98901099,False
4366,122,3769,1,1.0,0.74725275,0.97802198,False
4367,123,3770,1,1.0,0.83516484,1.0,True
4368,121,3771,1,1.0,0.78021978,0.98901099,False
4369,118,112,14,0.0714285714,0.76923077,1.0,False
4371,124,3772,1,1.0,0.75824176,0.98901099,False
4372,134,3773,1,1.0,0.79120879,1.0,False
4373,126,3774,1,1.0,0.8021978,0.97802198,True
4374,127,3775,1,1.0,0.81318681,1.0,True
4375,124,3776,1,1.0,0.81318681,1.0,True
4376,132,3777,1,1.0,0.81318681,1.0,True
4377,132,3778,1,1.0,0.82417582,0.98901099,True
4378,127,3779,1,1.0,0.79120879,1.0,False
4379,123,3780,1,1.0,0.76344086,1.0,False
4380,128,3781,1,1.0,0.79120879,1.0,False
4381,124,3782,1,1.0,0.82417582,1.0,True
4382,124,3783,1,1.0,0.78021978,1.0,False
4383,127,3784,1,1.0,0.78021978,0.98901099,False
