task_index,task_id,candidate_id,tier,sample_index,seed,sequence_index_1based,wt_residue,mutant_residue,experimental_auth_asym_id,experimental_auth_seq_id,experimental_insertion_code,mutation_reported_label,mutation_numbering_label,mutation_source_auth_label,risk_flags
0,task_0000,Nb252_aff_seq045_R45A,tier_1,1,8123001,45,R,A,C,45,,Nb252 reported_seq R45A,Nb252 IMGT 50 R>A,Nb252 chain C auth 45 R>A,
1,task_0001,Nb252_aff_seq045_R45A,tier_1,2,8123002,45,R,A,C,45,,Nb252 reported_seq R45A,Nb252 IMGT 50 R>A,Nb252 chain C auth 45 R>A,
2,task_0002,Nb252_aff_seq045_R45A,tier_1,3,8123003,45,R,A,C,45,,Nb252 reported_seq R45A,Nb252 IMGT 50 R>A,Nb252 chain C auth 45 R>A,
3,task_0003,Nb252_aff_seq045_R45A,tier_1,4,8123004,45,R,A,C,45,,Nb252 reported_seq R45A,Nb252 IMGT 50 R>A,Nb252 chain C auth 45 R>A,
4,task_0004,Nb252_aff_seq045_R45A,tier_1,5,8123005,45,R,A,C,45,,Nb252 reported_seq R45A,Nb252 IMGT 50 R>A,Nb252 chain C auth 45 R>A,
5,task_0005,Nb252_aff_seq045_R45A,tier_1,6,8123006,45,R,A,C,45,,Nb252 reported_seq R45A,Nb252 IMGT 50 R>A,Nb252 chain C auth 45 R>A,
6,task_0006,Nb252_aff_seq045_R45A,tier_1,7,8123007,45,R,A,C,45,,Nb252 reported_seq R45A,Nb252 IMGT 50 R>A,Nb252 chain C auth 45 R>A,
7,task_0007,Nb252_aff_seq045_R45A,tier_1,8,8123008,45,R,A,C,45,,Nb252 reported_seq R45A,Nb252 IMGT 50 R>A,Nb252 chain C auth 45 R>A,
8,task_0008,Nb252_aff_seq045_R45A,tier_1,9,8123009,45,R,A,C,45,,Nb252 reported_seq R45A,Nb252 IMGT 50 R>A,Nb252 chain C auth 45 R>A,
9,task_0009,Nb252_aff_seq045_R45A,tier_1,10,8123010,45,R,A,C,45,,Nb252 reported_seq R45A,Nb252 IMGT 50 R>A,Nb252 chain C auth 45 R>A,
10,task_0010,Nb252_aff_seq045_R45A,tier_1,11,8123011,45,R,A,C,45,,Nb252 reported_seq R45A,Nb252 IMGT 50 R>A,Nb252 chain C auth 45 R>A,
11,task_0011,Nb252_aff_seq045_R45A,tier_1,12,8123012,45,R,A,C,45,,Nb252 reported_seq R45A,Nb252 IMGT 50 R>A,Nb252 chain C auth 45 R>A,
12,task_0012,Nb252_aff_seq045_R45A,tier_1,13,8123013,45,R,A,C,45,,Nb252 reported_seq R45A,Nb252 IMGT 50 R>A,Nb252 chain C auth 45 R>A,
13,task_0013,Nb252_aff_seq045_R45A,tier_1,14,8123014,45,R,A,C,45,,Nb252 reported_seq R45A,Nb252 IMGT 50 R>A,Nb252 chain C auth 45 R>A,
14,task_0014,Nb252_aff_seq045_R45A,tier_1,15,8123015,45,R,A,C,45,,Nb252 reported_seq R45A,Nb252 IMGT 50 R>A,Nb252 chain C auth 45 R>A,
15,task_0015,Nb252_aff_seq045_R45A,tier_1,16,8123016,45,R,A,C,45,,Nb252 reported_seq R45A,Nb252 IMGT 50 R>A,Nb252 chain C auth 45 R>A,
16,task_0016,Nb252_aff_seq045_R45A,tier_1,17,8123017,45,R,A,C,45,,Nb252 reported_seq R45A,Nb252 IMGT 50 R>A,Nb252 chain C auth 45 R>A,
17,task_0017,Nb252_aff_seq045_R45A,tier_1,18,8123018,45,R,A,C,45,,Nb252 reported_seq R45A,Nb252 IMGT 50 R>A,Nb252 chain C auth 45 R>A,
18,task_0018,Nb252_aff_seq045_R45A,tier_1,19,8123019,45,R,A,C,45,,Nb252 reported_seq R45A,Nb252 IMGT 50 R>A,Nb252 chain C auth 45 R>A,
19,task_0019,Nb252_aff_seq045_R45A,tier_1,20,8123020,45,R,A,C,45,,Nb252 reported_seq R45A,Nb252 IMGT 50 R>A,Nb252 chain C auth 45 R>A,
20,task_0020,Nb252_aff_seq045_R45C,tier_1,1,8123021,45,R,C,C,45,,Nb252 reported_seq R45C,Nb252 IMGT 50 R>C,Nb252 chain C auth 45 R>C,
21,task_0021,Nb252_aff_seq045_R45C,tier_1,2,8123022,45,R,C,C,45,,Nb252 reported_seq R45C,Nb252 IMGT 50 R>C,Nb252 chain C auth 45 R>C,
22,task_0022,Nb252_aff_seq045_R45C,tier_1,3,8123023,45,R,C,C,45,,Nb252 reported_seq R45C,Nb252 IMGT 50 R>C,Nb252 chain C auth 45 R>C,
23,task_0023,Nb252_aff_seq045_R45C,tier_1,4,8123024,45,R,C,C,45,,Nb252 reported_seq R45C,Nb252 IMGT 50 R>C,Nb252 chain C auth 45 R>C,
24,task_0024,Nb252_aff_seq045_R45C,tier_1,5,8123025,45,R,C,C,45,,Nb252 reported_seq R45C,Nb252 IMGT 50 R>C,Nb252 chain C auth 45 R>C,
25,task_0025,Nb252_aff_seq045_R45C,tier_1,6,8123026,45,R,C,C,45,,Nb252 reported_seq R45C,Nb252 IMGT 50 R>C,Nb252 chain C auth 45 R>C,
26,task_0026,Nb252_aff_seq045_R45C,tier_1,7,8123027,45,R,C,C,45,,Nb252 reported_seq R45C,Nb252 IMGT 50 R>C,Nb252 chain C auth 45 R>C,
27,task_0027,Nb252_aff_seq045_R45C,tier_1,8,8123028,45,R,C,C,45,,Nb252 reported_seq R45C,Nb252 IMGT 50 R>C,Nb252 chain C auth 45 R>C,
28,task_0028,Nb252_aff_seq045_R45C,tier_1,9,8123029,45,R,C,C,45,,Nb252 reported_seq R45C,Nb252 IMGT 50 R>C,Nb252 chain C auth 45 R>C,
29,task_0029,Nb252_aff_seq045_R45C,tier_1,10,8123030,45,R,C,C,45,,Nb252 reported_seq R45C,Nb252 IMGT 50 R>C,Nb252 chain C auth 45 R>C,
30,task_0030,Nb252_aff_seq045_R45C,tier_1,11,8123031,45,R,C,C,45,,Nb252 reported_seq R45C,Nb252 IMGT 50 R>C,Nb252 chain C auth 45 R>C,
31,task_0031,Nb252_aff_seq045_R45C,tier_1,12,8123032,45,R,C,C,45,,Nb252 reported_seq R45C,Nb252 IMGT 50 R>C,Nb252 chain C auth 45 R>C,
32,task_0032,Nb252_aff_seq045_R45C,tier_1,13,8123033,45,R,C,C,45,,Nb252 reported_seq R45C,Nb252 IMGT 50 R>C,Nb252 chain C auth 45 R>C,
33,task_0033,Nb252_aff_seq045_R45C,tier_1,14,8123034,45,R,C,C,45,,Nb252 reported_seq R45C,Nb252 IMGT 50 R>C,Nb252 chain C auth 45 R>C,
34,task_0034,Nb252_aff_seq045_R45C,tier_1,15,8123035,45,R,C,C,45,,Nb252 reported_seq R45C,Nb252 IMGT 50 R>C,Nb252 chain C auth 45 R>C,
35,task_0035,Nb252_aff_seq045_R45C,tier_1,16,8123036,45,R,C,C,45,,Nb252 reported_seq R45C,Nb252 IMGT 50 R>C,Nb252 chain C auth 45 R>C,
36,task_0036,Nb252_aff_seq045_R45C,tier_1,17,8123037,45,R,C,C,45,,Nb252 reported_seq R45C,Nb252 IMGT 50 R>C,Nb252 chain C auth 45 R>C,
37,task_0037,Nb252_aff_seq045_R45C,tier_1,18,8123038,45,R,C,C,45,,Nb252 reported_seq R45C,Nb252 IMGT 50 R>C,Nb252 chain C auth 45 R>C,
38,task_0038,Nb252_aff_seq045_R45C,tier_1,19,8123039,45,R,C,C,45,,Nb252 reported_seq R45C,Nb252 IMGT 50 R>C,Nb252 chain C auth 45 R>C,
39,task_0039,Nb252_aff_seq045_R45C,tier_1,20,8123040,45,R,C,C,45,,Nb252 reported_seq R45C,Nb252 IMGT 50 R>C,Nb252 chain C auth 45 R>C,
40,task_0040,Nb252_aff_seq045_R45D,tier_1,1,8123041,45,R,D,C,45,,Nb252 reported_seq R45D,Nb252 IMGT 50 R>D,Nb252 chain C auth 45 R>D,
41,task_0041,Nb252_aff_seq045_R45D,tier_1,2,8123042,45,R,D,C,45,,Nb252 reported_seq R45D,Nb252 IMGT 50 R>D,Nb252 chain C auth 45 R>D,
42,task_0042,Nb252_aff_seq045_R45D,tier_1,3,8123043,45,R,D,C,45,,Nb252 reported_seq R45D,Nb252 IMGT 50 R>D,Nb252 chain C auth 45 R>D,
43,task_0043,Nb252_aff_seq045_R45D,tier_1,4,8123044,45,R,D,C,45,,Nb252 reported_seq R45D,Nb252 IMGT 50 R>D,Nb252 chain C auth 45 R>D,
44,task_0044,Nb252_aff_seq045_R45D,tier_1,5,8123045,45,R,D,C,45,,Nb252 reported_seq R45D,Nb252 IMGT 50 R>D,Nb252 chain C auth 45 R>D,
45,task_0045,Nb252_aff_seq045_R45D,tier_1,6,8123046,45,R,D,C,45,,Nb252 reported_seq R45D,Nb252 IMGT 50 R>D,Nb252 chain C auth 45 R>D,
46,task_0046,Nb252_aff_seq045_R45D,tier_1,7,8123047,45,R,D,C,45,,Nb252 reported_seq R45D,Nb252 IMGT 50 R>D,Nb252 chain C auth 45 R>D,
47,task_0047,Nb252_aff_seq045_R45D,tier_1,8,8123048,45,R,D,C,45,,Nb252 reported_seq R45D,Nb252 IMGT 50 R>D,Nb252 chain C auth 45 R>D,
48,task_0048,Nb252_aff_seq045_R45D,tier_1,9,8123049,45,R,D,C,45,,Nb252 reported_seq R45D,Nb252 IMGT 50 R>D,Nb252 chain C auth 45 R>D,
49,task_0049,Nb252_aff_seq045_R45D,tier_1,10,8123050,45,R,D,C,45,,Nb252 reported_seq R45D,Nb252 IMGT 50 R>D,Nb252 chain C auth 45 R>D,
50,task_0050,Nb252_aff_seq045_R45D,tier_1,11,8123051,45,R,D,C,45,,Nb252 reported_seq R45D,Nb252 IMGT 50 R>D,Nb252 chain C auth 45 R>D,
51,task_0051,Nb252_aff_seq045_R45D,tier_1,12,8123052,45,R,D,C,45,,Nb252 reported_seq R45D,Nb252 IMGT 50 R>D,Nb252 chain C auth 45 R>D,
52,task_0052,Nb252_aff_seq045_R45D,tier_1,13,8123053,45,R,D,C,45,,Nb252 reported_seq R45D,Nb252 IMGT 50 R>D,Nb252 chain C auth 45 R>D,
53,task_0053,Nb252_aff_seq045_R45D,tier_1,14,8123054,45,R,D,C,45,,Nb252 reported_seq R45D,Nb252 IMGT 50 R>D,Nb252 chain C auth 45 R>D,
54,task_0054,Nb252_aff_seq045_R45D,tier_1,15,8123055,45,R,D,C,45,,Nb252 reported_seq R45D,Nb252 IMGT 50 R>D,Nb252 chain C auth 45 R>D,
55,task_0055,Nb252_aff_seq045_R45D,tier_1,16,8123056,45,R,D,C,45,,Nb252 reported_seq R45D,Nb252 IMGT 50 R>D,Nb252 chain C auth 45 R>D,
56,task_0056,Nb252_aff_seq045_R45D,tier_1,17,8123057,45,R,D,C,45,,Nb252 reported_seq R45D,Nb252 IMGT 50 R>D,Nb252 chain C auth 45 R>D,
57,task_0057,Nb252_aff_seq045_R45D,tier_1,18,8123058,45,R,D,C,45,,Nb252 reported_seq R45D,Nb252 IMGT 50 R>D,Nb252 chain C auth 45 R>D,
58,task_0058,Nb252_aff_seq045_R45D,tier_1,19,8123059,45,R,D,C,45,,Nb252 reported_seq R45D,Nb252 IMGT 50 R>D,Nb252 chain C auth 45 R>D,
59,task_0059,Nb252_aff_seq045_R45D,tier_1,20,8123060,45,R,D,C,45,,Nb252 reported_seq R45D,Nb252 IMGT 50 R>D,Nb252 chain C auth 45 R>D,
60,task_0060,Nb252_aff_seq045_R45N,tier_1,1,8123061,45,R,N,C,45,,Nb252 reported_seq R45N,Nb252 IMGT 50 R>N,Nb252 chain C auth 45 R>N,
61,task_0061,Nb252_aff_seq045_R45N,tier_1,2,8123062,45,R,N,C,45,,Nb252 reported_seq R45N,Nb252 IMGT 50 R>N,Nb252 chain C auth 45 R>N,
62,task_0062,Nb252_aff_seq045_R45N,tier_1,3,8123063,45,R,N,C,45,,Nb252 reported_seq R45N,Nb252 IMGT 50 R>N,Nb252 chain C auth 45 R>N,
63,task_0063,Nb252_aff_seq045_R45N,tier_1,4,8123064,45,R,N,C,45,,Nb252 reported_seq R45N,Nb252 IMGT 50 R>N,Nb252 chain C auth 45 R>N,
64,task_0064,Nb252_aff_seq045_R45N,tier_1,5,8123065,45,R,N,C,45,,Nb252 reported_seq R45N,Nb252 IMGT 50 R>N,Nb252 chain C auth 45 R>N,
65,task_0065,Nb252_aff_seq045_R45N,tier_1,6,8123066,45,R,N,C,45,,Nb252 reported_seq R45N,Nb252 IMGT 50 R>N,Nb252 chain C auth 45 R>N,
66,task_0066,Nb252_aff_seq045_R45N,tier_1,7,8123067,45,R,N,C,45,,Nb252 reported_seq R45N,Nb252 IMGT 50 R>N,Nb252 chain C auth 45 R>N,
67,task_0067,Nb252_aff_seq045_R45N,tier_1,8,8123068,45,R,N,C,45,,Nb252 reported_seq R45N,Nb252 IMGT 50 R>N,Nb252 chain C auth 45 R>N,
68,task_0068,Nb252_aff_seq045_R45N,tier_1,9,8123069,45,R,N,C,45,,Nb252 reported_seq R45N,Nb252 IMGT 50 R>N,Nb252 chain C auth 45 R>N,
69,task_0069,Nb252_aff_seq045_R45N,tier_1,10,8123070,45,R,N,C,45,,Nb252 reported_seq R45N,Nb252 IMGT 50 R>N,Nb252 chain C auth 45 R>N,
70,task_0070,Nb252_aff_seq045_R45N,tier_1,11,8123071,45,R,N,C,45,,Nb252 reported_seq R45N,Nb252 IMGT 50 R>N,Nb252 chain C auth 45 R>N,
71,task_0071,Nb252_aff_seq045_R45N,tier_1,12,8123072,45,R,N,C,45,,Nb252 reported_seq R45N,Nb252 IMGT 50 R>N,Nb252 chain C auth 45 R>N,
72,task_0072,Nb252_aff_seq045_R45N,tier_1,13,8123073,45,R,N,C,45,,Nb252 reported_seq R45N,Nb252 IMGT 50 R>N,Nb252 chain C auth 45 R>N,
73,task_0073,Nb252_aff_seq045_R45N,tier_1,14,8123074,45,R,N,C,45,,Nb252 reported_seq R45N,Nb252 IMGT 50 R>N,Nb252 chain C auth 45 R>N,
74,task_0074,Nb252_aff_seq045_R45N,tier_1,15,8123075,45,R,N,C,45,,Nb252 reported_seq R45N,Nb252 IMGT 50 R>N,Nb252 chain C auth 45 R>N,
75,task_0075,Nb252_aff_seq045_R45N,tier_1,16,8123076,45,R,N,C,45,,Nb252 reported_seq R45N,Nb252 IMGT 50 R>N,Nb252 chain C auth 45 R>N,
76,task_0076,Nb252_aff_seq045_R45N,tier_1,17,8123077,45,R,N,C,45,,Nb252 reported_seq R45N,Nb252 IMGT 50 R>N,Nb252 chain C auth 45 R>N,
77,task_0077,Nb252_aff_seq045_R45N,tier_1,18,8123078,45,R,N,C,45,,Nb252 reported_seq R45N,Nb252 IMGT 50 R>N,Nb252 chain C auth 45 R>N,
78,task_0078,Nb252_aff_seq045_R45N,tier_1,19,8123079,45,R,N,C,45,,Nb252 reported_seq R45N,Nb252 IMGT 50 R>N,Nb252 chain C auth 45 R>N,
79,task_0079,Nb252_aff_seq045_R45N,tier_1,20,8123080,45,R,N,C,45,,Nb252 reported_seq R45N,Nb252 IMGT 50 R>N,Nb252 chain C auth 45 R>N,
80,task_0080,Nb252_aff_seq045_R45P,tier_1,1,8123081,45,R,P,C,45,,Nb252 reported_seq R45P,Nb252 IMGT 50 R>P,Nb252 chain C auth 45 R>P,
81,task_0081,Nb252_aff_seq045_R45P,tier_1,2,8123082,45,R,P,C,45,,Nb252 reported_seq R45P,Nb252 IMGT 50 R>P,Nb252 chain C auth 45 R>P,
82,task_0082,Nb252_aff_seq045_R45P,tier_1,3,8123083,45,R,P,C,45,,Nb252 reported_seq R45P,Nb252 IMGT 50 R>P,Nb252 chain C auth 45 R>P,
83,task_0083,Nb252_aff_seq045_R45P,tier_1,4,8123084,45,R,P,C,45,,Nb252 reported_seq R45P,Nb252 IMGT 50 R>P,Nb252 chain C auth 45 R>P,
84,task_0084,Nb252_aff_seq045_R45P,tier_1,5,8123085,45,R,P,C,45,,Nb252 reported_seq R45P,Nb252 IMGT 50 R>P,Nb252 chain C auth 45 R>P,
85,task_0085,Nb252_aff_seq045_R45P,tier_1,6,8123086,45,R,P,C,45,,Nb252 reported_seq R45P,Nb252 IMGT 50 R>P,Nb252 chain C auth 45 R>P,
86,task_0086,Nb252_aff_seq045_R45P,tier_1,7,8123087,45,R,P,C,45,,Nb252 reported_seq R45P,Nb252 IMGT 50 R>P,Nb252 chain C auth 45 R>P,
87,task_0087,Nb252_aff_seq045_R45P,tier_1,8,8123088,45,R,P,C,45,,Nb252 reported_seq R45P,Nb252 IMGT 50 R>P,Nb252 chain C auth 45 R>P,
88,task_0088,Nb252_aff_seq045_R45P,tier_1,9,8123089,45,R,P,C,45,,Nb252 reported_seq R45P,Nb252 IMGT 50 R>P,Nb252 chain C auth 45 R>P,
89,task_0089,Nb252_aff_seq045_R45P,tier_1,10,8123090,45,R,P,C,45,,Nb252 reported_seq R45P,Nb252 IMGT 50 R>P,Nb252 chain C auth 45 R>P,
90,task_0090,Nb252_aff_seq045_R45P,tier_1,11,8123091,45,R,P,C,45,,Nb252 reported_seq R45P,Nb252 IMGT 50 R>P,Nb252 chain C auth 45 R>P,
91,task_0091,Nb252_aff_seq045_R45P,tier_1,12,8123092,45,R,P,C,45,,Nb252 reported_seq R45P,Nb252 IMGT 50 R>P,Nb252 chain C auth 45 R>P,
92,task_0092,Nb252_aff_seq045_R45P,tier_1,13,8123093,45,R,P,C,45,,Nb252 reported_seq R45P,Nb252 IMGT 50 R>P,Nb252 chain C auth 45 R>P,
93,task_0093,Nb252_aff_seq045_R45P,tier_1,14,8123094,45,R,P,C,45,,Nb252 reported_seq R45P,Nb252 IMGT 50 R>P,Nb252 chain C auth 45 R>P,
94,task_0094,Nb252_aff_seq045_R45P,tier_1,15,8123095,45,R,P,C,45,,Nb252 reported_seq R45P,Nb252 IMGT 50 R>P,Nb252 chain C auth 45 R>P,
95,task_0095,Nb252_aff_seq045_R45P,tier_1,16,8123096,45,R,P,C,45,,Nb252 reported_seq R45P,Nb252 IMGT 50 R>P,Nb252 chain C auth 45 R>P,
96,task_0096,Nb252_aff_seq045_R45P,tier_1,17,8123097,45,R,P,C,45,,Nb252 reported_seq R45P,Nb252 IMGT 50 R>P,Nb252 chain C auth 45 R>P,
97,task_0097,Nb252_aff_seq045_R45P,tier_1,18,8123098,45,R,P,C,45,,Nb252 reported_seq R45P,Nb252 IMGT 50 R>P,Nb252 chain C auth 45 R>P,
98,task_0098,Nb252_aff_seq045_R45P,tier_1,19,8123099,45,R,P,C,45,,Nb252 reported_seq R45P,Nb252 IMGT 50 R>P,Nb252 chain C auth 45 R>P,
99,task_0099,Nb252_aff_seq045_R45P,tier_1,20,8123100,45,R,P,C,45,,Nb252 reported_seq R45P,Nb252 IMGT 50 R>P,Nb252 chain C auth 45 R>P,
100,task_0100,Nb252_aff_seq045_R45S,tier_1,1,8123101,45,R,S,C,45,,Nb252 reported_seq R45S,Nb252 IMGT 50 R>S,Nb252 chain C auth 45 R>S,
101,task_0101,Nb252_aff_seq045_R45S,tier_1,2,8123102,45,R,S,C,45,,Nb252 reported_seq R45S,Nb252 IMGT 50 R>S,Nb252 chain C auth 45 R>S,
102,task_0102,Nb252_aff_seq045_R45S,tier_1,3,8123103,45,R,S,C,45,,Nb252 reported_seq R45S,Nb252 IMGT 50 R>S,Nb252 chain C auth 45 R>S,
103,task_0103,Nb252_aff_seq045_R45S,tier_1,4,8123104,45,R,S,C,45,,Nb252 reported_seq R45S,Nb252 IMGT 50 R>S,Nb252 chain C auth 45 R>S,
104,task_0104,Nb252_aff_seq045_R45S,tier_1,5,8123105,45,R,S,C,45,,Nb252 reported_seq R45S,Nb252 IMGT 50 R>S,Nb252 chain C auth 45 R>S,
105,task_0105,Nb252_aff_seq045_R45S,tier_1,6,8123106,45,R,S,C,45,,Nb252 reported_seq R45S,Nb252 IMGT 50 R>S,Nb252 chain C auth 45 R>S,
106,task_0106,Nb252_aff_seq045_R45S,tier_1,7,8123107,45,R,S,C,45,,Nb252 reported_seq R45S,Nb252 IMGT 50 R>S,Nb252 chain C auth 45 R>S,
107,task_0107,Nb252_aff_seq045_R45S,tier_1,8,8123108,45,R,S,C,45,,Nb252 reported_seq R45S,Nb252 IMGT 50 R>S,Nb252 chain C auth 45 R>S,
108,task_0108,Nb252_aff_seq045_R45S,tier_1,9,8123109,45,R,S,C,45,,Nb252 reported_seq R45S,Nb252 IMGT 50 R>S,Nb252 chain C auth 45 R>S,
109,task_0109,Nb252_aff_seq045_R45S,tier_1,10,8123110,45,R,S,C,45,,Nb252 reported_seq R45S,Nb252 IMGT 50 R>S,Nb252 chain C auth 45 R>S,
110,task_0110,Nb252_aff_seq045_R45S,tier_1,11,8123111,45,R,S,C,45,,Nb252 reported_seq R45S,Nb252 IMGT 50 R>S,Nb252 chain C auth 45 R>S,
111,task_0111,Nb252_aff_seq045_R45S,tier_1,12,8123112,45,R,S,C,45,,Nb252 reported_seq R45S,Nb252 IMGT 50 R>S,Nb252 chain C auth 45 R>S,
112,task_0112,Nb252_aff_seq045_R45S,tier_1,13,8123113,45,R,S,C,45,,Nb252 reported_seq R45S,Nb252 IMGT 50 R>S,Nb252 chain C auth 45 R>S,
113,task_0113,Nb252_aff_seq045_R45S,tier_1,14,8123114,45,R,S,C,45,,Nb252 reported_seq R45S,Nb252 IMGT 50 R>S,Nb252 chain C auth 45 R>S,
114,task_0114,Nb252_aff_seq045_R45S,tier_1,15,8123115,45,R,S,C,45,,Nb252 reported_seq R45S,Nb252 IMGT 50 R>S,Nb252 chain C auth 45 R>S,
115,task_0115,Nb252_aff_seq045_R45S,tier_1,16,8123116,45,R,S,C,45,,Nb252 reported_seq R45S,Nb252 IMGT 50 R>S,Nb252 chain C auth 45 R>S,
116,task_0116,Nb252_aff_seq045_R45S,tier_1,17,8123117,45,R,S,C,45,,Nb252 reported_seq R45S,Nb252 IMGT 50 R>S,Nb252 chain C auth 45 R>S,
117,task_0117,Nb252_aff_seq045_R45S,tier_1,18,8123118,45,R,S,C,45,,Nb252 reported_seq R45S,Nb252 IMGT 50 R>S,Nb252 chain C auth 45 R>S,
118,task_0118,Nb252_aff_seq045_R45S,tier_1,19,8123119,45,R,S,C,45,,Nb252 reported_seq R45S,Nb252 IMGT 50 R>S,Nb252 chain C auth 45 R>S,
119,task_0119,Nb252_aff_seq045_R45S,tier_1,20,8123120,45,R,S,C,45,,Nb252 reported_seq R45S,Nb252 IMGT 50 R>S,Nb252 chain C auth 45 R>S,
120,task_0120,Nb252_aff_seq045_R45T,tier_1,1,8123121,45,R,T,C,45,,Nb252 reported_seq R45T,Nb252 IMGT 50 R>T,Nb252 chain C auth 45 R>T,
121,task_0121,Nb252_aff_seq045_R45T,tier_1,2,8123122,45,R,T,C,45,,Nb252 reported_seq R45T,Nb252 IMGT 50 R>T,Nb252 chain C auth 45 R>T,
122,task_0122,Nb252_aff_seq045_R45T,tier_1,3,8123123,45,R,T,C,45,,Nb252 reported_seq R45T,Nb252 IMGT 50 R>T,Nb252 chain C auth 45 R>T,
123,task_0123,Nb252_aff_seq045_R45T,tier_1,4,8123124,45,R,T,C,45,,Nb252 reported_seq R45T,Nb252 IMGT 50 R>T,Nb252 chain C auth 45 R>T,
124,task_0124,Nb252_aff_seq045_R45T,tier_1,5,8123125,45,R,T,C,45,,Nb252 reported_seq R45T,Nb252 IMGT 50 R>T,Nb252 chain C auth 45 R>T,
125,task_0125,Nb252_aff_seq045_R45T,tier_1,6,8123126,45,R,T,C,45,,Nb252 reported_seq R45T,Nb252 IMGT 50 R>T,Nb252 chain C auth 45 R>T,
126,task_0126,Nb252_aff_seq045_R45T,tier_1,7,8123127,45,R,T,C,45,,Nb252 reported_seq R45T,Nb252 IMGT 50 R>T,Nb252 chain C auth 45 R>T,
127,task_0127,Nb252_aff_seq045_R45T,tier_1,8,8123128,45,R,T,C,45,,Nb252 reported_seq R45T,Nb252 IMGT 50 R>T,Nb252 chain C auth 45 R>T,
128,task_0128,Nb252_aff_seq045_R45T,tier_1,9,8123129,45,R,T,C,45,,Nb252 reported_seq R45T,Nb252 IMGT 50 R>T,Nb252 chain C auth 45 R>T,
129,task_0129,Nb252_aff_seq045_R45T,tier_1,10,8123130,45,R,T,C,45,,Nb252 reported_seq R45T,Nb252 IMGT 50 R>T,Nb252 chain C auth 45 R>T,
130,task_0130,Nb252_aff_seq045_R45T,tier_1,11,8123131,45,R,T,C,45,,Nb252 reported_seq R45T,Nb252 IMGT 50 R>T,Nb252 chain C auth 45 R>T,
131,task_0131,Nb252_aff_seq045_R45T,tier_1,12,8123132,45,R,T,C,45,,Nb252 reported_seq R45T,Nb252 IMGT 50 R>T,Nb252 chain C auth 45 R>T,
132,task_0132,Nb252_aff_seq045_R45T,tier_1,13,8123133,45,R,T,C,45,,Nb252 reported_seq R45T,Nb252 IMGT 50 R>T,Nb252 chain C auth 45 R>T,
133,task_0133,Nb252_aff_seq045_R45T,tier_1,14,8123134,45,R,T,C,45,,Nb252 reported_seq R45T,Nb252 IMGT 50 R>T,Nb252 chain C auth 45 R>T,
134,task_0134,Nb252_aff_seq045_R45T,tier_1,15,8123135,45,R,T,C,45,,Nb252 reported_seq R45T,Nb252 IMGT 50 R>T,Nb252 chain C auth 45 R>T,
135,task_0135,Nb252_aff_seq045_R45T,tier_1,16,8123136,45,R,T,C,45,,Nb252 reported_seq R45T,Nb252 IMGT 50 R>T,Nb252 chain C auth 45 R>T,
136,task_0136,Nb252_aff_seq045_R45T,tier_1,17,8123137,45,R,T,C,45,,Nb252 reported_seq R45T,Nb252 IMGT 50 R>T,Nb252 chain C auth 45 R>T,
137,task_0137,Nb252_aff_seq045_R45T,tier_1,18,8123138,45,R,T,C,45,,Nb252 reported_seq R45T,Nb252 IMGT 50 R>T,Nb252 chain C auth 45 R>T,
138,task_0138,Nb252_aff_seq045_R45T,tier_1,19,8123139,45,R,T,C,45,,Nb252 reported_seq R45T,Nb252 IMGT 50 R>T,Nb252 chain C auth 45 R>T,
139,task_0139,Nb252_aff_seq045_R45T,tier_1,20,8123140,45,R,T,C,45,,Nb252 reported_seq R45T,Nb252 IMGT 50 R>T,Nb252 chain C auth 45 R>T,
140,task_0140,Nb252_aff_seq046_E46D,tier_1,1,8123141,46,E,D,C,46,,Nb252 reported_seq E46D,Nb252 IMGT 51 E>D,Nb252 chain C auth 46 E>D,prepared_contact_sensitive
141,task_0141,Nb252_aff_seq046_E46D,tier_1,2,8123142,46,E,D,C,46,,Nb252 reported_seq E46D,Nb252 IMGT 51 E>D,Nb252 chain C auth 46 E>D,prepared_contact_sensitive
142,task_0142,Nb252_aff_seq046_E46D,tier_1,3,8123143,46,E,D,C,46,,Nb252 reported_seq E46D,Nb252 IMGT 51 E>D,Nb252 chain C auth 46 E>D,prepared_contact_sensitive
143,task_0143,Nb252_aff_seq046_E46D,tier_1,4,8123144,46,E,D,C,46,,Nb252 reported_seq E46D,Nb252 IMGT 51 E>D,Nb252 chain C auth 46 E>D,prepared_contact_sensitive
144,task_0144,Nb252_aff_seq046_E46D,tier_1,5,8123145,46,E,D,C,46,,Nb252 reported_seq E46D,Nb252 IMGT 51 E>D,Nb252 chain C auth 46 E>D,prepared_contact_sensitive
145,task_0145,Nb252_aff_seq046_E46D,tier_1,6,8123146,46,E,D,C,46,,Nb252 reported_seq E46D,Nb252 IMGT 51 E>D,Nb252 chain C auth 46 E>D,prepared_contact_sensitive
146,task_0146,Nb252_aff_seq046_E46D,tier_1,7,8123147,46,E,D,C,46,,Nb252 reported_seq E46D,Nb252 IMGT 51 E>D,Nb252 chain C auth 46 E>D,prepared_contact_sensitive
147,task_0147,Nb252_aff_seq046_E46D,tier_1,8,8123148,46,E,D,C,46,,Nb252 reported_seq E46D,Nb252 IMGT 51 E>D,Nb252 chain C auth 46 E>D,prepared_contact_sensitive
148,task_0148,Nb252_aff_seq046_E46D,tier_1,9,8123149,46,E,D,C,46,,Nb252 reported_seq E46D,Nb252 IMGT 51 E>D,Nb252 chain C auth 46 E>D,prepared_contact_sensitive
149,task_0149,Nb252_aff_seq046_E46D,tier_1,10,8123150,46,E,D,C,46,,Nb252 reported_seq E46D,Nb252 IMGT 51 E>D,Nb252 chain C auth 46 E>D,prepared_contact_sensitive
150,task_0150,Nb252_aff_seq046_E46D,tier_1,11,8123151,46,E,D,C,46,,Nb252 reported_seq E46D,Nb252 IMGT 51 E>D,Nb252 chain C auth 46 E>D,prepared_contact_sensitive
151,task_0151,Nb252_aff_seq046_E46D,tier_1,12,8123152,46,E,D,C,46,,Nb252 reported_seq E46D,Nb252 IMGT 51 E>D,Nb252 chain C auth 46 E>D,prepared_contact_sensitive
152,task_0152,Nb252_aff_seq046_E46D,tier_1,13,8123153,46,E,D,C,46,,Nb252 reported_seq E46D,Nb252 IMGT 51 E>D,Nb252 chain C auth 46 E>D,prepared_contact_sensitive
153,task_0153,Nb252_aff_seq046_E46D,tier_1,14,8123154,46,E,D,C,46,,Nb252 reported_seq E46D,Nb252 IMGT 51 E>D,Nb252 chain C auth 46 E>D,prepared_contact_sensitive
154,task_0154,Nb252_aff_seq046_E46D,tier_1,15,8123155,46,E,D,C,46,,Nb252 reported_seq E46D,Nb252 IMGT 51 E>D,Nb252 chain C auth 46 E>D,prepared_contact_sensitive
155,task_0155,Nb252_aff_seq046_E46D,tier_1,16,8123156,46,E,D,C,46,,Nb252 reported_seq E46D,Nb252 IMGT 51 E>D,Nb252 chain C auth 46 E>D,prepared_contact_sensitive
156,task_0156,Nb252_aff_seq046_E46D,tier_1,17,8123157,46,E,D,C,46,,Nb252 reported_seq E46D,Nb252 IMGT 51 E>D,Nb252 chain C auth 46 E>D,prepared_contact_sensitive
157,task_0157,Nb252_aff_seq046_E46D,tier_1,18,8123158,46,E,D,C,46,,Nb252 reported_seq E46D,Nb252 IMGT 51 E>D,Nb252 chain C auth 46 E>D,prepared_contact_sensitive
158,task_0158,Nb252_aff_seq046_E46D,tier_1,19,8123159,46,E,D,C,46,,Nb252 reported_seq E46D,Nb252 IMGT 51 E>D,Nb252 chain C auth 46 E>D,prepared_contact_sensitive
159,task_0159,Nb252_aff_seq046_E46D,tier_1,20,8123160,46,E,D,C,46,,Nb252 reported_seq E46D,Nb252 IMGT 51 E>D,Nb252 chain C auth 46 E>D,prepared_contact_sensitive
160,task_0160,Nb252_aff_seq047_F47Q,tier_1,1,8123161,47,F,Q,C,47,,Nb252 reported_seq F47Q,Nb252 IMGT 52 F>Q,Nb252 chain C auth 47 F>Q,
161,task_0161,Nb252_aff_seq047_F47Q,tier_1,2,8123162,47,F,Q,C,47,,Nb252 reported_seq F47Q,Nb252 IMGT 52 F>Q,Nb252 chain C auth 47 F>Q,
162,task_0162,Nb252_aff_seq047_F47Q,tier_1,3,8123163,47,F,Q,C,47,,Nb252 reported_seq F47Q,Nb252 IMGT 52 F>Q,Nb252 chain C auth 47 F>Q,
163,task_0163,Nb252_aff_seq047_F47Q,tier_1,4,8123164,47,F,Q,C,47,,Nb252 reported_seq F47Q,Nb252 IMGT 52 F>Q,Nb252 chain C auth 47 F>Q,
164,task_0164,Nb252_aff_seq047_F47Q,tier_1,5,8123165,47,F,Q,C,47,,Nb252 reported_seq F47Q,Nb252 IMGT 52 F>Q,Nb252 chain C auth 47 F>Q,
165,task_0165,Nb252_aff_seq047_F47Q,tier_1,6,8123166,47,F,Q,C,47,,Nb252 reported_seq F47Q,Nb252 IMGT 52 F>Q,Nb252 chain C auth 47 F>Q,
166,task_0166,Nb252_aff_seq047_F47Q,tier_1,7,8123167,47,F,Q,C,47,,Nb252 reported_seq F47Q,Nb252 IMGT 52 F>Q,Nb252 chain C auth 47 F>Q,
167,task_0167,Nb252_aff_seq047_F47Q,tier_1,8,8123168,47,F,Q,C,47,,Nb252 reported_seq F47Q,Nb252 IMGT 52 F>Q,Nb252 chain C auth 47 F>Q,
168,task_0168,Nb252_aff_seq047_F47Q,tier_1,9,8123169,47,F,Q,C,47,,Nb252 reported_seq F47Q,Nb252 IMGT 52 F>Q,Nb252 chain C auth 47 F>Q,
169,task_0169,Nb252_aff_seq047_F47Q,tier_1,10,8123170,47,F,Q,C,47,,Nb252 reported_seq F47Q,Nb252 IMGT 52 F>Q,Nb252 chain C auth 47 F>Q,
170,task_0170,Nb252_aff_seq047_F47Q,tier_1,11,8123171,47,F,Q,C,47,,Nb252 reported_seq F47Q,Nb252 IMGT 52 F>Q,Nb252 chain C auth 47 F>Q,
171,task_0171,Nb252_aff_seq047_F47Q,tier_1,12,8123172,47,F,Q,C,47,,Nb252 reported_seq F47Q,Nb252 IMGT 52 F>Q,Nb252 chain C auth 47 F>Q,
172,task_0172,Nb252_aff_seq047_F47Q,tier_1,13,8123173,47,F,Q,C,47,,Nb252 reported_seq F47Q,Nb252 IMGT 52 F>Q,Nb252 chain C auth 47 F>Q,
173,task_0173,Nb252_aff_seq047_F47Q,tier_1,14,8123174,47,F,Q,C,47,,Nb252 reported_seq F47Q,Nb252 IMGT 52 F>Q,Nb252 chain C auth 47 F>Q,
174,task_0174,Nb252_aff_seq047_F47Q,tier_1,15,8123175,47,F,Q,C,47,,Nb252 reported_seq F47Q,Nb252 IMGT 52 F>Q,Nb252 chain C auth 47 F>Q,
175,task_0175,Nb252_aff_seq047_F47Q,tier_1,16,8123176,47,F,Q,C,47,,Nb252 reported_seq F47Q,Nb252 IMGT 52 F>Q,Nb252 chain C auth 47 F>Q,
176,task_0176,Nb252_aff_seq047_F47Q,tier_1,17,8123177,47,F,Q,C,47,,Nb252 reported_seq F47Q,Nb252 IMGT 52 F>Q,Nb252 chain C auth 47 F>Q,
177,task_0177,Nb252_aff_seq047_F47Q,tier_1,18,8123178,47,F,Q,C,47,,Nb252 reported_seq F47Q,Nb252 IMGT 52 F>Q,Nb252 chain C auth 47 F>Q,
178,task_0178,Nb252_aff_seq047_F47Q,tier_1,19,8123179,47,F,Q,C,47,,Nb252 reported_seq F47Q,Nb252 IMGT 52 F>Q,Nb252 chain C auth 47 F>Q,
179,task_0179,Nb252_aff_seq047_F47Q,tier_1,20,8123180,47,F,Q,C,47,,Nb252 reported_seq F47Q,Nb252 IMGT 52 F>Q,Nb252 chain C auth 47 F>Q,
180,task_0180,Nb252_aff_seq047_F47V,tier_1,1,8123181,47,F,V,C,47,,Nb252 reported_seq F47V,Nb252 IMGT 52 F>V,Nb252 chain C auth 47 F>V,
181,task_0181,Nb252_aff_seq047_F47V,tier_1,2,8123182,47,F,V,C,47,,Nb252 reported_seq F47V,Nb252 IMGT 52 F>V,Nb252 chain C auth 47 F>V,
182,task_0182,Nb252_aff_seq047_F47V,tier_1,3,8123183,47,F,V,C,47,,Nb252 reported_seq F47V,Nb252 IMGT 52 F>V,Nb252 chain C auth 47 F>V,
183,task_0183,Nb252_aff_seq047_F47V,tier_1,4,8123184,47,F,V,C,47,,Nb252 reported_seq F47V,Nb252 IMGT 52 F>V,Nb252 chain C auth 47 F>V,
184,task_0184,Nb252_aff_seq047_F47V,tier_1,5,8123185,47,F,V,C,47,,Nb252 reported_seq F47V,Nb252 IMGT 52 F>V,Nb252 chain C auth 47 F>V,
185,task_0185,Nb252_aff_seq047_F47V,tier_1,6,8123186,47,F,V,C,47,,Nb252 reported_seq F47V,Nb252 IMGT 52 F>V,Nb252 chain C auth 47 F>V,
186,task_0186,Nb252_aff_seq047_F47V,tier_1,7,8123187,47,F,V,C,47,,Nb252 reported_seq F47V,Nb252 IMGT 52 F>V,Nb252 chain C auth 47 F>V,
187,task_0187,Nb252_aff_seq047_F47V,tier_1,8,8123188,47,F,V,C,47,,Nb252 reported_seq F47V,Nb252 IMGT 52 F>V,Nb252 chain C auth 47 F>V,
188,task_0188,Nb252_aff_seq047_F47V,tier_1,9,8123189,47,F,V,C,47,,Nb252 reported_seq F47V,Nb252 IMGT 52 F>V,Nb252 chain C auth 47 F>V,
189,task_0189,Nb252_aff_seq047_F47V,tier_1,10,8123190,47,F,V,C,47,,Nb252 reported_seq F47V,Nb252 IMGT 52 F>V,Nb252 chain C auth 47 F>V,
190,task_0190,Nb252_aff_seq047_F47V,tier_1,11,8123191,47,F,V,C,47,,Nb252 reported_seq F47V,Nb252 IMGT 52 F>V,Nb252 chain C auth 47 F>V,
191,task_0191,Nb252_aff_seq047_F47V,tier_1,12,8123192,47,F,V,C,47,,Nb252 reported_seq F47V,Nb252 IMGT 52 F>V,Nb252 chain C auth 47 F>V,
192,task_0192,Nb252_aff_seq047_F47V,tier_1,13,8123193,47,F,V,C,47,,Nb252 reported_seq F47V,Nb252 IMGT 52 F>V,Nb252 chain C auth 47 F>V,
193,task_0193,Nb252_aff_seq047_F47V,tier_1,14,8123194,47,F,V,C,47,,Nb252 reported_seq F47V,Nb252 IMGT 52 F>V,Nb252 chain C auth 47 F>V,
194,task_0194,Nb252_aff_seq047_F47V,tier_1,15,8123195,47,F,V,C,47,,Nb252 reported_seq F47V,Nb252 IMGT 52 F>V,Nb252 chain C auth 47 F>V,
195,task_0195,Nb252_aff_seq047_F47V,tier_1,16,8123196,47,F,V,C,47,,Nb252 reported_seq F47V,Nb252 IMGT 52 F>V,Nb252 chain C auth 47 F>V,
196,task_0196,Nb252_aff_seq047_F47V,tier_1,17,8123197,47,F,V,C,47,,Nb252 reported_seq F47V,Nb252 IMGT 52 F>V,Nb252 chain C auth 47 F>V,
197,task_0197,Nb252_aff_seq047_F47V,tier_1,18,8123198,47,F,V,C,47,,Nb252 reported_seq F47V,Nb252 IMGT 52 F>V,Nb252 chain C auth 47 F>V,
198,task_0198,Nb252_aff_seq047_F47V,tier_1,19,8123199,47,F,V,C,47,,Nb252 reported_seq F47V,Nb252 IMGT 52 F>V,Nb252 chain C auth 47 F>V,
199,task_0199,Nb252_aff_seq047_F47V,tier_1,20,8123200,47,F,V,C,47,,Nb252 reported_seq F47V,Nb252 IMGT 52 F>V,Nb252 chain C auth 47 F>V,
200,task_0200,Nb252_aff_seq101_D101N,tier_1,1,8123201,101,D,N,C,101,,Nb252 reported_seq D101N,Nb252 IMGT 110 D>N,Nb252 chain C auth 101 D>N,prepared_contact_sensitive
201,task_0201,Nb252_aff_seq101_D101N,tier_1,2,8123202,101,D,N,C,101,,Nb252 reported_seq D101N,Nb252 IMGT 110 D>N,Nb252 chain C auth 101 D>N,prepared_contact_sensitive
202,task_0202,Nb252_aff_seq101_D101N,tier_1,3,8123203,101,D,N,C,101,,Nb252 reported_seq D101N,Nb252 IMGT 110 D>N,Nb252 chain C auth 101 D>N,prepared_contact_sensitive
203,task_0203,Nb252_aff_seq101_D101N,tier_1,4,8123204,101,D,N,C,101,,Nb252 reported_seq D101N,Nb252 IMGT 110 D>N,Nb252 chain C auth 101 D>N,prepared_contact_sensitive
204,task_0204,Nb252_aff_seq101_D101N,tier_1,5,8123205,101,D,N,C,101,,Nb252 reported_seq D101N,Nb252 IMGT 110 D>N,Nb252 chain C auth 101 D>N,prepared_contact_sensitive
205,task_0205,Nb252_aff_seq101_D101N,tier_1,6,8123206,101,D,N,C,101,,Nb252 reported_seq D101N,Nb252 IMGT 110 D>N,Nb252 chain C auth 101 D>N,prepared_contact_sensitive
206,task_0206,Nb252_aff_seq101_D101N,tier_1,7,8123207,101,D,N,C,101,,Nb252 reported_seq D101N,Nb252 IMGT 110 D>N,Nb252 chain C auth 101 D>N,prepared_contact_sensitive
207,task_0207,Nb252_aff_seq101_D101N,tier_1,8,8123208,101,D,N,C,101,,Nb252 reported_seq D101N,Nb252 IMGT 110 D>N,Nb252 chain C auth 101 D>N,prepared_contact_sensitive
208,task_0208,Nb252_aff_seq101_D101N,tier_1,9,8123209,101,D,N,C,101,,Nb252 reported_seq D101N,Nb252 IMGT 110 D>N,Nb252 chain C auth 101 D>N,prepared_contact_sensitive
209,task_0209,Nb252_aff_seq101_D101N,tier_1,10,8123210,101,D,N,C,101,,Nb252 reported_seq D101N,Nb252 IMGT 110 D>N,Nb252 chain C auth 101 D>N,prepared_contact_sensitive
210,task_0210,Nb252_aff_seq101_D101N,tier_1,11,8123211,101,D,N,C,101,,Nb252 reported_seq D101N,Nb252 IMGT 110 D>N,Nb252 chain C auth 101 D>N,prepared_contact_sensitive
211,task_0211,Nb252_aff_seq101_D101N,tier_1,12,8123212,101,D,N,C,101,,Nb252 reported_seq D101N,Nb252 IMGT 110 D>N,Nb252 chain C auth 101 D>N,prepared_contact_sensitive
212,task_0212,Nb252_aff_seq101_D101N,tier_1,13,8123213,101,D,N,C,101,,Nb252 reported_seq D101N,Nb252 IMGT 110 D>N,Nb252 chain C auth 101 D>N,prepared_contact_sensitive
213,task_0213,Nb252_aff_seq101_D101N,tier_1,14,8123214,101,D,N,C,101,,Nb252 reported_seq D101N,Nb252 IMGT 110 D>N,Nb252 chain C auth 101 D>N,prepared_contact_sensitive
214,task_0214,Nb252_aff_seq101_D101N,tier_1,15,8123215,101,D,N,C,101,,Nb252 reported_seq D101N,Nb252 IMGT 110 D>N,Nb252 chain C auth 101 D>N,prepared_contact_sensitive
215,task_0215,Nb252_aff_seq101_D101N,tier_1,16,8123216,101,D,N,C,101,,Nb252 reported_seq D101N,Nb252 IMGT 110 D>N,Nb252 chain C auth 101 D>N,prepared_contact_sensitive
216,task_0216,Nb252_aff_seq101_D101N,tier_1,17,8123217,101,D,N,C,101,,Nb252 reported_seq D101N,Nb252 IMGT 110 D>N,Nb252 chain C auth 101 D>N,prepared_contact_sensitive
217,task_0217,Nb252_aff_seq101_D101N,tier_1,18,8123218,101,D,N,C,101,,Nb252 reported_seq D101N,Nb252 IMGT 110 D>N,Nb252 chain C auth 101 D>N,prepared_contact_sensitive
218,task_0218,Nb252_aff_seq101_D101N,tier_1,19,8123219,101,D,N,C,101,,Nb252 reported_seq D101N,Nb252 IMGT 110 D>N,Nb252 chain C auth 101 D>N,prepared_contact_sensitive
219,task_0219,Nb252_aff_seq101_D101N,tier_1,20,8123220,101,D,N,C,101,,Nb252 reported_seq D101N,Nb252 IMGT 110 D>N,Nb252 chain C auth 101 D>N,prepared_contact_sensitive
220,task_0220,Nb252_aff_seq102_Y102F,tier_1,1,8123221,102,Y,F,C,102,,Nb252 reported_seq Y102F,Nb252 IMGT 111 Y>F,Nb252 chain C auth 102 Y>F,source_sidechain_incomplete_position
221,task_0221,Nb252_aff_seq102_Y102F,tier_1,2,8123222,102,Y,F,C,102,,Nb252 reported_seq Y102F,Nb252 IMGT 111 Y>F,Nb252 chain C auth 102 Y>F,source_sidechain_incomplete_position
222,task_0222,Nb252_aff_seq102_Y102F,tier_1,3,8123223,102,Y,F,C,102,,Nb252 reported_seq Y102F,Nb252 IMGT 111 Y>F,Nb252 chain C auth 102 Y>F,source_sidechain_incomplete_position
223,task_0223,Nb252_aff_seq102_Y102F,tier_1,4,8123224,102,Y,F,C,102,,Nb252 reported_seq Y102F,Nb252 IMGT 111 Y>F,Nb252 chain C auth 102 Y>F,source_sidechain_incomplete_position
224,task_0224,Nb252_aff_seq102_Y102F,tier_1,5,8123225,102,Y,F,C,102,,Nb252 reported_seq Y102F,Nb252 IMGT 111 Y>F,Nb252 chain C auth 102 Y>F,source_sidechain_incomplete_position
225,task_0225,Nb252_aff_seq102_Y102F,tier_1,6,8123226,102,Y,F,C,102,,Nb252 reported_seq Y102F,Nb252 IMGT 111 Y>F,Nb252 chain C auth 102 Y>F,source_sidechain_incomplete_position
226,task_0226,Nb252_aff_seq102_Y102F,tier_1,7,8123227,102,Y,F,C,102,,Nb252 reported_seq Y102F,Nb252 IMGT 111 Y>F,Nb252 chain C auth 102 Y>F,source_sidechain_incomplete_position
227,task_0227,Nb252_aff_seq102_Y102F,tier_1,8,8123228,102,Y,F,C,102,,Nb252 reported_seq Y102F,Nb252 IMGT 111 Y>F,Nb252 chain C auth 102 Y>F,source_sidechain_incomplete_position
228,task_0228,Nb252_aff_seq102_Y102F,tier_1,9,8123229,102,Y,F,C,102,,Nb252 reported_seq Y102F,Nb252 IMGT 111 Y>F,Nb252 chain C auth 102 Y>F,source_sidechain_incomplete_position
229,task_0229,Nb252_aff_seq102_Y102F,tier_1,10,8123230,102,Y,F,C,102,,Nb252 reported_seq Y102F,Nb252 IMGT 111 Y>F,Nb252 chain C auth 102 Y>F,source_sidechain_incomplete_position
230,task_0230,Nb252_aff_seq102_Y102F,tier_1,11,8123231,102,Y,F,C,102,,Nb252 reported_seq Y102F,Nb252 IMGT 111 Y>F,Nb252 chain C auth 102 Y>F,source_sidechain_incomplete_position
231,task_0231,Nb252_aff_seq102_Y102F,tier_1,12,8123232,102,Y,F,C,102,,Nb252 reported_seq Y102F,Nb252 IMGT 111 Y>F,Nb252 chain C auth 102 Y>F,source_sidechain_incomplete_position
232,task_0232,Nb252_aff_seq102_Y102F,tier_1,13,8123233,102,Y,F,C,102,,Nb252 reported_seq Y102F,Nb252 IMGT 111 Y>F,Nb252 chain C auth 102 Y>F,source_sidechain_incomplete_position
233,task_0233,Nb252_aff_seq102_Y102F,tier_1,14,8123234,102,Y,F,C,102,,Nb252 reported_seq Y102F,Nb252 IMGT 111 Y>F,Nb252 chain C auth 102 Y>F,source_sidechain_incomplete_position
234,task_0234,Nb252_aff_seq102_Y102F,tier_1,15,8123235,102,Y,F,C,102,,Nb252 reported_seq Y102F,Nb252 IMGT 111 Y>F,Nb252 chain C auth 102 Y>F,source_sidechain_incomplete_position
235,task_0235,Nb252_aff_seq102_Y102F,tier_1,16,8123236,102,Y,F,C,102,,Nb252 reported_seq Y102F,Nb252 IMGT 111 Y>F,Nb252 chain C auth 102 Y>F,source_sidechain_incomplete_position
236,task_0236,Nb252_aff_seq102_Y102F,tier_1,17,8123237,102,Y,F,C,102,,Nb252 reported_seq Y102F,Nb252 IMGT 111 Y>F,Nb252 chain C auth 102 Y>F,source_sidechain_incomplete_position
237,task_0237,Nb252_aff_seq102_Y102F,tier_1,18,8123238,102,Y,F,C,102,,Nb252 reported_seq Y102F,Nb252 IMGT 111 Y>F,Nb252 chain C auth 102 Y>F,source_sidechain_incomplete_position
238,task_0238,Nb252_aff_seq102_Y102F,tier_1,19,8123239,102,Y,F,C,102,,Nb252 reported_seq Y102F,Nb252 IMGT 111 Y>F,Nb252 chain C auth 102 Y>F,source_sidechain_incomplete_position
239,task_0239,Nb252_aff_seq102_Y102F,tier_1,20,8123240,102,Y,F,C,102,,Nb252 reported_seq Y102F,Nb252 IMGT 111 Y>F,Nb252 chain C auth 102 Y>F,source_sidechain_incomplete_position
240,task_0240,Nb252_aff_seq102_Y102I,tier_1,1,8123241,102,Y,I,C,102,,Nb252 reported_seq Y102I,Nb252 IMGT 111 Y>I,Nb252 chain C auth 102 Y>I,source_sidechain_incomplete_position
241,task_0241,Nb252_aff_seq102_Y102I,tier_1,2,8123242,102,Y,I,C,102,,Nb252 reported_seq Y102I,Nb252 IMGT 111 Y>I,Nb252 chain C auth 102 Y>I,source_sidechain_incomplete_position
242,task_0242,Nb252_aff_seq102_Y102I,tier_1,3,8123243,102,Y,I,C,102,,Nb252 reported_seq Y102I,Nb252 IMGT 111 Y>I,Nb252 chain C auth 102 Y>I,source_sidechain_incomplete_position
243,task_0243,Nb252_aff_seq102_Y102I,tier_1,4,8123244,102,Y,I,C,102,,Nb252 reported_seq Y102I,Nb252 IMGT 111 Y>I,Nb252 chain C auth 102 Y>I,source_sidechain_incomplete_position
244,task_0244,Nb252_aff_seq102_Y102I,tier_1,5,8123245,102,Y,I,C,102,,Nb252 reported_seq Y102I,Nb252 IMGT 111 Y>I,Nb252 chain C auth 102 Y>I,source_sidechain_incomplete_position
245,task_0245,Nb252_aff_seq102_Y102I,tier_1,6,8123246,102,Y,I,C,102,,Nb252 reported_seq Y102I,Nb252 IMGT 111 Y>I,Nb252 chain C auth 102 Y>I,source_sidechain_incomplete_position
246,task_0246,Nb252_aff_seq102_Y102I,tier_1,7,8123247,102,Y,I,C,102,,Nb252 reported_seq Y102I,Nb252 IMGT 111 Y>I,Nb252 chain C auth 102 Y>I,source_sidechain_incomplete_position
247,task_0247,Nb252_aff_seq102_Y102I,tier_1,8,8123248,102,Y,I,C,102,,Nb252 reported_seq Y102I,Nb252 IMGT 111 Y>I,Nb252 chain C auth 102 Y>I,source_sidechain_incomplete_position
248,task_0248,Nb252_aff_seq102_Y102I,tier_1,9,8123249,102,Y,I,C,102,,Nb252 reported_seq Y102I,Nb252 IMGT 111 Y>I,Nb252 chain C auth 102 Y>I,source_sidechain_incomplete_position
249,task_0249,Nb252_aff_seq102_Y102I,tier_1,10,8123250,102,Y,I,C,102,,Nb252 reported_seq Y102I,Nb252 IMGT 111 Y>I,Nb252 chain C auth 102 Y>I,source_sidechain_incomplete_position
250,task_0250,Nb252_aff_seq102_Y102I,tier_1,11,8123251,102,Y,I,C,102,,Nb252 reported_seq Y102I,Nb252 IMGT 111 Y>I,Nb252 chain C auth 102 Y>I,source_sidechain_incomplete_position
251,task_0251,Nb252_aff_seq102_Y102I,tier_1,12,8123252,102,Y,I,C,102,,Nb252 reported_seq Y102I,Nb252 IMGT 111 Y>I,Nb252 chain C auth 102 Y>I,source_sidechain_incomplete_position
252,task_0252,Nb252_aff_seq102_Y102I,tier_1,13,8123253,102,Y,I,C,102,,Nb252 reported_seq Y102I,Nb252 IMGT 111 Y>I,Nb252 chain C auth 102 Y>I,source_sidechain_incomplete_position
253,task_0253,Nb252_aff_seq102_Y102I,tier_1,14,8123254,102,Y,I,C,102,,Nb252 reported_seq Y102I,Nb252 IMGT 111 Y>I,Nb252 chain C auth 102 Y>I,source_sidechain_incomplete_position
254,task_0254,Nb252_aff_seq102_Y102I,tier_1,15,8123255,102,Y,I,C,102,,Nb252 reported_seq Y102I,Nb252 IMGT 111 Y>I,Nb252 chain C auth 102 Y>I,source_sidechain_incomplete_position
255,task_0255,Nb252_aff_seq102_Y102I,tier_1,16,8123256,102,Y,I,C,102,,Nb252 reported_seq Y102I,Nb252 IMGT 111 Y>I,Nb252 chain C auth 102 Y>I,source_sidechain_incomplete_position
256,task_0256,Nb252_aff_seq102_Y102I,tier_1,17,8123257,102,Y,I,C,102,,Nb252 reported_seq Y102I,Nb252 IMGT 111 Y>I,Nb252 chain C auth 102 Y>I,source_sidechain_incomplete_position
257,task_0257,Nb252_aff_seq102_Y102I,tier_1,18,8123258,102,Y,I,C,102,,Nb252 reported_seq Y102I,Nb252 IMGT 111 Y>I,Nb252 chain C auth 102 Y>I,source_sidechain_incomplete_position
258,task_0258,Nb252_aff_seq102_Y102I,tier_1,19,8123259,102,Y,I,C,102,,Nb252 reported_seq Y102I,Nb252 IMGT 111 Y>I,Nb252 chain C auth 102 Y>I,source_sidechain_incomplete_position
259,task_0259,Nb252_aff_seq102_Y102I,tier_1,20,8123260,102,Y,I,C,102,,Nb252 reported_seq Y102I,Nb252 IMGT 111 Y>I,Nb252 chain C auth 102 Y>I,source_sidechain_incomplete_position
260,task_0260,Nb252_aff_seq102_Y102W,tier_1,1,8123261,102,Y,W,C,102,,Nb252 reported_seq Y102W,Nb252 IMGT 111 Y>W,Nb252 chain C auth 102 Y>W,source_sidechain_incomplete_position
261,task_0261,Nb252_aff_seq102_Y102W,tier_1,2,8123262,102,Y,W,C,102,,Nb252 reported_seq Y102W,Nb252 IMGT 111 Y>W,Nb252 chain C auth 102 Y>W,source_sidechain_incomplete_position
262,task_0262,Nb252_aff_seq102_Y102W,tier_1,3,8123263,102,Y,W,C,102,,Nb252 reported_seq Y102W,Nb252 IMGT 111 Y>W,Nb252 chain C auth 102 Y>W,source_sidechain_incomplete_position
263,task_0263,Nb252_aff_seq102_Y102W,tier_1,4,8123264,102,Y,W,C,102,,Nb252 reported_seq Y102W,Nb252 IMGT 111 Y>W,Nb252 chain C auth 102 Y>W,source_sidechain_incomplete_position
264,task_0264,Nb252_aff_seq102_Y102W,tier_1,5,8123265,102,Y,W,C,102,,Nb252 reported_seq Y102W,Nb252 IMGT 111 Y>W,Nb252 chain C auth 102 Y>W,source_sidechain_incomplete_position
265,task_0265,Nb252_aff_seq102_Y102W,tier_1,6,8123266,102,Y,W,C,102,,Nb252 reported_seq Y102W,Nb252 IMGT 111 Y>W,Nb252 chain C auth 102 Y>W,source_sidechain_incomplete_position
266,task_0266,Nb252_aff_seq102_Y102W,tier_1,7,8123267,102,Y,W,C,102,,Nb252 reported_seq Y102W,Nb252 IMGT 111 Y>W,Nb252 chain C auth 102 Y>W,source_sidechain_incomplete_position
267,task_0267,Nb252_aff_seq102_Y102W,tier_1,8,8123268,102,Y,W,C,102,,Nb252 reported_seq Y102W,Nb252 IMGT 111 Y>W,Nb252 chain C auth 102 Y>W,source_sidechain_incomplete_position
268,task_0268,Nb252_aff_seq102_Y102W,tier_1,9,8123269,102,Y,W,C,102,,Nb252 reported_seq Y102W,Nb252 IMGT 111 Y>W,Nb252 chain C auth 102 Y>W,source_sidechain_incomplete_position
269,task_0269,Nb252_aff_seq102_Y102W,tier_1,10,8123270,102,Y,W,C,102,,Nb252 reported_seq Y102W,Nb252 IMGT 111 Y>W,Nb252 chain C auth 102 Y>W,source_sidechain_incomplete_position
270,task_0270,Nb252_aff_seq102_Y102W,tier_1,11,8123271,102,Y,W,C,102,,Nb252 reported_seq Y102W,Nb252 IMGT 111 Y>W,Nb252 chain C auth 102 Y>W,source_sidechain_incomplete_position
271,task_0271,Nb252_aff_seq102_Y102W,tier_1,12,8123272,102,Y,W,C,102,,Nb252 reported_seq Y102W,Nb252 IMGT 111 Y>W,Nb252 chain C auth 102 Y>W,source_sidechain_incomplete_position
272,task_0272,Nb252_aff_seq102_Y102W,tier_1,13,8123273,102,Y,W,C,102,,Nb252 reported_seq Y102W,Nb252 IMGT 111 Y>W,Nb252 chain C auth 102 Y>W,source_sidechain_incomplete_position
273,task_0273,Nb252_aff_seq102_Y102W,tier_1,14,8123274,102,Y,W,C,102,,Nb252 reported_seq Y102W,Nb252 IMGT 111 Y>W,Nb252 chain C auth 102 Y>W,source_sidechain_incomplete_position
274,task_0274,Nb252_aff_seq102_Y102W,tier_1,15,8123275,102,Y,W,C,102,,Nb252 reported_seq Y102W,Nb252 IMGT 111 Y>W,Nb252 chain C auth 102 Y>W,source_sidechain_incomplete_position
275,task_0275,Nb252_aff_seq102_Y102W,tier_1,16,8123276,102,Y,W,C,102,,Nb252 reported_seq Y102W,Nb252 IMGT 111 Y>W,Nb252 chain C auth 102 Y>W,source_sidechain_incomplete_position
276,task_0276,Nb252_aff_seq102_Y102W,tier_1,17,8123277,102,Y,W,C,102,,Nb252 reported_seq Y102W,Nb252 IMGT 111 Y>W,Nb252 chain C auth 102 Y>W,source_sidechain_incomplete_position
277,task_0277,Nb252_aff_seq102_Y102W,tier_1,18,8123278,102,Y,W,C,102,,Nb252 reported_seq Y102W,Nb252 IMGT 111 Y>W,Nb252 chain C auth 102 Y>W,source_sidechain_incomplete_position
278,task_0278,Nb252_aff_seq102_Y102W,tier_1,19,8123279,102,Y,W,C,102,,Nb252 reported_seq Y102W,Nb252 IMGT 111 Y>W,Nb252 chain C auth 102 Y>W,source_sidechain_incomplete_position
279,task_0279,Nb252_aff_seq102_Y102W,tier_1,20,8123280,102,Y,W,C,102,,Nb252 reported_seq Y102W,Nb252 IMGT 111 Y>W,Nb252 chain C auth 102 Y>W,source_sidechain_incomplete_position
280,task_0280,Nb252_aff_seq105_E105C,tier_1,1,8123281,105,E,C,C,105,,Nb252 reported_seq E105C,Nb252 IMGT 111C E>C,Nb252 chain C auth 105 E>C,
281,task_0281,Nb252_aff_seq105_E105C,tier_1,2,8123282,105,E,C,C,105,,Nb252 reported_seq E105C,Nb252 IMGT 111C E>C,Nb252 chain C auth 105 E>C,
282,task_0282,Nb252_aff_seq105_E105C,tier_1,3,8123283,105,E,C,C,105,,Nb252 reported_seq E105C,Nb252 IMGT 111C E>C,Nb252 chain C auth 105 E>C,
283,task_0283,Nb252_aff_seq105_E105C,tier_1,4,8123284,105,E,C,C,105,,Nb252 reported_seq E105C,Nb252 IMGT 111C E>C,Nb252 chain C auth 105 E>C,
284,task_0284,Nb252_aff_seq105_E105C,tier_1,5,8123285,105,E,C,C,105,,Nb252 reported_seq E105C,Nb252 IMGT 111C E>C,Nb252 chain C auth 105 E>C,
285,task_0285,Nb252_aff_seq105_E105C,tier_1,6,8123286,105,E,C,C,105,,Nb252 reported_seq E105C,Nb252 IMGT 111C E>C,Nb252 chain C auth 105 E>C,
286,task_0286,Nb252_aff_seq105_E105C,tier_1,7,8123287,105,E,C,C,105,,Nb252 reported_seq E105C,Nb252 IMGT 111C E>C,Nb252 chain C auth 105 E>C,
287,task_0287,Nb252_aff_seq105_E105C,tier_1,8,8123288,105,E,C,C,105,,Nb252 reported_seq E105C,Nb252 IMGT 111C E>C,Nb252 chain C auth 105 E>C,
288,task_0288,Nb252_aff_seq105_E105C,tier_1,9,8123289,105,E,C,C,105,,Nb252 reported_seq E105C,Nb252 IMGT 111C E>C,Nb252 chain C auth 105 E>C,
289,task_0289,Nb252_aff_seq105_E105C,tier_1,10,8123290,105,E,C,C,105,,Nb252 reported_seq E105C,Nb252 IMGT 111C E>C,Nb252 chain C auth 105 E>C,
290,task_0290,Nb252_aff_seq105_E105C,tier_1,11,8123291,105,E,C,C,105,,Nb252 reported_seq E105C,Nb252 IMGT 111C E>C,Nb252 chain C auth 105 E>C,
291,task_0291,Nb252_aff_seq105_E105C,tier_1,12,8123292,105,E,C,C,105,,Nb252 reported_seq E105C,Nb252 IMGT 111C E>C,Nb252 chain C auth 105 E>C,
292,task_0292,Nb252_aff_seq105_E105C,tier_1,13,8123293,105,E,C,C,105,,Nb252 reported_seq E105C,Nb252 IMGT 111C E>C,Nb252 chain C auth 105 E>C,
293,task_0293,Nb252_aff_seq105_E105C,tier_1,14,8123294,105,E,C,C,105,,Nb252 reported_seq E105C,Nb252 IMGT 111C E>C,Nb252 chain C auth 105 E>C,
294,task_0294,Nb252_aff_seq105_E105C,tier_1,15,8123295,105,E,C,C,105,,Nb252 reported_seq E105C,Nb252 IMGT 111C E>C,Nb252 chain C auth 105 E>C,
295,task_0295,Nb252_aff_seq105_E105C,tier_1,16,8123296,105,E,C,C,105,,Nb252 reported_seq E105C,Nb252 IMGT 111C E>C,Nb252 chain C auth 105 E>C,
296,task_0296,Nb252_aff_seq105_E105C,tier_1,17,8123297,105,E,C,C,105,,Nb252 reported_seq E105C,Nb252 IMGT 111C E>C,Nb252 chain C auth 105 E>C,
297,task_0297,Nb252_aff_seq105_E105C,tier_1,18,8123298,105,E,C,C,105,,Nb252 reported_seq E105C,Nb252 IMGT 111C E>C,Nb252 chain C auth 105 E>C,
298,task_0298,Nb252_aff_seq105_E105C,tier_1,19,8123299,105,E,C,C,105,,Nb252 reported_seq E105C,Nb252 IMGT 111C E>C,Nb252 chain C auth 105 E>C,
299,task_0299,Nb252_aff_seq105_E105C,tier_1,20,8123300,105,E,C,C,105,,Nb252 reported_seq E105C,Nb252 IMGT 111C E>C,Nb252 chain C auth 105 E>C,
300,task_0300,Nb252_aff_seq105_E105K,tier_1,1,8123301,105,E,K,C,105,,Nb252 reported_seq E105K,Nb252 IMGT 111C E>K,Nb252 chain C auth 105 E>K,
301,task_0301,Nb252_aff_seq105_E105K,tier_1,2,8123302,105,E,K,C,105,,Nb252 reported_seq E105K,Nb252 IMGT 111C E>K,Nb252 chain C auth 105 E>K,
302,task_0302,Nb252_aff_seq105_E105K,tier_1,3,8123303,105,E,K,C,105,,Nb252 reported_seq E105K,Nb252 IMGT 111C E>K,Nb252 chain C auth 105 E>K,
303,task_0303,Nb252_aff_seq105_E105K,tier_1,4,8123304,105,E,K,C,105,,Nb252 reported_seq E105K,Nb252 IMGT 111C E>K,Nb252 chain C auth 105 E>K,
304,task_0304,Nb252_aff_seq105_E105K,tier_1,5,8123305,105,E,K,C,105,,Nb252 reported_seq E105K,Nb252 IMGT 111C E>K,Nb252 chain C auth 105 E>K,
305,task_0305,Nb252_aff_seq105_E105K,tier_1,6,8123306,105,E,K,C,105,,Nb252 reported_seq E105K,Nb252 IMGT 111C E>K,Nb252 chain C auth 105 E>K,
306,task_0306,Nb252_aff_seq105_E105K,tier_1,7,8123307,105,E,K,C,105,,Nb252 reported_seq E105K,Nb252 IMGT 111C E>K,Nb252 chain C auth 105 E>K,
307,task_0307,Nb252_aff_seq105_E105K,tier_1,8,8123308,105,E,K,C,105,,Nb252 reported_seq E105K,Nb252 IMGT 111C E>K,Nb252 chain C auth 105 E>K,
308,task_0308,Nb252_aff_seq105_E105K,tier_1,9,8123309,105,E,K,C,105,,Nb252 reported_seq E105K,Nb252 IMGT 111C E>K,Nb252 chain C auth 105 E>K,
309,task_0309,Nb252_aff_seq105_E105K,tier_1,10,8123310,105,E,K,C,105,,Nb252 reported_seq E105K,Nb252 IMGT 111C E>K,Nb252 chain C auth 105 E>K,
310,task_0310,Nb252_aff_seq105_E105K,tier_1,11,8123311,105,E,K,C,105,,Nb252 reported_seq E105K,Nb252 IMGT 111C E>K,Nb252 chain C auth 105 E>K,
311,task_0311,Nb252_aff_seq105_E105K,tier_1,12,8123312,105,E,K,C,105,,Nb252 reported_seq E105K,Nb252 IMGT 111C E>K,Nb252 chain C auth 105 E>K,
312,task_0312,Nb252_aff_seq105_E105K,tier_1,13,8123313,105,E,K,C,105,,Nb252 reported_seq E105K,Nb252 IMGT 111C E>K,Nb252 chain C auth 105 E>K,
313,task_0313,Nb252_aff_seq105_E105K,tier_1,14,8123314,105,E,K,C,105,,Nb252 reported_seq E105K,Nb252 IMGT 111C E>K,Nb252 chain C auth 105 E>K,
314,task_0314,Nb252_aff_seq105_E105K,tier_1,15,8123315,105,E,K,C,105,,Nb252 reported_seq E105K,Nb252 IMGT 111C E>K,Nb252 chain C auth 105 E>K,
315,task_0315,Nb252_aff_seq105_E105K,tier_1,16,8123316,105,E,K,C,105,,Nb252 reported_seq E105K,Nb252 IMGT 111C E>K,Nb252 chain C auth 105 E>K,
316,task_0316,Nb252_aff_seq105_E105K,tier_1,17,8123317,105,E,K,C,105,,Nb252 reported_seq E105K,Nb252 IMGT 111C E>K,Nb252 chain C auth 105 E>K,
317,task_0317,Nb252_aff_seq105_E105K,tier_1,18,8123318,105,E,K,C,105,,Nb252 reported_seq E105K,Nb252 IMGT 111C E>K,Nb252 chain C auth 105 E>K,
318,task_0318,Nb252_aff_seq105_E105K,tier_1,19,8123319,105,E,K,C,105,,Nb252 reported_seq E105K,Nb252 IMGT 111C E>K,Nb252 chain C auth 105 E>K,
319,task_0319,Nb252_aff_seq105_E105K,tier_1,20,8123320,105,E,K,C,105,,Nb252 reported_seq E105K,Nb252 IMGT 111C E>K,Nb252 chain C auth 105 E>K,
320,task_0320,Nb252_aff_seq105_E105Q,tier_1,1,8123321,105,E,Q,C,105,,Nb252 reported_seq E105Q,Nb252 IMGT 111C E>Q,Nb252 chain C auth 105 E>Q,
321,task_0321,Nb252_aff_seq105_E105Q,tier_1,2,8123322,105,E,Q,C,105,,Nb252 reported_seq E105Q,Nb252 IMGT 111C E>Q,Nb252 chain C auth 105 E>Q,
322,task_0322,Nb252_aff_seq105_E105Q,tier_1,3,8123323,105,E,Q,C,105,,Nb252 reported_seq E105Q,Nb252 IMGT 111C E>Q,Nb252 chain C auth 105 E>Q,
323,task_0323,Nb252_aff_seq105_E105Q,tier_1,4,8123324,105,E,Q,C,105,,Nb252 reported_seq E105Q,Nb252 IMGT 111C E>Q,Nb252 chain C auth 105 E>Q,
324,task_0324,Nb252_aff_seq105_E105Q,tier_1,5,8123325,105,E,Q,C,105,,Nb252 reported_seq E105Q,Nb252 IMGT 111C E>Q,Nb252 chain C auth 105 E>Q,
325,task_0325,Nb252_aff_seq105_E105Q,tier_1,6,8123326,105,E,Q,C,105,,Nb252 reported_seq E105Q,Nb252 IMGT 111C E>Q,Nb252 chain C auth 105 E>Q,
326,task_0326,Nb252_aff_seq105_E105Q,tier_1,7,8123327,105,E,Q,C,105,,Nb252 reported_seq E105Q,Nb252 IMGT 111C E>Q,Nb252 chain C auth 105 E>Q,
327,task_0327,Nb252_aff_seq105_E105Q,tier_1,8,8123328,105,E,Q,C,105,,Nb252 reported_seq E105Q,Nb252 IMGT 111C E>Q,Nb252 chain C auth 105 E>Q,
328,task_0328,Nb252_aff_seq105_E105Q,tier_1,9,8123329,105,E,Q,C,105,,Nb252 reported_seq E105Q,Nb252 IMGT 111C E>Q,Nb252 chain C auth 105 E>Q,
329,task_0329,Nb252_aff_seq105_E105Q,tier_1,10,8123330,105,E,Q,C,105,,Nb252 reported_seq E105Q,Nb252 IMGT 111C E>Q,Nb252 chain C auth 105 E>Q,
330,task_0330,Nb252_aff_seq105_E105Q,tier_1,11,8123331,105,E,Q,C,105,,Nb252 reported_seq E105Q,Nb252 IMGT 111C E>Q,Nb252 chain C auth 105 E>Q,
331,task_0331,Nb252_aff_seq105_E105Q,tier_1,12,8123332,105,E,Q,C,105,,Nb252 reported_seq E105Q,Nb252 IMGT 111C E>Q,Nb252 chain C auth 105 E>Q,
332,task_0332,Nb252_aff_seq105_E105Q,tier_1,13,8123333,105,E,Q,C,105,,Nb252 reported_seq E105Q,Nb252 IMGT 111C E>Q,Nb252 chain C auth 105 E>Q,
333,task_0333,Nb252_aff_seq105_E105Q,tier_1,14,8123334,105,E,Q,C,105,,Nb252 reported_seq E105Q,Nb252 IMGT 111C E>Q,Nb252 chain C auth 105 E>Q,
334,task_0334,Nb252_aff_seq105_E105Q,tier_1,15,8123335,105,E,Q,C,105,,Nb252 reported_seq E105Q,Nb252 IMGT 111C E>Q,Nb252 chain C auth 105 E>Q,
335,task_0335,Nb252_aff_seq105_E105Q,tier_1,16,8123336,105,E,Q,C,105,,Nb252 reported_seq E105Q,Nb252 IMGT 111C E>Q,Nb252 chain C auth 105 E>Q,
336,task_0336,Nb252_aff_seq105_E105Q,tier_1,17,8123337,105,E,Q,C,105,,Nb252 reported_seq E105Q,Nb252 IMGT 111C E>Q,Nb252 chain C auth 105 E>Q,
337,task_0337,Nb252_aff_seq105_E105Q,tier_1,18,8123338,105,E,Q,C,105,,Nb252 reported_seq E105Q,Nb252 IMGT 111C E>Q,Nb252 chain C auth 105 E>Q,
338,task_0338,Nb252_aff_seq105_E105Q,tier_1,19,8123339,105,E,Q,C,105,,Nb252 reported_seq E105Q,Nb252 IMGT 111C E>Q,Nb252 chain C auth 105 E>Q,
339,task_0339,Nb252_aff_seq105_E105Q,tier_1,20,8123340,105,E,Q,C,105,,Nb252 reported_seq E105Q,Nb252 IMGT 111C E>Q,Nb252 chain C auth 105 E>Q,
340,task_0340,Nb252_aff_seq107_N107A,tier_1,1,8123341,107,N,A,C,107,,Nb252 reported_seq N107A,Nb252 IMGT 112C N>A,Nb252 chain C auth 107 N>A,
341,task_0341,Nb252_aff_seq107_N107A,tier_1,2,8123342,107,N,A,C,107,,Nb252 reported_seq N107A,Nb252 IMGT 112C N>A,Nb252 chain C auth 107 N>A,
342,task_0342,Nb252_aff_seq107_N107A,tier_1,3,8123343,107,N,A,C,107,,Nb252 reported_seq N107A,Nb252 IMGT 112C N>A,Nb252 chain C auth 107 N>A,
343,task_0343,Nb252_aff_seq107_N107A,tier_1,4,8123344,107,N,A,C,107,,Nb252 reported_seq N107A,Nb252 IMGT 112C N>A,Nb252 chain C auth 107 N>A,
344,task_0344,Nb252_aff_seq107_N107A,tier_1,5,8123345,107,N,A,C,107,,Nb252 reported_seq N107A,Nb252 IMGT 112C N>A,Nb252 chain C auth 107 N>A,
345,task_0345,Nb252_aff_seq107_N107A,tier_1,6,8123346,107,N,A,C,107,,Nb252 reported_seq N107A,Nb252 IMGT 112C N>A,Nb252 chain C auth 107 N>A,
346,task_0346,Nb252_aff_seq107_N107A,tier_1,7,8123347,107,N,A,C,107,,Nb252 reported_seq N107A,Nb252 IMGT 112C N>A,Nb252 chain C auth 107 N>A,
347,task_0347,Nb252_aff_seq107_N107A,tier_1,8,8123348,107,N,A,C,107,,Nb252 reported_seq N107A,Nb252 IMGT 112C N>A,Nb252 chain C auth 107 N>A,
348,task_0348,Nb252_aff_seq107_N107A,tier_1,9,8123349,107,N,A,C,107,,Nb252 reported_seq N107A,Nb252 IMGT 112C N>A,Nb252 chain C auth 107 N>A,
349,task_0349,Nb252_aff_seq107_N107A,tier_1,10,8123350,107,N,A,C,107,,Nb252 reported_seq N107A,Nb252 IMGT 112C N>A,Nb252 chain C auth 107 N>A,
350,task_0350,Nb252_aff_seq107_N107A,tier_1,11,8123351,107,N,A,C,107,,Nb252 reported_seq N107A,Nb252 IMGT 112C N>A,Nb252 chain C auth 107 N>A,
351,task_0351,Nb252_aff_seq107_N107A,tier_1,12,8123352,107,N,A,C,107,,Nb252 reported_seq N107A,Nb252 IMGT 112C N>A,Nb252 chain C auth 107 N>A,
352,task_0352,Nb252_aff_seq107_N107A,tier_1,13,8123353,107,N,A,C,107,,Nb252 reported_seq N107A,Nb252 IMGT 112C N>A,Nb252 chain C auth 107 N>A,
353,task_0353,Nb252_aff_seq107_N107A,tier_1,14,8123354,107,N,A,C,107,,Nb252 reported_seq N107A,Nb252 IMGT 112C N>A,Nb252 chain C auth 107 N>A,
354,task_0354,Nb252_aff_seq107_N107A,tier_1,15,8123355,107,N,A,C,107,,Nb252 reported_seq N107A,Nb252 IMGT 112C N>A,Nb252 chain C auth 107 N>A,
355,task_0355,Nb252_aff_seq107_N107A,tier_1,16,8123356,107,N,A,C,107,,Nb252 reported_seq N107A,Nb252 IMGT 112C N>A,Nb252 chain C auth 107 N>A,
356,task_0356,Nb252_aff_seq107_N107A,tier_1,17,8123357,107,N,A,C,107,,Nb252 reported_seq N107A,Nb252 IMGT 112C N>A,Nb252 chain C auth 107 N>A,
357,task_0357,Nb252_aff_seq107_N107A,tier_1,18,8123358,107,N,A,C,107,,Nb252 reported_seq N107A,Nb252 IMGT 112C N>A,Nb252 chain C auth 107 N>A,
358,task_0358,Nb252_aff_seq107_N107A,tier_1,19,8123359,107,N,A,C,107,,Nb252 reported_seq N107A,Nb252 IMGT 112C N>A,Nb252 chain C auth 107 N>A,
359,task_0359,Nb252_aff_seq107_N107A,tier_1,20,8123360,107,N,A,C,107,,Nb252 reported_seq N107A,Nb252 IMGT 112C N>A,Nb252 chain C auth 107 N>A,
360,task_0360,Nb252_aff_seq037_Y37C,tier_2,1,8123361,37,Y,C,C,37,,Nb252 reported_seq Y37C,Nb252 IMGT 42 Y>C,Nb252 chain C auth 37 Y>C,vhh_contact_reorganization
361,task_0361,Nb252_aff_seq037_Y37C,tier_2,2,8123362,37,Y,C,C,37,,Nb252 reported_seq Y37C,Nb252 IMGT 42 Y>C,Nb252 chain C auth 37 Y>C,vhh_contact_reorganization
362,task_0362,Nb252_aff_seq037_Y37C,tier_2,3,8123363,37,Y,C,C,37,,Nb252 reported_seq Y37C,Nb252 IMGT 42 Y>C,Nb252 chain C auth 37 Y>C,vhh_contact_reorganization
363,task_0363,Nb252_aff_seq037_Y37C,tier_2,4,8123364,37,Y,C,C,37,,Nb252 reported_seq Y37C,Nb252 IMGT 42 Y>C,Nb252 chain C auth 37 Y>C,vhh_contact_reorganization
364,task_0364,Nb252_aff_seq037_Y37C,tier_2,5,8123365,37,Y,C,C,37,,Nb252 reported_seq Y37C,Nb252 IMGT 42 Y>C,Nb252 chain C auth 37 Y>C,vhh_contact_reorganization
365,task_0365,Nb252_aff_seq037_Y37C,tier_2,6,8123366,37,Y,C,C,37,,Nb252 reported_seq Y37C,Nb252 IMGT 42 Y>C,Nb252 chain C auth 37 Y>C,vhh_contact_reorganization
366,task_0366,Nb252_aff_seq037_Y37C,tier_2,7,8123367,37,Y,C,C,37,,Nb252 reported_seq Y37C,Nb252 IMGT 42 Y>C,Nb252 chain C auth 37 Y>C,vhh_contact_reorganization
367,task_0367,Nb252_aff_seq037_Y37C,tier_2,8,8123368,37,Y,C,C,37,,Nb252 reported_seq Y37C,Nb252 IMGT 42 Y>C,Nb252 chain C auth 37 Y>C,vhh_contact_reorganization
368,task_0368,Nb252_aff_seq037_Y37C,tier_2,9,8123369,37,Y,C,C,37,,Nb252 reported_seq Y37C,Nb252 IMGT 42 Y>C,Nb252 chain C auth 37 Y>C,vhh_contact_reorganization
369,task_0369,Nb252_aff_seq037_Y37C,tier_2,10,8123370,37,Y,C,C,37,,Nb252 reported_seq Y37C,Nb252 IMGT 42 Y>C,Nb252 chain C auth 37 Y>C,vhh_contact_reorganization
370,task_0370,Nb252_aff_seq037_Y37C,tier_2,11,8123371,37,Y,C,C,37,,Nb252 reported_seq Y37C,Nb252 IMGT 42 Y>C,Nb252 chain C auth 37 Y>C,vhh_contact_reorganization
371,task_0371,Nb252_aff_seq037_Y37C,tier_2,12,8123372,37,Y,C,C,37,,Nb252 reported_seq Y37C,Nb252 IMGT 42 Y>C,Nb252 chain C auth 37 Y>C,vhh_contact_reorganization
372,task_0372,Nb252_aff_seq037_Y37C,tier_2,13,8123373,37,Y,C,C,37,,Nb252 reported_seq Y37C,Nb252 IMGT 42 Y>C,Nb252 chain C auth 37 Y>C,vhh_contact_reorganization
373,task_0373,Nb252_aff_seq037_Y37C,tier_2,14,8123374,37,Y,C,C,37,,Nb252 reported_seq Y37C,Nb252 IMGT 42 Y>C,Nb252 chain C auth 37 Y>C,vhh_contact_reorganization
374,task_0374,Nb252_aff_seq037_Y37C,tier_2,15,8123375,37,Y,C,C,37,,Nb252 reported_seq Y37C,Nb252 IMGT 42 Y>C,Nb252 chain C auth 37 Y>C,vhh_contact_reorganization
375,task_0375,Nb252_aff_seq037_Y37C,tier_2,16,8123376,37,Y,C,C,37,,Nb252 reported_seq Y37C,Nb252 IMGT 42 Y>C,Nb252 chain C auth 37 Y>C,vhh_contact_reorganization
376,task_0376,Nb252_aff_seq037_Y37C,tier_2,17,8123377,37,Y,C,C,37,,Nb252 reported_seq Y37C,Nb252 IMGT 42 Y>C,Nb252 chain C auth 37 Y>C,vhh_contact_reorganization
377,task_0377,Nb252_aff_seq037_Y37C,tier_2,18,8123378,37,Y,C,C,37,,Nb252 reported_seq Y37C,Nb252 IMGT 42 Y>C,Nb252 chain C auth 37 Y>C,vhh_contact_reorganization
378,task_0378,Nb252_aff_seq037_Y37C,tier_2,19,8123379,37,Y,C,C,37,,Nb252 reported_seq Y37C,Nb252 IMGT 42 Y>C,Nb252 chain C auth 37 Y>C,vhh_contact_reorganization
379,task_0379,Nb252_aff_seq037_Y37C,tier_2,20,8123380,37,Y,C,C,37,,Nb252 reported_seq Y37C,Nb252 IMGT 42 Y>C,Nb252 chain C auth 37 Y>C,vhh_contact_reorganization
380,task_0380,Nb252_aff_seq037_Y37G,tier_2,1,8123381,37,Y,G,C,37,,Nb252 reported_seq Y37G,Nb252 IMGT 42 Y>G,Nb252 chain C auth 37 Y>G,vhh_contact_reorganization
381,task_0381,Nb252_aff_seq037_Y37G,tier_2,2,8123382,37,Y,G,C,37,,Nb252 reported_seq Y37G,Nb252 IMGT 42 Y>G,Nb252 chain C auth 37 Y>G,vhh_contact_reorganization
382,task_0382,Nb252_aff_seq037_Y37G,tier_2,3,8123383,37,Y,G,C,37,,Nb252 reported_seq Y37G,Nb252 IMGT 42 Y>G,Nb252 chain C auth 37 Y>G,vhh_contact_reorganization
383,task_0383,Nb252_aff_seq037_Y37G,tier_2,4,8123384,37,Y,G,C,37,,Nb252 reported_seq Y37G,Nb252 IMGT 42 Y>G,Nb252 chain C auth 37 Y>G,vhh_contact_reorganization
384,task_0384,Nb252_aff_seq037_Y37G,tier_2,5,8123385,37,Y,G,C,37,,Nb252 reported_seq Y37G,Nb252 IMGT 42 Y>G,Nb252 chain C auth 37 Y>G,vhh_contact_reorganization
385,task_0385,Nb252_aff_seq037_Y37G,tier_2,6,8123386,37,Y,G,C,37,,Nb252 reported_seq Y37G,Nb252 IMGT 42 Y>G,Nb252 chain C auth 37 Y>G,vhh_contact_reorganization
386,task_0386,Nb252_aff_seq037_Y37G,tier_2,7,8123387,37,Y,G,C,37,,Nb252 reported_seq Y37G,Nb252 IMGT 42 Y>G,Nb252 chain C auth 37 Y>G,vhh_contact_reorganization
387,task_0387,Nb252_aff_seq037_Y37G,tier_2,8,8123388,37,Y,G,C,37,,Nb252 reported_seq Y37G,Nb252 IMGT 42 Y>G,Nb252 chain C auth 37 Y>G,vhh_contact_reorganization
388,task_0388,Nb252_aff_seq037_Y37G,tier_2,9,8123389,37,Y,G,C,37,,Nb252 reported_seq Y37G,Nb252 IMGT 42 Y>G,Nb252 chain C auth 37 Y>G,vhh_contact_reorganization
389,task_0389,Nb252_aff_seq037_Y37G,tier_2,10,8123390,37,Y,G,C,37,,Nb252 reported_seq Y37G,Nb252 IMGT 42 Y>G,Nb252 chain C auth 37 Y>G,vhh_contact_reorganization
390,task_0390,Nb252_aff_seq037_Y37G,tier_2,11,8123391,37,Y,G,C,37,,Nb252 reported_seq Y37G,Nb252 IMGT 42 Y>G,Nb252 chain C auth 37 Y>G,vhh_contact_reorganization
391,task_0391,Nb252_aff_seq037_Y37G,tier_2,12,8123392,37,Y,G,C,37,,Nb252 reported_seq Y37G,Nb252 IMGT 42 Y>G,Nb252 chain C auth 37 Y>G,vhh_contact_reorganization
392,task_0392,Nb252_aff_seq037_Y37G,tier_2,13,8123393,37,Y,G,C,37,,Nb252 reported_seq Y37G,Nb252 IMGT 42 Y>G,Nb252 chain C auth 37 Y>G,vhh_contact_reorganization
393,task_0393,Nb252_aff_seq037_Y37G,tier_2,14,8123394,37,Y,G,C,37,,Nb252 reported_seq Y37G,Nb252 IMGT 42 Y>G,Nb252 chain C auth 37 Y>G,vhh_contact_reorganization
394,task_0394,Nb252_aff_seq037_Y37G,tier_2,15,8123395,37,Y,G,C,37,,Nb252 reported_seq Y37G,Nb252 IMGT 42 Y>G,Nb252 chain C auth 37 Y>G,vhh_contact_reorganization
395,task_0395,Nb252_aff_seq037_Y37G,tier_2,16,8123396,37,Y,G,C,37,,Nb252 reported_seq Y37G,Nb252 IMGT 42 Y>G,Nb252 chain C auth 37 Y>G,vhh_contact_reorganization
396,task_0396,Nb252_aff_seq037_Y37G,tier_2,17,8123397,37,Y,G,C,37,,Nb252 reported_seq Y37G,Nb252 IMGT 42 Y>G,Nb252 chain C auth 37 Y>G,vhh_contact_reorganization
397,task_0397,Nb252_aff_seq037_Y37G,tier_2,18,8123398,37,Y,G,C,37,,Nb252 reported_seq Y37G,Nb252 IMGT 42 Y>G,Nb252 chain C auth 37 Y>G,vhh_contact_reorganization
398,task_0398,Nb252_aff_seq037_Y37G,tier_2,19,8123399,37,Y,G,C,37,,Nb252 reported_seq Y37G,Nb252 IMGT 42 Y>G,Nb252 chain C auth 37 Y>G,vhh_contact_reorganization
399,task_0399,Nb252_aff_seq037_Y37G,tier_2,20,8123400,37,Y,G,C,37,,Nb252 reported_seq Y37G,Nb252 IMGT 42 Y>G,Nb252 chain C auth 37 Y>G,vhh_contact_reorganization
400,task_0400,Nb252_aff_seq037_Y37L,tier_2,1,8123401,37,Y,L,C,37,,Nb252 reported_seq Y37L,Nb252 IMGT 42 Y>L,Nb252 chain C auth 37 Y>L,fa_rep_increase
401,task_0401,Nb252_aff_seq037_Y37L,tier_2,2,8123402,37,Y,L,C,37,,Nb252 reported_seq Y37L,Nb252 IMGT 42 Y>L,Nb252 chain C auth 37 Y>L,fa_rep_increase
402,task_0402,Nb252_aff_seq037_Y37L,tier_2,3,8123403,37,Y,L,C,37,,Nb252 reported_seq Y37L,Nb252 IMGT 42 Y>L,Nb252 chain C auth 37 Y>L,fa_rep_increase
403,task_0403,Nb252_aff_seq037_Y37L,tier_2,4,8123404,37,Y,L,C,37,,Nb252 reported_seq Y37L,Nb252 IMGT 42 Y>L,Nb252 chain C auth 37 Y>L,fa_rep_increase
404,task_0404,Nb252_aff_seq037_Y37L,tier_2,5,8123405,37,Y,L,C,37,,Nb252 reported_seq Y37L,Nb252 IMGT 42 Y>L,Nb252 chain C auth 37 Y>L,fa_rep_increase
405,task_0405,Nb252_aff_seq037_Y37L,tier_2,6,8123406,37,Y,L,C,37,,Nb252 reported_seq Y37L,Nb252 IMGT 42 Y>L,Nb252 chain C auth 37 Y>L,fa_rep_increase
406,task_0406,Nb252_aff_seq037_Y37L,tier_2,7,8123407,37,Y,L,C,37,,Nb252 reported_seq Y37L,Nb252 IMGT 42 Y>L,Nb252 chain C auth 37 Y>L,fa_rep_increase
407,task_0407,Nb252_aff_seq037_Y37L,tier_2,8,8123408,37,Y,L,C,37,,Nb252 reported_seq Y37L,Nb252 IMGT 42 Y>L,Nb252 chain C auth 37 Y>L,fa_rep_increase
408,task_0408,Nb252_aff_seq037_Y37L,tier_2,9,8123409,37,Y,L,C,37,,Nb252 reported_seq Y37L,Nb252 IMGT 42 Y>L,Nb252 chain C auth 37 Y>L,fa_rep_increase
409,task_0409,Nb252_aff_seq037_Y37L,tier_2,10,8123410,37,Y,L,C,37,,Nb252 reported_seq Y37L,Nb252 IMGT 42 Y>L,Nb252 chain C auth 37 Y>L,fa_rep_increase
410,task_0410,Nb252_aff_seq037_Y37L,tier_2,11,8123411,37,Y,L,C,37,,Nb252 reported_seq Y37L,Nb252 IMGT 42 Y>L,Nb252 chain C auth 37 Y>L,fa_rep_increase
411,task_0411,Nb252_aff_seq037_Y37L,tier_2,12,8123412,37,Y,L,C,37,,Nb252 reported_seq Y37L,Nb252 IMGT 42 Y>L,Nb252 chain C auth 37 Y>L,fa_rep_increase
412,task_0412,Nb252_aff_seq037_Y37L,tier_2,13,8123413,37,Y,L,C,37,,Nb252 reported_seq Y37L,Nb252 IMGT 42 Y>L,Nb252 chain C auth 37 Y>L,fa_rep_increase
413,task_0413,Nb252_aff_seq037_Y37L,tier_2,14,8123414,37,Y,L,C,37,,Nb252 reported_seq Y37L,Nb252 IMGT 42 Y>L,Nb252 chain C auth 37 Y>L,fa_rep_increase
414,task_0414,Nb252_aff_seq037_Y37L,tier_2,15,8123415,37,Y,L,C,37,,Nb252 reported_seq Y37L,Nb252 IMGT 42 Y>L,Nb252 chain C auth 37 Y>L,fa_rep_increase
415,task_0415,Nb252_aff_seq037_Y37L,tier_2,16,8123416,37,Y,L,C,37,,Nb252 reported_seq Y37L,Nb252 IMGT 42 Y>L,Nb252 chain C auth 37 Y>L,fa_rep_increase
416,task_0416,Nb252_aff_seq037_Y37L,tier_2,17,8123417,37,Y,L,C,37,,Nb252 reported_seq Y37L,Nb252 IMGT 42 Y>L,Nb252 chain C auth 37 Y>L,fa_rep_increase
417,task_0417,Nb252_aff_seq037_Y37L,tier_2,18,8123418,37,Y,L,C,37,,Nb252 reported_seq Y37L,Nb252 IMGT 42 Y>L,Nb252 chain C auth 37 Y>L,fa_rep_increase
418,task_0418,Nb252_aff_seq037_Y37L,tier_2,19,8123419,37,Y,L,C,37,,Nb252 reported_seq Y37L,Nb252 IMGT 42 Y>L,Nb252 chain C auth 37 Y>L,fa_rep_increase
419,task_0419,Nb252_aff_seq037_Y37L,tier_2,20,8123420,37,Y,L,C,37,,Nb252 reported_seq Y37L,Nb252 IMGT 42 Y>L,Nb252 chain C auth 37 Y>L,fa_rep_increase
420,task_0420,Nb252_aff_seq045_R45I,tier_2,1,8123421,45,R,I,C,45,,Nb252 reported_seq R45I,Nb252 IMGT 50 R>I,Nb252 chain C auth 45 R>I,fa_rep_increase
421,task_0421,Nb252_aff_seq045_R45I,tier_2,2,8123422,45,R,I,C,45,,Nb252 reported_seq R45I,Nb252 IMGT 50 R>I,Nb252 chain C auth 45 R>I,fa_rep_increase
422,task_0422,Nb252_aff_seq045_R45I,tier_2,3,8123423,45,R,I,C,45,,Nb252 reported_seq R45I,Nb252 IMGT 50 R>I,Nb252 chain C auth 45 R>I,fa_rep_increase
423,task_0423,Nb252_aff_seq045_R45I,tier_2,4,8123424,45,R,I,C,45,,Nb252 reported_seq R45I,Nb252 IMGT 50 R>I,Nb252 chain C auth 45 R>I,fa_rep_increase
424,task_0424,Nb252_aff_seq045_R45I,tier_2,5,8123425,45,R,I,C,45,,Nb252 reported_seq R45I,Nb252 IMGT 50 R>I,Nb252 chain C auth 45 R>I,fa_rep_increase
425,task_0425,Nb252_aff_seq045_R45I,tier_2,6,8123426,45,R,I,C,45,,Nb252 reported_seq R45I,Nb252 IMGT 50 R>I,Nb252 chain C auth 45 R>I,fa_rep_increase
426,task_0426,Nb252_aff_seq045_R45I,tier_2,7,8123427,45,R,I,C,45,,Nb252 reported_seq R45I,Nb252 IMGT 50 R>I,Nb252 chain C auth 45 R>I,fa_rep_increase
427,task_0427,Nb252_aff_seq045_R45I,tier_2,8,8123428,45,R,I,C,45,,Nb252 reported_seq R45I,Nb252 IMGT 50 R>I,Nb252 chain C auth 45 R>I,fa_rep_increase
428,task_0428,Nb252_aff_seq045_R45I,tier_2,9,8123429,45,R,I,C,45,,Nb252 reported_seq R45I,Nb252 IMGT 50 R>I,Nb252 chain C auth 45 R>I,fa_rep_increase
429,task_0429,Nb252_aff_seq045_R45I,tier_2,10,8123430,45,R,I,C,45,,Nb252 reported_seq R45I,Nb252 IMGT 50 R>I,Nb252 chain C auth 45 R>I,fa_rep_increase
430,task_0430,Nb252_aff_seq045_R45I,tier_2,11,8123431,45,R,I,C,45,,Nb252 reported_seq R45I,Nb252 IMGT 50 R>I,Nb252 chain C auth 45 R>I,fa_rep_increase
431,task_0431,Nb252_aff_seq045_R45I,tier_2,12,8123432,45,R,I,C,45,,Nb252 reported_seq R45I,Nb252 IMGT 50 R>I,Nb252 chain C auth 45 R>I,fa_rep_increase
432,task_0432,Nb252_aff_seq045_R45I,tier_2,13,8123433,45,R,I,C,45,,Nb252 reported_seq R45I,Nb252 IMGT 50 R>I,Nb252 chain C auth 45 R>I,fa_rep_increase
433,task_0433,Nb252_aff_seq045_R45I,tier_2,14,8123434,45,R,I,C,45,,Nb252 reported_seq R45I,Nb252 IMGT 50 R>I,Nb252 chain C auth 45 R>I,fa_rep_increase
434,task_0434,Nb252_aff_seq045_R45I,tier_2,15,8123435,45,R,I,C,45,,Nb252 reported_seq R45I,Nb252 IMGT 50 R>I,Nb252 chain C auth 45 R>I,fa_rep_increase
435,task_0435,Nb252_aff_seq045_R45I,tier_2,16,8123436,45,R,I,C,45,,Nb252 reported_seq R45I,Nb252 IMGT 50 R>I,Nb252 chain C auth 45 R>I,fa_rep_increase
436,task_0436,Nb252_aff_seq045_R45I,tier_2,17,8123437,45,R,I,C,45,,Nb252 reported_seq R45I,Nb252 IMGT 50 R>I,Nb252 chain C auth 45 R>I,fa_rep_increase
437,task_0437,Nb252_aff_seq045_R45I,tier_2,18,8123438,45,R,I,C,45,,Nb252 reported_seq R45I,Nb252 IMGT 50 R>I,Nb252 chain C auth 45 R>I,fa_rep_increase
438,task_0438,Nb252_aff_seq045_R45I,tier_2,19,8123439,45,R,I,C,45,,Nb252 reported_seq R45I,Nb252 IMGT 50 R>I,Nb252 chain C auth 45 R>I,fa_rep_increase
439,task_0439,Nb252_aff_seq045_R45I,tier_2,20,8123440,45,R,I,C,45,,Nb252 reported_seq R45I,Nb252 IMGT 50 R>I,Nb252 chain C auth 45 R>I,fa_rep_increase
440,task_0440,Nb252_aff_seq045_R45L,tier_2,1,8123441,45,R,L,C,45,,Nb252 reported_seq R45L,Nb252 IMGT 50 R>L,Nb252 chain C auth 45 R>L,vhh_contact_reorganization;fa_rep_increase
441,task_0441,Nb252_aff_seq045_R45L,tier_2,2,8123442,45,R,L,C,45,,Nb252 reported_seq R45L,Nb252 IMGT 50 R>L,Nb252 chain C auth 45 R>L,vhh_contact_reorganization;fa_rep_increase
442,task_0442,Nb252_aff_seq045_R45L,tier_2,3,8123443,45,R,L,C,45,,Nb252 reported_seq R45L,Nb252 IMGT 50 R>L,Nb252 chain C auth 45 R>L,vhh_contact_reorganization;fa_rep_increase
443,task_0443,Nb252_aff_seq045_R45L,tier_2,4,8123444,45,R,L,C,45,,Nb252 reported_seq R45L,Nb252 IMGT 50 R>L,Nb252 chain C auth 45 R>L,vhh_contact_reorganization;fa_rep_increase
444,task_0444,Nb252_aff_seq045_R45L,tier_2,5,8123445,45,R,L,C,45,,Nb252 reported_seq R45L,Nb252 IMGT 50 R>L,Nb252 chain C auth 45 R>L,vhh_contact_reorganization;fa_rep_increase
445,task_0445,Nb252_aff_seq045_R45L,tier_2,6,8123446,45,R,L,C,45,,Nb252 reported_seq R45L,Nb252 IMGT 50 R>L,Nb252 chain C auth 45 R>L,vhh_contact_reorganization;fa_rep_increase
446,task_0446,Nb252_aff_seq045_R45L,tier_2,7,8123447,45,R,L,C,45,,Nb252 reported_seq R45L,Nb252 IMGT 50 R>L,Nb252 chain C auth 45 R>L,vhh_contact_reorganization;fa_rep_increase
447,task_0447,Nb252_aff_seq045_R45L,tier_2,8,8123448,45,R,L,C,45,,Nb252 reported_seq R45L,Nb252 IMGT 50 R>L,Nb252 chain C auth 45 R>L,vhh_contact_reorganization;fa_rep_increase
448,task_0448,Nb252_aff_seq045_R45L,tier_2,9,8123449,45,R,L,C,45,,Nb252 reported_seq R45L,Nb252 IMGT 50 R>L,Nb252 chain C auth 45 R>L,vhh_contact_reorganization;fa_rep_increase
449,task_0449,Nb252_aff_seq045_R45L,tier_2,10,8123450,45,R,L,C,45,,Nb252 reported_seq R45L,Nb252 IMGT 50 R>L,Nb252 chain C auth 45 R>L,vhh_contact_reorganization;fa_rep_increase
450,task_0450,Nb252_aff_seq045_R45L,tier_2,11,8123451,45,R,L,C,45,,Nb252 reported_seq R45L,Nb252 IMGT 50 R>L,Nb252 chain C auth 45 R>L,vhh_contact_reorganization;fa_rep_increase
451,task_0451,Nb252_aff_seq045_R45L,tier_2,12,8123452,45,R,L,C,45,,Nb252 reported_seq R45L,Nb252 IMGT 50 R>L,Nb252 chain C auth 45 R>L,vhh_contact_reorganization;fa_rep_increase
452,task_0452,Nb252_aff_seq045_R45L,tier_2,13,8123453,45,R,L,C,45,,Nb252 reported_seq R45L,Nb252 IMGT 50 R>L,Nb252 chain C auth 45 R>L,vhh_contact_reorganization;fa_rep_increase
453,task_0453,Nb252_aff_seq045_R45L,tier_2,14,8123454,45,R,L,C,45,,Nb252 reported_seq R45L,Nb252 IMGT 50 R>L,Nb252 chain C auth 45 R>L,vhh_contact_reorganization;fa_rep_increase
454,task_0454,Nb252_aff_seq045_R45L,tier_2,15,8123455,45,R,L,C,45,,Nb252 reported_seq R45L,Nb252 IMGT 50 R>L,Nb252 chain C auth 45 R>L,vhh_contact_reorganization;fa_rep_increase
455,task_0455,Nb252_aff_seq045_R45L,tier_2,16,8123456,45,R,L,C,45,,Nb252 reported_seq R45L,Nb252 IMGT 50 R>L,Nb252 chain C auth 45 R>L,vhh_contact_reorganization;fa_rep_increase
456,task_0456,Nb252_aff_seq045_R45L,tier_2,17,8123457,45,R,L,C,45,,Nb252 reported_seq R45L,Nb252 IMGT 50 R>L,Nb252 chain C auth 45 R>L,vhh_contact_reorganization;fa_rep_increase
457,task_0457,Nb252_aff_seq045_R45L,tier_2,18,8123458,45,R,L,C,45,,Nb252 reported_seq R45L,Nb252 IMGT 50 R>L,Nb252 chain C auth 45 R>L,vhh_contact_reorganization;fa_rep_increase
458,task_0458,Nb252_aff_seq045_R45L,tier_2,19,8123459,45,R,L,C,45,,Nb252 reported_seq R45L,Nb252 IMGT 50 R>L,Nb252 chain C auth 45 R>L,vhh_contact_reorganization;fa_rep_increase
459,task_0459,Nb252_aff_seq045_R45L,tier_2,20,8123460,45,R,L,C,45,,Nb252 reported_seq R45L,Nb252 IMGT 50 R>L,Nb252 chain C auth 45 R>L,vhh_contact_reorganization;fa_rep_increase
460,task_0460,Nb252_aff_seq045_R45M,tier_2,1,8123461,45,R,M,C,45,,Nb252 reported_seq R45M,Nb252 IMGT 50 R>M,Nb252 chain C auth 45 R>M,fa_rep_increase
461,task_0461,Nb252_aff_seq045_R45M,tier_2,2,8123462,45,R,M,C,45,,Nb252 reported_seq R45M,Nb252 IMGT 50 R>M,Nb252 chain C auth 45 R>M,fa_rep_increase
462,task_0462,Nb252_aff_seq045_R45M,tier_2,3,8123463,45,R,M,C,45,,Nb252 reported_seq R45M,Nb252 IMGT 50 R>M,Nb252 chain C auth 45 R>M,fa_rep_increase
463,task_0463,Nb252_aff_seq045_R45M,tier_2,4,8123464,45,R,M,C,45,,Nb252 reported_seq R45M,Nb252 IMGT 50 R>M,Nb252 chain C auth 45 R>M,fa_rep_increase
464,task_0464,Nb252_aff_seq045_R45M,tier_2,5,8123465,45,R,M,C,45,,Nb252 reported_seq R45M,Nb252 IMGT 50 R>M,Nb252 chain C auth 45 R>M,fa_rep_increase
465,task_0465,Nb252_aff_seq045_R45M,tier_2,6,8123466,45,R,M,C,45,,Nb252 reported_seq R45M,Nb252 IMGT 50 R>M,Nb252 chain C auth 45 R>M,fa_rep_increase
466,task_0466,Nb252_aff_seq045_R45M,tier_2,7,8123467,45,R,M,C,45,,Nb252 reported_seq R45M,Nb252 IMGT 50 R>M,Nb252 chain C auth 45 R>M,fa_rep_increase
467,task_0467,Nb252_aff_seq045_R45M,tier_2,8,8123468,45,R,M,C,45,,Nb252 reported_seq R45M,Nb252 IMGT 50 R>M,Nb252 chain C auth 45 R>M,fa_rep_increase
468,task_0468,Nb252_aff_seq045_R45M,tier_2,9,8123469,45,R,M,C,45,,Nb252 reported_seq R45M,Nb252 IMGT 50 R>M,Nb252 chain C auth 45 R>M,fa_rep_increase
469,task_0469,Nb252_aff_seq045_R45M,tier_2,10,8123470,45,R,M,C,45,,Nb252 reported_seq R45M,Nb252 IMGT 50 R>M,Nb252 chain C auth 45 R>M,fa_rep_increase
470,task_0470,Nb252_aff_seq045_R45M,tier_2,11,8123471,45,R,M,C,45,,Nb252 reported_seq R45M,Nb252 IMGT 50 R>M,Nb252 chain C auth 45 R>M,fa_rep_increase
471,task_0471,Nb252_aff_seq045_R45M,tier_2,12,8123472,45,R,M,C,45,,Nb252 reported_seq R45M,Nb252 IMGT 50 R>M,Nb252 chain C auth 45 R>M,fa_rep_increase
472,task_0472,Nb252_aff_seq045_R45M,tier_2,13,8123473,45,R,M,C,45,,Nb252 reported_seq R45M,Nb252 IMGT 50 R>M,Nb252 chain C auth 45 R>M,fa_rep_increase
473,task_0473,Nb252_aff_seq045_R45M,tier_2,14,8123474,45,R,M,C,45,,Nb252 reported_seq R45M,Nb252 IMGT 50 R>M,Nb252 chain C auth 45 R>M,fa_rep_increase
474,task_0474,Nb252_aff_seq045_R45M,tier_2,15,8123475,45,R,M,C,45,,Nb252 reported_seq R45M,Nb252 IMGT 50 R>M,Nb252 chain C auth 45 R>M,fa_rep_increase
475,task_0475,Nb252_aff_seq045_R45M,tier_2,16,8123476,45,R,M,C,45,,Nb252 reported_seq R45M,Nb252 IMGT 50 R>M,Nb252 chain C auth 45 R>M,fa_rep_increase
476,task_0476,Nb252_aff_seq045_R45M,tier_2,17,8123477,45,R,M,C,45,,Nb252 reported_seq R45M,Nb252 IMGT 50 R>M,Nb252 chain C auth 45 R>M,fa_rep_increase
477,task_0477,Nb252_aff_seq045_R45M,tier_2,18,8123478,45,R,M,C,45,,Nb252 reported_seq R45M,Nb252 IMGT 50 R>M,Nb252 chain C auth 45 R>M,fa_rep_increase
478,task_0478,Nb252_aff_seq045_R45M,tier_2,19,8123479,45,R,M,C,45,,Nb252 reported_seq R45M,Nb252 IMGT 50 R>M,Nb252 chain C auth 45 R>M,fa_rep_increase
479,task_0479,Nb252_aff_seq045_R45M,tier_2,20,8123480,45,R,M,C,45,,Nb252 reported_seq R45M,Nb252 IMGT 50 R>M,Nb252 chain C auth 45 R>M,fa_rep_increase
480,task_0480,Nb252_aff_seq045_R45Q,tier_2,1,8123481,45,R,Q,C,45,,Nb252 reported_seq R45Q,Nb252 IMGT 50 R>Q,Nb252 chain C auth 45 R>Q,fa_rep_increase
481,task_0481,Nb252_aff_seq045_R45Q,tier_2,2,8123482,45,R,Q,C,45,,Nb252 reported_seq R45Q,Nb252 IMGT 50 R>Q,Nb252 chain C auth 45 R>Q,fa_rep_increase
482,task_0482,Nb252_aff_seq045_R45Q,tier_2,3,8123483,45,R,Q,C,45,,Nb252 reported_seq R45Q,Nb252 IMGT 50 R>Q,Nb252 chain C auth 45 R>Q,fa_rep_increase
483,task_0483,Nb252_aff_seq045_R45Q,tier_2,4,8123484,45,R,Q,C,45,,Nb252 reported_seq R45Q,Nb252 IMGT 50 R>Q,Nb252 chain C auth 45 R>Q,fa_rep_increase
484,task_0484,Nb252_aff_seq045_R45Q,tier_2,5,8123485,45,R,Q,C,45,,Nb252 reported_seq R45Q,Nb252 IMGT 50 R>Q,Nb252 chain C auth 45 R>Q,fa_rep_increase
485,task_0485,Nb252_aff_seq045_R45Q,tier_2,6,8123486,45,R,Q,C,45,,Nb252 reported_seq R45Q,Nb252 IMGT 50 R>Q,Nb252 chain C auth 45 R>Q,fa_rep_increase
486,task_0486,Nb252_aff_seq045_R45Q,tier_2,7,8123487,45,R,Q,C,45,,Nb252 reported_seq R45Q,Nb252 IMGT 50 R>Q,Nb252 chain C auth 45 R>Q,fa_rep_increase
487,task_0487,Nb252_aff_seq045_R45Q,tier_2,8,8123488,45,R,Q,C,45,,Nb252 reported_seq R45Q,Nb252 IMGT 50 R>Q,Nb252 chain C auth 45 R>Q,fa_rep_increase
488,task_0488,Nb252_aff_seq045_R45Q,tier_2,9,8123489,45,R,Q,C,45,,Nb252 reported_seq R45Q,Nb252 IMGT 50 R>Q,Nb252 chain C auth 45 R>Q,fa_rep_increase
489,task_0489,Nb252_aff_seq045_R45Q,tier_2,10,8123490,45,R,Q,C,45,,Nb252 reported_seq R45Q,Nb252 IMGT 50 R>Q,Nb252 chain C auth 45 R>Q,fa_rep_increase
490,task_0490,Nb252_aff_seq045_R45Q,tier_2,11,8123491,45,R,Q,C,45,,Nb252 reported_seq R45Q,Nb252 IMGT 50 R>Q,Nb252 chain C auth 45 R>Q,fa_rep_increase
491,task_0491,Nb252_aff_seq045_R45Q,tier_2,12,8123492,45,R,Q,C,45,,Nb252 reported_seq R45Q,Nb252 IMGT 50 R>Q,Nb252 chain C auth 45 R>Q,fa_rep_increase
492,task_0492,Nb252_aff_seq045_R45Q,tier_2,13,8123493,45,R,Q,C,45,,Nb252 reported_seq R45Q,Nb252 IMGT 50 R>Q,Nb252 chain C auth 45 R>Q,fa_rep_increase
493,task_0493,Nb252_aff_seq045_R45Q,tier_2,14,8123494,45,R,Q,C,45,,Nb252 reported_seq R45Q,Nb252 IMGT 50 R>Q,Nb252 chain C auth 45 R>Q,fa_rep_increase
494,task_0494,Nb252_aff_seq045_R45Q,tier_2,15,8123495,45,R,Q,C,45,,Nb252 reported_seq R45Q,Nb252 IMGT 50 R>Q,Nb252 chain C auth 45 R>Q,fa_rep_increase
495,task_0495,Nb252_aff_seq045_R45Q,tier_2,16,8123496,45,R,Q,C,45,,Nb252 reported_seq R45Q,Nb252 IMGT 50 R>Q,Nb252 chain C auth 45 R>Q,fa_rep_increase
496,task_0496,Nb252_aff_seq045_R45Q,tier_2,17,8123497,45,R,Q,C,45,,Nb252 reported_seq R45Q,Nb252 IMGT 50 R>Q,Nb252 chain C auth 45 R>Q,fa_rep_increase
497,task_0497,Nb252_aff_seq045_R45Q,tier_2,18,8123498,45,R,Q,C,45,,Nb252 reported_seq R45Q,Nb252 IMGT 50 R>Q,Nb252 chain C auth 45 R>Q,fa_rep_increase
498,task_0498,Nb252_aff_seq045_R45Q,tier_2,19,8123499,45,R,Q,C,45,,Nb252 reported_seq R45Q,Nb252 IMGT 50 R>Q,Nb252 chain C auth 45 R>Q,fa_rep_increase
499,task_0499,Nb252_aff_seq045_R45Q,tier_2,20,8123500,45,R,Q,C,45,,Nb252 reported_seq R45Q,Nb252 IMGT 50 R>Q,Nb252 chain C auth 45 R>Q,fa_rep_increase
500,task_0500,Nb252_aff_seq045_R45V,tier_2,1,8123501,45,R,V,C,45,,Nb252 reported_seq R45V,Nb252 IMGT 50 R>V,Nb252 chain C auth 45 R>V,vhh_contact_reorganization;fa_rep_increase
501,task_0501,Nb252_aff_seq045_R45V,tier_2,2,8123502,45,R,V,C,45,,Nb252 reported_seq R45V,Nb252 IMGT 50 R>V,Nb252 chain C auth 45 R>V,vhh_contact_reorganization;fa_rep_increase
502,task_0502,Nb252_aff_seq045_R45V,tier_2,3,8123503,45,R,V,C,45,,Nb252 reported_seq R45V,Nb252 IMGT 50 R>V,Nb252 chain C auth 45 R>V,vhh_contact_reorganization;fa_rep_increase
503,task_0503,Nb252_aff_seq045_R45V,tier_2,4,8123504,45,R,V,C,45,,Nb252 reported_seq R45V,Nb252 IMGT 50 R>V,Nb252 chain C auth 45 R>V,vhh_contact_reorganization;fa_rep_increase
504,task_0504,Nb252_aff_seq045_R45V,tier_2,5,8123505,45,R,V,C,45,,Nb252 reported_seq R45V,Nb252 IMGT 50 R>V,Nb252 chain C auth 45 R>V,vhh_contact_reorganization;fa_rep_increase
505,task_0505,Nb252_aff_seq045_R45V,tier_2,6,8123506,45,R,V,C,45,,Nb252 reported_seq R45V,Nb252 IMGT 50 R>V,Nb252 chain C auth 45 R>V,vhh_contact_reorganization;fa_rep_increase
506,task_0506,Nb252_aff_seq045_R45V,tier_2,7,8123507,45,R,V,C,45,,Nb252 reported_seq R45V,Nb252 IMGT 50 R>V,Nb252 chain C auth 45 R>V,vhh_contact_reorganization;fa_rep_increase
507,task_0507,Nb252_aff_seq045_R45V,tier_2,8,8123508,45,R,V,C,45,,Nb252 reported_seq R45V,Nb252 IMGT 50 R>V,Nb252 chain C auth 45 R>V,vhh_contact_reorganization;fa_rep_increase
508,task_0508,Nb252_aff_seq045_R45V,tier_2,9,8123509,45,R,V,C,45,,Nb252 reported_seq R45V,Nb252 IMGT 50 R>V,Nb252 chain C auth 45 R>V,vhh_contact_reorganization;fa_rep_increase
509,task_0509,Nb252_aff_seq045_R45V,tier_2,10,8123510,45,R,V,C,45,,Nb252 reported_seq R45V,Nb252 IMGT 50 R>V,Nb252 chain C auth 45 R>V,vhh_contact_reorganization;fa_rep_increase
510,task_0510,Nb252_aff_seq045_R45V,tier_2,11,8123511,45,R,V,C,45,,Nb252 reported_seq R45V,Nb252 IMGT 50 R>V,Nb252 chain C auth 45 R>V,vhh_contact_reorganization;fa_rep_increase
511,task_0511,Nb252_aff_seq045_R45V,tier_2,12,8123512,45,R,V,C,45,,Nb252 reported_seq R45V,Nb252 IMGT 50 R>V,Nb252 chain C auth 45 R>V,vhh_contact_reorganization;fa_rep_increase
512,task_0512,Nb252_aff_seq045_R45V,tier_2,13,8123513,45,R,V,C,45,,Nb252 reported_seq R45V,Nb252 IMGT 50 R>V,Nb252 chain C auth 45 R>V,vhh_contact_reorganization;fa_rep_increase
513,task_0513,Nb252_aff_seq045_R45V,tier_2,14,8123514,45,R,V,C,45,,Nb252 reported_seq R45V,Nb252 IMGT 50 R>V,Nb252 chain C auth 45 R>V,vhh_contact_reorganization;fa_rep_increase
514,task_0514,Nb252_aff_seq045_R45V,tier_2,15,8123515,45,R,V,C,45,,Nb252 reported_seq R45V,Nb252 IMGT 50 R>V,Nb252 chain C auth 45 R>V,vhh_contact_reorganization;fa_rep_increase
515,task_0515,Nb252_aff_seq045_R45V,tier_2,16,8123516,45,R,V,C,45,,Nb252 reported_seq R45V,Nb252 IMGT 50 R>V,Nb252 chain C auth 45 R>V,vhh_contact_reorganization;fa_rep_increase
516,task_0516,Nb252_aff_seq045_R45V,tier_2,17,8123517,45,R,V,C,45,,Nb252 reported_seq R45V,Nb252 IMGT 50 R>V,Nb252 chain C auth 45 R>V,vhh_contact_reorganization;fa_rep_increase
517,task_0517,Nb252_aff_seq045_R45V,tier_2,18,8123518,45,R,V,C,45,,Nb252 reported_seq R45V,Nb252 IMGT 50 R>V,Nb252 chain C auth 45 R>V,vhh_contact_reorganization;fa_rep_increase
518,task_0518,Nb252_aff_seq045_R45V,tier_2,19,8123519,45,R,V,C,45,,Nb252 reported_seq R45V,Nb252 IMGT 50 R>V,Nb252 chain C auth 45 R>V,vhh_contact_reorganization;fa_rep_increase
519,task_0519,Nb252_aff_seq045_R45V,tier_2,20,8123520,45,R,V,C,45,,Nb252 reported_seq R45V,Nb252 IMGT 50 R>V,Nb252 chain C auth 45 R>V,vhh_contact_reorganization;fa_rep_increase
520,task_0520,Nb252_aff_seq047_F47K,tier_2,1,8123521,47,F,K,C,47,,Nb252 reported_seq F47K,Nb252 IMGT 52 F>K,Nb252 chain C auth 47 F>K,vhh_contact_reorganization
521,task_0521,Nb252_aff_seq047_F47K,tier_2,2,8123522,47,F,K,C,47,,Nb252 reported_seq F47K,Nb252 IMGT 52 F>K,Nb252 chain C auth 47 F>K,vhh_contact_reorganization
522,task_0522,Nb252_aff_seq047_F47K,tier_2,3,8123523,47,F,K,C,47,,Nb252 reported_seq F47K,Nb252 IMGT 52 F>K,Nb252 chain C auth 47 F>K,vhh_contact_reorganization
523,task_0523,Nb252_aff_seq047_F47K,tier_2,4,8123524,47,F,K,C,47,,Nb252 reported_seq F47K,Nb252 IMGT 52 F>K,Nb252 chain C auth 47 F>K,vhh_contact_reorganization
524,task_0524,Nb252_aff_seq047_F47K,tier_2,5,8123525,47,F,K,C,47,,Nb252 reported_seq F47K,Nb252 IMGT 52 F>K,Nb252 chain C auth 47 F>K,vhh_contact_reorganization
525,task_0525,Nb252_aff_seq047_F47K,tier_2,6,8123526,47,F,K,C,47,,Nb252 reported_seq F47K,Nb252 IMGT 52 F>K,Nb252 chain C auth 47 F>K,vhh_contact_reorganization
526,task_0526,Nb252_aff_seq047_F47K,tier_2,7,8123527,47,F,K,C,47,,Nb252 reported_seq F47K,Nb252 IMGT 52 F>K,Nb252 chain C auth 47 F>K,vhh_contact_reorganization
527,task_0527,Nb252_aff_seq047_F47K,tier_2,8,8123528,47,F,K,C,47,,Nb252 reported_seq F47K,Nb252 IMGT 52 F>K,Nb252 chain C auth 47 F>K,vhh_contact_reorganization
528,task_0528,Nb252_aff_seq047_F47K,tier_2,9,8123529,47,F,K,C,47,,Nb252 reported_seq F47K,Nb252 IMGT 52 F>K,Nb252 chain C auth 47 F>K,vhh_contact_reorganization
529,task_0529,Nb252_aff_seq047_F47K,tier_2,10,8123530,47,F,K,C,47,,Nb252 reported_seq F47K,Nb252 IMGT 52 F>K,Nb252 chain C auth 47 F>K,vhh_contact_reorganization
530,task_0530,Nb252_aff_seq047_F47K,tier_2,11,8123531,47,F,K,C,47,,Nb252 reported_seq F47K,Nb252 IMGT 52 F>K,Nb252 chain C auth 47 F>K,vhh_contact_reorganization
531,task_0531,Nb252_aff_seq047_F47K,tier_2,12,8123532,47,F,K,C,47,,Nb252 reported_seq F47K,Nb252 IMGT 52 F>K,Nb252 chain C auth 47 F>K,vhh_contact_reorganization
532,task_0532,Nb252_aff_seq047_F47K,tier_2,13,8123533,47,F,K,C,47,,Nb252 reported_seq F47K,Nb252 IMGT 52 F>K,Nb252 chain C auth 47 F>K,vhh_contact_reorganization
533,task_0533,Nb252_aff_seq047_F47K,tier_2,14,8123534,47,F,K,C,47,,Nb252 reported_seq F47K,Nb252 IMGT 52 F>K,Nb252 chain C auth 47 F>K,vhh_contact_reorganization
534,task_0534,Nb252_aff_seq047_F47K,tier_2,15,8123535,47,F,K,C,47,,Nb252 reported_seq F47K,Nb252 IMGT 52 F>K,Nb252 chain C auth 47 F>K,vhh_contact_reorganization
535,task_0535,Nb252_aff_seq047_F47K,tier_2,16,8123536,47,F,K,C,47,,Nb252 reported_seq F47K,Nb252 IMGT 52 F>K,Nb252 chain C auth 47 F>K,vhh_contact_reorganization
536,task_0536,Nb252_aff_seq047_F47K,tier_2,17,8123537,47,F,K,C,47,,Nb252 reported_seq F47K,Nb252 IMGT 52 F>K,Nb252 chain C auth 47 F>K,vhh_contact_reorganization
537,task_0537,Nb252_aff_seq047_F47K,tier_2,18,8123538,47,F,K,C,47,,Nb252 reported_seq F47K,Nb252 IMGT 52 F>K,Nb252 chain C auth 47 F>K,vhh_contact_reorganization
538,task_0538,Nb252_aff_seq047_F47K,tier_2,19,8123539,47,F,K,C,47,,Nb252 reported_seq F47K,Nb252 IMGT 52 F>K,Nb252 chain C auth 47 F>K,vhh_contact_reorganization
539,task_0539,Nb252_aff_seq047_F47K,tier_2,20,8123540,47,F,K,C,47,,Nb252 reported_seq F47K,Nb252 IMGT 52 F>K,Nb252 chain C auth 47 F>K,vhh_contact_reorganization
540,task_0540,Nb252_aff_seq047_F47R,tier_2,1,8123541,47,F,R,C,47,,Nb252 reported_seq F47R,Nb252 IMGT 52 F>R,Nb252 chain C auth 47 F>R,vhh_contact_reorganization
541,task_0541,Nb252_aff_seq047_F47R,tier_2,2,8123542,47,F,R,C,47,,Nb252 reported_seq F47R,Nb252 IMGT 52 F>R,Nb252 chain C auth 47 F>R,vhh_contact_reorganization
542,task_0542,Nb252_aff_seq047_F47R,tier_2,3,8123543,47,F,R,C,47,,Nb252 reported_seq F47R,Nb252 IMGT 52 F>R,Nb252 chain C auth 47 F>R,vhh_contact_reorganization
543,task_0543,Nb252_aff_seq047_F47R,tier_2,4,8123544,47,F,R,C,47,,Nb252 reported_seq F47R,Nb252 IMGT 52 F>R,Nb252 chain C auth 47 F>R,vhh_contact_reorganization
544,task_0544,Nb252_aff_seq047_F47R,tier_2,5,8123545,47,F,R,C,47,,Nb252 reported_seq F47R,Nb252 IMGT 52 F>R,Nb252 chain C auth 47 F>R,vhh_contact_reorganization
545,task_0545,Nb252_aff_seq047_F47R,tier_2,6,8123546,47,F,R,C,47,,Nb252 reported_seq F47R,Nb252 IMGT 52 F>R,Nb252 chain C auth 47 F>R,vhh_contact_reorganization
546,task_0546,Nb252_aff_seq047_F47R,tier_2,7,8123547,47,F,R,C,47,,Nb252 reported_seq F47R,Nb252 IMGT 52 F>R,Nb252 chain C auth 47 F>R,vhh_contact_reorganization
547,task_0547,Nb252_aff_seq047_F47R,tier_2,8,8123548,47,F,R,C,47,,Nb252 reported_seq F47R,Nb252 IMGT 52 F>R,Nb252 chain C auth 47 F>R,vhh_contact_reorganization
548,task_0548,Nb252_aff_seq047_F47R,tier_2,9,8123549,47,F,R,C,47,,Nb252 reported_seq F47R,Nb252 IMGT 52 F>R,Nb252 chain C auth 47 F>R,vhh_contact_reorganization
549,task_0549,Nb252_aff_seq047_F47R,tier_2,10,8123550,47,F,R,C,47,,Nb252 reported_seq F47R,Nb252 IMGT 52 F>R,Nb252 chain C auth 47 F>R,vhh_contact_reorganization
550,task_0550,Nb252_aff_seq047_F47R,tier_2,11,8123551,47,F,R,C,47,,Nb252 reported_seq F47R,Nb252 IMGT 52 F>R,Nb252 chain C auth 47 F>R,vhh_contact_reorganization
551,task_0551,Nb252_aff_seq047_F47R,tier_2,12,8123552,47,F,R,C,47,,Nb252 reported_seq F47R,Nb252 IMGT 52 F>R,Nb252 chain C auth 47 F>R,vhh_contact_reorganization
552,task_0552,Nb252_aff_seq047_F47R,tier_2,13,8123553,47,F,R,C,47,,Nb252 reported_seq F47R,Nb252 IMGT 52 F>R,Nb252 chain C auth 47 F>R,vhh_contact_reorganization
553,task_0553,Nb252_aff_seq047_F47R,tier_2,14,8123554,47,F,R,C,47,,Nb252 reported_seq F47R,Nb252 IMGT 52 F>R,Nb252 chain C auth 47 F>R,vhh_contact_reorganization
554,task_0554,Nb252_aff_seq047_F47R,tier_2,15,8123555,47,F,R,C,47,,Nb252 reported_seq F47R,Nb252 IMGT 52 F>R,Nb252 chain C auth 47 F>R,vhh_contact_reorganization
555,task_0555,Nb252_aff_seq047_F47R,tier_2,16,8123556,47,F,R,C,47,,Nb252 reported_seq F47R,Nb252 IMGT 52 F>R,Nb252 chain C auth 47 F>R,vhh_contact_reorganization
556,task_0556,Nb252_aff_seq047_F47R,tier_2,17,8123557,47,F,R,C,47,,Nb252 reported_seq F47R,Nb252 IMGT 52 F>R,Nb252 chain C auth 47 F>R,vhh_contact_reorganization
557,task_0557,Nb252_aff_seq047_F47R,tier_2,18,8123558,47,F,R,C,47,,Nb252 reported_seq F47R,Nb252 IMGT 52 F>R,Nb252 chain C auth 47 F>R,vhh_contact_reorganization
558,task_0558,Nb252_aff_seq047_F47R,tier_2,19,8123559,47,F,R,C,47,,Nb252 reported_seq F47R,Nb252 IMGT 52 F>R,Nb252 chain C auth 47 F>R,vhh_contact_reorganization
559,task_0559,Nb252_aff_seq047_F47R,tier_2,20,8123560,47,F,R,C,47,,Nb252 reported_seq F47R,Nb252 IMGT 52 F>R,Nb252 chain C auth 47 F>R,vhh_contact_reorganization
560,task_0560,Nb252_aff_seq058_N58W,tier_2,1,8123561,58,N,W,C,58,,Nb252 reported_seq N58W,Nb252 IMGT 66 N>W,Nb252 chain C auth 58 N>W,fa_rep_increase
561,task_0561,Nb252_aff_seq058_N58W,tier_2,2,8123562,58,N,W,C,58,,Nb252 reported_seq N58W,Nb252 IMGT 66 N>W,Nb252 chain C auth 58 N>W,fa_rep_increase
562,task_0562,Nb252_aff_seq058_N58W,tier_2,3,8123563,58,N,W,C,58,,Nb252 reported_seq N58W,Nb252 IMGT 66 N>W,Nb252 chain C auth 58 N>W,fa_rep_increase
563,task_0563,Nb252_aff_seq058_N58W,tier_2,4,8123564,58,N,W,C,58,,Nb252 reported_seq N58W,Nb252 IMGT 66 N>W,Nb252 chain C auth 58 N>W,fa_rep_increase
564,task_0564,Nb252_aff_seq058_N58W,tier_2,5,8123565,58,N,W,C,58,,Nb252 reported_seq N58W,Nb252 IMGT 66 N>W,Nb252 chain C auth 58 N>W,fa_rep_increase
565,task_0565,Nb252_aff_seq058_N58W,tier_2,6,8123566,58,N,W,C,58,,Nb252 reported_seq N58W,Nb252 IMGT 66 N>W,Nb252 chain C auth 58 N>W,fa_rep_increase
566,task_0566,Nb252_aff_seq058_N58W,tier_2,7,8123567,58,N,W,C,58,,Nb252 reported_seq N58W,Nb252 IMGT 66 N>W,Nb252 chain C auth 58 N>W,fa_rep_increase
567,task_0567,Nb252_aff_seq058_N58W,tier_2,8,8123568,58,N,W,C,58,,Nb252 reported_seq N58W,Nb252 IMGT 66 N>W,Nb252 chain C auth 58 N>W,fa_rep_increase
568,task_0568,Nb252_aff_seq058_N58W,tier_2,9,8123569,58,N,W,C,58,,Nb252 reported_seq N58W,Nb252 IMGT 66 N>W,Nb252 chain C auth 58 N>W,fa_rep_increase
569,task_0569,Nb252_aff_seq058_N58W,tier_2,10,8123570,58,N,W,C,58,,Nb252 reported_seq N58W,Nb252 IMGT 66 N>W,Nb252 chain C auth 58 N>W,fa_rep_increase
570,task_0570,Nb252_aff_seq058_N58W,tier_2,11,8123571,58,N,W,C,58,,Nb252 reported_seq N58W,Nb252 IMGT 66 N>W,Nb252 chain C auth 58 N>W,fa_rep_increase
571,task_0571,Nb252_aff_seq058_N58W,tier_2,12,8123572,58,N,W,C,58,,Nb252 reported_seq N58W,Nb252 IMGT 66 N>W,Nb252 chain C auth 58 N>W,fa_rep_increase
572,task_0572,Nb252_aff_seq058_N58W,tier_2,13,8123573,58,N,W,C,58,,Nb252 reported_seq N58W,Nb252 IMGT 66 N>W,Nb252 chain C auth 58 N>W,fa_rep_increase
573,task_0573,Nb252_aff_seq058_N58W,tier_2,14,8123574,58,N,W,C,58,,Nb252 reported_seq N58W,Nb252 IMGT 66 N>W,Nb252 chain C auth 58 N>W,fa_rep_increase
574,task_0574,Nb252_aff_seq058_N58W,tier_2,15,8123575,58,N,W,C,58,,Nb252 reported_seq N58W,Nb252 IMGT 66 N>W,Nb252 chain C auth 58 N>W,fa_rep_increase
575,task_0575,Nb252_aff_seq058_N58W,tier_2,16,8123576,58,N,W,C,58,,Nb252 reported_seq N58W,Nb252 IMGT 66 N>W,Nb252 chain C auth 58 N>W,fa_rep_increase
576,task_0576,Nb252_aff_seq058_N58W,tier_2,17,8123577,58,N,W,C,58,,Nb252 reported_seq N58W,Nb252 IMGT 66 N>W,Nb252 chain C auth 58 N>W,fa_rep_increase
577,task_0577,Nb252_aff_seq058_N58W,tier_2,18,8123578,58,N,W,C,58,,Nb252 reported_seq N58W,Nb252 IMGT 66 N>W,Nb252 chain C auth 58 N>W,fa_rep_increase
578,task_0578,Nb252_aff_seq058_N58W,tier_2,19,8123579,58,N,W,C,58,,Nb252 reported_seq N58W,Nb252 IMGT 66 N>W,Nb252 chain C auth 58 N>W,fa_rep_increase
579,task_0579,Nb252_aff_seq058_N58W,tier_2,20,8123580,58,N,W,C,58,,Nb252 reported_seq N58W,Nb252 IMGT 66 N>W,Nb252 chain C auth 58 N>W,fa_rep_increase
580,task_0580,Nb252_aff_seq098_D98C,tier_2,1,8123581,98,D,C,C,98,,Nb252 reported_seq D98C,Nb252 IMGT 107 D>C,Nb252 chain C auth 98 D>C,fa_rep_increase
581,task_0581,Nb252_aff_seq098_D98C,tier_2,2,8123582,98,D,C,C,98,,Nb252 reported_seq D98C,Nb252 IMGT 107 D>C,Nb252 chain C auth 98 D>C,fa_rep_increase
582,task_0582,Nb252_aff_seq098_D98C,tier_2,3,8123583,98,D,C,C,98,,Nb252 reported_seq D98C,Nb252 IMGT 107 D>C,Nb252 chain C auth 98 D>C,fa_rep_increase
583,task_0583,Nb252_aff_seq098_D98C,tier_2,4,8123584,98,D,C,C,98,,Nb252 reported_seq D98C,Nb252 IMGT 107 D>C,Nb252 chain C auth 98 D>C,fa_rep_increase
584,task_0584,Nb252_aff_seq098_D98C,tier_2,5,8123585,98,D,C,C,98,,Nb252 reported_seq D98C,Nb252 IMGT 107 D>C,Nb252 chain C auth 98 D>C,fa_rep_increase
585,task_0585,Nb252_aff_seq098_D98C,tier_2,6,8123586,98,D,C,C,98,,Nb252 reported_seq D98C,Nb252 IMGT 107 D>C,Nb252 chain C auth 98 D>C,fa_rep_increase
586,task_0586,Nb252_aff_seq098_D98C,tier_2,7,8123587,98,D,C,C,98,,Nb252 reported_seq D98C,Nb252 IMGT 107 D>C,Nb252 chain C auth 98 D>C,fa_rep_increase
587,task_0587,Nb252_aff_seq098_D98C,tier_2,8,8123588,98,D,C,C,98,,Nb252 reported_seq D98C,Nb252 IMGT 107 D>C,Nb252 chain C auth 98 D>C,fa_rep_increase
588,task_0588,Nb252_aff_seq098_D98C,tier_2,9,8123589,98,D,C,C,98,,Nb252 reported_seq D98C,Nb252 IMGT 107 D>C,Nb252 chain C auth 98 D>C,fa_rep_increase
589,task_0589,Nb252_aff_seq098_D98C,tier_2,10,8123590,98,D,C,C,98,,Nb252 reported_seq D98C,Nb252 IMGT 107 D>C,Nb252 chain C auth 98 D>C,fa_rep_increase
590,task_0590,Nb252_aff_seq098_D98C,tier_2,11,8123591,98,D,C,C,98,,Nb252 reported_seq D98C,Nb252 IMGT 107 D>C,Nb252 chain C auth 98 D>C,fa_rep_increase
591,task_0591,Nb252_aff_seq098_D98C,tier_2,12,8123592,98,D,C,C,98,,Nb252 reported_seq D98C,Nb252 IMGT 107 D>C,Nb252 chain C auth 98 D>C,fa_rep_increase
592,task_0592,Nb252_aff_seq098_D98C,tier_2,13,8123593,98,D,C,C,98,,Nb252 reported_seq D98C,Nb252 IMGT 107 D>C,Nb252 chain C auth 98 D>C,fa_rep_increase
593,task_0593,Nb252_aff_seq098_D98C,tier_2,14,8123594,98,D,C,C,98,,Nb252 reported_seq D98C,Nb252 IMGT 107 D>C,Nb252 chain C auth 98 D>C,fa_rep_increase
594,task_0594,Nb252_aff_seq098_D98C,tier_2,15,8123595,98,D,C,C,98,,Nb252 reported_seq D98C,Nb252 IMGT 107 D>C,Nb252 chain C auth 98 D>C,fa_rep_increase
595,task_0595,Nb252_aff_seq098_D98C,tier_2,16,8123596,98,D,C,C,98,,Nb252 reported_seq D98C,Nb252 IMGT 107 D>C,Nb252 chain C auth 98 D>C,fa_rep_increase
596,task_0596,Nb252_aff_seq098_D98C,tier_2,17,8123597,98,D,C,C,98,,Nb252 reported_seq D98C,Nb252 IMGT 107 D>C,Nb252 chain C auth 98 D>C,fa_rep_increase
597,task_0597,Nb252_aff_seq098_D98C,tier_2,18,8123598,98,D,C,C,98,,Nb252 reported_seq D98C,Nb252 IMGT 107 D>C,Nb252 chain C auth 98 D>C,fa_rep_increase
598,task_0598,Nb252_aff_seq098_D98C,tier_2,19,8123599,98,D,C,C,98,,Nb252 reported_seq D98C,Nb252 IMGT 107 D>C,Nb252 chain C auth 98 D>C,fa_rep_increase
599,task_0599,Nb252_aff_seq098_D98C,tier_2,20,8123600,98,D,C,C,98,,Nb252 reported_seq D98C,Nb252 IMGT 107 D>C,Nb252 chain C auth 98 D>C,fa_rep_increase
600,task_0600,Nb252_aff_seq098_D98K,tier_2,1,8123601,98,D,K,C,98,,Nb252 reported_seq D98K,Nb252 IMGT 107 D>K,Nb252 chain C auth 98 D>K,fa_rep_increase
601,task_0601,Nb252_aff_seq098_D98K,tier_2,2,8123602,98,D,K,C,98,,Nb252 reported_seq D98K,Nb252 IMGT 107 D>K,Nb252 chain C auth 98 D>K,fa_rep_increase
602,task_0602,Nb252_aff_seq098_D98K,tier_2,3,8123603,98,D,K,C,98,,Nb252 reported_seq D98K,Nb252 IMGT 107 D>K,Nb252 chain C auth 98 D>K,fa_rep_increase
603,task_0603,Nb252_aff_seq098_D98K,tier_2,4,8123604,98,D,K,C,98,,Nb252 reported_seq D98K,Nb252 IMGT 107 D>K,Nb252 chain C auth 98 D>K,fa_rep_increase
604,task_0604,Nb252_aff_seq098_D98K,tier_2,5,8123605,98,D,K,C,98,,Nb252 reported_seq D98K,Nb252 IMGT 107 D>K,Nb252 chain C auth 98 D>K,fa_rep_increase
605,task_0605,Nb252_aff_seq098_D98K,tier_2,6,8123606,98,D,K,C,98,,Nb252 reported_seq D98K,Nb252 IMGT 107 D>K,Nb252 chain C auth 98 D>K,fa_rep_increase
606,task_0606,Nb252_aff_seq098_D98K,tier_2,7,8123607,98,D,K,C,98,,Nb252 reported_seq D98K,Nb252 IMGT 107 D>K,Nb252 chain C auth 98 D>K,fa_rep_increase
607,task_0607,Nb252_aff_seq098_D98K,tier_2,8,8123608,98,D,K,C,98,,Nb252 reported_seq D98K,Nb252 IMGT 107 D>K,Nb252 chain C auth 98 D>K,fa_rep_increase
608,task_0608,Nb252_aff_seq098_D98K,tier_2,9,8123609,98,D,K,C,98,,Nb252 reported_seq D98K,Nb252 IMGT 107 D>K,Nb252 chain C auth 98 D>K,fa_rep_increase
609,task_0609,Nb252_aff_seq098_D98K,tier_2,10,8123610,98,D,K,C,98,,Nb252 reported_seq D98K,Nb252 IMGT 107 D>K,Nb252 chain C auth 98 D>K,fa_rep_increase
610,task_0610,Nb252_aff_seq098_D98K,tier_2,11,8123611,98,D,K,C,98,,Nb252 reported_seq D98K,Nb252 IMGT 107 D>K,Nb252 chain C auth 98 D>K,fa_rep_increase
611,task_0611,Nb252_aff_seq098_D98K,tier_2,12,8123612,98,D,K,C,98,,Nb252 reported_seq D98K,Nb252 IMGT 107 D>K,Nb252 chain C auth 98 D>K,fa_rep_increase
612,task_0612,Nb252_aff_seq098_D98K,tier_2,13,8123613,98,D,K,C,98,,Nb252 reported_seq D98K,Nb252 IMGT 107 D>K,Nb252 chain C auth 98 D>K,fa_rep_increase
613,task_0613,Nb252_aff_seq098_D98K,tier_2,14,8123614,98,D,K,C,98,,Nb252 reported_seq D98K,Nb252 IMGT 107 D>K,Nb252 chain C auth 98 D>K,fa_rep_increase
614,task_0614,Nb252_aff_seq098_D98K,tier_2,15,8123615,98,D,K,C,98,,Nb252 reported_seq D98K,Nb252 IMGT 107 D>K,Nb252 chain C auth 98 D>K,fa_rep_increase
615,task_0615,Nb252_aff_seq098_D98K,tier_2,16,8123616,98,D,K,C,98,,Nb252 reported_seq D98K,Nb252 IMGT 107 D>K,Nb252 chain C auth 98 D>K,fa_rep_increase
616,task_0616,Nb252_aff_seq098_D98K,tier_2,17,8123617,98,D,K,C,98,,Nb252 reported_seq D98K,Nb252 IMGT 107 D>K,Nb252 chain C auth 98 D>K,fa_rep_increase
617,task_0617,Nb252_aff_seq098_D98K,tier_2,18,8123618,98,D,K,C,98,,Nb252 reported_seq D98K,Nb252 IMGT 107 D>K,Nb252 chain C auth 98 D>K,fa_rep_increase
618,task_0618,Nb252_aff_seq098_D98K,tier_2,19,8123619,98,D,K,C,98,,Nb252 reported_seq D98K,Nb252 IMGT 107 D>K,Nb252 chain C auth 98 D>K,fa_rep_increase
619,task_0619,Nb252_aff_seq098_D98K,tier_2,20,8123620,98,D,K,C,98,,Nb252 reported_seq D98K,Nb252 IMGT 107 D>K,Nb252 chain C auth 98 D>K,fa_rep_increase
620,task_0620,Nb252_aff_seq098_D98R,tier_2,1,8123621,98,D,R,C,98,,Nb252 reported_seq D98R,Nb252 IMGT 107 D>R,Nb252 chain C auth 98 D>R,fa_rep_increase
621,task_0621,Nb252_aff_seq098_D98R,tier_2,2,8123622,98,D,R,C,98,,Nb252 reported_seq D98R,Nb252 IMGT 107 D>R,Nb252 chain C auth 98 D>R,fa_rep_increase
622,task_0622,Nb252_aff_seq098_D98R,tier_2,3,8123623,98,D,R,C,98,,Nb252 reported_seq D98R,Nb252 IMGT 107 D>R,Nb252 chain C auth 98 D>R,fa_rep_increase
623,task_0623,Nb252_aff_seq098_D98R,tier_2,4,8123624,98,D,R,C,98,,Nb252 reported_seq D98R,Nb252 IMGT 107 D>R,Nb252 chain C auth 98 D>R,fa_rep_increase
624,task_0624,Nb252_aff_seq098_D98R,tier_2,5,8123625,98,D,R,C,98,,Nb252 reported_seq D98R,Nb252 IMGT 107 D>R,Nb252 chain C auth 98 D>R,fa_rep_increase
625,task_0625,Nb252_aff_seq098_D98R,tier_2,6,8123626,98,D,R,C,98,,Nb252 reported_seq D98R,Nb252 IMGT 107 D>R,Nb252 chain C auth 98 D>R,fa_rep_increase
626,task_0626,Nb252_aff_seq098_D98R,tier_2,7,8123627,98,D,R,C,98,,Nb252 reported_seq D98R,Nb252 IMGT 107 D>R,Nb252 chain C auth 98 D>R,fa_rep_increase
627,task_0627,Nb252_aff_seq098_D98R,tier_2,8,8123628,98,D,R,C,98,,Nb252 reported_seq D98R,Nb252 IMGT 107 D>R,Nb252 chain C auth 98 D>R,fa_rep_increase
628,task_0628,Nb252_aff_seq098_D98R,tier_2,9,8123629,98,D,R,C,98,,Nb252 reported_seq D98R,Nb252 IMGT 107 D>R,Nb252 chain C auth 98 D>R,fa_rep_increase
629,task_0629,Nb252_aff_seq098_D98R,tier_2,10,8123630,98,D,R,C,98,,Nb252 reported_seq D98R,Nb252 IMGT 107 D>R,Nb252 chain C auth 98 D>R,fa_rep_increase
630,task_0630,Nb252_aff_seq098_D98R,tier_2,11,8123631,98,D,R,C,98,,Nb252 reported_seq D98R,Nb252 IMGT 107 D>R,Nb252 chain C auth 98 D>R,fa_rep_increase
631,task_0631,Nb252_aff_seq098_D98R,tier_2,12,8123632,98,D,R,C,98,,Nb252 reported_seq D98R,Nb252 IMGT 107 D>R,Nb252 chain C auth 98 D>R,fa_rep_increase
632,task_0632,Nb252_aff_seq098_D98R,tier_2,13,8123633,98,D,R,C,98,,Nb252 reported_seq D98R,Nb252 IMGT 107 D>R,Nb252 chain C auth 98 D>R,fa_rep_increase
633,task_0633,Nb252_aff_seq098_D98R,tier_2,14,8123634,98,D,R,C,98,,Nb252 reported_seq D98R,Nb252 IMGT 107 D>R,Nb252 chain C auth 98 D>R,fa_rep_increase
634,task_0634,Nb252_aff_seq098_D98R,tier_2,15,8123635,98,D,R,C,98,,Nb252 reported_seq D98R,Nb252 IMGT 107 D>R,Nb252 chain C auth 98 D>R,fa_rep_increase
635,task_0635,Nb252_aff_seq098_D98R,tier_2,16,8123636,98,D,R,C,98,,Nb252 reported_seq D98R,Nb252 IMGT 107 D>R,Nb252 chain C auth 98 D>R,fa_rep_increase
636,task_0636,Nb252_aff_seq098_D98R,tier_2,17,8123637,98,D,R,C,98,,Nb252 reported_seq D98R,Nb252 IMGT 107 D>R,Nb252 chain C auth 98 D>R,fa_rep_increase
637,task_0637,Nb252_aff_seq098_D98R,tier_2,18,8123638,98,D,R,C,98,,Nb252 reported_seq D98R,Nb252 IMGT 107 D>R,Nb252 chain C auth 98 D>R,fa_rep_increase
638,task_0638,Nb252_aff_seq098_D98R,tier_2,19,8123639,98,D,R,C,98,,Nb252 reported_seq D98R,Nb252 IMGT 107 D>R,Nb252 chain C auth 98 D>R,fa_rep_increase
639,task_0639,Nb252_aff_seq098_D98R,tier_2,20,8123640,98,D,R,C,98,,Nb252 reported_seq D98R,Nb252 IMGT 107 D>R,Nb252 chain C auth 98 D>R,fa_rep_increase
640,task_0640,Nb252_aff_seq098_D98T,tier_2,1,8123641,98,D,T,C,98,,Nb252 reported_seq D98T,Nb252 IMGT 107 D>T,Nb252 chain C auth 98 D>T,fa_rep_increase
641,task_0641,Nb252_aff_seq098_D98T,tier_2,2,8123642,98,D,T,C,98,,Nb252 reported_seq D98T,Nb252 IMGT 107 D>T,Nb252 chain C auth 98 D>T,fa_rep_increase
642,task_0642,Nb252_aff_seq098_D98T,tier_2,3,8123643,98,D,T,C,98,,Nb252 reported_seq D98T,Nb252 IMGT 107 D>T,Nb252 chain C auth 98 D>T,fa_rep_increase
643,task_0643,Nb252_aff_seq098_D98T,tier_2,4,8123644,98,D,T,C,98,,Nb252 reported_seq D98T,Nb252 IMGT 107 D>T,Nb252 chain C auth 98 D>T,fa_rep_increase
644,task_0644,Nb252_aff_seq098_D98T,tier_2,5,8123645,98,D,T,C,98,,Nb252 reported_seq D98T,Nb252 IMGT 107 D>T,Nb252 chain C auth 98 D>T,fa_rep_increase
645,task_0645,Nb252_aff_seq098_D98T,tier_2,6,8123646,98,D,T,C,98,,Nb252 reported_seq D98T,Nb252 IMGT 107 D>T,Nb252 chain C auth 98 D>T,fa_rep_increase
646,task_0646,Nb252_aff_seq098_D98T,tier_2,7,8123647,98,D,T,C,98,,Nb252 reported_seq D98T,Nb252 IMGT 107 D>T,Nb252 chain C auth 98 D>T,fa_rep_increase
647,task_0647,Nb252_aff_seq098_D98T,tier_2,8,8123648,98,D,T,C,98,,Nb252 reported_seq D98T,Nb252 IMGT 107 D>T,Nb252 chain C auth 98 D>T,fa_rep_increase
648,task_0648,Nb252_aff_seq098_D98T,tier_2,9,8123649,98,D,T,C,98,,Nb252 reported_seq D98T,Nb252 IMGT 107 D>T,Nb252 chain C auth 98 D>T,fa_rep_increase
649,task_0649,Nb252_aff_seq098_D98T,tier_2,10,8123650,98,D,T,C,98,,Nb252 reported_seq D98T,Nb252 IMGT 107 D>T,Nb252 chain C auth 98 D>T,fa_rep_increase
650,task_0650,Nb252_aff_seq098_D98T,tier_2,11,8123651,98,D,T,C,98,,Nb252 reported_seq D98T,Nb252 IMGT 107 D>T,Nb252 chain C auth 98 D>T,fa_rep_increase
651,task_0651,Nb252_aff_seq098_D98T,tier_2,12,8123652,98,D,T,C,98,,Nb252 reported_seq D98T,Nb252 IMGT 107 D>T,Nb252 chain C auth 98 D>T,fa_rep_increase
652,task_0652,Nb252_aff_seq098_D98T,tier_2,13,8123653,98,D,T,C,98,,Nb252 reported_seq D98T,Nb252 IMGT 107 D>T,Nb252 chain C auth 98 D>T,fa_rep_increase
653,task_0653,Nb252_aff_seq098_D98T,tier_2,14,8123654,98,D,T,C,98,,Nb252 reported_seq D98T,Nb252 IMGT 107 D>T,Nb252 chain C auth 98 D>T,fa_rep_increase
654,task_0654,Nb252_aff_seq098_D98T,tier_2,15,8123655,98,D,T,C,98,,Nb252 reported_seq D98T,Nb252 IMGT 107 D>T,Nb252 chain C auth 98 D>T,fa_rep_increase
655,task_0655,Nb252_aff_seq098_D98T,tier_2,16,8123656,98,D,T,C,98,,Nb252 reported_seq D98T,Nb252 IMGT 107 D>T,Nb252 chain C auth 98 D>T,fa_rep_increase
656,task_0656,Nb252_aff_seq098_D98T,tier_2,17,8123657,98,D,T,C,98,,Nb252 reported_seq D98T,Nb252 IMGT 107 D>T,Nb252 chain C auth 98 D>T,fa_rep_increase
657,task_0657,Nb252_aff_seq098_D98T,tier_2,18,8123658,98,D,T,C,98,,Nb252 reported_seq D98T,Nb252 IMGT 107 D>T,Nb252 chain C auth 98 D>T,fa_rep_increase
658,task_0658,Nb252_aff_seq098_D98T,tier_2,19,8123659,98,D,T,C,98,,Nb252 reported_seq D98T,Nb252 IMGT 107 D>T,Nb252 chain C auth 98 D>T,fa_rep_increase
659,task_0659,Nb252_aff_seq098_D98T,tier_2,20,8123660,98,D,T,C,98,,Nb252 reported_seq D98T,Nb252 IMGT 107 D>T,Nb252 chain C auth 98 D>T,fa_rep_increase
660,task_0660,Nb252_aff_seq098_D98V,tier_2,1,8123661,98,D,V,C,98,,Nb252 reported_seq D98V,Nb252 IMGT 107 D>V,Nb252 chain C auth 98 D>V,fa_rep_increase
661,task_0661,Nb252_aff_seq098_D98V,tier_2,2,8123662,98,D,V,C,98,,Nb252 reported_seq D98V,Nb252 IMGT 107 D>V,Nb252 chain C auth 98 D>V,fa_rep_increase
662,task_0662,Nb252_aff_seq098_D98V,tier_2,3,8123663,98,D,V,C,98,,Nb252 reported_seq D98V,Nb252 IMGT 107 D>V,Nb252 chain C auth 98 D>V,fa_rep_increase
663,task_0663,Nb252_aff_seq098_D98V,tier_2,4,8123664,98,D,V,C,98,,Nb252 reported_seq D98V,Nb252 IMGT 107 D>V,Nb252 chain C auth 98 D>V,fa_rep_increase
664,task_0664,Nb252_aff_seq098_D98V,tier_2,5,8123665,98,D,V,C,98,,Nb252 reported_seq D98V,Nb252 IMGT 107 D>V,Nb252 chain C auth 98 D>V,fa_rep_increase
665,task_0665,Nb252_aff_seq098_D98V,tier_2,6,8123666,98,D,V,C,98,,Nb252 reported_seq D98V,Nb252 IMGT 107 D>V,Nb252 chain C auth 98 D>V,fa_rep_increase
666,task_0666,Nb252_aff_seq098_D98V,tier_2,7,8123667,98,D,V,C,98,,Nb252 reported_seq D98V,Nb252 IMGT 107 D>V,Nb252 chain C auth 98 D>V,fa_rep_increase
667,task_0667,Nb252_aff_seq098_D98V,tier_2,8,8123668,98,D,V,C,98,,Nb252 reported_seq D98V,Nb252 IMGT 107 D>V,Nb252 chain C auth 98 D>V,fa_rep_increase
668,task_0668,Nb252_aff_seq098_D98V,tier_2,9,8123669,98,D,V,C,98,,Nb252 reported_seq D98V,Nb252 IMGT 107 D>V,Nb252 chain C auth 98 D>V,fa_rep_increase
669,task_0669,Nb252_aff_seq098_D98V,tier_2,10,8123670,98,D,V,C,98,,Nb252 reported_seq D98V,Nb252 IMGT 107 D>V,Nb252 chain C auth 98 D>V,fa_rep_increase
670,task_0670,Nb252_aff_seq098_D98V,tier_2,11,8123671,98,D,V,C,98,,Nb252 reported_seq D98V,Nb252 IMGT 107 D>V,Nb252 chain C auth 98 D>V,fa_rep_increase
671,task_0671,Nb252_aff_seq098_D98V,tier_2,12,8123672,98,D,V,C,98,,Nb252 reported_seq D98V,Nb252 IMGT 107 D>V,Nb252 chain C auth 98 D>V,fa_rep_increase
672,task_0672,Nb252_aff_seq098_D98V,tier_2,13,8123673,98,D,V,C,98,,Nb252 reported_seq D98V,Nb252 IMGT 107 D>V,Nb252 chain C auth 98 D>V,fa_rep_increase
673,task_0673,Nb252_aff_seq098_D98V,tier_2,14,8123674,98,D,V,C,98,,Nb252 reported_seq D98V,Nb252 IMGT 107 D>V,Nb252 chain C auth 98 D>V,fa_rep_increase
674,task_0674,Nb252_aff_seq098_D98V,tier_2,15,8123675,98,D,V,C,98,,Nb252 reported_seq D98V,Nb252 IMGT 107 D>V,Nb252 chain C auth 98 D>V,fa_rep_increase
675,task_0675,Nb252_aff_seq098_D98V,tier_2,16,8123676,98,D,V,C,98,,Nb252 reported_seq D98V,Nb252 IMGT 107 D>V,Nb252 chain C auth 98 D>V,fa_rep_increase
676,task_0676,Nb252_aff_seq098_D98V,tier_2,17,8123677,98,D,V,C,98,,Nb252 reported_seq D98V,Nb252 IMGT 107 D>V,Nb252 chain C auth 98 D>V,fa_rep_increase
677,task_0677,Nb252_aff_seq098_D98V,tier_2,18,8123678,98,D,V,C,98,,Nb252 reported_seq D98V,Nb252 IMGT 107 D>V,Nb252 chain C auth 98 D>V,fa_rep_increase
678,task_0678,Nb252_aff_seq098_D98V,tier_2,19,8123679,98,D,V,C,98,,Nb252 reported_seq D98V,Nb252 IMGT 107 D>V,Nb252 chain C auth 98 D>V,fa_rep_increase
679,task_0679,Nb252_aff_seq098_D98V,tier_2,20,8123680,98,D,V,C,98,,Nb252 reported_seq D98V,Nb252 IMGT 107 D>V,Nb252 chain C auth 98 D>V,fa_rep_increase
680,task_0680,Nb252_aff_seq101_D101R,tier_2,1,8123681,101,D,R,C,101,,Nb252 reported_seq D101R,Nb252 IMGT 110 D>R,Nb252 chain C auth 101 D>R,prepared_contact_sensitive;fa_rep_increase
681,task_0681,Nb252_aff_seq101_D101R,tier_2,2,8123682,101,D,R,C,101,,Nb252 reported_seq D101R,Nb252 IMGT 110 D>R,Nb252 chain C auth 101 D>R,prepared_contact_sensitive;fa_rep_increase
682,task_0682,Nb252_aff_seq101_D101R,tier_2,3,8123683,101,D,R,C,101,,Nb252 reported_seq D101R,Nb252 IMGT 110 D>R,Nb252 chain C auth 101 D>R,prepared_contact_sensitive;fa_rep_increase
683,task_0683,Nb252_aff_seq101_D101R,tier_2,4,8123684,101,D,R,C,101,,Nb252 reported_seq D101R,Nb252 IMGT 110 D>R,Nb252 chain C auth 101 D>R,prepared_contact_sensitive;fa_rep_increase
684,task_0684,Nb252_aff_seq101_D101R,tier_2,5,8123685,101,D,R,C,101,,Nb252 reported_seq D101R,Nb252 IMGT 110 D>R,Nb252 chain C auth 101 D>R,prepared_contact_sensitive;fa_rep_increase
685,task_0685,Nb252_aff_seq101_D101R,tier_2,6,8123686,101,D,R,C,101,,Nb252 reported_seq D101R,Nb252 IMGT 110 D>R,Nb252 chain C auth 101 D>R,prepared_contact_sensitive;fa_rep_increase
686,task_0686,Nb252_aff_seq101_D101R,tier_2,7,8123687,101,D,R,C,101,,Nb252 reported_seq D101R,Nb252 IMGT 110 D>R,Nb252 chain C auth 101 D>R,prepared_contact_sensitive;fa_rep_increase
687,task_0687,Nb252_aff_seq101_D101R,tier_2,8,8123688,101,D,R,C,101,,Nb252 reported_seq D101R,Nb252 IMGT 110 D>R,Nb252 chain C auth 101 D>R,prepared_contact_sensitive;fa_rep_increase
688,task_0688,Nb252_aff_seq101_D101R,tier_2,9,8123689,101,D,R,C,101,,Nb252 reported_seq D101R,Nb252 IMGT 110 D>R,Nb252 chain C auth 101 D>R,prepared_contact_sensitive;fa_rep_increase
689,task_0689,Nb252_aff_seq101_D101R,tier_2,10,8123690,101,D,R,C,101,,Nb252 reported_seq D101R,Nb252 IMGT 110 D>R,Nb252 chain C auth 101 D>R,prepared_contact_sensitive;fa_rep_increase
690,task_0690,Nb252_aff_seq101_D101R,tier_2,11,8123691,101,D,R,C,101,,Nb252 reported_seq D101R,Nb252 IMGT 110 D>R,Nb252 chain C auth 101 D>R,prepared_contact_sensitive;fa_rep_increase
691,task_0691,Nb252_aff_seq101_D101R,tier_2,12,8123692,101,D,R,C,101,,Nb252 reported_seq D101R,Nb252 IMGT 110 D>R,Nb252 chain C auth 101 D>R,prepared_contact_sensitive;fa_rep_increase
692,task_0692,Nb252_aff_seq101_D101R,tier_2,13,8123693,101,D,R,C,101,,Nb252 reported_seq D101R,Nb252 IMGT 110 D>R,Nb252 chain C auth 101 D>R,prepared_contact_sensitive;fa_rep_increase
693,task_0693,Nb252_aff_seq101_D101R,tier_2,14,8123694,101,D,R,C,101,,Nb252 reported_seq D101R,Nb252 IMGT 110 D>R,Nb252 chain C auth 101 D>R,prepared_contact_sensitive;fa_rep_increase
694,task_0694,Nb252_aff_seq101_D101R,tier_2,15,8123695,101,D,R,C,101,,Nb252 reported_seq D101R,Nb252 IMGT 110 D>R,Nb252 chain C auth 101 D>R,prepared_contact_sensitive;fa_rep_increase
695,task_0695,Nb252_aff_seq101_D101R,tier_2,16,8123696,101,D,R,C,101,,Nb252 reported_seq D101R,Nb252 IMGT 110 D>R,Nb252 chain C auth 101 D>R,prepared_contact_sensitive;fa_rep_increase
696,task_0696,Nb252_aff_seq101_D101R,tier_2,17,8123697,101,D,R,C,101,,Nb252 reported_seq D101R,Nb252 IMGT 110 D>R,Nb252 chain C auth 101 D>R,prepared_contact_sensitive;fa_rep_increase
697,task_0697,Nb252_aff_seq101_D101R,tier_2,18,8123698,101,D,R,C,101,,Nb252 reported_seq D101R,Nb252 IMGT 110 D>R,Nb252 chain C auth 101 D>R,prepared_contact_sensitive;fa_rep_increase
698,task_0698,Nb252_aff_seq101_D101R,tier_2,19,8123699,101,D,R,C,101,,Nb252 reported_seq D101R,Nb252 IMGT 110 D>R,Nb252 chain C auth 101 D>R,prepared_contact_sensitive;fa_rep_increase
699,task_0699,Nb252_aff_seq101_D101R,tier_2,20,8123700,101,D,R,C,101,,Nb252 reported_seq D101R,Nb252 IMGT 110 D>R,Nb252 chain C auth 101 D>R,prepared_contact_sensitive;fa_rep_increase
700,task_0700,Nb252_aff_seq101_D101W,tier_2,1,8123701,101,D,W,C,101,,Nb252 reported_seq D101W,Nb252 IMGT 110 D>W,Nb252 chain C auth 101 D>W,prepared_contact_sensitive;fa_rep_increase
701,task_0701,Nb252_aff_seq101_D101W,tier_2,2,8123702,101,D,W,C,101,,Nb252 reported_seq D101W,Nb252 IMGT 110 D>W,Nb252 chain C auth 101 D>W,prepared_contact_sensitive;fa_rep_increase
702,task_0702,Nb252_aff_seq101_D101W,tier_2,3,8123703,101,D,W,C,101,,Nb252 reported_seq D101W,Nb252 IMGT 110 D>W,Nb252 chain C auth 101 D>W,prepared_contact_sensitive;fa_rep_increase
703,task_0703,Nb252_aff_seq101_D101W,tier_2,4,8123704,101,D,W,C,101,,Nb252 reported_seq D101W,Nb252 IMGT 110 D>W,Nb252 chain C auth 101 D>W,prepared_contact_sensitive;fa_rep_increase
704,task_0704,Nb252_aff_seq101_D101W,tier_2,5,8123705,101,D,W,C,101,,Nb252 reported_seq D101W,Nb252 IMGT 110 D>W,Nb252 chain C auth 101 D>W,prepared_contact_sensitive;fa_rep_increase
705,task_0705,Nb252_aff_seq101_D101W,tier_2,6,8123706,101,D,W,C,101,,Nb252 reported_seq D101W,Nb252 IMGT 110 D>W,Nb252 chain C auth 101 D>W,prepared_contact_sensitive;fa_rep_increase
706,task_0706,Nb252_aff_seq101_D101W,tier_2,7,8123707,101,D,W,C,101,,Nb252 reported_seq D101W,Nb252 IMGT 110 D>W,Nb252 chain C auth 101 D>W,prepared_contact_sensitive;fa_rep_increase
707,task_0707,Nb252_aff_seq101_D101W,tier_2,8,8123708,101,D,W,C,101,,Nb252 reported_seq D101W,Nb252 IMGT 110 D>W,Nb252 chain C auth 101 D>W,prepared_contact_sensitive;fa_rep_increase
708,task_0708,Nb252_aff_seq101_D101W,tier_2,9,8123709,101,D,W,C,101,,Nb252 reported_seq D101W,Nb252 IMGT 110 D>W,Nb252 chain C auth 101 D>W,prepared_contact_sensitive;fa_rep_increase
709,task_0709,Nb252_aff_seq101_D101W,tier_2,10,8123710,101,D,W,C,101,,Nb252 reported_seq D101W,Nb252 IMGT 110 D>W,Nb252 chain C auth 101 D>W,prepared_contact_sensitive;fa_rep_increase
710,task_0710,Nb252_aff_seq101_D101W,tier_2,11,8123711,101,D,W,C,101,,Nb252 reported_seq D101W,Nb252 IMGT 110 D>W,Nb252 chain C auth 101 D>W,prepared_contact_sensitive;fa_rep_increase
711,task_0711,Nb252_aff_seq101_D101W,tier_2,12,8123712,101,D,W,C,101,,Nb252 reported_seq D101W,Nb252 IMGT 110 D>W,Nb252 chain C auth 101 D>W,prepared_contact_sensitive;fa_rep_increase
712,task_0712,Nb252_aff_seq101_D101W,tier_2,13,8123713,101,D,W,C,101,,Nb252 reported_seq D101W,Nb252 IMGT 110 D>W,Nb252 chain C auth 101 D>W,prepared_contact_sensitive;fa_rep_increase
713,task_0713,Nb252_aff_seq101_D101W,tier_2,14,8123714,101,D,W,C,101,,Nb252 reported_seq D101W,Nb252 IMGT 110 D>W,Nb252 chain C auth 101 D>W,prepared_contact_sensitive;fa_rep_increase
714,task_0714,Nb252_aff_seq101_D101W,tier_2,15,8123715,101,D,W,C,101,,Nb252 reported_seq D101W,Nb252 IMGT 110 D>W,Nb252 chain C auth 101 D>W,prepared_contact_sensitive;fa_rep_increase
715,task_0715,Nb252_aff_seq101_D101W,tier_2,16,8123716,101,D,W,C,101,,Nb252 reported_seq D101W,Nb252 IMGT 110 D>W,Nb252 chain C auth 101 D>W,prepared_contact_sensitive;fa_rep_increase
716,task_0716,Nb252_aff_seq101_D101W,tier_2,17,8123717,101,D,W,C,101,,Nb252 reported_seq D101W,Nb252 IMGT 110 D>W,Nb252 chain C auth 101 D>W,prepared_contact_sensitive;fa_rep_increase
717,task_0717,Nb252_aff_seq101_D101W,tier_2,18,8123718,101,D,W,C,101,,Nb252 reported_seq D101W,Nb252 IMGT 110 D>W,Nb252 chain C auth 101 D>W,prepared_contact_sensitive;fa_rep_increase
718,task_0718,Nb252_aff_seq101_D101W,tier_2,19,8123719,101,D,W,C,101,,Nb252 reported_seq D101W,Nb252 IMGT 110 D>W,Nb252 chain C auth 101 D>W,prepared_contact_sensitive;fa_rep_increase
719,task_0719,Nb252_aff_seq101_D101W,tier_2,20,8123720,101,D,W,C,101,,Nb252 reported_seq D101W,Nb252 IMGT 110 D>W,Nb252 chain C auth 101 D>W,prepared_contact_sensitive;fa_rep_increase
720,task_0720,Nb252_aff_seq103_I103W,tier_2,1,8123721,103,I,W,C,103,,Nb252 reported_seq I103W,Nb252 IMGT 111A I>W,Nb252 chain C auth 103 I>W,prepared_contact_sensitive;fa_rep_increase
721,task_0721,Nb252_aff_seq103_I103W,tier_2,2,8123722,103,I,W,C,103,,Nb252 reported_seq I103W,Nb252 IMGT 111A I>W,Nb252 chain C auth 103 I>W,prepared_contact_sensitive;fa_rep_increase
722,task_0722,Nb252_aff_seq103_I103W,tier_2,3,8123723,103,I,W,C,103,,Nb252 reported_seq I103W,Nb252 IMGT 111A I>W,Nb252 chain C auth 103 I>W,prepared_contact_sensitive;fa_rep_increase
723,task_0723,Nb252_aff_seq103_I103W,tier_2,4,8123724,103,I,W,C,103,,Nb252 reported_seq I103W,Nb252 IMGT 111A I>W,Nb252 chain C auth 103 I>W,prepared_contact_sensitive;fa_rep_increase
724,task_0724,Nb252_aff_seq103_I103W,tier_2,5,8123725,103,I,W,C,103,,Nb252 reported_seq I103W,Nb252 IMGT 111A I>W,Nb252 chain C auth 103 I>W,prepared_contact_sensitive;fa_rep_increase
725,task_0725,Nb252_aff_seq103_I103W,tier_2,6,8123726,103,I,W,C,103,,Nb252 reported_seq I103W,Nb252 IMGT 111A I>W,Nb252 chain C auth 103 I>W,prepared_contact_sensitive;fa_rep_increase
726,task_0726,Nb252_aff_seq103_I103W,tier_2,7,8123727,103,I,W,C,103,,Nb252 reported_seq I103W,Nb252 IMGT 111A I>W,Nb252 chain C auth 103 I>W,prepared_contact_sensitive;fa_rep_increase
727,task_0727,Nb252_aff_seq103_I103W,tier_2,8,8123728,103,I,W,C,103,,Nb252 reported_seq I103W,Nb252 IMGT 111A I>W,Nb252 chain C auth 103 I>W,prepared_contact_sensitive;fa_rep_increase
728,task_0728,Nb252_aff_seq103_I103W,tier_2,9,8123729,103,I,W,C,103,,Nb252 reported_seq I103W,Nb252 IMGT 111A I>W,Nb252 chain C auth 103 I>W,prepared_contact_sensitive;fa_rep_increase
729,task_0729,Nb252_aff_seq103_I103W,tier_2,10,8123730,103,I,W,C,103,,Nb252 reported_seq I103W,Nb252 IMGT 111A I>W,Nb252 chain C auth 103 I>W,prepared_contact_sensitive;fa_rep_increase
730,task_0730,Nb252_aff_seq103_I103W,tier_2,11,8123731,103,I,W,C,103,,Nb252 reported_seq I103W,Nb252 IMGT 111A I>W,Nb252 chain C auth 103 I>W,prepared_contact_sensitive;fa_rep_increase
731,task_0731,Nb252_aff_seq103_I103W,tier_2,12,8123732,103,I,W,C,103,,Nb252 reported_seq I103W,Nb252 IMGT 111A I>W,Nb252 chain C auth 103 I>W,prepared_contact_sensitive;fa_rep_increase
732,task_0732,Nb252_aff_seq103_I103W,tier_2,13,8123733,103,I,W,C,103,,Nb252 reported_seq I103W,Nb252 IMGT 111A I>W,Nb252 chain C auth 103 I>W,prepared_contact_sensitive;fa_rep_increase
733,task_0733,Nb252_aff_seq103_I103W,tier_2,14,8123734,103,I,W,C,103,,Nb252 reported_seq I103W,Nb252 IMGT 111A I>W,Nb252 chain C auth 103 I>W,prepared_contact_sensitive;fa_rep_increase
734,task_0734,Nb252_aff_seq103_I103W,tier_2,15,8123735,103,I,W,C,103,,Nb252 reported_seq I103W,Nb252 IMGT 111A I>W,Nb252 chain C auth 103 I>W,prepared_contact_sensitive;fa_rep_increase
735,task_0735,Nb252_aff_seq103_I103W,tier_2,16,8123736,103,I,W,C,103,,Nb252 reported_seq I103W,Nb252 IMGT 111A I>W,Nb252 chain C auth 103 I>W,prepared_contact_sensitive;fa_rep_increase
736,task_0736,Nb252_aff_seq103_I103W,tier_2,17,8123737,103,I,W,C,103,,Nb252 reported_seq I103W,Nb252 IMGT 111A I>W,Nb252 chain C auth 103 I>W,prepared_contact_sensitive;fa_rep_increase
737,task_0737,Nb252_aff_seq103_I103W,tier_2,18,8123738,103,I,W,C,103,,Nb252 reported_seq I103W,Nb252 IMGT 111A I>W,Nb252 chain C auth 103 I>W,prepared_contact_sensitive;fa_rep_increase
738,task_0738,Nb252_aff_seq103_I103W,tier_2,19,8123739,103,I,W,C,103,,Nb252 reported_seq I103W,Nb252 IMGT 111A I>W,Nb252 chain C auth 103 I>W,prepared_contact_sensitive;fa_rep_increase
739,task_0739,Nb252_aff_seq103_I103W,tier_2,20,8123740,103,I,W,C,103,,Nb252 reported_seq I103W,Nb252 IMGT 111A I>W,Nb252 chain C auth 103 I>W,prepared_contact_sensitive;fa_rep_increase
740,task_0740,Nb252_aff_seq104_I104M,tier_2,1,8123741,104,I,M,C,104,,Nb252 reported_seq I104M,Nb252 IMGT 111B I>M,Nb252 chain C auth 104 I>M,fa_rep_increase
741,task_0741,Nb252_aff_seq104_I104M,tier_2,2,8123742,104,I,M,C,104,,Nb252 reported_seq I104M,Nb252 IMGT 111B I>M,Nb252 chain C auth 104 I>M,fa_rep_increase
742,task_0742,Nb252_aff_seq104_I104M,tier_2,3,8123743,104,I,M,C,104,,Nb252 reported_seq I104M,Nb252 IMGT 111B I>M,Nb252 chain C auth 104 I>M,fa_rep_increase
743,task_0743,Nb252_aff_seq104_I104M,tier_2,4,8123744,104,I,M,C,104,,Nb252 reported_seq I104M,Nb252 IMGT 111B I>M,Nb252 chain C auth 104 I>M,fa_rep_increase
744,task_0744,Nb252_aff_seq104_I104M,tier_2,5,8123745,104,I,M,C,104,,Nb252 reported_seq I104M,Nb252 IMGT 111B I>M,Nb252 chain C auth 104 I>M,fa_rep_increase
745,task_0745,Nb252_aff_seq104_I104M,tier_2,6,8123746,104,I,M,C,104,,Nb252 reported_seq I104M,Nb252 IMGT 111B I>M,Nb252 chain C auth 104 I>M,fa_rep_increase
746,task_0746,Nb252_aff_seq104_I104M,tier_2,7,8123747,104,I,M,C,104,,Nb252 reported_seq I104M,Nb252 IMGT 111B I>M,Nb252 chain C auth 104 I>M,fa_rep_increase
747,task_0747,Nb252_aff_seq104_I104M,tier_2,8,8123748,104,I,M,C,104,,Nb252 reported_seq I104M,Nb252 IMGT 111B I>M,Nb252 chain C auth 104 I>M,fa_rep_increase
748,task_0748,Nb252_aff_seq104_I104M,tier_2,9,8123749,104,I,M,C,104,,Nb252 reported_seq I104M,Nb252 IMGT 111B I>M,Nb252 chain C auth 104 I>M,fa_rep_increase
749,task_0749,Nb252_aff_seq104_I104M,tier_2,10,8123750,104,I,M,C,104,,Nb252 reported_seq I104M,Nb252 IMGT 111B I>M,Nb252 chain C auth 104 I>M,fa_rep_increase
750,task_0750,Nb252_aff_seq104_I104M,tier_2,11,8123751,104,I,M,C,104,,Nb252 reported_seq I104M,Nb252 IMGT 111B I>M,Nb252 chain C auth 104 I>M,fa_rep_increase
751,task_0751,Nb252_aff_seq104_I104M,tier_2,12,8123752,104,I,M,C,104,,Nb252 reported_seq I104M,Nb252 IMGT 111B I>M,Nb252 chain C auth 104 I>M,fa_rep_increase
752,task_0752,Nb252_aff_seq104_I104M,tier_2,13,8123753,104,I,M,C,104,,Nb252 reported_seq I104M,Nb252 IMGT 111B I>M,Nb252 chain C auth 104 I>M,fa_rep_increase
753,task_0753,Nb252_aff_seq104_I104M,tier_2,14,8123754,104,I,M,C,104,,Nb252 reported_seq I104M,Nb252 IMGT 111B I>M,Nb252 chain C auth 104 I>M,fa_rep_increase
754,task_0754,Nb252_aff_seq104_I104M,tier_2,15,8123755,104,I,M,C,104,,Nb252 reported_seq I104M,Nb252 IMGT 111B I>M,Nb252 chain C auth 104 I>M,fa_rep_increase
755,task_0755,Nb252_aff_seq104_I104M,tier_2,16,8123756,104,I,M,C,104,,Nb252 reported_seq I104M,Nb252 IMGT 111B I>M,Nb252 chain C auth 104 I>M,fa_rep_increase
756,task_0756,Nb252_aff_seq104_I104M,tier_2,17,8123757,104,I,M,C,104,,Nb252 reported_seq I104M,Nb252 IMGT 111B I>M,Nb252 chain C auth 104 I>M,fa_rep_increase
757,task_0757,Nb252_aff_seq104_I104M,tier_2,18,8123758,104,I,M,C,104,,Nb252 reported_seq I104M,Nb252 IMGT 111B I>M,Nb252 chain C auth 104 I>M,fa_rep_increase
758,task_0758,Nb252_aff_seq104_I104M,tier_2,19,8123759,104,I,M,C,104,,Nb252 reported_seq I104M,Nb252 IMGT 111B I>M,Nb252 chain C auth 104 I>M,fa_rep_increase
759,task_0759,Nb252_aff_seq104_I104M,tier_2,20,8123760,104,I,M,C,104,,Nb252 reported_seq I104M,Nb252 IMGT 111B I>M,Nb252 chain C auth 104 I>M,fa_rep_increase
760,task_0760,Nb252_aff_seq105_E105F,tier_2,1,8123761,105,E,F,C,105,,Nb252 reported_seq E105F,Nb252 IMGT 111C E>F,Nb252 chain C auth 105 E>F,fa_rep_increase
761,task_0761,Nb252_aff_seq105_E105F,tier_2,2,8123762,105,E,F,C,105,,Nb252 reported_seq E105F,Nb252 IMGT 111C E>F,Nb252 chain C auth 105 E>F,fa_rep_increase
762,task_0762,Nb252_aff_seq105_E105F,tier_2,3,8123763,105,E,F,C,105,,Nb252 reported_seq E105F,Nb252 IMGT 111C E>F,Nb252 chain C auth 105 E>F,fa_rep_increase
763,task_0763,Nb252_aff_seq105_E105F,tier_2,4,8123764,105,E,F,C,105,,Nb252 reported_seq E105F,Nb252 IMGT 111C E>F,Nb252 chain C auth 105 E>F,fa_rep_increase
764,task_0764,Nb252_aff_seq105_E105F,tier_2,5,8123765,105,E,F,C,105,,Nb252 reported_seq E105F,Nb252 IMGT 111C E>F,Nb252 chain C auth 105 E>F,fa_rep_increase
765,task_0765,Nb252_aff_seq105_E105F,tier_2,6,8123766,105,E,F,C,105,,Nb252 reported_seq E105F,Nb252 IMGT 111C E>F,Nb252 chain C auth 105 E>F,fa_rep_increase
766,task_0766,Nb252_aff_seq105_E105F,tier_2,7,8123767,105,E,F,C,105,,Nb252 reported_seq E105F,Nb252 IMGT 111C E>F,Nb252 chain C auth 105 E>F,fa_rep_increase
767,task_0767,Nb252_aff_seq105_E105F,tier_2,8,8123768,105,E,F,C,105,,Nb252 reported_seq E105F,Nb252 IMGT 111C E>F,Nb252 chain C auth 105 E>F,fa_rep_increase
768,task_0768,Nb252_aff_seq105_E105F,tier_2,9,8123769,105,E,F,C,105,,Nb252 reported_seq E105F,Nb252 IMGT 111C E>F,Nb252 chain C auth 105 E>F,fa_rep_increase
769,task_0769,Nb252_aff_seq105_E105F,tier_2,10,8123770,105,E,F,C,105,,Nb252 reported_seq E105F,Nb252 IMGT 111C E>F,Nb252 chain C auth 105 E>F,fa_rep_increase
770,task_0770,Nb252_aff_seq105_E105F,tier_2,11,8123771,105,E,F,C,105,,Nb252 reported_seq E105F,Nb252 IMGT 111C E>F,Nb252 chain C auth 105 E>F,fa_rep_increase
771,task_0771,Nb252_aff_seq105_E105F,tier_2,12,8123772,105,E,F,C,105,,Nb252 reported_seq E105F,Nb252 IMGT 111C E>F,Nb252 chain C auth 105 E>F,fa_rep_increase
772,task_0772,Nb252_aff_seq105_E105F,tier_2,13,8123773,105,E,F,C,105,,Nb252 reported_seq E105F,Nb252 IMGT 111C E>F,Nb252 chain C auth 105 E>F,fa_rep_increase
773,task_0773,Nb252_aff_seq105_E105F,tier_2,14,8123774,105,E,F,C,105,,Nb252 reported_seq E105F,Nb252 IMGT 111C E>F,Nb252 chain C auth 105 E>F,fa_rep_increase
774,task_0774,Nb252_aff_seq105_E105F,tier_2,15,8123775,105,E,F,C,105,,Nb252 reported_seq E105F,Nb252 IMGT 111C E>F,Nb252 chain C auth 105 E>F,fa_rep_increase
775,task_0775,Nb252_aff_seq105_E105F,tier_2,16,8123776,105,E,F,C,105,,Nb252 reported_seq E105F,Nb252 IMGT 111C E>F,Nb252 chain C auth 105 E>F,fa_rep_increase
776,task_0776,Nb252_aff_seq105_E105F,tier_2,17,8123777,105,E,F,C,105,,Nb252 reported_seq E105F,Nb252 IMGT 111C E>F,Nb252 chain C auth 105 E>F,fa_rep_increase
777,task_0777,Nb252_aff_seq105_E105F,tier_2,18,8123778,105,E,F,C,105,,Nb252 reported_seq E105F,Nb252 IMGT 111C E>F,Nb252 chain C auth 105 E>F,fa_rep_increase
778,task_0778,Nb252_aff_seq105_E105F,tier_2,19,8123779,105,E,F,C,105,,Nb252 reported_seq E105F,Nb252 IMGT 111C E>F,Nb252 chain C auth 105 E>F,fa_rep_increase
779,task_0779,Nb252_aff_seq105_E105F,tier_2,20,8123780,105,E,F,C,105,,Nb252 reported_seq E105F,Nb252 IMGT 111C E>F,Nb252 chain C auth 105 E>F,fa_rep_increase
780,task_0780,Nb252_aff_seq105_E105L,tier_2,1,8123781,105,E,L,C,105,,Nb252 reported_seq E105L,Nb252 IMGT 111C E>L,Nb252 chain C auth 105 E>L,fa_rep_increase
781,task_0781,Nb252_aff_seq105_E105L,tier_2,2,8123782,105,E,L,C,105,,Nb252 reported_seq E105L,Nb252 IMGT 111C E>L,Nb252 chain C auth 105 E>L,fa_rep_increase
782,task_0782,Nb252_aff_seq105_E105L,tier_2,3,8123783,105,E,L,C,105,,Nb252 reported_seq E105L,Nb252 IMGT 111C E>L,Nb252 chain C auth 105 E>L,fa_rep_increase
783,task_0783,Nb252_aff_seq105_E105L,tier_2,4,8123784,105,E,L,C,105,,Nb252 reported_seq E105L,Nb252 IMGT 111C E>L,Nb252 chain C auth 105 E>L,fa_rep_increase
784,task_0784,Nb252_aff_seq105_E105L,tier_2,5,8123785,105,E,L,C,105,,Nb252 reported_seq E105L,Nb252 IMGT 111C E>L,Nb252 chain C auth 105 E>L,fa_rep_increase
785,task_0785,Nb252_aff_seq105_E105L,tier_2,6,8123786,105,E,L,C,105,,Nb252 reported_seq E105L,Nb252 IMGT 111C E>L,Nb252 chain C auth 105 E>L,fa_rep_increase
786,task_0786,Nb252_aff_seq105_E105L,tier_2,7,8123787,105,E,L,C,105,,Nb252 reported_seq E105L,Nb252 IMGT 111C E>L,Nb252 chain C auth 105 E>L,fa_rep_increase
787,task_0787,Nb252_aff_seq105_E105L,tier_2,8,8123788,105,E,L,C,105,,Nb252 reported_seq E105L,Nb252 IMGT 111C E>L,Nb252 chain C auth 105 E>L,fa_rep_increase
788,task_0788,Nb252_aff_seq105_E105L,tier_2,9,8123789,105,E,L,C,105,,Nb252 reported_seq E105L,Nb252 IMGT 111C E>L,Nb252 chain C auth 105 E>L,fa_rep_increase
789,task_0789,Nb252_aff_seq105_E105L,tier_2,10,8123790,105,E,L,C,105,,Nb252 reported_seq E105L,Nb252 IMGT 111C E>L,Nb252 chain C auth 105 E>L,fa_rep_increase
790,task_0790,Nb252_aff_seq105_E105L,tier_2,11,8123791,105,E,L,C,105,,Nb252 reported_seq E105L,Nb252 IMGT 111C E>L,Nb252 chain C auth 105 E>L,fa_rep_increase
791,task_0791,Nb252_aff_seq105_E105L,tier_2,12,8123792,105,E,L,C,105,,Nb252 reported_seq E105L,Nb252 IMGT 111C E>L,Nb252 chain C auth 105 E>L,fa_rep_increase
792,task_0792,Nb252_aff_seq105_E105L,tier_2,13,8123793,105,E,L,C,105,,Nb252 reported_seq E105L,Nb252 IMGT 111C E>L,Nb252 chain C auth 105 E>L,fa_rep_increase
793,task_0793,Nb252_aff_seq105_E105L,tier_2,14,8123794,105,E,L,C,105,,Nb252 reported_seq E105L,Nb252 IMGT 111C E>L,Nb252 chain C auth 105 E>L,fa_rep_increase
794,task_0794,Nb252_aff_seq105_E105L,tier_2,15,8123795,105,E,L,C,105,,Nb252 reported_seq E105L,Nb252 IMGT 111C E>L,Nb252 chain C auth 105 E>L,fa_rep_increase
795,task_0795,Nb252_aff_seq105_E105L,tier_2,16,8123796,105,E,L,C,105,,Nb252 reported_seq E105L,Nb252 IMGT 111C E>L,Nb252 chain C auth 105 E>L,fa_rep_increase
796,task_0796,Nb252_aff_seq105_E105L,tier_2,17,8123797,105,E,L,C,105,,Nb252 reported_seq E105L,Nb252 IMGT 111C E>L,Nb252 chain C auth 105 E>L,fa_rep_increase
797,task_0797,Nb252_aff_seq105_E105L,tier_2,18,8123798,105,E,L,C,105,,Nb252 reported_seq E105L,Nb252 IMGT 111C E>L,Nb252 chain C auth 105 E>L,fa_rep_increase
798,task_0798,Nb252_aff_seq105_E105L,tier_2,19,8123799,105,E,L,C,105,,Nb252 reported_seq E105L,Nb252 IMGT 111C E>L,Nb252 chain C auth 105 E>L,fa_rep_increase
799,task_0799,Nb252_aff_seq105_E105L,tier_2,20,8123800,105,E,L,C,105,,Nb252 reported_seq E105L,Nb252 IMGT 111C E>L,Nb252 chain C auth 105 E>L,fa_rep_increase
800,task_0800,Nb252_aff_seq105_E105W,tier_2,1,8123801,105,E,W,C,105,,Nb252 reported_seq E105W,Nb252 IMGT 111C E>W,Nb252 chain C auth 105 E>W,fa_rep_increase
801,task_0801,Nb252_aff_seq105_E105W,tier_2,2,8123802,105,E,W,C,105,,Nb252 reported_seq E105W,Nb252 IMGT 111C E>W,Nb252 chain C auth 105 E>W,fa_rep_increase
802,task_0802,Nb252_aff_seq105_E105W,tier_2,3,8123803,105,E,W,C,105,,Nb252 reported_seq E105W,Nb252 IMGT 111C E>W,Nb252 chain C auth 105 E>W,fa_rep_increase
803,task_0803,Nb252_aff_seq105_E105W,tier_2,4,8123804,105,E,W,C,105,,Nb252 reported_seq E105W,Nb252 IMGT 111C E>W,Nb252 chain C auth 105 E>W,fa_rep_increase
804,task_0804,Nb252_aff_seq105_E105W,tier_2,5,8123805,105,E,W,C,105,,Nb252 reported_seq E105W,Nb252 IMGT 111C E>W,Nb252 chain C auth 105 E>W,fa_rep_increase
805,task_0805,Nb252_aff_seq105_E105W,tier_2,6,8123806,105,E,W,C,105,,Nb252 reported_seq E105W,Nb252 IMGT 111C E>W,Nb252 chain C auth 105 E>W,fa_rep_increase
806,task_0806,Nb252_aff_seq105_E105W,tier_2,7,8123807,105,E,W,C,105,,Nb252 reported_seq E105W,Nb252 IMGT 111C E>W,Nb252 chain C auth 105 E>W,fa_rep_increase
807,task_0807,Nb252_aff_seq105_E105W,tier_2,8,8123808,105,E,W,C,105,,Nb252 reported_seq E105W,Nb252 IMGT 111C E>W,Nb252 chain C auth 105 E>W,fa_rep_increase
808,task_0808,Nb252_aff_seq105_E105W,tier_2,9,8123809,105,E,W,C,105,,Nb252 reported_seq E105W,Nb252 IMGT 111C E>W,Nb252 chain C auth 105 E>W,fa_rep_increase
809,task_0809,Nb252_aff_seq105_E105W,tier_2,10,8123810,105,E,W,C,105,,Nb252 reported_seq E105W,Nb252 IMGT 111C E>W,Nb252 chain C auth 105 E>W,fa_rep_increase
810,task_0810,Nb252_aff_seq105_E105W,tier_2,11,8123811,105,E,W,C,105,,Nb252 reported_seq E105W,Nb252 IMGT 111C E>W,Nb252 chain C auth 105 E>W,fa_rep_increase
811,task_0811,Nb252_aff_seq105_E105W,tier_2,12,8123812,105,E,W,C,105,,Nb252 reported_seq E105W,Nb252 IMGT 111C E>W,Nb252 chain C auth 105 E>W,fa_rep_increase
812,task_0812,Nb252_aff_seq105_E105W,tier_2,13,8123813,105,E,W,C,105,,Nb252 reported_seq E105W,Nb252 IMGT 111C E>W,Nb252 chain C auth 105 E>W,fa_rep_increase
813,task_0813,Nb252_aff_seq105_E105W,tier_2,14,8123814,105,E,W,C,105,,Nb252 reported_seq E105W,Nb252 IMGT 111C E>W,Nb252 chain C auth 105 E>W,fa_rep_increase
814,task_0814,Nb252_aff_seq105_E105W,tier_2,15,8123815,105,E,W,C,105,,Nb252 reported_seq E105W,Nb252 IMGT 111C E>W,Nb252 chain C auth 105 E>W,fa_rep_increase
815,task_0815,Nb252_aff_seq105_E105W,tier_2,16,8123816,105,E,W,C,105,,Nb252 reported_seq E105W,Nb252 IMGT 111C E>W,Nb252 chain C auth 105 E>W,fa_rep_increase
816,task_0816,Nb252_aff_seq105_E105W,tier_2,17,8123817,105,E,W,C,105,,Nb252 reported_seq E105W,Nb252 IMGT 111C E>W,Nb252 chain C auth 105 E>W,fa_rep_increase
817,task_0817,Nb252_aff_seq105_E105W,tier_2,18,8123818,105,E,W,C,105,,Nb252 reported_seq E105W,Nb252 IMGT 111C E>W,Nb252 chain C auth 105 E>W,fa_rep_increase
818,task_0818,Nb252_aff_seq105_E105W,tier_2,19,8123819,105,E,W,C,105,,Nb252 reported_seq E105W,Nb252 IMGT 111C E>W,Nb252 chain C auth 105 E>W,fa_rep_increase
819,task_0819,Nb252_aff_seq105_E105W,tier_2,20,8123820,105,E,W,C,105,,Nb252 reported_seq E105W,Nb252 IMGT 111C E>W,Nb252 chain C auth 105 E>W,fa_rep_increase
820,task_0820,Nb252_aff_seq105_E105Y,tier_2,1,8123821,105,E,Y,C,105,,Nb252 reported_seq E105Y,Nb252 IMGT 111C E>Y,Nb252 chain C auth 105 E>Y,fa_rep_increase
821,task_0821,Nb252_aff_seq105_E105Y,tier_2,2,8123822,105,E,Y,C,105,,Nb252 reported_seq E105Y,Nb252 IMGT 111C E>Y,Nb252 chain C auth 105 E>Y,fa_rep_increase
822,task_0822,Nb252_aff_seq105_E105Y,tier_2,3,8123823,105,E,Y,C,105,,Nb252 reported_seq E105Y,Nb252 IMGT 111C E>Y,Nb252 chain C auth 105 E>Y,fa_rep_increase
823,task_0823,Nb252_aff_seq105_E105Y,tier_2,4,8123824,105,E,Y,C,105,,Nb252 reported_seq E105Y,Nb252 IMGT 111C E>Y,Nb252 chain C auth 105 E>Y,fa_rep_increase
824,task_0824,Nb252_aff_seq105_E105Y,tier_2,5,8123825,105,E,Y,C,105,,Nb252 reported_seq E105Y,Nb252 IMGT 111C E>Y,Nb252 chain C auth 105 E>Y,fa_rep_increase
825,task_0825,Nb252_aff_seq105_E105Y,tier_2,6,8123826,105,E,Y,C,105,,Nb252 reported_seq E105Y,Nb252 IMGT 111C E>Y,Nb252 chain C auth 105 E>Y,fa_rep_increase
826,task_0826,Nb252_aff_seq105_E105Y,tier_2,7,8123827,105,E,Y,C,105,,Nb252 reported_seq E105Y,Nb252 IMGT 111C E>Y,Nb252 chain C auth 105 E>Y,fa_rep_increase
827,task_0827,Nb252_aff_seq105_E105Y,tier_2,8,8123828,105,E,Y,C,105,,Nb252 reported_seq E105Y,Nb252 IMGT 111C E>Y,Nb252 chain C auth 105 E>Y,fa_rep_increase
828,task_0828,Nb252_aff_seq105_E105Y,tier_2,9,8123829,105,E,Y,C,105,,Nb252 reported_seq E105Y,Nb252 IMGT 111C E>Y,Nb252 chain C auth 105 E>Y,fa_rep_increase
829,task_0829,Nb252_aff_seq105_E105Y,tier_2,10,8123830,105,E,Y,C,105,,Nb252 reported_seq E105Y,Nb252 IMGT 111C E>Y,Nb252 chain C auth 105 E>Y,fa_rep_increase
830,task_0830,Nb252_aff_seq105_E105Y,tier_2,11,8123831,105,E,Y,C,105,,Nb252 reported_seq E105Y,Nb252 IMGT 111C E>Y,Nb252 chain C auth 105 E>Y,fa_rep_increase
831,task_0831,Nb252_aff_seq105_E105Y,tier_2,12,8123832,105,E,Y,C,105,,Nb252 reported_seq E105Y,Nb252 IMGT 111C E>Y,Nb252 chain C auth 105 E>Y,fa_rep_increase
832,task_0832,Nb252_aff_seq105_E105Y,tier_2,13,8123833,105,E,Y,C,105,,Nb252 reported_seq E105Y,Nb252 IMGT 111C E>Y,Nb252 chain C auth 105 E>Y,fa_rep_increase
833,task_0833,Nb252_aff_seq105_E105Y,tier_2,14,8123834,105,E,Y,C,105,,Nb252 reported_seq E105Y,Nb252 IMGT 111C E>Y,Nb252 chain C auth 105 E>Y,fa_rep_increase
834,task_0834,Nb252_aff_seq105_E105Y,tier_2,15,8123835,105,E,Y,C,105,,Nb252 reported_seq E105Y,Nb252 IMGT 111C E>Y,Nb252 chain C auth 105 E>Y,fa_rep_increase
835,task_0835,Nb252_aff_seq105_E105Y,tier_2,16,8123836,105,E,Y,C,105,,Nb252 reported_seq E105Y,Nb252 IMGT 111C E>Y,Nb252 chain C auth 105 E>Y,fa_rep_increase
836,task_0836,Nb252_aff_seq105_E105Y,tier_2,17,8123837,105,E,Y,C,105,,Nb252 reported_seq E105Y,Nb252 IMGT 111C E>Y,Nb252 chain C auth 105 E>Y,fa_rep_increase
837,task_0837,Nb252_aff_seq105_E105Y,tier_2,18,8123838,105,E,Y,C,105,,Nb252 reported_seq E105Y,Nb252 IMGT 111C E>Y,Nb252 chain C auth 105 E>Y,fa_rep_increase
838,task_0838,Nb252_aff_seq105_E105Y,tier_2,19,8123839,105,E,Y,C,105,,Nb252 reported_seq E105Y,Nb252 IMGT 111C E>Y,Nb252 chain C auth 105 E>Y,fa_rep_increase
839,task_0839,Nb252_aff_seq105_E105Y,tier_2,20,8123840,105,E,Y,C,105,,Nb252 reported_seq E105Y,Nb252 IMGT 111C E>Y,Nb252 chain C auth 105 E>Y,fa_rep_increase
840,task_0840,Nb252_aff_seq108_V108W,tier_2,1,8123841,108,V,W,C,108,,Nb252 reported_seq V108W,Nb252 IMGT 112B V>W,Nb252 chain C auth 108 V>W,fa_rep_increase
841,task_0841,Nb252_aff_seq108_V108W,tier_2,2,8123842,108,V,W,C,108,,Nb252 reported_seq V108W,Nb252 IMGT 112B V>W,Nb252 chain C auth 108 V>W,fa_rep_increase
842,task_0842,Nb252_aff_seq108_V108W,tier_2,3,8123843,108,V,W,C,108,,Nb252 reported_seq V108W,Nb252 IMGT 112B V>W,Nb252 chain C auth 108 V>W,fa_rep_increase
843,task_0843,Nb252_aff_seq108_V108W,tier_2,4,8123844,108,V,W,C,108,,Nb252 reported_seq V108W,Nb252 IMGT 112B V>W,Nb252 chain C auth 108 V>W,fa_rep_increase
844,task_0844,Nb252_aff_seq108_V108W,tier_2,5,8123845,108,V,W,C,108,,Nb252 reported_seq V108W,Nb252 IMGT 112B V>W,Nb252 chain C auth 108 V>W,fa_rep_increase
845,task_0845,Nb252_aff_seq108_V108W,tier_2,6,8123846,108,V,W,C,108,,Nb252 reported_seq V108W,Nb252 IMGT 112B V>W,Nb252 chain C auth 108 V>W,fa_rep_increase
846,task_0846,Nb252_aff_seq108_V108W,tier_2,7,8123847,108,V,W,C,108,,Nb252 reported_seq V108W,Nb252 IMGT 112B V>W,Nb252 chain C auth 108 V>W,fa_rep_increase
847,task_0847,Nb252_aff_seq108_V108W,tier_2,8,8123848,108,V,W,C,108,,Nb252 reported_seq V108W,Nb252 IMGT 112B V>W,Nb252 chain C auth 108 V>W,fa_rep_increase
848,task_0848,Nb252_aff_seq108_V108W,tier_2,9,8123849,108,V,W,C,108,,Nb252 reported_seq V108W,Nb252 IMGT 112B V>W,Nb252 chain C auth 108 V>W,fa_rep_increase
849,task_0849,Nb252_aff_seq108_V108W,tier_2,10,8123850,108,V,W,C,108,,Nb252 reported_seq V108W,Nb252 IMGT 112B V>W,Nb252 chain C auth 108 V>W,fa_rep_increase
850,task_0850,Nb252_aff_seq108_V108W,tier_2,11,8123851,108,V,W,C,108,,Nb252 reported_seq V108W,Nb252 IMGT 112B V>W,Nb252 chain C auth 108 V>W,fa_rep_increase
851,task_0851,Nb252_aff_seq108_V108W,tier_2,12,8123852,108,V,W,C,108,,Nb252 reported_seq V108W,Nb252 IMGT 112B V>W,Nb252 chain C auth 108 V>W,fa_rep_increase
852,task_0852,Nb252_aff_seq108_V108W,tier_2,13,8123853,108,V,W,C,108,,Nb252 reported_seq V108W,Nb252 IMGT 112B V>W,Nb252 chain C auth 108 V>W,fa_rep_increase
853,task_0853,Nb252_aff_seq108_V108W,tier_2,14,8123854,108,V,W,C,108,,Nb252 reported_seq V108W,Nb252 IMGT 112B V>W,Nb252 chain C auth 108 V>W,fa_rep_increase
854,task_0854,Nb252_aff_seq108_V108W,tier_2,15,8123855,108,V,W,C,108,,Nb252 reported_seq V108W,Nb252 IMGT 112B V>W,Nb252 chain C auth 108 V>W,fa_rep_increase
855,task_0855,Nb252_aff_seq108_V108W,tier_2,16,8123856,108,V,W,C,108,,Nb252 reported_seq V108W,Nb252 IMGT 112B V>W,Nb252 chain C auth 108 V>W,fa_rep_increase
856,task_0856,Nb252_aff_seq108_V108W,tier_2,17,8123857,108,V,W,C,108,,Nb252 reported_seq V108W,Nb252 IMGT 112B V>W,Nb252 chain C auth 108 V>W,fa_rep_increase
857,task_0857,Nb252_aff_seq108_V108W,tier_2,18,8123858,108,V,W,C,108,,Nb252 reported_seq V108W,Nb252 IMGT 112B V>W,Nb252 chain C auth 108 V>W,fa_rep_increase
858,task_0858,Nb252_aff_seq108_V108W,tier_2,19,8123859,108,V,W,C,108,,Nb252 reported_seq V108W,Nb252 IMGT 112B V>W,Nb252 chain C auth 108 V>W,fa_rep_increase
859,task_0859,Nb252_aff_seq108_V108W,tier_2,20,8123860,108,V,W,C,108,,Nb252 reported_seq V108W,Nb252 IMGT 112B V>W,Nb252 chain C auth 108 V>W,fa_rep_increase
860,task_0860,Nb252_aff_seq108_V108Y,tier_2,1,8123861,108,V,Y,C,108,,Nb252 reported_seq V108Y,Nb252 IMGT 112B V>Y,Nb252 chain C auth 108 V>Y,fa_rep_increase
861,task_0861,Nb252_aff_seq108_V108Y,tier_2,2,8123862,108,V,Y,C,108,,Nb252 reported_seq V108Y,Nb252 IMGT 112B V>Y,Nb252 chain C auth 108 V>Y,fa_rep_increase
862,task_0862,Nb252_aff_seq108_V108Y,tier_2,3,8123863,108,V,Y,C,108,,Nb252 reported_seq V108Y,Nb252 IMGT 112B V>Y,Nb252 chain C auth 108 V>Y,fa_rep_increase
863,task_0863,Nb252_aff_seq108_V108Y,tier_2,4,8123864,108,V,Y,C,108,,Nb252 reported_seq V108Y,Nb252 IMGT 112B V>Y,Nb252 chain C auth 108 V>Y,fa_rep_increase
864,task_0864,Nb252_aff_seq108_V108Y,tier_2,5,8123865,108,V,Y,C,108,,Nb252 reported_seq V108Y,Nb252 IMGT 112B V>Y,Nb252 chain C auth 108 V>Y,fa_rep_increase
865,task_0865,Nb252_aff_seq108_V108Y,tier_2,6,8123866,108,V,Y,C,108,,Nb252 reported_seq V108Y,Nb252 IMGT 112B V>Y,Nb252 chain C auth 108 V>Y,fa_rep_increase
866,task_0866,Nb252_aff_seq108_V108Y,tier_2,7,8123867,108,V,Y,C,108,,Nb252 reported_seq V108Y,Nb252 IMGT 112B V>Y,Nb252 chain C auth 108 V>Y,fa_rep_increase
867,task_0867,Nb252_aff_seq108_V108Y,tier_2,8,8123868,108,V,Y,C,108,,Nb252 reported_seq V108Y,Nb252 IMGT 112B V>Y,Nb252 chain C auth 108 V>Y,fa_rep_increase
868,task_0868,Nb252_aff_seq108_V108Y,tier_2,9,8123869,108,V,Y,C,108,,Nb252 reported_seq V108Y,Nb252 IMGT 112B V>Y,Nb252 chain C auth 108 V>Y,fa_rep_increase
869,task_0869,Nb252_aff_seq108_V108Y,tier_2,10,8123870,108,V,Y,C,108,,Nb252 reported_seq V108Y,Nb252 IMGT 112B V>Y,Nb252 chain C auth 108 V>Y,fa_rep_increase
870,task_0870,Nb252_aff_seq108_V108Y,tier_2,11,8123871,108,V,Y,C,108,,Nb252 reported_seq V108Y,Nb252 IMGT 112B V>Y,Nb252 chain C auth 108 V>Y,fa_rep_increase
871,task_0871,Nb252_aff_seq108_V108Y,tier_2,12,8123872,108,V,Y,C,108,,Nb252 reported_seq V108Y,Nb252 IMGT 112B V>Y,Nb252 chain C auth 108 V>Y,fa_rep_increase
872,task_0872,Nb252_aff_seq108_V108Y,tier_2,13,8123873,108,V,Y,C,108,,Nb252 reported_seq V108Y,Nb252 IMGT 112B V>Y,Nb252 chain C auth 108 V>Y,fa_rep_increase
873,task_0873,Nb252_aff_seq108_V108Y,tier_2,14,8123874,108,V,Y,C,108,,Nb252 reported_seq V108Y,Nb252 IMGT 112B V>Y,Nb252 chain C auth 108 V>Y,fa_rep_increase
874,task_0874,Nb252_aff_seq108_V108Y,tier_2,15,8123875,108,V,Y,C,108,,Nb252 reported_seq V108Y,Nb252 IMGT 112B V>Y,Nb252 chain C auth 108 V>Y,fa_rep_increase
875,task_0875,Nb252_aff_seq108_V108Y,tier_2,16,8123876,108,V,Y,C,108,,Nb252 reported_seq V108Y,Nb252 IMGT 112B V>Y,Nb252 chain C auth 108 V>Y,fa_rep_increase
876,task_0876,Nb252_aff_seq108_V108Y,tier_2,17,8123877,108,V,Y,C,108,,Nb252 reported_seq V108Y,Nb252 IMGT 112B V>Y,Nb252 chain C auth 108 V>Y,fa_rep_increase
877,task_0877,Nb252_aff_seq108_V108Y,tier_2,18,8123878,108,V,Y,C,108,,Nb252 reported_seq V108Y,Nb252 IMGT 112B V>Y,Nb252 chain C auth 108 V>Y,fa_rep_increase
878,task_0878,Nb252_aff_seq108_V108Y,tier_2,19,8123879,108,V,Y,C,108,,Nb252 reported_seq V108Y,Nb252 IMGT 112B V>Y,Nb252 chain C auth 108 V>Y,fa_rep_increase
879,task_0879,Nb252_aff_seq108_V108Y,tier_2,20,8123880,108,V,Y,C,108,,Nb252 reported_seq V108Y,Nb252 IMGT 112B V>Y,Nb252 chain C auth 108 V>Y,fa_rep_increase
880,task_0880,Nb252_aff_seq114_S114L,tier_2,1,8123881,114,S,L,C,114,,Nb252 reported_seq S114L,Nb252 IMGT 116 S>L,Nb252 chain C auth 114 S>L,fa_rep_increase
881,task_0881,Nb252_aff_seq114_S114L,tier_2,2,8123882,114,S,L,C,114,,Nb252 reported_seq S114L,Nb252 IMGT 116 S>L,Nb252 chain C auth 114 S>L,fa_rep_increase
882,task_0882,Nb252_aff_seq114_S114L,tier_2,3,8123883,114,S,L,C,114,,Nb252 reported_seq S114L,Nb252 IMGT 116 S>L,Nb252 chain C auth 114 S>L,fa_rep_increase
883,task_0883,Nb252_aff_seq114_S114L,tier_2,4,8123884,114,S,L,C,114,,Nb252 reported_seq S114L,Nb252 IMGT 116 S>L,Nb252 chain C auth 114 S>L,fa_rep_increase
884,task_0884,Nb252_aff_seq114_S114L,tier_2,5,8123885,114,S,L,C,114,,Nb252 reported_seq S114L,Nb252 IMGT 116 S>L,Nb252 chain C auth 114 S>L,fa_rep_increase
885,task_0885,Nb252_aff_seq114_S114L,tier_2,6,8123886,114,S,L,C,114,,Nb252 reported_seq S114L,Nb252 IMGT 116 S>L,Nb252 chain C auth 114 S>L,fa_rep_increase
886,task_0886,Nb252_aff_seq114_S114L,tier_2,7,8123887,114,S,L,C,114,,Nb252 reported_seq S114L,Nb252 IMGT 116 S>L,Nb252 chain C auth 114 S>L,fa_rep_increase
887,task_0887,Nb252_aff_seq114_S114L,tier_2,8,8123888,114,S,L,C,114,,Nb252 reported_seq S114L,Nb252 IMGT 116 S>L,Nb252 chain C auth 114 S>L,fa_rep_increase
888,task_0888,Nb252_aff_seq114_S114L,tier_2,9,8123889,114,S,L,C,114,,Nb252 reported_seq S114L,Nb252 IMGT 116 S>L,Nb252 chain C auth 114 S>L,fa_rep_increase
889,task_0889,Nb252_aff_seq114_S114L,tier_2,10,8123890,114,S,L,C,114,,Nb252 reported_seq S114L,Nb252 IMGT 116 S>L,Nb252 chain C auth 114 S>L,fa_rep_increase
890,task_0890,Nb252_aff_seq114_S114L,tier_2,11,8123891,114,S,L,C,114,,Nb252 reported_seq S114L,Nb252 IMGT 116 S>L,Nb252 chain C auth 114 S>L,fa_rep_increase
891,task_0891,Nb252_aff_seq114_S114L,tier_2,12,8123892,114,S,L,C,114,,Nb252 reported_seq S114L,Nb252 IMGT 116 S>L,Nb252 chain C auth 114 S>L,fa_rep_increase
892,task_0892,Nb252_aff_seq114_S114L,tier_2,13,8123893,114,S,L,C,114,,Nb252 reported_seq S114L,Nb252 IMGT 116 S>L,Nb252 chain C auth 114 S>L,fa_rep_increase
893,task_0893,Nb252_aff_seq114_S114L,tier_2,14,8123894,114,S,L,C,114,,Nb252 reported_seq S114L,Nb252 IMGT 116 S>L,Nb252 chain C auth 114 S>L,fa_rep_increase
894,task_0894,Nb252_aff_seq114_S114L,tier_2,15,8123895,114,S,L,C,114,,Nb252 reported_seq S114L,Nb252 IMGT 116 S>L,Nb252 chain C auth 114 S>L,fa_rep_increase
895,task_0895,Nb252_aff_seq114_S114L,tier_2,16,8123896,114,S,L,C,114,,Nb252 reported_seq S114L,Nb252 IMGT 116 S>L,Nb252 chain C auth 114 S>L,fa_rep_increase
896,task_0896,Nb252_aff_seq114_S114L,tier_2,17,8123897,114,S,L,C,114,,Nb252 reported_seq S114L,Nb252 IMGT 116 S>L,Nb252 chain C auth 114 S>L,fa_rep_increase
897,task_0897,Nb252_aff_seq114_S114L,tier_2,18,8123898,114,S,L,C,114,,Nb252 reported_seq S114L,Nb252 IMGT 116 S>L,Nb252 chain C auth 114 S>L,fa_rep_increase
898,task_0898,Nb252_aff_seq114_S114L,tier_2,19,8123899,114,S,L,C,114,,Nb252 reported_seq S114L,Nb252 IMGT 116 S>L,Nb252 chain C auth 114 S>L,fa_rep_increase
899,task_0899,Nb252_aff_seq114_S114L,tier_2,20,8123900,114,S,L,C,114,,Nb252 reported_seq S114L,Nb252 IMGT 116 S>L,Nb252 chain C auth 114 S>L,fa_rep_increase
900,task_0900,Nb252_aff_seq114_S114M,tier_2,1,8123901,114,S,M,C,114,,Nb252 reported_seq S114M,Nb252 IMGT 116 S>M,Nb252 chain C auth 114 S>M,fa_rep_increase
901,task_0901,Nb252_aff_seq114_S114M,tier_2,2,8123902,114,S,M,C,114,,Nb252 reported_seq S114M,Nb252 IMGT 116 S>M,Nb252 chain C auth 114 S>M,fa_rep_increase
902,task_0902,Nb252_aff_seq114_S114M,tier_2,3,8123903,114,S,M,C,114,,Nb252 reported_seq S114M,Nb252 IMGT 116 S>M,Nb252 chain C auth 114 S>M,fa_rep_increase
903,task_0903,Nb252_aff_seq114_S114M,tier_2,4,8123904,114,S,M,C,114,,Nb252 reported_seq S114M,Nb252 IMGT 116 S>M,Nb252 chain C auth 114 S>M,fa_rep_increase
904,task_0904,Nb252_aff_seq114_S114M,tier_2,5,8123905,114,S,M,C,114,,Nb252 reported_seq S114M,Nb252 IMGT 116 S>M,Nb252 chain C auth 114 S>M,fa_rep_increase
905,task_0905,Nb252_aff_seq114_S114M,tier_2,6,8123906,114,S,M,C,114,,Nb252 reported_seq S114M,Nb252 IMGT 116 S>M,Nb252 chain C auth 114 S>M,fa_rep_increase
906,task_0906,Nb252_aff_seq114_S114M,tier_2,7,8123907,114,S,M,C,114,,Nb252 reported_seq S114M,Nb252 IMGT 116 S>M,Nb252 chain C auth 114 S>M,fa_rep_increase
907,task_0907,Nb252_aff_seq114_S114M,tier_2,8,8123908,114,S,M,C,114,,Nb252 reported_seq S114M,Nb252 IMGT 116 S>M,Nb252 chain C auth 114 S>M,fa_rep_increase
908,task_0908,Nb252_aff_seq114_S114M,tier_2,9,8123909,114,S,M,C,114,,Nb252 reported_seq S114M,Nb252 IMGT 116 S>M,Nb252 chain C auth 114 S>M,fa_rep_increase
909,task_0909,Nb252_aff_seq114_S114M,tier_2,10,8123910,114,S,M,C,114,,Nb252 reported_seq S114M,Nb252 IMGT 116 S>M,Nb252 chain C auth 114 S>M,fa_rep_increase
910,task_0910,Nb252_aff_seq114_S114M,tier_2,11,8123911,114,S,M,C,114,,Nb252 reported_seq S114M,Nb252 IMGT 116 S>M,Nb252 chain C auth 114 S>M,fa_rep_increase
911,task_0911,Nb252_aff_seq114_S114M,tier_2,12,8123912,114,S,M,C,114,,Nb252 reported_seq S114M,Nb252 IMGT 116 S>M,Nb252 chain C auth 114 S>M,fa_rep_increase
912,task_0912,Nb252_aff_seq114_S114M,tier_2,13,8123913,114,S,M,C,114,,Nb252 reported_seq S114M,Nb252 IMGT 116 S>M,Nb252 chain C auth 114 S>M,fa_rep_increase
913,task_0913,Nb252_aff_seq114_S114M,tier_2,14,8123914,114,S,M,C,114,,Nb252 reported_seq S114M,Nb252 IMGT 116 S>M,Nb252 chain C auth 114 S>M,fa_rep_increase
914,task_0914,Nb252_aff_seq114_S114M,tier_2,15,8123915,114,S,M,C,114,,Nb252 reported_seq S114M,Nb252 IMGT 116 S>M,Nb252 chain C auth 114 S>M,fa_rep_increase
915,task_0915,Nb252_aff_seq114_S114M,tier_2,16,8123916,114,S,M,C,114,,Nb252 reported_seq S114M,Nb252 IMGT 116 S>M,Nb252 chain C auth 114 S>M,fa_rep_increase
916,task_0916,Nb252_aff_seq114_S114M,tier_2,17,8123917,114,S,M,C,114,,Nb252 reported_seq S114M,Nb252 IMGT 116 S>M,Nb252 chain C auth 114 S>M,fa_rep_increase
917,task_0917,Nb252_aff_seq114_S114M,tier_2,18,8123918,114,S,M,C,114,,Nb252 reported_seq S114M,Nb252 IMGT 116 S>M,Nb252 chain C auth 114 S>M,fa_rep_increase
918,task_0918,Nb252_aff_seq114_S114M,tier_2,19,8123919,114,S,M,C,114,,Nb252 reported_seq S114M,Nb252 IMGT 116 S>M,Nb252 chain C auth 114 S>M,fa_rep_increase
919,task_0919,Nb252_aff_seq114_S114M,tier_2,20,8123920,114,S,M,C,114,,Nb252 reported_seq S114M,Nb252 IMGT 116 S>M,Nb252 chain C auth 114 S>M,fa_rep_increase
920,task_0920,Nb252_aff_seq114_S114T,tier_2,1,8123921,114,S,T,C,114,,Nb252 reported_seq S114T,Nb252 IMGT 116 S>T,Nb252 chain C auth 114 S>T,fa_rep_increase
921,task_0921,Nb252_aff_seq114_S114T,tier_2,2,8123922,114,S,T,C,114,,Nb252 reported_seq S114T,Nb252 IMGT 116 S>T,Nb252 chain C auth 114 S>T,fa_rep_increase
922,task_0922,Nb252_aff_seq114_S114T,tier_2,3,8123923,114,S,T,C,114,,Nb252 reported_seq S114T,Nb252 IMGT 116 S>T,Nb252 chain C auth 114 S>T,fa_rep_increase
923,task_0923,Nb252_aff_seq114_S114T,tier_2,4,8123924,114,S,T,C,114,,Nb252 reported_seq S114T,Nb252 IMGT 116 S>T,Nb252 chain C auth 114 S>T,fa_rep_increase
924,task_0924,Nb252_aff_seq114_S114T,tier_2,5,8123925,114,S,T,C,114,,Nb252 reported_seq S114T,Nb252 IMGT 116 S>T,Nb252 chain C auth 114 S>T,fa_rep_increase
925,task_0925,Nb252_aff_seq114_S114T,tier_2,6,8123926,114,S,T,C,114,,Nb252 reported_seq S114T,Nb252 IMGT 116 S>T,Nb252 chain C auth 114 S>T,fa_rep_increase
926,task_0926,Nb252_aff_seq114_S114T,tier_2,7,8123927,114,S,T,C,114,,Nb252 reported_seq S114T,Nb252 IMGT 116 S>T,Nb252 chain C auth 114 S>T,fa_rep_increase
927,task_0927,Nb252_aff_seq114_S114T,tier_2,8,8123928,114,S,T,C,114,,Nb252 reported_seq S114T,Nb252 IMGT 116 S>T,Nb252 chain C auth 114 S>T,fa_rep_increase
928,task_0928,Nb252_aff_seq114_S114T,tier_2,9,8123929,114,S,T,C,114,,Nb252 reported_seq S114T,Nb252 IMGT 116 S>T,Nb252 chain C auth 114 S>T,fa_rep_increase
929,task_0929,Nb252_aff_seq114_S114T,tier_2,10,8123930,114,S,T,C,114,,Nb252 reported_seq S114T,Nb252 IMGT 116 S>T,Nb252 chain C auth 114 S>T,fa_rep_increase
930,task_0930,Nb252_aff_seq114_S114T,tier_2,11,8123931,114,S,T,C,114,,Nb252 reported_seq S114T,Nb252 IMGT 116 S>T,Nb252 chain C auth 114 S>T,fa_rep_increase
931,task_0931,Nb252_aff_seq114_S114T,tier_2,12,8123932,114,S,T,C,114,,Nb252 reported_seq S114T,Nb252 IMGT 116 S>T,Nb252 chain C auth 114 S>T,fa_rep_increase
932,task_0932,Nb252_aff_seq114_S114T,tier_2,13,8123933,114,S,T,C,114,,Nb252 reported_seq S114T,Nb252 IMGT 116 S>T,Nb252 chain C auth 114 S>T,fa_rep_increase
933,task_0933,Nb252_aff_seq114_S114T,tier_2,14,8123934,114,S,T,C,114,,Nb252 reported_seq S114T,Nb252 IMGT 116 S>T,Nb252 chain C auth 114 S>T,fa_rep_increase
934,task_0934,Nb252_aff_seq114_S114T,tier_2,15,8123935,114,S,T,C,114,,Nb252 reported_seq S114T,Nb252 IMGT 116 S>T,Nb252 chain C auth 114 S>T,fa_rep_increase
935,task_0935,Nb252_aff_seq114_S114T,tier_2,16,8123936,114,S,T,C,114,,Nb252 reported_seq S114T,Nb252 IMGT 116 S>T,Nb252 chain C auth 114 S>T,fa_rep_increase
936,task_0936,Nb252_aff_seq114_S114T,tier_2,17,8123937,114,S,T,C,114,,Nb252 reported_seq S114T,Nb252 IMGT 116 S>T,Nb252 chain C auth 114 S>T,fa_rep_increase
937,task_0937,Nb252_aff_seq114_S114T,tier_2,18,8123938,114,S,T,C,114,,Nb252 reported_seq S114T,Nb252 IMGT 116 S>T,Nb252 chain C auth 114 S>T,fa_rep_increase
938,task_0938,Nb252_aff_seq114_S114T,tier_2,19,8123939,114,S,T,C,114,,Nb252 reported_seq S114T,Nb252 IMGT 116 S>T,Nb252 chain C auth 114 S>T,fa_rep_increase
939,task_0939,Nb252_aff_seq114_S114T,tier_2,20,8123940,114,S,T,C,114,,Nb252 reported_seq S114T,Nb252 IMGT 116 S>T,Nb252 chain C auth 114 S>T,fa_rep_increase
940,task_0940,Nb252_aff_seq116_W116M,tier_2,1,8123941,116,W,M,C,116,,Nb252 reported_seq W116M,Nb252 IMGT 118 W>M,Nb252 chain C auth 116 W>M,vhh_contact_reorganization
941,task_0941,Nb252_aff_seq116_W116M,tier_2,2,8123942,116,W,M,C,116,,Nb252 reported_seq W116M,Nb252 IMGT 118 W>M,Nb252 chain C auth 116 W>M,vhh_contact_reorganization
942,task_0942,Nb252_aff_seq116_W116M,tier_2,3,8123943,116,W,M,C,116,,Nb252 reported_seq W116M,Nb252 IMGT 118 W>M,Nb252 chain C auth 116 W>M,vhh_contact_reorganization
943,task_0943,Nb252_aff_seq116_W116M,tier_2,4,8123944,116,W,M,C,116,,Nb252 reported_seq W116M,Nb252 IMGT 118 W>M,Nb252 chain C auth 116 W>M,vhh_contact_reorganization
944,task_0944,Nb252_aff_seq116_W116M,tier_2,5,8123945,116,W,M,C,116,,Nb252 reported_seq W116M,Nb252 IMGT 118 W>M,Nb252 chain C auth 116 W>M,vhh_contact_reorganization
945,task_0945,Nb252_aff_seq116_W116M,tier_2,6,8123946,116,W,M,C,116,,Nb252 reported_seq W116M,Nb252 IMGT 118 W>M,Nb252 chain C auth 116 W>M,vhh_contact_reorganization
946,task_0946,Nb252_aff_seq116_W116M,tier_2,7,8123947,116,W,M,C,116,,Nb252 reported_seq W116M,Nb252 IMGT 118 W>M,Nb252 chain C auth 116 W>M,vhh_contact_reorganization
947,task_0947,Nb252_aff_seq116_W116M,tier_2,8,8123948,116,W,M,C,116,,Nb252 reported_seq W116M,Nb252 IMGT 118 W>M,Nb252 chain C auth 116 W>M,vhh_contact_reorganization
948,task_0948,Nb252_aff_seq116_W116M,tier_2,9,8123949,116,W,M,C,116,,Nb252 reported_seq W116M,Nb252 IMGT 118 W>M,Nb252 chain C auth 116 W>M,vhh_contact_reorganization
949,task_0949,Nb252_aff_seq116_W116M,tier_2,10,8123950,116,W,M,C,116,,Nb252 reported_seq W116M,Nb252 IMGT 118 W>M,Nb252 chain C auth 116 W>M,vhh_contact_reorganization
950,task_0950,Nb252_aff_seq116_W116M,tier_2,11,8123951,116,W,M,C,116,,Nb252 reported_seq W116M,Nb252 IMGT 118 W>M,Nb252 chain C auth 116 W>M,vhh_contact_reorganization
951,task_0951,Nb252_aff_seq116_W116M,tier_2,12,8123952,116,W,M,C,116,,Nb252 reported_seq W116M,Nb252 IMGT 118 W>M,Nb252 chain C auth 116 W>M,vhh_contact_reorganization
952,task_0952,Nb252_aff_seq116_W116M,tier_2,13,8123953,116,W,M,C,116,,Nb252 reported_seq W116M,Nb252 IMGT 118 W>M,Nb252 chain C auth 116 W>M,vhh_contact_reorganization
953,task_0953,Nb252_aff_seq116_W116M,tier_2,14,8123954,116,W,M,C,116,,Nb252 reported_seq W116M,Nb252 IMGT 118 W>M,Nb252 chain C auth 116 W>M,vhh_contact_reorganization
954,task_0954,Nb252_aff_seq116_W116M,tier_2,15,8123955,116,W,M,C,116,,Nb252 reported_seq W116M,Nb252 IMGT 118 W>M,Nb252 chain C auth 116 W>M,vhh_contact_reorganization
955,task_0955,Nb252_aff_seq116_W116M,tier_2,16,8123956,116,W,M,C,116,,Nb252 reported_seq W116M,Nb252 IMGT 118 W>M,Nb252 chain C auth 116 W>M,vhh_contact_reorganization
956,task_0956,Nb252_aff_seq116_W116M,tier_2,17,8123957,116,W,M,C,116,,Nb252 reported_seq W116M,Nb252 IMGT 118 W>M,Nb252 chain C auth 116 W>M,vhh_contact_reorganization
957,task_0957,Nb252_aff_seq116_W116M,tier_2,18,8123958,116,W,M,C,116,,Nb252 reported_seq W116M,Nb252 IMGT 118 W>M,Nb252 chain C auth 116 W>M,vhh_contact_reorganization
958,task_0958,Nb252_aff_seq116_W116M,tier_2,19,8123959,116,W,M,C,116,,Nb252 reported_seq W116M,Nb252 IMGT 118 W>M,Nb252 chain C auth 116 W>M,vhh_contact_reorganization
959,task_0959,Nb252_aff_seq116_W116M,tier_2,20,8123960,116,W,M,C,116,,Nb252 reported_seq W116M,Nb252 IMGT 118 W>M,Nb252 chain C auth 116 W>M,vhh_contact_reorganization
960,task_0960,Nb252_aff_seq033_D33N,tier_3,1,8123961,33,D,N,C,33,,Nb252 reported_seq D33N,Nb252 IMGT 38 D>N,Nb252 chain C auth 33 D>N,fa_rep_increase;replicate_direction_flip
961,task_0961,Nb252_aff_seq033_D33N,tier_3,2,8123962,33,D,N,C,33,,Nb252 reported_seq D33N,Nb252 IMGT 38 D>N,Nb252 chain C auth 33 D>N,fa_rep_increase;replicate_direction_flip
962,task_0962,Nb252_aff_seq033_D33N,tier_3,3,8123963,33,D,N,C,33,,Nb252 reported_seq D33N,Nb252 IMGT 38 D>N,Nb252 chain C auth 33 D>N,fa_rep_increase;replicate_direction_flip
963,task_0963,Nb252_aff_seq033_D33N,tier_3,4,8123964,33,D,N,C,33,,Nb252 reported_seq D33N,Nb252 IMGT 38 D>N,Nb252 chain C auth 33 D>N,fa_rep_increase;replicate_direction_flip
964,task_0964,Nb252_aff_seq033_D33N,tier_3,5,8123965,33,D,N,C,33,,Nb252 reported_seq D33N,Nb252 IMGT 38 D>N,Nb252 chain C auth 33 D>N,fa_rep_increase;replicate_direction_flip
965,task_0965,Nb252_aff_seq033_D33N,tier_3,6,8123966,33,D,N,C,33,,Nb252 reported_seq D33N,Nb252 IMGT 38 D>N,Nb252 chain C auth 33 D>N,fa_rep_increase;replicate_direction_flip
966,task_0966,Nb252_aff_seq033_D33N,tier_3,7,8123967,33,D,N,C,33,,Nb252 reported_seq D33N,Nb252 IMGT 38 D>N,Nb252 chain C auth 33 D>N,fa_rep_increase;replicate_direction_flip
967,task_0967,Nb252_aff_seq033_D33N,tier_3,8,8123968,33,D,N,C,33,,Nb252 reported_seq D33N,Nb252 IMGT 38 D>N,Nb252 chain C auth 33 D>N,fa_rep_increase;replicate_direction_flip
968,task_0968,Nb252_aff_seq033_D33N,tier_3,9,8123969,33,D,N,C,33,,Nb252 reported_seq D33N,Nb252 IMGT 38 D>N,Nb252 chain C auth 33 D>N,fa_rep_increase;replicate_direction_flip
969,task_0969,Nb252_aff_seq033_D33N,tier_3,10,8123970,33,D,N,C,33,,Nb252 reported_seq D33N,Nb252 IMGT 38 D>N,Nb252 chain C auth 33 D>N,fa_rep_increase;replicate_direction_flip
970,task_0970,Nb252_aff_seq033_D33N,tier_3,11,8123971,33,D,N,C,33,,Nb252 reported_seq D33N,Nb252 IMGT 38 D>N,Nb252 chain C auth 33 D>N,fa_rep_increase;replicate_direction_flip
971,task_0971,Nb252_aff_seq033_D33N,tier_3,12,8123972,33,D,N,C,33,,Nb252 reported_seq D33N,Nb252 IMGT 38 D>N,Nb252 chain C auth 33 D>N,fa_rep_increase;replicate_direction_flip
972,task_0972,Nb252_aff_seq033_D33N,tier_3,13,8123973,33,D,N,C,33,,Nb252 reported_seq D33N,Nb252 IMGT 38 D>N,Nb252 chain C auth 33 D>N,fa_rep_increase;replicate_direction_flip
973,task_0973,Nb252_aff_seq033_D33N,tier_3,14,8123974,33,D,N,C,33,,Nb252 reported_seq D33N,Nb252 IMGT 38 D>N,Nb252 chain C auth 33 D>N,fa_rep_increase;replicate_direction_flip
974,task_0974,Nb252_aff_seq033_D33N,tier_3,15,8123975,33,D,N,C,33,,Nb252 reported_seq D33N,Nb252 IMGT 38 D>N,Nb252 chain C auth 33 D>N,fa_rep_increase;replicate_direction_flip
975,task_0975,Nb252_aff_seq033_D33N,tier_3,16,8123976,33,D,N,C,33,,Nb252 reported_seq D33N,Nb252 IMGT 38 D>N,Nb252 chain C auth 33 D>N,fa_rep_increase;replicate_direction_flip
976,task_0976,Nb252_aff_seq033_D33N,tier_3,17,8123977,33,D,N,C,33,,Nb252 reported_seq D33N,Nb252 IMGT 38 D>N,Nb252 chain C auth 33 D>N,fa_rep_increase;replicate_direction_flip
977,task_0977,Nb252_aff_seq033_D33N,tier_3,18,8123978,33,D,N,C,33,,Nb252 reported_seq D33N,Nb252 IMGT 38 D>N,Nb252 chain C auth 33 D>N,fa_rep_increase;replicate_direction_flip
978,task_0978,Nb252_aff_seq033_D33N,tier_3,19,8123979,33,D,N,C,33,,Nb252 reported_seq D33N,Nb252 IMGT 38 D>N,Nb252 chain C auth 33 D>N,fa_rep_increase;replicate_direction_flip
979,task_0979,Nb252_aff_seq033_D33N,tier_3,20,8123980,33,D,N,C,33,,Nb252 reported_seq D33N,Nb252 IMGT 38 D>N,Nb252 chain C auth 33 D>N,fa_rep_increase;replicate_direction_flip
980,task_0980,Nb252_aff_seq115_Y115F,tier_3,1,8123981,115,Y,F,C,115,,Nb252 reported_seq Y115F,Nb252 IMGT 117 Y>F,Nb252 chain C auth 115 Y>F,replicate_direction_flip
981,task_0981,Nb252_aff_seq115_Y115F,tier_3,2,8123982,115,Y,F,C,115,,Nb252 reported_seq Y115F,Nb252 IMGT 117 Y>F,Nb252 chain C auth 115 Y>F,replicate_direction_flip
982,task_0982,Nb252_aff_seq115_Y115F,tier_3,3,8123983,115,Y,F,C,115,,Nb252 reported_seq Y115F,Nb252 IMGT 117 Y>F,Nb252 chain C auth 115 Y>F,replicate_direction_flip
983,task_0983,Nb252_aff_seq115_Y115F,tier_3,4,8123984,115,Y,F,C,115,,Nb252 reported_seq Y115F,Nb252 IMGT 117 Y>F,Nb252 chain C auth 115 Y>F,replicate_direction_flip
984,task_0984,Nb252_aff_seq115_Y115F,tier_3,5,8123985,115,Y,F,C,115,,Nb252 reported_seq Y115F,Nb252 IMGT 117 Y>F,Nb252 chain C auth 115 Y>F,replicate_direction_flip
985,task_0985,Nb252_aff_seq115_Y115F,tier_3,6,8123986,115,Y,F,C,115,,Nb252 reported_seq Y115F,Nb252 IMGT 117 Y>F,Nb252 chain C auth 115 Y>F,replicate_direction_flip
986,task_0986,Nb252_aff_seq115_Y115F,tier_3,7,8123987,115,Y,F,C,115,,Nb252 reported_seq Y115F,Nb252 IMGT 117 Y>F,Nb252 chain C auth 115 Y>F,replicate_direction_flip
987,task_0987,Nb252_aff_seq115_Y115F,tier_3,8,8123988,115,Y,F,C,115,,Nb252 reported_seq Y115F,Nb252 IMGT 117 Y>F,Nb252 chain C auth 115 Y>F,replicate_direction_flip
988,task_0988,Nb252_aff_seq115_Y115F,tier_3,9,8123989,115,Y,F,C,115,,Nb252 reported_seq Y115F,Nb252 IMGT 117 Y>F,Nb252 chain C auth 115 Y>F,replicate_direction_flip
989,task_0989,Nb252_aff_seq115_Y115F,tier_3,10,8123990,115,Y,F,C,115,,Nb252 reported_seq Y115F,Nb252 IMGT 117 Y>F,Nb252 chain C auth 115 Y>F,replicate_direction_flip
990,task_0990,Nb252_aff_seq115_Y115F,tier_3,11,8123991,115,Y,F,C,115,,Nb252 reported_seq Y115F,Nb252 IMGT 117 Y>F,Nb252 chain C auth 115 Y>F,replicate_direction_flip
991,task_0991,Nb252_aff_seq115_Y115F,tier_3,12,8123992,115,Y,F,C,115,,Nb252 reported_seq Y115F,Nb252 IMGT 117 Y>F,Nb252 chain C auth 115 Y>F,replicate_direction_flip
992,task_0992,Nb252_aff_seq115_Y115F,tier_3,13,8123993,115,Y,F,C,115,,Nb252 reported_seq Y115F,Nb252 IMGT 117 Y>F,Nb252 chain C auth 115 Y>F,replicate_direction_flip
993,task_0993,Nb252_aff_seq115_Y115F,tier_3,14,8123994,115,Y,F,C,115,,Nb252 reported_seq Y115F,Nb252 IMGT 117 Y>F,Nb252 chain C auth 115 Y>F,replicate_direction_flip
994,task_0994,Nb252_aff_seq115_Y115F,tier_3,15,8123995,115,Y,F,C,115,,Nb252 reported_seq Y115F,Nb252 IMGT 117 Y>F,Nb252 chain C auth 115 Y>F,replicate_direction_flip
995,task_0995,Nb252_aff_seq115_Y115F,tier_3,16,8123996,115,Y,F,C,115,,Nb252 reported_seq Y115F,Nb252 IMGT 117 Y>F,Nb252 chain C auth 115 Y>F,replicate_direction_flip
996,task_0996,Nb252_aff_seq115_Y115F,tier_3,17,8123997,115,Y,F,C,115,,Nb252 reported_seq Y115F,Nb252 IMGT 117 Y>F,Nb252 chain C auth 115 Y>F,replicate_direction_flip
997,task_0997,Nb252_aff_seq115_Y115F,tier_3,18,8123998,115,Y,F,C,115,,Nb252 reported_seq Y115F,Nb252 IMGT 117 Y>F,Nb252 chain C auth 115 Y>F,replicate_direction_flip
998,task_0998,Nb252_aff_seq115_Y115F,tier_3,19,8123999,115,Y,F,C,115,,Nb252 reported_seq Y115F,Nb252 IMGT 117 Y>F,Nb252 chain C auth 115 Y>F,replicate_direction_flip
999,task_0999,Nb252_aff_seq115_Y115F,tier_3,20,8124000,115,Y,F,C,115,,Nb252 reported_seq Y115F,Nb252 IMGT 117 Y>F,Nb252 chain C auth 115 Y>F,replicate_direction_flip
